型番,カード名,レアリティ,画像URL,画像タイトル,参照価格,元URL,カテゴリ,デフォルト動画,デフォルトバッジ,dopaID,wp_id,source
288/SM-P,ピカチュウ,P,https://minnano-toreka.com/wp-content/uploads/2026/08/288-SM-P_minnanotoreca-10285316.webp,ピカチュウ（P）[288/SM-P],,https://dopa-game.jp/pokemon/dp/10285316,,,,10285316,28295,DOPA
066/060,リーリエ,SR,https://minnano-toreka.com/wp-content/uploads/2026/08/066-060_minnanotoreca-10285315.webp,リーリエ（SR）[066/060],,https://dopa-game.jp/pokemon/dp/10285315,,,,10285315,28296,DOPA
239/SM-P,ゼクロムGX,P,https://minnano-toreka.com/wp-content/uploads/2026/08/239-SM-P_minnanotoreca-10288942.webp,ゼクロムGX（P）[239/SM-P],,https://dopa-game.jp/pokemon/dp/10288942,,,,10288942,28297,DOPA
289/SM-P,ミミッキュ,P,https://minnano-toreka.com/wp-content/uploads/2026/08/289-SM-P_minnanotoreca-10297368.webp,ミミッキュ（P）[289/SM-P],,https://dopa-game.jp/pokemon/dp/10297368,,,,10297368,28298,DOPA
094/087,ピカチュウEX,SR,https://minnano-toreka.com/wp-content/uploads/2026/08/094-087_minnanotoreca-10334681.webp,ピカチュウEX（SR）[094/087],,https://dopa-game.jp/pokemon/dp/10334681,,,,10334681,28299,DOPA
181/171,オカルトマニア,-,https://minnano-toreka.com/wp-content/uploads/2026/08/181-171_minnanotoreca-10288939.webp,オカルトマニア（-）[181/171],,https://dopa-game.jp/pokemon/dp/10288939,,,,10288939,28300,DOPA
095/069,ブラッキーVMAX,HR,https://minnano-toreka.com/wp-content/uploads/2026/08/095-069_minnanotoreca-10288941.webp,ブラッキーVMAX（HR）[095/069],,https://dopa-game.jp/pokemon/dp/10288941,,,,10288941,28301,DOPA
083/067,レックウザVMAX,HR,https://minnano-toreka.com/wp-content/uploads/2026/08/083-067_minnanotoreca-10288940.webp,レックウザVMAX（HR）[083/067],,https://dopa-game.jp/pokemon/dp/10288940,,,,10288940,28302,DOPA
400/SM-P,ピカチュウ/リミテッドコレクション/SR仕様,SM-P(SR仕様),https://minnano-toreka.com/wp-content/uploads/2026/08/400-SM-P_minnanotoreca-10341085.webp,ピカチュウ/リミテッドコレクション/SR仕様（SM-P(SR仕様)）[400/SM-P],,https://dopa-game.jp/pokemon/dp/10341085,,,,10341085,28303,DOPA
010/032,ピカチュウ,RR,https://minnano-toreka.com/wp-content/uploads/2026/08/010-032_minnanotoreca-10289444.webp,ピカチュウ（RR）[010/032],,https://dopa-game.jp/pokemon/dp/10289444,,,,10289444,28304,DOPA
227/S-P,ピカチュウ/見返り美人,P,https://minnano-toreka.com/wp-content/uploads/2026/08/227-S-P_minnanotoreca-10240129.webp,ピカチュウ/見返り美人（P）[227/S-P],,https://dopa-game.jp/pokemon/dp/10240129,,,,10240129,28305,DOPA
153/SV-P,ピカチュウ(未開封/中国繁体字版),P,https://minnano-toreka.com/wp-content/uploads/2026/08/153-SV-P_minnanotoreca-10335642.webp,ピカチュウ(未開封/中国繁体字版)（P）[153/SV-P],,https://dopa-game.jp/pokemon/dp/10335642,,,,10335642,28306,DOPA
{029/070+030/070} [その他],(PSA10)ルギアLEGEND(1ED)【☆】,-,https://minnano-toreka.com/wp-content/uploads/2026/08/029-070-030-070_minnanotoreca-10347620.gif,(PSA10)ルギアLEGEND(1ED)【☆】（-）[{029/070+030/070} [その他]],,https://dopa-game.jp/pokemon/dp/10347620,,,,10347620,28307,DOPA
401/SM-P,アローラの仲間たち,P,https://minnano-toreka.com/wp-content/uploads/2026/08/401-SM-P_minnanotoreca-10288938.webp,アローラの仲間たち（P）[401/SM-P],,https://dopa-game.jp/pokemon/dp/10288938,,,,10288938,28308,DOPA
104/096,ルチア,SR,https://minnano-toreka.com/wp-content/uploads/2026/08/104-096_minnanotoreca-10285314.webp,ルチア（SR）[104/096],,https://dopa-game.jp/pokemon/dp/10285314,,,,10285314,28309,DOPA
103/S-P,リザードンV,P,https://minnano-toreka.com/wp-content/uploads/2026/08/103-S-P_minnanotoreca-10297370.webp,リザードンV（P）[103/S-P],,https://dopa-game.jp/pokemon/dp/10297370,,,,10297370,28310,DOPA
-,イーブイズセット,BOX,https://minnano-toreka.com/wp-content/uploads/2026/08/none_minnanotoreca-10337690.webp,イーブイズセット（BOX）[-],,https://dopa-game.jp/pokemon/dp/10337690,,,,10337690,28311,DOPA
105/095,ラティアス&ラティオスGX,SR,https://minnano-toreka.com/wp-content/uploads/2026/08/105-095_minnanotoreca-10240081.webp,ラティアス&ラティオスGX（SR）[105/095],,https://dopa-game.jp/pokemon/dp/10240081,,,,10240081,28312,DOPA
193/SM-P,ボスごっこピカチュウ マグマ団(未開封),SM-P,https://minnano-toreka.com/wp-content/uploads/2026/08/193-SM-P_minnanotoreca-10239949.webp,ボスごっこピカチュウ マグマ団(未開封)（SM-P）[193/SM-P],,https://dopa-game.jp/pokemon/dp/10239949,,,,10239949,28313,DOPA
195/SM-P,ボスごっこピカチュウ プラズマ団(未開封）,SM-P,https://minnano-toreka.com/wp-content/uploads/2026/08/195-SM-P_minnanotoreca-10239963.webp,ボスごっこピカチュウ プラズマ団(未開封）（SM-P）[195/SM-P],,https://dopa-game.jp/pokemon/dp/10239963,,,,10239963,28314,DOPA
120/114,ルザミーネ,SR,https://minnano-toreka.com/wp-content/uploads/2026/08/120-114_minnanotoreca-10297369.webp,ルザミーネ（SR）[120/114],,https://dopa-game.jp/pokemon/dp/10297369,,,,10297369,28315,DOPA
{286/SM-P},コダック,P,https://minnano-toreka.com/wp-content/uploads/2026/08/286-SM-P_minnanotoreca-10281651.webp,コダック（P）[{286/SM-P}],,https://dopa-game.jp/pokemon/dp/10281651,,,,10281651,28316,DOPA
103/095,ゲンガー＆ミミッキュGX,SR,https://minnano-toreka.com/wp-content/uploads/2026/08/103-095_minnanotoreca-10311884.webp,ゲンガー＆ミミッキュGX（SR）[103/095],,https://dopa-game.jp/pokemon/dp/10311884,,,,10311884,28317,DOPA
144/SM-P,ポンチョを着たイーブイ/ニンフィア(未開封),P,https://minnano-toreka.com/wp-content/uploads/2026/08/144-SM-P_minnanotoreca-10239991.webp,ポンチョを着たイーブイ/ニンフィア(未開封)（P）[144/SM-P],,https://dopa-game.jp/pokemon/dp/10239991,,,,10239991,28318,DOPA
055/050,ルザミーネ,SR,https://minnano-toreka.com/wp-content/uploads/2026/08/055-050_minnanotoreca-10331882.webp,ルザミーネ（SR）[055/050],,https://dopa-game.jp/pokemon/dp/10331882,,,,10331882,28319,DOPA
090/088,ゲンガーEX,SR,https://minnano-toreka.com/wp-content/uploads/2026/08/090-088_minnanotoreca-10299311.webp,ゲンガーEX（SR）[090/088],,https://dopa-game.jp/pokemon/dp/10299311,,,,10299311,28320,DOPA
{051/050} [その他],ミュウEX,SR,https://minnano-toreka.com/wp-content/uploads/2026/08/051-050_minnanotoreca-10346845.webp,ミュウEX（SR）[{051/050} [その他]],,https://dopa-game.jp/pokemon/dp/10346845,,,,10346845,28321,DOPA
{015/034} [CP1],マグマ団のグラードンEX,RR,https://minnano-toreka.com/wp-content/uploads/2026/08/015-034-CP1_minnanotoreca-10346844.webp,マグマ団のグラードンEX（RR）[{015/034} [CP1]],,https://dopa-game.jp/pokemon/dp/10346844,,,,10346844,28322,DOPA
101/095,ピカチュウ＆ゼクロムGX,SR,https://minnano-toreka.com/wp-content/uploads/2026/08/101-095_minnanotoreca-10240079.webp,ピカチュウ＆ゼクロムGX（SR）[101/095],,https://dopa-game.jp/pokemon/dp/10240079,,,,10240079,28323,DOPA
171/151,ピカチュウ(中国語版),AR,https://minnano-toreka.com/wp-content/uploads/2026/08/171-151_minnanotoreca-10334897.webp,ピカチュウ(中国語版)（AR）[171/151],,https://dopa-game.jp/pokemon/dp/10334897,,,,10334897,28324,DOPA
093/069,ニンフィアVMAX,HR,https://minnano-toreka.com/wp-content/uploads/2026/08/093-069_minnanotoreca-10311851.webp,ニンフィアVMAX（HR）[093/069],,https://dopa-game.jp/pokemon/dp/10311851,,,,10311851,28325,DOPA
090/S-P,リーリエ(SR仕様/中国語版),P,https://minnano-toreka.com/wp-content/uploads/2026/08/090-S-P_minnanotoreca-10333636.webp,リーリエ(SR仕様/中国語版)（P）[090/S-P],,https://dopa-game.jp/pokemon/dp/10333636,,,,10333636,28326,DOPA
024/020,ミュウEX,SR,https://minnano-toreka.com/wp-content/uploads/2026/08/024-020_minnanotoreca-10280194.webp,ミュウEX（SR）[024/020],,https://dopa-game.jp/pokemon/dp/10280194,,,,10280194,28327,DOPA
068/SM-P,ピカチュウ,P,https://minnano-toreka.com/wp-content/uploads/2026/08/068-SM-P_minnanotoreca-10330332.webp,ピカチュウ（P）[068/SM-P],,https://dopa-game.jp/pokemon/dp/10330332,,,,10330332,28328,DOPA
{187/171} [XY],イベルタルEX(UR仕様),UR,https://minnano-toreka.com/wp-content/uploads/2026/08/187-171-XY_minnanotoreca-10344801.webp,イベルタルEX(UR仕様)（UR）[{187/171} [XY]],,https://dopa-game.jp/pokemon/dp/10344801,,,,10344801,28329,DOPA
209/150,リザードンGX,SSR,https://minnano-toreka.com/wp-content/uploads/2026/08/209-150_minnanotoreca-10240080.webp,リザードンGX（SSR）[209/150],,https://dopa-game.jp/pokemon/dp/10240080,,,,10240080,28330,DOPA
{170/151} [151C],ピカチュウ(中国語版),AR,https://minnano-toreka.com/wp-content/uploads/2026/08/170-151-151C_minnanotoreca-10340798.webp,ピカチュウ(中国語版)（AR）[{170/151} [151C]],,https://dopa-game.jp/pokemon/dp/10340798,,,,10340798,28331,DOPA
-,ゴッホピカチュウ(未開封/Pikachu with Grey Felt Hat),P,https://minnano-toreka.com/wp-content/uploads/2026/08/none_minnanotoreca-10278929.webp,ゴッホピカチュウ(未開封/Pikachu with Grey Felt Hat)（P）[-],,https://dopa-game.jp/pokemon/dp/10278929,,,,10278929,28332,DOPA
111/100,ギラティナV,SR,https://minnano-toreka.com/wp-content/uploads/2026/08/111-100_minnanotoreca-10240406.webp,ギラティナV（SR）[111/100],,https://dopa-game.jp/pokemon/dp/10240406,,,,10240406,28333,DOPA
287/SM-P,イーブイ(ムンク),P,https://minnano-toreka.com/wp-content/uploads/2026/08/287-SM-P_minnanotoreca-10332042.webp,イーブイ(ムンク)（P）[287/SM-P],,https://dopa-game.jp/pokemon/dp/10332042,,,,10332042,28334,DOPA
190/173,エリカのおもてなし,SR,https://minnano-toreka.com/wp-content/uploads/2026/08/190-173_minnanotoreca-10240077.webp,エリカのおもてなし（SR）[190/173],,https://dopa-game.jp/pokemon/dp/10240077,,,,10240077,28335,DOPA
070/066,シロナ,SR,https://minnano-toreka.com/wp-content/uploads/2026/08/070-066_minnanotoreca-10240076.webp,シロナ（SR）[070/066],,https://dopa-game.jp/pokemon/dp/10240076,,,,10240076,28336,DOPA
091/069,グレイシアVMAX,HR,https://minnano-toreka.com/wp-content/uploads/2026/08/091-069_minnanotoreca-10240215.webp,グレイシアVMAX（HR）[091/069],,https://dopa-game.jp/pokemon/dp/10240215,,,,10240215,28337,DOPA
055/053,レシラム,SR,https://minnano-toreka.com/wp-content/uploads/2026/08/055-053_minnanotoreca-10345274.webp,レシラム（SR）[055/053],,https://dopa-game.jp/pokemon/dp/10345274,,,,10345274,28338,DOPA
061/SM-P,ピカチュウ,P,https://minnano-toreka.com/wp-content/uploads/2026/08/061-SM-P_minnanotoreca-10289445.webp,ピカチュウ（P）[061/SM-P],,https://dopa-game.jp/pokemon/dp/10289445,,,,10289445,28339,DOPA
{055/053} [その他],ゼクロム,SR,https://minnano-toreka.com/wp-content/uploads/2026/08/055-053_minnanotoreca-10341758.webp,ゼクロム（SR）[{055/053} [その他]],,https://dopa-game.jp/pokemon/dp/10341758,,,,10341758,28340,DOPA
282/SM-P  その他,ヨコハマのピカチュウ,P,https://minnano-toreka.com/wp-content/uploads/2026/08/282-SM-P_minnanotoreca-10346692.webp,ヨコハマのピカチュウ（P）[282/SM-P  その他],,https://dopa-game.jp/pokemon/dp/10346692,,,,10346692,28341,DOPA
212/XY-P,シェイミEX,P,https://minnano-toreka.com/wp-content/uploads/2026/08/212-XY-P_minnanotoreca-10338247.webp,シェイミEX（P）[212/XY-P],,https://dopa-game.jp/pokemon/dp/10338247,,,,10338247,28342,DOPA
{125/SM-P} [その他],ブラッキーGX,P,https://minnano-toreka.com/wp-content/uploads/2026/08/125-SM-P_minnanotoreca-10342065.webp,ブラッキーGX（P）[{125/SM-P} [その他]],,https://dopa-game.jp/pokemon/dp/10342065,,,,10342065,28343,DOPA
142/SM-P,ポンチョを着たイーブイ/リーフィア(未開封),P,https://minnano-toreka.com/wp-content/uploads/2026/08/142-SM-P_minnanotoreca-10292095.webp,ポンチョを着たイーブイ/リーフィア(未開封)（P）[142/SM-P],,https://dopa-game.jp/pokemon/dp/10292095,,,,10292095,28344,DOPA
139/SM-P,ポンチョを着たイーブイ/ブースター,SM-P,https://minnano-toreka.com/wp-content/uploads/2026/08/139-SM-P_minnanotoreca-10239955.webp,ポンチョを着たイーブイ/ブースター（SM-P）[139/SM-P],,https://dopa-game.jp/pokemon/dp/10239955,,,,10239955,28345,DOPA
XY-P,ピッチのピカチュウ(未開封),P,https://minnano-toreka.com/wp-content/uploads/2026/08/XY-P_minnanotoreca-10329441.webp,ピッチのピカチュウ(未開封)（P）[XY-P],,https://dopa-game.jp/pokemon/dp/10329441,,,,10329441,28346,DOPA
{089/080} [XY],ギャラドスEX,UR,https://minnano-toreka.com/wp-content/uploads/2026/08/089-080-XY_minnanotoreca-10341438.webp,ギャラドスEX（UR）[{089/080} [XY]],,https://dopa-game.jp/pokemon/dp/10341438,,,,10341438,28347,DOPA
143/SM-P,ポンチョを着たイーブイ/グレイシア(未開封),SM-P,https://minnano-toreka.com/wp-content/uploads/2026/08/143-SM-P_minnanotoreca-10239971.webp,ポンチョを着たイーブイ/グレイシア(未開封)（SM-P）[143/SM-P],,https://dopa-game.jp/pokemon/dp/10239971,,,,10239971,28348,DOPA
209/SM-P,火消し姿のピカチュウ,-,https://minnano-toreka.com/wp-content/uploads/2026/08/209-SM-P_minnanotoreca-10240099.webp,火消し姿のピカチュウ（-）[209/SM-P],,https://dopa-game.jp/pokemon/dp/10240099,,,,10240099,28349,DOPA
014/SM-P,団員ごっこピカチュウ,P,https://minnano-toreka.com/wp-content/uploads/2026/08/014-SM-P_minnanotoreca-10330760.webp,団員ごっこピカチュウ（P）[014/SM-P],,https://dopa-game.jp/pokemon/dp/10330760,,,,10330760,28350,DOPA
068/060,マリィ,SR,https://minnano-toreka.com/wp-content/uploads/2026/08/068-060_minnanotoreca-10239957.webp,マリィ（SR）[068/060],,https://dopa-game.jp/pokemon/dp/10239957,,,,10239957,28351,DOPA
098/094,ミュウツー＆ミュウGX,SR,https://minnano-toreka.com/wp-content/uploads/2026/08/098-094_minnanotoreca-10239992.webp,ミュウツー＆ミュウGX（SR）[098/094],,https://dopa-game.jp/pokemon/dp/10239992,,,,10239992,28352,DOPA
060/054,ファイヤー＆サンダー＆フリーザーGX,SR,https://minnano-toreka.com/wp-content/uploads/2026/08/060-054_minnanotoreca-10240211.webp,ファイヤー＆サンダー＆フリーザーGX（SR）[060/054],,https://dopa-game.jp/pokemon/dp/10240211,,,,10240211,28353,DOPA
097/095,レシラム＆リザードンGX,SR,https://minnano-toreka.com/wp-content/uploads/2026/08/097-095_minnanotoreca-10239954.webp,レシラム＆リザードンGX（SR）[097/095],,https://dopa-game.jp/pokemon/dp/10239954,,,,10239954,28354,DOPA
086/070,こくばバドレックスVMAX,HR,https://minnano-toreka.com/wp-content/uploads/2026/08/086-070_minnanotoreca-10311917.webp,こくばバドレックスVMAX（HR）[086/070],,https://dopa-game.jp/pokemon/dp/10311917,,,,10311917,28355,DOPA
061/055,サーナイト＆ニンフィアGX(SA),SR,https://minnano-toreka.com/wp-content/uploads/2026/08/061-055_minnanotoreca-10315587.webp,サーナイト＆ニンフィアGX(SA)（SR）[061/055],,https://dopa-game.jp/pokemon/dp/10315587,,,,10315587,28356,DOPA
-,「オコヤの森のセレビィ&ザルード」セブンイレブンセット【未開封BOX】{-} [未開封BOX],-,https://minnano-toreka.com/wp-content/uploads/2026/08/none_minnanotoreca-10346458.webp,「オコヤの森のセレビィ&ザルード」セブンイレブンセット【未開封BOX】{-} [未開封BOX]（-）[-],,https://dopa-game.jp/pokemon/dp/10346458,,,,10346458,28357,DOPA
147/S-P,カナザワのピカチュウ(未開封),P,https://minnano-toreka.com/wp-content/uploads/2026/08/147-S-P_minnanotoreca-10336787.webp,カナザワのピカチュウ(未開封)（P）[147/S-P],,https://dopa-game.jp/pokemon/dp/10336787,,,,10336787,28358,DOPA
BOX,反逆クラッシュ(ポケモンセンター限定セット)【未開封BOX】,BOX,https://minnano-toreka.com/wp-content/uploads/2026/08/BOX_minnanotoreca-10337940.webp,反逆クラッシュ(ポケモンセンター限定セット)【未開封BOX】（BOX）[BOX],,https://dopa-game.jp/pokemon/dp/10337940,,,,10337940,28359,DOPA
XY-P,ピカチュウ,P,https://minnano-toreka.com/wp-content/uploads/2026/08/XY-P_minnanotoreca-10284075.webp,ピカチュウ（P）[XY-P],,https://dopa-game.jp/pokemon/dp/10284075,,,,10284075,28360,DOPA
188/171,シェイミEX(UR仕様),-,https://minnano-toreka.com/wp-content/uploads/2026/08/188-171_minnanotoreca-10338248.webp,シェイミEX(UR仕様)（-）[188/171],,https://dopa-game.jp/pokemon/dp/10338248,,,,10338248,28361,DOPA
110/098,ルギアV,SR,https://minnano-toreka.com/wp-content/uploads/2026/08/110-098_minnanotoreca-10239972.webp,ルギアV（SR）[110/098],,https://dopa-game.jp/pokemon/dp/10239972,,,,10239972,28362,DOPA
182/173,ブラッキー&ダークライGX,SR,https://minnano-toreka.com/wp-content/uploads/2026/08/182-173_minnanotoreca-10240200.webp,ブラッキー&ダークライGX（SR）[182/173],,https://dopa-game.jp/pokemon/dp/10240200,,,,10240200,28363,DOPA
119/100,ミュウVMAX,HR,https://minnano-toreka.com/wp-content/uploads/2026/08/119-100_minnanotoreca-10240407.webp,ミュウVMAX（HR）[119/100],,https://dopa-game.jp/pokemon/dp/10240407,,,,10240407,28364,DOPA
076/067,レックウザV,SR,https://minnano-toreka.com/wp-content/uploads/2026/08/076-067_minnanotoreca-10311918.webp,レックウザV（SR）[076/067],,https://dopa-game.jp/pokemon/dp/10311918,,,,10311918,28365,DOPA
-,クララ＆セイボリーセット(双璧のファイター)【未開封BOX】,BOX,https://minnano-toreka.com/wp-content/uploads/2026/08/none_minnanotoreca-10347070.webp,クララ＆セイボリーセット(双璧のファイター)【未開封BOX】（BOX）[-],,https://dopa-game.jp/pokemon/dp/10347070,,,,10347070,28366,DOPA
{094/165} [SV2a],ゲンガー(マスターボールミラー),R,https://minnano-toreka.com/wp-content/uploads/2026/08/094-165-SV2a_minnanotoreca-10341996.webp,ゲンガー(マスターボールミラー)（R）[{094/165} [SV2a]],,https://dopa-game.jp/pokemon/dp/10341996,,,,10341996,28367,DOPA
001/015,ピカチュウV(未開封),−,https://minnano-toreka.com/wp-content/uploads/2026/08/001-015_minnanotoreca-10239528.webp,ピカチュウV(未開封)（−）[001/015],,https://dopa-game.jp/pokemon/dp/10239528,,,,10239528,28368,DOPA
148/SM-P,リーリエ,P,https://minnano-toreka.com/wp-content/uploads/2026/08/148-SM-P_minnanotoreca-10239996.webp,リーリエ（P）[148/SM-P],,https://dopa-game.jp/pokemon/dp/10239996,,,,10239996,31853,DOPA
194/SM-P,ボスごっこピカチュウ ギンガ団(未開封),SM-P,https://minnano-toreka.com/wp-content/uploads/2026/08/194-SM-P_minnanotoreca-10239959.webp,ボスごっこピカチュウ ギンガ団(未開封)（SM-P）[194/SM-P],,https://dopa-game.jp/pokemon/dp/10239959,,,,10239959,28369,DOPA
-,ピカチュウ(ポーランド),-,https://minnano-toreka.com/wp-content/uploads/2026/08/none_minnanotoreca-10346454.webp,ピカチュウ(ポーランド)（-）[-],,https://dopa-game.jp/pokemon/dp/10346454,,,,10346454,28370,DOPA
089/069,リーフィアVMAX,HR,https://minnano-toreka.com/wp-content/uploads/2026/08/089-069_minnanotoreca-10312016.webp,リーフィアVMAX（HR）[089/069],,https://dopa-game.jp/pokemon/dp/10312016,,,,10312016,28371,DOPA
BOX,ポケモンカードジムセット『伝説の鼓動』【未開封BOX】,BOX,https://minnano-toreka.com/wp-content/uploads/2026/08/BOX_minnanotoreca-10337941.webp,ポケモンカードジムセット『伝説の鼓動』【未開封BOX】（BOX）[BOX],,https://dopa-game.jp/pokemon/dp/10337941,,,,10337941,28372,DOPA
034/088,MゲンガーEX,RR,https://minnano-toreka.com/wp-content/uploads/2026/08/034-088_minnanotoreca-10346453.webp,MゲンガーEX（RR）[034/088],,https://dopa-game.jp/pokemon/dp/10346453,,,,10346453,28373,DOPA
067/049,メイ,SR,https://minnano-toreka.com/wp-content/uploads/2026/08/067-049_minnanotoreca-10239958.webp,メイ（SR）[067/049],,https://dopa-game.jp/pokemon/dp/10239958,,,,10239958,28374,DOPA
{198/SM-P},ミミッキュ,P,https://minnano-toreka.com/wp-content/uploads/2026/08/198-SM-P_minnanotoreca-10346843.webp,ミミッキュ（P）[{198/SM-P}],,https://dopa-game.jp/pokemon/dp/10346843,,,,10346843,28375,DOPA
053/050,ギラティナEX,SR,https://minnano-toreka.com/wp-content/uploads/2026/08/053-050_minnanotoreca-10333637.webp,ギラティナEX（SR）[053/050],,https://dopa-game.jp/pokemon/dp/10333637,,,,10333637,28376,DOPA
196/173,ブルーの探索,SR,https://minnano-toreka.com/wp-content/uploads/2026/08/196-173_minnanotoreca-10240411.webp,ブルーの探索（SR）[196/173],,https://dopa-game.jp/pokemon/dp/10240411,,,,10240411,28377,DOPA
{088/087} [CP6],フシギバナEX,SR,https://minnano-toreka.com/wp-content/uploads/2026/08/088-087-CP6_minnanotoreca-10344836.webp,フシギバナEX（SR）[{088/087} [CP6]],,https://dopa-game.jp/pokemon/dp/10344836,,,,10344836,28378,DOPA
114/100,ピカチュウVMAX,HR,https://minnano-toreka.com/wp-content/uploads/2026/08/114-100_minnanotoreca-10240106.webp,ピカチュウVMAX（HR）[114/100],,https://dopa-game.jp/pokemon/dp/10240106,,,,10240106,28379,DOPA
{140/SM-P},ポンチョを着たイーブイ/エーフィ(未開封),P,https://minnano-toreka.com/wp-content/uploads/2026/08/140-SM-P_minnanotoreca-10275023.webp,ポンチョを着たイーブイ/エーフィ(未開封)（P）[{140/SM-P}],,https://dopa-game.jp/pokemon/dp/10275023,,,,10275023,28380,DOPA
154/XY-P,ピカチュウ(未開封),P,https://minnano-toreka.com/wp-content/uploads/2026/08/154-XY-P_minnanotoreca-10298092.webp,ピカチュウ(未開封)（P）[154/XY-P],,https://dopa-game.jp/pokemon/dp/10298092,,,,10298092,28381,DOPA
063/049,ソルガレオ＆ルナアーラGX,SR,https://minnano-toreka.com/wp-content/uploads/2026/08/063-049_minnanotoreca-10311951.webp,ソルガレオ＆ルナアーラGX（SR）[063/049],,https://dopa-game.jp/pokemon/dp/10311951,,,,10311951,28382,DOPA
325/SM-P,お茶会ごっこピカチュウ,P,https://minnano-toreka.com/wp-content/uploads/2026/08/325-SM-P_minnanotoreca-10312084.webp,お茶会ごっこピカチュウ（P）[325/SM-P],,https://dopa-game.jp/pokemon/dp/10312084,,,,10312084,28383,DOPA
100/95,アルセウス＆ディアルガ＆パルキアGX,SR,https://minnano-toreka.com/wp-content/uploads/2026/08/100-95_minnanotoreca-10333533.webp,アルセウス＆ディアルガ＆パルキアGX（SR）[100/95],,https://dopa-game.jp/pokemon/dp/10333533,,,,10333533,28384,DOPA
105/S-P,まるのみされたピカチュウ,S-P,https://minnano-toreka.com/wp-content/uploads/2026/08/105-S-P_minnanotoreca-10239885.webp,まるのみされたピカチュウ（S-P）[105/S-P],,https://dopa-game.jp/pokemon/dp/10239885,,,,10239885,28385,DOPA
096/071,ナンジャモ,SAR,https://minnano-toreka.com/wp-content/uploads/2026/08/096-071_minnanotoreca-10239965.webp,ナンジャモ（SAR）[096/071],,https://dopa-game.jp/pokemon/dp/10239965,,,,10239965,28386,DOPA
347/190,ミュウex,SAR,https://minnano-toreka.com/wp-content/uploads/2026/08/347-190_minnanotoreca-10240223.webp,ミュウex（SAR）[347/190],,https://dopa-game.jp/pokemon/dp/10240223,,,,10240223,28387,DOPA
055/050,マオ,SR,https://minnano-toreka.com/wp-content/uploads/2026/08/055-050_minnanotoreca-10239999.webp,マオ（SR）[055/050],,https://dopa-game.jp/pokemon/dp/10239999,,,,10239999,28388,DOPA
{057/054} [sm10a],ライチュウ＆アローラライチュウGX(SA),SR,https://minnano-toreka.com/wp-content/uploads/2026/08/057-054-sm10a_minnanotoreca-10341963.webp,ライチュウ＆アローラライチュウGX(SA)（SR）[{057/054} [sm10a]],,https://dopa-game.jp/pokemon/dp/10341963,,,,10341963,28389,DOPA
001/025,リザードン/25th,-,https://minnano-toreka.com/wp-content/uploads/2026/08/001-025_minnanotoreca-10341076.webp,リザードン/25th（-）[001/025],,https://dopa-game.jp/pokemon/dp/10341076,,,,10341076,28390,DOPA
132/106,ピカチュウex,SAR,https://minnano-toreka.com/wp-content/uploads/2026/08/132-106_minnanotoreca-10311950.webp,ピカチュウex（SAR）[132/106],,https://dopa-game.jp/pokemon/dp/10311950,,,,10311950,28391,DOPA
087/078,(PSA10)ロケット団の工作,SR,https://minnano-toreka.com/wp-content/uploads/2026/08/087-078_minnanotoreca-10347593.webp,(PSA10)ロケット団の工作（SR）[087/078],,https://dopa-game.jp/pokemon/dp/10347593,,,,10347593,28392,DOPA
196/SM-P,ボスごっこピカチュウ フレア団(未開封),SM-P,https://minnano-toreka.com/wp-content/uploads/2026/08/196-SM-P_minnanotoreca-10239966.webp,ボスごっこピカチュウ フレア団(未開封)（SM-P）[196/SM-P],,https://dopa-game.jp/pokemon/dp/10239966,,,,10239966,28393,DOPA
191/SM-P,ボスごっこピカチュウ ロケット団(未開封),SM-P,https://minnano-toreka.com/wp-content/uploads/2026/08/191-SM-P_minnanotoreca-10239952.webp,ボスごっこピカチュウ ロケット団(未開封)（SM-P）[191/SM-P],,https://dopa-game.jp/pokemon/dp/10239952,,,,10239952,28394,DOPA
078/PCG-P,ピチュー兄弟(未開封),P,https://minnano-toreka.com/wp-content/uploads/2026/08/078-PCG-P_minnanotoreca-10326371.webp,ピチュー兄弟(未開封)（P）[078/PCG-P],,https://dopa-game.jp/pokemon/dp/10326371,,,,10326371,28395,DOPA
125/098,ロケット団のミュウツーex,SAR,https://minnano-toreka.com/wp-content/uploads/2026/08/125-098_minnanotoreca-10332045.webp,ロケット団のミュウツーex（SAR）[125/098],,https://dopa-game.jp/pokemon/dp/10332045,,,,10332045,28396,DOPA
{077/070} [S5I],バンギラスV(SA),SR,https://minnano-toreka.com/wp-content/uploads/2026/08/077-070-S5I_minnanotoreca-10346832.webp,バンギラスV(SA)（SR）[{077/070} [S5I]],,https://dopa-game.jp/pokemon/dp/10346832,,,,10346832,28397,DOPA
-,ポケモンワールドチャンピオンシップス2023横浜 記念デッキ『ピカチュウ』【未開封BOX】,BOX,https://minnano-toreka.com/wp-content/uploads/2026/08/none_minnanotoreca-10335084.webp,ポケモンワールドチャンピオンシップス2023横浜 記念デッキ『ピカチュウ』【未開封BOX】（BOX）[-],,https://dopa-game.jp/pokemon/dp/10335084,,,,10335084,28398,DOPA
186/173,トゲピー＆ピィ＆ププリンGX,SR,https://minnano-toreka.com/wp-content/uploads/2026/08/186-173_minnanotoreca-10240218.webp,トゲピー＆ピィ＆ププリンGX（SR）[186/173],,https://dopa-game.jp/pokemon/dp/10240218,,,,10240218,28399,DOPA
120/BW-P,ピカチュウ(未開封),P,https://minnano-toreka.com/wp-content/uploads/2026/08/120-BW-P_minnanotoreca-10322147.webp,ピカチュウ(未開封)（P）[120/BW-P],,https://dopa-game.jp/pokemon/dp/10322147,,,,10322147,28400,DOPA
028/P,ピチュー兄弟(未開封/カードe),P,https://minnano-toreka.com/wp-content/uploads/2026/08/028-P_minnanotoreca-10322180.webp,ピチュー兄弟(未開封/カードe)（P）[028/P],,https://dopa-game.jp/pokemon/dp/10322180,,,,10322180,28401,DOPA
099/XY-P,おきがえピカチュウ(未開封),P,https://minnano-toreka.com/wp-content/uploads/2026/08/099-XY-P_minnanotoreca-10240124.webp,おきがえピカチュウ(未開封)（P）[099/XY-P],,https://dopa-game.jp/pokemon/dp/10240124,,,,10240124,28402,DOPA
{137/SM-P},ポンチョを着たイーブイ/シャワーズ(未開封),P,https://minnano-toreka.com/wp-content/uploads/2026/08/137-SM-P_minnanotoreca-10281653.webp,ポンチョを着たイーブイ/シャワーズ(未開封)（P）[{137/SM-P}],,https://dopa-game.jp/pokemon/dp/10281653,,,,10281653,28403,DOPA
320/SM-P,あばれる君,P,https://minnano-toreka.com/wp-content/uploads/2026/08/320-SM-P_minnanotoreca-10317989.webp,あばれる君（P）[320/SM-P],,https://dopa-game.jp/pokemon/dp/10317989,,,,10317989,28404,DOPA
100/DP-P,ピカチュウ(おかいもの大阪/未開封),P,https://minnano-toreka.com/wp-content/uploads/2026/08/100-DP-P_minnanotoreca-10322246.webp,ピカチュウ(おかいもの大阪/未開封)（P）[100/DP-P],,https://dopa-game.jp/pokemon/dp/10322246,,,,10322246,28405,DOPA
{074/067} [S7R],カイリューV(SA),SR,https://minnano-toreka.com/wp-content/uploads/2026/08/074-067-S7R_minnanotoreca-10340832.webp,カイリューV(SA)（SR）[{074/067} [S7R]],,https://dopa-game.jp/pokemon/dp/10340832,,,,10340832,28406,DOPA
051/050,ホウオウEX,SR,https://minnano-toreka.com/wp-content/uploads/2026/08/051-050_minnanotoreca-10240445.webp,ホウオウEX（SR）[051/050],,https://dopa-game.jp/pokemon/dp/10240445,,,,10240445,28407,DOPA
057/051,ニンフィアGX,SR,https://minnano-toreka.com/wp-content/uploads/2026/08/057-051_minnanotoreca-10240409.webp,ニンフィアGX（SR）[057/051],,https://dopa-game.jp/pokemon/dp/10240409,,,,10240409,28408,DOPA
085/069,ブラッキーV,SR,https://minnano-toreka.com/wp-content/uploads/2026/08/085-069_minnanotoreca-10239882.webp,ブラッキーV（SR）[085/069],,https://dopa-game.jp/pokemon/dp/10239882,,,,10239882,28409,DOPA
153/150,シロナ,SR,https://minnano-toreka.com/wp-content/uploads/2026/08/153-150_minnanotoreca-10239973.webp,シロナ（SR）[153/150],,https://dopa-game.jp/pokemon/dp/10239973,,,,10239973,28410,DOPA
078/070,ガラルファイヤーV,SR,https://minnano-toreka.com/wp-content/uploads/2026/08/078-070_minnanotoreca-10340442.webp,ガラルファイヤーV（SR）[078/070],,https://dopa-game.jp/pokemon/dp/10340442,,,,10340442,28411,DOPA
188/173,イーブイGX,SR,https://minnano-toreka.com/wp-content/uploads/2026/08/188-173_minnanotoreca-10239887.webp,イーブイGX（SR）[188/173],,https://dopa-game.jp/pokemon/dp/10239887,,,,10239887,28412,DOPA
189/S-P,エーフィVMAX(SA/未開封),P,https://minnano-toreka.com/wp-content/uploads/2026/08/189-S-P_minnanotoreca-10311952.webp,エーフィVMAX(SA/未開封)（P）[189/S-P],,https://dopa-game.jp/pokemon/dp/10311952,,,,10311952,28413,DOPA
(001/030),ピカチュウex(SR仕様/未開封),-,https://minnano-toreka.com/wp-content/uploads/2026/08/001-030_minnanotoreca-10239527.webp,ピカチュウex(SR仕様/未開封)（-）[(001/030)],,https://dopa-game.jp/pokemon/dp/10239527,,,,10239527,28414,DOPA
{323/S-P} [S-P],ピカチュウ(未開封),P,https://minnano-toreka.com/wp-content/uploads/2026/08/323-S-P-S-P_minnanotoreca-10342100.webp,ピカチュウ(未開封)（P）[{323/S-P} [S-P]],,https://dopa-game.jp/pokemon/dp/10342100,,,,10342100,28415,DOPA
201/165,リザードンex,SAR,https://minnano-toreka.com/wp-content/uploads/2026/08/201-165_minnanotoreca-10312049.webp,リザードンex（SAR）[201/165],,https://dopa-game.jp/pokemon/dp/10312049,,,,10312049,28416,DOPA
080/076,ディアルガEX,SR,https://minnano-toreka.com/wp-content/uploads/2026/08/080-076_minnanotoreca-10338673.webp,ディアルガEX（SR）[080/076],,https://dopa-game.jp/pokemon/dp/10338673,,,,10338673,28417,DOPA
BOX,ルリナセット(ハイクラスパック シャイニースターV)【未開封BOX】,BOX,https://minnano-toreka.com/wp-content/uploads/2026/08/BOX_minnanotoreca-10337939-scaled-1.webp,ルリナセット(ハイクラスパック シャイニースターV)【未開封BOX】（BOX）[BOX],,https://dopa-game.jp/pokemon/dp/10337939,,,,10337939,28418,DOPA
290/SM-P,モクロー,SM-P,https://minnano-toreka.com/wp-content/uploads/2026/08/290-SM-P_minnanotoreca-10239974.webp,モクロー（SM-P）[290/SM-P],,https://dopa-game.jp/pokemon/dp/10239974,,,,10239974,28419,DOPA
174/086,レシラム,BWR,https://minnano-toreka.com/wp-content/uploads/2026/08/174-086_minnanotoreca-10333928.webp,レシラム（BWR）[174/086],,https://dopa-game.jp/pokemon/dp/10333928,,,,10333928,28420,DOPA
0702/09,キャプテンピカチュウ/中国語版,-,https://minnano-toreka.com/wp-content/uploads/2026/08/0702-09_minnanotoreca-10341089.webp,キャプテンピカチュウ/中国語版（-）[0702/09],,https://dopa-game.jp/pokemon/dp/10341089,,,,10341089,28421,DOPA
{070/064} [sm11a],カメックス＆ポッチャマGX(SA),SR,https://minnano-toreka.com/wp-content/uploads/2026/08/070-064-sm11a_minnanotoreca-10346193.webp,カメックス＆ポッチャマGX(SA)（SR）[{070/064} [sm11a]],,https://dopa-game.jp/pokemon/dp/10346193,,,,10346193,28422,DOPA
174/086,ゼクロムex,BWR,https://minnano-toreka.com/wp-content/uploads/2026/08/174-086_minnanotoreca-10333927.webp,ゼクロムex（BWR）[174/086],,https://dopa-game.jp/pokemon/dp/10333927,,,,10333927,28423,DOPA
208/SM-P,袴姿のピカチュウ,-,https://minnano-toreka.com/wp-content/uploads/2026/08/208-SM-P_minnanotoreca-10240093.webp,袴姿のピカチュウ（-）[208/SM-P],,https://dopa-game.jp/pokemon/dp/10240093,,,,10240093,28424,DOPA
{220/173} [sm12a],レシラム＆リザードンGX,UR,https://minnano-toreka.com/wp-content/uploads/2026/08/220-173-sm12a_minnanotoreca-10346836.webp,レシラム＆リザードンGX（UR）[{220/173} [sm12a]],,https://dopa-game.jp/pokemon/dp/10346836,,,,10346836,28425,DOPA
{005/016},ダークライ(SR仕様),-,https://minnano-toreka.com/wp-content/uploads/2026/08/005-016_minnanotoreca-10346817.webp,ダークライ(SR仕様)（-）[{005/016}],,https://dopa-game.jp/pokemon/dp/10346817,,,,10346817,28426,DOPA
{068/060} [sm1],エーフィGX,HR,https://minnano-toreka.com/wp-content/uploads/2026/08/068-060-sm1_minnanotoreca-10346190.webp,エーフィGX（HR）[{068/060} [sm1]],,https://dopa-game.jp/pokemon/dp/10346190,,,,10346190,28427,DOPA
{124/SM-P} [その他],エーフィGX,P,https://minnano-toreka.com/wp-content/uploads/2026/08/124-SM-P_minnanotoreca-10346191.webp,エーフィGX（P）[{124/SM-P} [その他]],,https://dopa-game.jp/pokemon/dp/10346191,,,,10346191,28428,DOPA
280/SM-P,ヨコハマのピカチュウ(未開封),-,https://minnano-toreka.com/wp-content/uploads/2026/08/280-SM-P_minnanotoreca-10240133.webp,ヨコハマのピカチュウ(未開封)（-）[280/SM-P],,https://dopa-game.jp/pokemon/dp/10240133,,,,10240133,28429,DOPA
090/066,ゲッコウガex,SAR,https://minnano-toreka.com/wp-content/uploads/2026/08/090-066_minnanotoreca-10330037.webp,ゲッコウガex（SAR）[090/066],,https://dopa-game.jp/pokemon/dp/10330037,,,,10330037,28430,DOPA
055/SM-P,イースターのピカチュウ,P,https://minnano-toreka.com/wp-content/uploads/2026/08/055-SM-P_minnanotoreca-10239964.webp,イースターのピカチュウ（P）[055/SM-P],,https://dopa-game.jp/pokemon/dp/10239964,,,,10239964,28431,DOPA
050/XY-P,日本代表のピカチュウ（未開封）,XY-P,https://minnano-toreka.com/wp-content/uploads/2026/08/050-XY-P_minnanotoreca-10239956.webp,日本代表のピカチュウ（未開封）（XY-P）[050/XY-P],,https://dopa-game.jp/pokemon/dp/10239956,,,,10239956,28432,DOPA
064/049,レシラム＆ゼクロムGX,SR,https://minnano-toreka.com/wp-content/uploads/2026/08/064-049_minnanotoreca-10331256.webp,レシラム＆ゼクロムGX（SR）[064/049],,https://dopa-game.jp/pokemon/dp/10331256,,,,10331256,28433,DOPA
007/025,_のピカチュウ,P,https://minnano-toreka.com/wp-content/uploads/2026/08/007-025_minnanotoreca-10334370.webp,_のピカチュウ（P）[007/025],,https://dopa-game.jp/pokemon/dp/10334370,,,,10334370,28434,DOPA
{304/S-P} [S-P],ルカリオV(SR仕様),P,https://minnano-toreka.com/wp-content/uploads/2026/08/304-S-P-S-P_minnanotoreca-10346833.webp,ルカリオV(SR仕様)（P）[{304/S-P} [S-P]],,https://dopa-game.jp/pokemon/dp/10346833,,,,10346833,28435,DOPA
{0709/09} [CBB1C],キャプテンピカチュウ(中国語版),【-】(AR仕様),https://minnano-toreka.com/wp-content/uploads/2026/08/0709-09-CBB1C_minnanotoreca-10346946.webp,キャプテンピカチュウ(中国語版)（【-】(AR仕様)）[{0709/09} [CBB1C]],,https://dopa-game.jp/pokemon/dp/10346946,,,,10346946,28436,DOPA
062/054,ムサシとコジロウ,SR,https://minnano-toreka.com/wp-content/uploads/2026/08/062-054_minnanotoreca-10331255.webp,ムサシとコジロウ（SR）[062/054],,https://dopa-game.jp/pokemon/dp/10331255,,,,10331255,28437,DOPA
070/066,ナタネ,SR,https://minnano-toreka.com/wp-content/uploads/2026/08/070-066_minnanotoreca-10240000.webp,ナタネ（SR）[070/066],,https://dopa-game.jp/pokemon/dp/10240000,,,,10240000,28438,DOPA
{113/095} [sm9],ゲンガー＆ミミッキュGX,HR,https://minnano-toreka.com/wp-content/uploads/2026/08/113-095-sm9_minnanotoreca-10346196.webp,ゲンガー＆ミミッキュGX（HR）[{113/095} [sm9]],,https://dopa-game.jp/pokemon/dp/10346196,,,,10346196,28439,DOPA
PW,ピカチュウ(ドイツ),-,https://minnano-toreka.com/wp-content/uploads/2026/08/PW_minnanotoreca-10346943.webp,ピカチュウ(ドイツ)（-）[PW],,https://dopa-game.jp/pokemon/dp/10346943,,,,10346943,28440,DOPA
{177/173} [sm12a],エーフィ＆デオキシスGX(SA),SR,https://minnano-toreka.com/wp-content/uploads/2026/08/177-173-sm12a_minnanotoreca-10346188.webp,エーフィ＆デオキシスGX(SA)（SR）[{177/173} [sm12a]],,https://dopa-game.jp/pokemon/dp/10346188,,,,10346188,28441,DOPA
PW,ピカチュウ(ポルトガル),-,https://minnano-toreka.com/wp-content/uploads/2026/08/PW_minnanotoreca-10346940.webp,ピカチュウ(ポルトガル)（-）[PW],,https://dopa-game.jp/pokemon/dp/10346940,,,,10346940,28442,DOPA
PW,ピカチュウ(アメリカ),-,https://minnano-toreka.com/wp-content/uploads/2026/08/PW_minnanotoreca-10346944.webp,ピカチュウ(アメリカ)（-）[PW],,https://dopa-game.jp/pokemon/dp/10346944,,,,10346944,28443,DOPA
PW,ピカチュウ(イタリア),-,https://minnano-toreka.com/wp-content/uploads/2026/08/PW_minnanotoreca-10346942.webp,ピカチュウ(イタリア)（-）[PW],,https://dopa-game.jp/pokemon/dp/10346942,,,,10346942,28444,DOPA
{021/PLAY} [その他],＿のレックウザ,-,https://minnano-toreka.com/wp-content/uploads/2026/08/021-PLAY_minnanotoreca-10344873.webp,＿のレックウザ（-）[{021/PLAY} [その他]],,https://dopa-game.jp/pokemon/dp/10344873,,,,10344873,28445,DOPA
134/108,リザードンex,SAR,https://minnano-toreka.com/wp-content/uploads/2026/08/134-108_minnanotoreca-10239564.webp,リザードンex（SAR）[134/108],,https://dopa-game.jp/pokemon/dp/10239564,,,,10239564,28446,DOPA
103/100,リザードンV,SR,https://minnano-toreka.com/wp-content/uploads/2026/08/103-100_minnanotoreca-10239056.webp,リザードンV（SR）[103/100],,https://dopa-game.jp/pokemon/dp/10239056,,,,10239056,28447,DOPA
062/059,ホワイトキュレムEX,SR,https://minnano-toreka.com/wp-content/uploads/2026/08/062-059_minnanotoreca-10329440.webp,ホワイトキュレムEX（SR）[062/059],,https://dopa-game.jp/pokemon/dp/10329440,,,,10329440,28448,DOPA
044/P,ピカチュウ/ハッピーアドベンチャーラリー2002(未開封),P,https://minnano-toreka.com/wp-content/uploads/2026/08/044-P_minnanotoreca-10239960.webp,ピカチュウ/ハッピーアドベンチャーラリー2002(未開封)（P）[044/P],,https://dopa-game.jp/pokemon/dp/10239960,,,,10239960,28449,DOPA
{102/095},ゲンガー＆ミミッキュGX,SR,https://minnano-toreka.com/wp-content/uploads/2026/08/102-095_minnanotoreca-10346195.webp,ゲンガー＆ミミッキュGX（SR）[{102/095}],,https://dopa-game.jp/pokemon/dp/10346195,,,,10346195,28450,DOPA
068/064,リザードン＆テールナーGX,SR,https://minnano-toreka.com/wp-content/uploads/2026/08/068-064_minnanotoreca-10244775.webp,リザードン＆テールナーGX（SR）[068/064],,https://dopa-game.jp/pokemon/dp/10244775,,,,10244775,28451,DOPA
061/054,ブルーの探索,SR,https://minnano-toreka.com/wp-content/uploads/2026/08/061-054_minnanotoreca-10311953.webp,ブルーの探索（SR）[061/054],,https://dopa-game.jp/pokemon/dp/10311953,,,,10311953,28452,DOPA
205/165,ミュウex,SAR,https://minnano-toreka.com/wp-content/uploads/2026/08/205-165_minnanotoreca-10330794.webp,ミュウex（SAR）[205/165],,https://dopa-game.jp/pokemon/dp/10330794,,,,10330794,28453,DOPA
100/094,おじょうさま,SR,https://minnano-toreka.com/wp-content/uploads/2026/08/100-094_minnanotoreca-10239969.webp,おじょうさま（SR）[100/094],,https://dopa-game.jp/pokemon/dp/10239969,,,,10239969,28454,DOPA
247/XY-P,マスクド・ピカチュウ(未開封),XYーＰ,https://minnano-toreka.com/wp-content/uploads/2026/08/247-XY-P_minnanotoreca-10239951.webp,マスクド・ピカチュウ(未開封)（XYーＰ）[247/XY-P],,https://dopa-game.jp/pokemon/dp/10239951,,,,10239951,28455,DOPA
077/070,ソニア,SR,https://minnano-toreka.com/wp-content/uploads/2026/08/077-070_minnanotoreca-10239953.webp,ソニア（SR）[077/070],,https://dopa-game.jp/pokemon/dp/10239953,,,,10239953,28456,DOPA
104/095,メガミミロップ＆プリンGX(SA),SR,https://minnano-toreka.com/wp-content/uploads/2026/08/104-095_minnanotoreca-10345282.webp,メガミミロップ＆プリンGX(SA)（SR）[104/095],,https://dopa-game.jp/pokemon/dp/10345282,,,,10345282,28457,DOPA
{261/SV-P} [その他],ヒロシマのピカチュウ,P,https://minnano-toreka.com/wp-content/uploads/2026/08/261-SV-P_minnanotoreca-10341929.webp,ヒロシマのピカチュウ（P）[{261/SV-P} [その他]],,https://dopa-game.jp/pokemon/dp/10341929,,,,10341929,28458,DOPA
126/100,リーリエのピッピex,SAR,https://minnano-toreka.com/wp-content/uploads/2026/08/126-100_minnanotoreca-10315557.webp,リーリエのピッピex（SAR）[126/100],,https://dopa-game.jp/pokemon/dp/10315557,,,,10315557,28459,DOPA
021/020,シェイミEX,SR,https://minnano-toreka.com/wp-content/uploads/2026/08/021-020_minnanotoreca-10239950.webp,シェイミEX（SR）[021/020],,https://dopa-game.jp/pokemon/dp/10239950,,,,10239950,28460,DOPA
XY-P,ピッチのピカチュウ(小学生以下/未開封),P,https://minnano-toreka.com/wp-content/uploads/2026/08/XY-P_minnanotoreca-10329442.webp,ピッチのピカチュウ(小学生以下/未開封)（P）[XY-P],,https://dopa-game.jp/pokemon/dp/10329442,,,,10329442,28461,DOPA
075/SM-P,サトシのピカチュウ,P,https://minnano-toreka.com/wp-content/uploads/2026/08/075-SM-P_minnanotoreca-10239886.webp,サトシのピカチュウ（P）[075/SM-P],,https://dopa-game.jp/pokemon/dp/10239886,,,,10239886,28462,DOPA
074/SM-P,サトシのピカチュウ,P,https://minnano-toreka.com/wp-content/uploads/2026/08/074-SM-P_minnanotoreca-10239889.webp,サトシのピカチュウ（P）[074/SM-P],,https://dopa-game.jp/pokemon/dp/10239889,,,,10239889,28463,DOPA
108/095,ルギアGX,HR,https://minnano-toreka.com/wp-content/uploads/2026/08/108-095_minnanotoreca-10347240.webp,ルギアGX（HR）[108/095],,https://dopa-game.jp/pokemon/dp/10347240,,,,10347240,28464,DOPA
238/150,ニンフィアGX,SSR,https://minnano-toreka.com/wp-content/uploads/2026/08/238-150_minnanotoreca-10341082.webp,ニンフィアGX（SSR）[238/150],,https://dopa-game.jp/pokemon/dp/10341082,,,,10341082,28465,DOPA
392/SM-P,海で遊ぶピカチュウ,P,https://minnano-toreka.com/wp-content/uploads/2026/08/392-SM-P_minnanotoreca-10305911.webp,海で遊ぶピカチュウ（P）[392/SM-P],,https://dopa-game.jp/pokemon/dp/10305911,,,,10305911,28466,DOPA
{108/094} [sm11],ミュウツー＆ミュウGX,HR,https://minnano-toreka.com/wp-content/uploads/2026/08/108-094-sm11_minnanotoreca-10346828.webp,ミュウツー＆ミュウGX（HR）[{108/094} [sm11]],,https://dopa-game.jp/pokemon/dp/10346828,,,,10346828,28467,DOPA
107/095,エリカのおもてなし,SR,https://minnano-toreka.com/wp-content/uploads/2026/08/107-095_minnanotoreca-10239975.webp,エリカのおもてなし（SR）[107/095],,https://dopa-game.jp/pokemon/dp/10239975,,,,10239975,28468,DOPA
[その他],ピカチュウ(韓国版),PW,https://minnano-toreka.com/wp-content/uploads/2026/08/none_minnanotoreca-10346691.webp,ピカチュウ(韓国版)（PW）[[その他]],,https://dopa-game.jp/pokemon/dp/10346691,,,,10346691,28469,DOPA
069/S-P,ポケモンセンターのお姉さん,P,https://minnano-toreka.com/wp-content/uploads/2026/08/069-S-P_minnanotoreca-10239967.webp,ポケモンセンターのお姉さん（P）[069/S-P],,https://dopa-game.jp/pokemon/dp/10239967,,,,10239967,28470,DOPA
086/SM-P,サトシのピカチュウ,P,https://minnano-toreka.com/wp-content/uploads/2026/08/086-SM-P_minnanotoreca-10239881.webp,サトシのピカチュウ（P）[086/SM-P],,https://dopa-game.jp/pokemon/dp/10239881,,,,10239881,28471,DOPA
076/SM-P,サトシのピカチュウ,P,https://minnano-toreka.com/wp-content/uploads/2026/08/076-SM-P_minnanotoreca-10239891.webp,サトシのピカチュウ（P）[076/SM-P],,https://dopa-game.jp/pokemon/dp/10239891,,,,10239891,28472,DOPA
071/SM-P,サトシのピカチュウ,-,https://minnano-toreka.com/wp-content/uploads/2026/08/071-SM-P_minnanotoreca-10240226.webp,サトシのピカチュウ（-）[071/SM-P],,https://dopa-game.jp/pokemon/dp/10240226,,,,10240226,28473,DOPA
191/173,カスミ＆カンナ,SR,https://minnano-toreka.com/wp-content/uploads/2026/08/191-173_minnanotoreca-10239556.webp,カスミ＆カンナ（SR）[191/173],,https://dopa-game.jp/pokemon/dp/10239556,,,,10239556,28474,DOPA
077/066,モノマネむすめ,SR,https://minnano-toreka.com/wp-content/uploads/2026/08/077-066_minnanotoreca-10238525.webp,モノマネむすめ（SR）[077/066],,https://dopa-game.jp/pokemon/dp/10238525,,,,10238525,28475,DOPA
283/SM-P,ヨコハマのピカチュウ,P,https://minnano-toreka.com/wp-content/uploads/2026/08/283-SM-P_minnanotoreca-10329443.webp,ヨコハマのピカチュウ（P）[283/SM-P],,https://dopa-game.jp/pokemon/dp/10329443,,,,10329443,28476,DOPA
062/059,ミュウツーEX,SR,https://minnano-toreka.com/wp-content/uploads/2026/08/062-059_minnanotoreca-10280197.webp,ミュウツーEX（SR）[062/059],,https://dopa-game.jp/pokemon/dp/10280197,,,,10280197,28477,DOPA
075/070,サーナイトEX,SR,https://minnano-toreka.com/wp-content/uploads/2026/08/075-070_minnanotoreca-10239993.webp,サーナイトEX（SR）[075/070],,https://dopa-game.jp/pokemon/dp/10239993,,,,10239993,28478,DOPA
011/087,リザードン,R,https://minnano-toreka.com/wp-content/uploads/2026/08/011-087_minnanotoreca-10239571.webp,リザードン（R）[011/087],,https://dopa-game.jp/pokemon/dp/10239571,,,,10239571,28479,DOPA
-,スペシャルデッキセットex『フシギバナ・リザードン・カメックス』,-,https://minnano-toreka.com/wp-content/uploads/2026/08/none_minnanotoreca-10344616.webp,スペシャルデッキセットex『フシギバナ・リザードン・カメックス』（-）[-],,https://dopa-game.jp/pokemon/dp/10344616,,,,10344616,28480,DOPA
054/049,ピカチュウ,CHR,https://minnano-toreka.com/wp-content/uploads/2026/08/054-049_minnanotoreca-10238714.webp,ピカチュウ（CHR）[054/049],,https://dopa-game.jp/pokemon/dp/10238714,,,,10238714,28481,DOPA
102/094,メガヤミラミ＆バンギラスGX(SA),SR,https://minnano-toreka.com/wp-content/uploads/2026/08/102-094_minnanotoreca-10345281.webp,メガヤミラミ＆バンギラスGX(SA)（SR）[102/094],,https://dopa-game.jp/pokemon/dp/10345281,,,,10345281,28482,DOPA
012/025,ブラッキー☆/25th,-,https://minnano-toreka.com/wp-content/uploads/2026/08/012-025_minnanotoreca-10341092.webp,ブラッキー☆/25th（-）[012/025],,https://dopa-game.jp/pokemon/dp/10341092,,,,10341092,28483,DOPA
308/190,リザードンVMAX,SSR,https://minnano-toreka.com/wp-content/uploads/2026/08/308-190_minnanotoreca-10335086.webp,リザードンVMAX（SSR）[308/190],,https://dopa-game.jp/pokemon/dp/10335086,,,,10335086,28484,DOPA
261/172,ギラティナVSTAR,UR,https://minnano-toreka.com/wp-content/uploads/2026/08/261-172_minnanotoreca-10335645.webp,ギラティナVSTAR（UR）[261/172],,https://dopa-game.jp/pokemon/dp/10335645,,,,10335645,28485,DOPA
{0615/15} [その他],ブラッキー(中国語版),AR,https://minnano-toreka.com/wp-content/uploads/2026/08/0615-15_minnanotoreca-10346958.webp,ブラッキー(中国語版)（AR）[{0615/15} [その他]],,https://dopa-game.jp/pokemon/dp/10346958,,,,10346958,28486,DOPA
144/S-P,カナザワのピカチュウ,-,https://minnano-toreka.com/wp-content/uploads/2026/08/144-S-P_minnanotoreca-10240166.webp,カナザワのピカチュウ（-）[144/S-P],,https://dopa-game.jp/pokemon/dp/10240166,,,,10240166,28487,DOPA
{323/SM-P},ニンフィアGX,P,https://minnano-toreka.com/wp-content/uploads/2026/08/323-SM-P_minnanotoreca-10346814.webp,ニンフィアGX（P）[{323/SM-P}],,https://dopa-game.jp/pokemon/dp/10346814,,,,10346814,28488,DOPA
106/100,ミュウV,SR,https://minnano-toreka.com/wp-content/uploads/2026/08/106-100_minnanotoreca-10312479.webp,ミュウV（SR）[106/100],,https://dopa-game.jp/pokemon/dp/10312479,,,,10312479,28489,DOPA
193/173,グリーン戦略,SR,https://minnano-toreka.com/wp-content/uploads/2026/08/193-173_minnanotoreca-10311983.webp,グリーン戦略（SR）[193/173],,https://dopa-game.jp/pokemon/dp/10311983,,,,10311983,28490,DOPA
268/SM-P,リーフィアGX,P,https://minnano-toreka.com/wp-content/uploads/2026/08/268-SM-P_minnanotoreca-10347287.webp,リーフィアGX（P）[268/SM-P],,https://dopa-game.jp/pokemon/dp/10347287,,,,10347287,28491,DOPA
097/095,セレビィ＆フシギバナGX,SR,https://minnano-toreka.com/wp-content/uploads/2026/08/097-095_minnanotoreca-10240269.webp,セレビィ＆フシギバナGX（SR）[097/095],,https://dopa-game.jp/pokemon/dp/10240269,,,,10240269,28492,DOPA
{123/S-P} [S-P],ピカチュウVMAX(RRR仕様),P,https://minnano-toreka.com/wp-content/uploads/2026/08/123-S-P-S-P_minnanotoreca-10346329.webp,ピカチュウVMAX(RRR仕様)（P）[{123/S-P} [S-P]],,https://dopa-game.jp/pokemon/dp/10346329,,,,10346329,28493,DOPA
173/171,サンダースEX,-,https://minnano-toreka.com/wp-content/uploads/2026/08/173-171_minnanotoreca-10338677.webp,サンダースEX（-）[173/171],,https://dopa-game.jp/pokemon/dp/10338677,,,,10338677,28494,DOPA
025/020,メロエッタEX,SR,https://minnano-toreka.com/wp-content/uploads/2026/08/025-020_minnanotoreca-10305878.webp,メロエッタEX（SR）[025/020],,https://dopa-game.jp/pokemon/dp/10305878,,,,10305878,28495,DOPA
065/059,ミュウツーEX,UR,https://minnano-toreka.com/wp-content/uploads/2026/08/065-059_minnanotoreca-10280196.webp,ミュウツーEX（UR）[065/059],,https://dopa-game.jp/pokemon/dp/10280196,,,,10280196,28496,DOPA
091/064,ルチアのアピール,SAR,https://minnano-toreka.com/wp-content/uploads/2026/08/091-064_minnanotoreca-10329011.webp,ルチアのアピール（SAR）[091/064],,https://dopa-game.jp/pokemon/dp/10329011,,,,10329011,28497,DOPA
072/SM-P,サトシのピカチュウ,P,https://minnano-toreka.com/wp-content/uploads/2026/08/072-SM-P_minnanotoreca-10239883.webp,サトシのピカチュウ（P）[072/SM-P],,https://dopa-game.jp/pokemon/dp/10239883,,,,10239883,28498,DOPA
130/101,ゼイユ,SAR,https://minnano-toreka.com/wp-content/uploads/2026/08/130-101_minnanotoreca-10276962.webp,ゼイユ（SAR）[130/101],,https://dopa-game.jp/pokemon/dp/10276962,,,,10276962,28499,DOPA
{220/150} [sm8b],エーフィGX,SSR,https://minnano-toreka.com/wp-content/uploads/2026/08/220-150-sm8b_minnanotoreca-10346189.webp,エーフィGX（SSR）[{220/150} [sm8b]],,https://dopa-game.jp/pokemon/dp/10346189,,,,10346189,28500,DOPA
067/SV-P,ブラッキー(YU NAGABA),P,https://minnano-toreka.com/wp-content/uploads/2026/08/067-SV-P_minnanotoreca-10318063.webp,ブラッキー(YU NAGABA)（P）[067/SV-P],,https://dopa-game.jp/pokemon/dp/10318063,,,,10318063,28501,DOPA
-,プレイマット『シロナの全力』未開封,-,https://minnano-toreka.com/wp-content/uploads/2026/08/none_minnanotoreca-10344617.webp,プレイマット『シロナの全力』未開封（-）[-],,https://dopa-game.jp/pokemon/dp/10344617,,,,10344617,28502,DOPA
223/184,ピカチュウVMAX,CSR,https://minnano-toreka.com/wp-content/uploads/2026/08/223-184_minnanotoreca-10334682.webp,ピカチュウVMAX（CSR）[223/184],,https://dopa-game.jp/pokemon/dp/10334682,,,,10334682,28503,DOPA
{041/072} [sm3],ひかるミュウ,H,https://minnano-toreka.com/wp-content/uploads/2026/08/041-072-sm3_minnanotoreca-10341437.webp,ひかるミュウ（H）[{041/072} [sm3]],,https://dopa-game.jp/pokemon/dp/10341437,,,,10341437,28504,DOPA
083/069,ニンフィアV,SR,https://minnano-toreka.com/wp-content/uploads/2026/08/083-069_minnanotoreca-10239895.webp,ニンフィアV（SR）[083/069],,https://dopa-game.jp/pokemon/dp/10239895,,,,10239895,28505,DOPA
101/078,サーナイトex,SAR,https://minnano-toreka.com/wp-content/uploads/2026/08/101-078_minnanotoreca-10312478.webp,サーナイトex（SAR）[101/078],,https://dopa-game.jp/pokemon/dp/10312478,,,,10312478,28506,DOPA
{289/SV-P} [その他],フクオカのピカチュウ(未開封),P,https://minnano-toreka.com/wp-content/uploads/2026/08/289-SV-P_minnanotoreca-10344388.webp,フクオカのピカチュウ(未開封)（P）[{289/SV-P} [その他]],,https://dopa-game.jp/pokemon/dp/10344388,,,,10344388,28507,DOPA
168/086,レシラムex,SAR,https://minnano-toreka.com/wp-content/uploads/2026/08/168-086_minnanotoreca-10333929.webp,レシラムex（SAR）[168/086],,https://dopa-game.jp/pokemon/dp/10333929,,,,10333929,28508,DOPA
102/094,ユリーカ,SR,https://minnano-toreka.com/wp-content/uploads/2026/08/102-094_minnanotoreca-10305880.webp,ユリーカ（SR）[102/094],,https://dopa-game.jp/pokemon/dp/10305880,,,,10305880,28509,DOPA
048/SV-P,ミライドン,P,https://minnano-toreka.com/wp-content/uploads/2026/08/048-SV-P_minnanotoreca-10318022.webp,ミライドン（P）[048/SV-P],,https://dopa-game.jp/pokemon/dp/10318022,,,,10318022,28510,DOPA
075/069,シャワーズV,SR,https://minnano-toreka.com/wp-content/uploads/2026/08/075-069_minnanotoreca-10239893.webp,シャワーズV（SR）[075/069],,https://dopa-game.jp/pokemon/dp/10239893,,,,10239893,28511,DOPA
106/095,シロナ＆カトレア,SR,https://minnano-toreka.com/wp-content/uploads/2026/08/106-095_minnanotoreca-10304030.webp,シロナ＆カトレア（SR）[106/095],,https://dopa-game.jp/pokemon/dp/10304030,,,,10304030,28512,DOPA
{098/SV-P} [SV-P],名探偵ピカチュウ,P,https://minnano-toreka.com/wp-content/uploads/2026/08/098-SV-P-SV-P_minnanotoreca-10346813.webp,名探偵ピカチュウ（P）[{098/SV-P} [SV-P]],,https://dopa-game.jp/pokemon/dp/10346813,,,,10346813,28513,DOPA
198/190,マリィ,SR,https://minnano-toreka.com/wp-content/uploads/2026/08/198-190_minnanotoreca-10239578.webp,マリィ（SR）[198/190],,https://dopa-game.jp/pokemon/dp/10239578,,,,10239578,28514,DOPA
192/SV-P,ニャース(未開封),SV-P,https://minnano-toreka.com/wp-content/uploads/2026/08/192-SV-P_minnanotoreca-10344699.webp,ニャース(未開封)（SV-P）[192/SV-P],,https://dopa-game.jp/pokemon/dp/10344699,,,,10344699,28515,DOPA
{112/095} [sm9],ピカチュウ＆ゼクロムGX,HR,https://minnano-toreka.com/wp-content/uploads/2026/08/112-095-sm9_minnanotoreca-10346328.webp,ピカチュウ＆ゼクロムGX（HR）[{112/095} [sm9]],,https://dopa-game.jp/pokemon/dp/10346328,,,,10346328,28516,DOPA
{216/150} [sm8b],ゲッコウガGX,SSR,https://minnano-toreka.com/wp-content/uploads/2026/08/216-150-sm8b_minnanotoreca-10343274.webp,ゲッコウガGX（SSR）[{216/150} [sm8b]],,https://dopa-game.jp/pokemon/dp/10343274,,,,10343274,28517,DOPA
080/073,コイキング,AR,https://minnano-toreka.com/wp-content/uploads/2026/08/080-073_minnanotoreca-10240249.webp,コイキング（AR）[080/073],,https://dopa-game.jp/pokemon/dp/10240249,,,,10240249,28518,DOPA
(079/069),サンダースV,SR,https://minnano-toreka.com/wp-content/uploads/2026/08/079-069_minnanotoreca-10239890.webp,サンダースV（SR）[(079/069)],,https://dopa-game.jp/pokemon/dp/10239890,,,,10239890,28519,DOPA
087/064,ラティアスex,SAR,https://minnano-toreka.com/wp-content/uploads/2026/08/087-064_minnanotoreca-10312445.webp,ラティアスex（SAR）[087/064],,https://dopa-game.jp/pokemon/dp/10312445,,,,10312445,28520,DOPA
073/069,ブースターV,SR,https://minnano-toreka.com/wp-content/uploads/2026/08/073-069_minnanotoreca-10239897.webp,ブースターV（SR）[073/069],,https://dopa-game.jp/pokemon/dp/10239897,,,,10239897,28521,DOPA
081/069,エーフィV,SR,https://minnano-toreka.com/wp-content/uploads/2026/08/081-069_minnanotoreca-10239880.webp,エーフィV（SR）[081/069],,https://dopa-game.jp/pokemon/dp/10239880,,,,10239880,28522,DOPA
083/067,ジュラルドンVMAX(SA),HR,https://minnano-toreka.com/wp-content/uploads/2026/08/083-067_minnanotoreca-10338676.webp,ジュラルドンVMAX(SA)（HR）[083/067],,https://dopa-game.jp/pokemon/dp/10338676,,,,10338676,28523,DOPA
077/069,グレイシアV,SR,https://minnano-toreka.com/wp-content/uploads/2026/08/077-069_minnanotoreca-10239888.webp,グレイシアV（SR）[077/069],,https://dopa-game.jp/pokemon/dp/10239888,,,,10239888,28524,DOPA
087/063,メガサーナイトex,SAR,https://minnano-toreka.com/wp-content/uploads/2026/08/087-063_minnanotoreca-10338118.webp,メガサーナイトex（SAR）[087/063],,https://dopa-game.jp/pokemon/dp/10338118,,,,10338118,28525,DOPA
070/049,ソルガレオ＆ルナアーラGX,HR,https://minnano-toreka.com/wp-content/uploads/2026/08/070-049_minnanotoreca-10312082.webp,ソルガレオ＆ルナアーラGX（HR）[070/049],,https://dopa-game.jp/pokemon/dp/10312082,,,,10312082,28526,DOPA
175/S-P,セレビィV,P,https://minnano-toreka.com/wp-content/uploads/2026/08/175-S-P_minnanotoreca-10240157.webp,セレビィV（P）[175/S-P],,https://dopa-game.jp/pokemon/dp/10240157,,,,10240157,28527,DOPA
{131} [SVPEN],キングドラex(SAR仕様/英語版),P,https://minnano-toreka.com/wp-content/uploads/2026/08/131-SVPEN_minnanotoreca-10346945.webp,キングドラex(SAR仕様/英語版)（P）[{131} [SVPEN]],,https://dopa-game.jp/pokemon/dp/10346945,,,,10346945,28528,DOPA
-,デッキシールド『海外/Amie Substitute(みがわり)※』65枚入り,-,https://minnano-toreka.com/wp-content/uploads/2026/08/none_minnanotoreca-10342133.webp,デッキシールド『海外/Amie Substitute(みがわり)※』65枚入り（-）[-],,https://dopa-game.jp/pokemon/dp/10342133,,,,10342133,28529,DOPA
079/070,(PSA10) コルニの気合い,SR,https://minnano-toreka.com/wp-content/uploads/2026/08/079-070_minnanotoreca-10348043.webp,(PSA10) コルニの気合い（SR）[079/070],,https://dopa-game.jp/pokemon/dp/10348043,,,,10348043,28530,DOPA
071/069,リーフィアV(SA),SR,https://minnano-toreka.com/wp-content/uploads/2026/08/071-069_minnanotoreca-10239879.webp,リーフィアV(SA)（SR）[071/069],,https://dopa-game.jp/pokemon/dp/10239879,,,,10239879,28531,DOPA
228/XY-P,ルギア,P,https://minnano-toreka.com/wp-content/uploads/2026/08/228-XY-P_minnanotoreca-10347239.webp,ルギア（P）[228/XY-P],,https://dopa-game.jp/pokemon/dp/10347239,,,,10347239,28532,DOPA
{100/095} [sm8],ルギアGX,SR,https://minnano-toreka.com/wp-content/uploads/2026/08/100-095-sm8_minnanotoreca-10343276.webp,ルギアGX（SR）[{100/095} [sm8]],,https://dopa-game.jp/pokemon/dp/10343276,,,,10343276,28533,DOPA
083/067,スターミーV,CSR,https://minnano-toreka.com/wp-content/uploads/2026/08/083-067_minnanotoreca-10241015.webp,スターミーV（CSR）[083/067],,https://dopa-game.jp/pokemon/dp/10241015,,,,10241015,28534,DOPA
-,スノーハザード&クレイバースト ポケモンセンター・ジムセット,BOX,https://minnano-toreka.com/wp-content/uploads/2026/08/none_minnanotoreca-10346690.webp,スノーハザード&クレイバースト ポケモンセンター・ジムセット（BOX）[-],,https://dopa-game.jp/pokemon/dp/10346690,,,,10346690,28535,DOPA
024/025,MレックウザEX,P,https://minnano-toreka.com/wp-content/uploads/2026/08/024-025_minnanotoreca-10240579.webp,MレックウザEX（P）[024/025],,https://dopa-game.jp/pokemon/dp/10240579,,,,10240579,28536,DOPA
393/SM-P,ピカチュウGX(封筒付き),P,https://minnano-toreka.com/wp-content/uploads/2026/08/393-SM-P_minnanotoreca-10240088.webp,ピカチュウGX(封筒付き)（P）[393/SM-P],,https://dopa-game.jp/pokemon/dp/10240088,,,,10240088,28537,DOPA
080/070,カトレア,SR,https://minnano-toreka.com/wp-content/uploads/2026/08/080-070_minnanotoreca-10312412.webp,カトレア（SR）[080/070],,https://dopa-game.jp/pokemon/dp/10312412,,,,10312412,28538,DOPA
{181/173} [sm12a],ブラッキー＆ダークライGX,SR,https://minnano-toreka.com/wp-content/uploads/2026/08/181-173-sm12a_minnanotoreca-10346823.webp,ブラッキー＆ダークライGX（SR）[{181/173} [sm12a]],,https://dopa-game.jp/pokemon/dp/10346823,,,,10346823,28539,DOPA
124/098,ロケット団のファイヤーex,SAR,https://minnano-toreka.com/wp-content/uploads/2026/08/124-098_minnanotoreca-10332046.webp,ロケット団のファイヤーex（SAR）[124/098],,https://dopa-game.jp/pokemon/dp/10332046,,,,10332046,28540,DOPA
{115/095} [sm9],イーブイ＆カビゴンGX,HR,https://minnano-toreka.com/wp-content/uploads/2026/08/115-095-sm9_minnanotoreca-10341433.webp,イーブイ＆カビゴンGX（HR）[{115/095} [sm9]],,https://dopa-game.jp/pokemon/dp/10341433,,,,10341433,28541,DOPA
038/095,ゲンガー＆ミミッキュGX,RR,https://minnano-toreka.com/wp-content/uploads/2026/08/038-095_minnanotoreca-10241737.webp,ゲンガー＆ミミッキュGX（RR）[038/095],,https://dopa-game.jp/pokemon/dp/10241737,,,,10241737,28542,DOPA
348/190,サーナイトex,SAR,https://minnano-toreka.com/wp-content/uploads/2026/08/348-190_minnanotoreca-10239561.webp,サーナイトex（SAR）[348/190],,https://dopa-game.jp/pokemon/dp/10239561,,,,10239561,28543,DOPA
{101/095} [sm10],マーシャドー＆カイリキーGX(SA),SR,https://minnano-toreka.com/wp-content/uploads/2026/08/101-095-sm10_minnanotoreca-10346825.webp,マーシャドー＆カイリキーGX(SA)（SR）[{101/095} [sm10]],,https://dopa-game.jp/pokemon/dp/10346825,,,,10346825,28544,DOPA
136/106,ピカチュウex,UR,https://minnano-toreka.com/wp-content/uploads/2026/08/136-106_minnanotoreca-10312481.webp,ピカチュウex（UR）[136/106],,https://dopa-game.jp/pokemon/dp/10312481,,,,10312481,28545,DOPA
056/054,サーナイトEX,SR,https://minnano-toreka.com/wp-content/uploads/2026/08/056-054_minnanotoreca-10239995.webp,サーナイトEX（SR）[056/054],,https://dopa-game.jp/pokemon/dp/10239995,,,,10239995,28546,DOPA
-,デッキシールド『チャンピオンズリーグ2022(黒)』60枚入り,-,https://minnano-toreka.com/wp-content/uploads/2026/08/none_minnanotoreca-10289457.webp,デッキシールド『チャンピオンズリーグ2022(黒)』60枚入り（-）[-],,https://dopa-game.jp/pokemon/dp/10289457,,,,10289457,28547,DOPA
082/078,ラティオスEX,SR,https://minnano-toreka.com/wp-content/uploads/2026/08/082-078_minnanotoreca-10312446.webp,ラティオスEX（SR）[082/078],,https://dopa-game.jp/pokemon/dp/10312446,,,,10312446,28548,DOPA
-,デッキシールド『チャンピオンズリーグ限定デッキシールド赤(予選ラウンド成績32位以上)』60枚入り,-,https://minnano-toreka.com/wp-content/uploads/2026/08/none_minnanotoreca-10289456.webp,デッキシールド『チャンピオンズリーグ限定デッキシールド赤(予選ラウンド成績32位以上)』60枚入り（-）[-],,https://dopa-game.jp/pokemon/dp/10289456,,,,10289456,28549,DOPA
084/078,サザンドラEX,SR,https://minnano-toreka.com/wp-content/uploads/2026/08/084-078_minnanotoreca-10312447.webp,サザンドラEX（SR）[084/078],,https://dopa-game.jp/pokemon/dp/10312447,,,,10312447,28550,DOPA
058/052,ミカン,SR,https://minnano-toreka.com/wp-content/uploads/2026/08/058-052_minnanotoreca-10331886.webp,ミカン（SR）[058/052],,https://dopa-game.jp/pokemon/dp/10331886,,,,10331886,28551,DOPA
010/025,ひかるコイキング(25th),P,https://minnano-toreka.com/wp-content/uploads/2026/08/010-025_minnanotoreca-10329757.webp,ひかるコイキング(25th)（P）[010/025],,https://dopa-game.jp/pokemon/dp/10329757,,,,10329757,28552,DOPA
059/050,ルカリオGX,HR,https://minnano-toreka.com/wp-content/uploads/2026/08/059-050_minnanotoreca-10347238.webp,ルカリオGX（HR）[059/050],,https://dopa-game.jp/pokemon/dp/10347238,,,,10347238,28553,DOPA
110 / SV-P,おいわいファンファーレ(2023),SV-P,https://minnano-toreka.com/wp-content/uploads/2026/08/110-SV-P_minnanotoreca-10347078.webp,おいわいファンファーレ(2023)（SV-P）[110 / SV-P],,https://dopa-game.jp/pokemon/dp/10347078,,,,10347078,28554,DOPA
260/SV-P,トウホクのピカチュウ(未開封),P,https://minnano-toreka.com/wp-content/uploads/2026/08/260-SV-P_minnanotoreca-10336786.webp,トウホクのピカチュウ(未開封)（P）[260/SV-P],,https://dopa-game.jp/pokemon/dp/10336786,,,,10336786,28555,DOPA
210/S-P,(PSA10)レックウザV(RR仕様),P,https://minnano-toreka.com/wp-content/uploads/2026/08/210-S-P_minnanotoreca-10347592.webp,(PSA10)レックウザV(RR仕様)（P）[210/S-P],,https://dopa-game.jp/pokemon/dp/10347592,,,,10347592,28556,DOPA
{405/SM-P} [その他],ミュウツー,-,https://minnano-toreka.com/wp-content/uploads/2026/08/405-SM-P_minnanotoreca-10346826.webp,ミュウツー（-）[{405/SM-P} [その他]],,https://dopa-game.jp/pokemon/dp/10346826,,,,10346826,28557,DOPA
0915/15,ニンフィア(中国語版),AR,https://minnano-toreka.com/wp-content/uploads/2026/08/0915-15_minnanotoreca-10336140.webp,ニンフィア(中国語版)（AR）[0915/15],,https://dopa-game.jp/pokemon/dp/10336140,,,,10336140,28558,DOPA
{005/032} [CP3],リザードン,U,https://minnano-toreka.com/wp-content/uploads/2026/08/005-032-CP3_minnanotoreca-10346837.webp,リザードン（U）[{005/032} [CP3]],,https://dopa-game.jp/pokemon/dp/10346837,,,,10346837,28559,DOPA
053/052,シェイミEX,SR,https://minnano-toreka.com/wp-content/uploads/2026/08/053-052_minnanotoreca-10338249.webp,シェイミEX（SR）[053/052],,https://dopa-game.jp/pokemon/dp/10338249,,,,10338249,28560,DOPA
-,デッキシールド『レックウザポンチョを着たピカチュウ』62枚入り【サプライ】{-} [サプライ],-,https://minnano-toreka.com/wp-content/uploads/2026/08/none_minnanotoreca-10346464.webp,デッキシールド『レックウザポンチョを着たピカチュウ』62枚入り【サプライ】{-} [サプライ]（-）[-],,https://dopa-game.jp/pokemon/dp/10346464,,,,10346464,28561,DOPA
247/SM-P,イーブイ(未開封),P,https://minnano-toreka.com/wp-content/uploads/2026/08/247-SM-P_minnanotoreca-10297373.webp,イーブイ(未開封)（P）[247/SM-P],,https://dopa-game.jp/pokemon/dp/10297373,,,,10297373,28562,DOPA
159/150,ルスワール,SR,https://minnano-toreka.com/wp-content/uploads/2026/08/159-150_minnanotoreca-10240224.webp,ルスワール（SR）[159/150],,https://dopa-game.jp/pokemon/dp/10240224,,,,10240224,28563,DOPA
107/095,マオ&スイレン,SR,https://minnano-toreka.com/wp-content/uploads/2026/08/107-095_minnanotoreca-10240083.webp,マオ&スイレン（SR）[107/095],,https://dopa-game.jp/pokemon/dp/10240083,,,,10240083,28564,DOPA
407/SM-P,漫才ごっこピカチュウ,P,https://minnano-toreka.com/wp-content/uploads/2026/08/407-SM-P_minnanotoreca-10239901.webp,漫才ごっこピカチュウ（P）[407/SM-P],,https://dopa-game.jp/pokemon/dp/10239901,,,,10239901,28565,DOPA
002/S-P,シブヤのピカチュウ,P,https://minnano-toreka.com/wp-content/uploads/2026/08/002-S-P_minnanotoreca-10239769.webp,シブヤのピカチュウ（P）[002/S-P],,https://dopa-game.jp/pokemon/dp/10239769,,,,10239769,28566,DOPA
060/059,セレビィEX,SR,https://minnano-toreka.com/wp-content/uploads/2026/08/060-059_minnanotoreca-10312448.webp,セレビィEX（SR）[060/059],,https://dopa-game.jp/pokemon/dp/10312448,,,,10312448,28567,DOPA
081/068,セレナ,SR,https://minnano-toreka.com/wp-content/uploads/2026/08/081-068_minnanotoreca-10238527.webp,セレナ（SR）[081/068],,https://dopa-game.jp/pokemon/dp/10238527,,,,10238527,28568,DOPA
202/165,カメックスex,SAR,https://minnano-toreka.com/wp-content/uploads/2026/08/202-165_minnanotoreca-10330067.webp,カメックスex（SAR）[202/165],,https://dopa-game.jp/pokemon/dp/10330067,,,,10330067,28569,DOPA
100/095,ピカチュウ＆ゼクロムgx,SR,https://minnano-toreka.com/wp-content/uploads/2026/08/100-095_minnanotoreca-10239763.webp,ピカチュウ＆ゼクロムgx（SR）[100/095],,https://dopa-game.jp/pokemon/dp/10239763,,,,10239763,28570,DOPA
125/100,ナンジャモのハラバリーex,SAR,https://minnano-toreka.com/wp-content/uploads/2026/08/125-100_minnanotoreca-10315560.webp,ナンジャモのハラバリーex（SAR）[125/100],,https://dopa-game.jp/pokemon/dp/10315560,,,,10315560,28571,DOPA
067/060,ラプラスGX,HR,https://minnano-toreka.com/wp-content/uploads/2026/08/067-060_minnanotoreca-10338117.webp,ラプラスGX（HR）[067/060],,https://dopa-game.jp/pokemon/dp/10338117,,,,10338117,28572,DOPA
{059/054} [SM9b],ルカリオ＆メルメタルGX(SA),SR,https://minnano-toreka.com/wp-content/uploads/2026/08/059-054-SM9b_minnanotoreca-10344837.webp,ルカリオ＆メルメタルGX(SA)（SR）[{059/054} [SM9b]],,https://dopa-game.jp/pokemon/dp/10344837,,,,10344837,28573,DOPA
060/050,ディアルガGX,HR,https://minnano-toreka.com/wp-content/uploads/2026/08/060-050_minnanotoreca-10338674.webp,ディアルガGX（HR）[060/050],,https://dopa-game.jp/pokemon/dp/10338674,,,,10338674,28574,DOPA
005/083,(PSA10)ラフレシアex,-,https://minnano-toreka.com/wp-content/uploads/2026/08/005-083_minnanotoreca-10347588.webp,(PSA10)ラフレシアex（-）[005/083],,https://dopa-game.jp/pokemon/dp/10347588,,,,10347588,28575,DOPA
-,プレイマット『WCS2024ホノルル(ピカチュウ&ゴンベ)※』,-,https://minnano-toreka.com/wp-content/uploads/2026/08/none_minnanotoreca-10347432.webp,プレイマット『WCS2024ホノルル(ピカチュウ&ゴンベ)※』（-）[-],,https://dopa-game.jp/pokemon/dp/10347432,,,,10347432,28576,DOPA
{085/081} [XY],デンリュウEX,SR,https://minnano-toreka.com/wp-content/uploads/2026/08/085-081-XY_minnanotoreca-10342067.webp,デンリュウEX（SR）[{085/081} [XY]],,https://dopa-game.jp/pokemon/dp/10342067,,,,10342067,28577,DOPA
072/066,マーズ,SR,https://minnano-toreka.com/wp-content/uploads/2026/08/072-066_minnanotoreca-10331885.webp,マーズ（SR）[072/066],,https://dopa-game.jp/pokemon/dp/10331885,,,,10331885,28578,DOPA
292/XY-P,そらをとぶピカチュウ,P,https://minnano-toreka.com/wp-content/uploads/2026/08/292-XY-P_minnanotoreca-10298038.webp,そらをとぶピカチュウ（P）[292/XY-P],,https://dopa-game.jp/pokemon/dp/10298038,,,,10298038,28579,DOPA
073/066,リーフィアGX,HR,https://minnano-toreka.com/wp-content/uploads/2026/08/073-066_minnanotoreca-10347290.webp,リーフィアGX（HR）[073/066],,https://dopa-game.jp/pokemon/dp/10347290,,,,10347290,28580,DOPA
{006/012} [その他],ミュウツーLV.X,-,https://minnano-toreka.com/wp-content/uploads/2026/08/006-012_minnanotoreca-10341434.webp,ミュウツーLV.X（-）[{006/012} [その他]],,https://dopa-game.jp/pokemon/dp/10341434,,,,10341434,28581,DOPA
-,プレイマット『はんなりお茶会ごっこ』,-,https://minnano-toreka.com/wp-content/uploads/2026/08/none_minnanotoreca-10347110.webp,プレイマット『はんなりお茶会ごっこ』（-）[-],,https://dopa-game.jp/pokemon/dp/10347110,,,,10347110,28582,DOPA
307/190,リザードンV,SSR,https://minnano-toreka.com/wp-content/uploads/2026/08/307-190_minnanotoreca-10240203.webp,リザードンV（SSR）[307/190],,https://dopa-game.jp/pokemon/dp/10240203,,,,10240203,28583,DOPA
{024/036} [CP5],ダークライ,-,https://minnano-toreka.com/wp-content/uploads/2026/08/024-036-CP5_minnanotoreca-10346816.webp,ダークライ（-）[{024/036} [CP5]],,https://dopa-game.jp/pokemon/dp/10346816,,,,10346816,28584,DOPA
174 / SV-P,おいわいファンファーレ(2024),SV-P,https://minnano-toreka.com/wp-content/uploads/2026/08/174-SV-P_minnanotoreca-10347077.webp,おいわいファンファーレ(2024)（SV-P）[174 / SV-P],,https://dopa-game.jp/pokemon/dp/10347077,,,,10347077,28585,DOPA
365/SM-P,(未開封)アーマードミュウツー,P,https://minnano-toreka.com/wp-content/uploads/2026/08/365-SM-P_minnanotoreca-10329572.webp,(未開封)アーマードミュウツー（P）[365/SM-P],,https://dopa-game.jp/pokemon/dp/10329572,,,,10329572,28586,DOPA
{063/060} [XY],イベルタルEX,SR,https://minnano-toreka.com/wp-content/uploads/2026/08/063-060-XY_minnanotoreca-10342031.webp,イベルタルEX（SR）[{063/060} [XY]],,https://dopa-game.jp/pokemon/dp/10342031,,,,10342031,28587,DOPA
-,デッキシールドルイージピカチュウ(スペシャルBOX)64枚入り,-,https://minnano-toreka.com/wp-content/uploads/2026/08/none_minnanotoreca-10288749.webp,デッキシールドルイージピカチュウ(スペシャルBOX)64枚入り（-）[-],,https://dopa-game.jp/pokemon/dp/10288749,,,,10288749,28588,DOPA
306 / S-P,おいわいファンファーレ(2022),S-P,https://minnano-toreka.com/wp-content/uploads/2026/08/306-S-P_minnanotoreca-10347080.webp,おいわいファンファーレ(2022)（S-P）[306 / S-P],,https://dopa-game.jp/pokemon/dp/10347080,,,,10347080,28589,DOPA
219/150,ミュウツーGX,SSR,https://minnano-toreka.com/wp-content/uploads/2026/08/219-150_minnanotoreca-10330859.webp,ミュウツーGX（SSR）[219/150],,https://dopa-game.jp/pokemon/dp/10330859,,,,10330859,28590,DOPA
101/095,アカネ,SR,https://minnano-toreka.com/wp-content/uploads/2026/08/101-095_minnanotoreca-10305879.webp,アカネ（SR）[101/095],,https://dopa-game.jp/pokemon/dp/10305879,,,,10305879,28591,DOPA
-,デッキシールド『WCS2023(ピカチュウ/選手限定)※』,-,https://minnano-toreka.com/wp-content/uploads/2026/08/none_minnanotoreca-10285320.webp,デッキシールド『WCS2023(ピカチュウ/選手限定)※』（-）[-],,https://dopa-game.jp/pokemon/dp/10285320,,,,10285320,28592,DOPA
-,デッキシールド『サーナイト(拡張パック「ガイアボルケーノ」「タイダルストーム」BOX購入キャンペーン)※』32枚入り,-,https://minnano-toreka.com/wp-content/uploads/2026/08/none_minnanotoreca-10344618.webp,デッキシールド『サーナイト(拡張パック「ガイアボルケーノ」「タイダルストーム」BOX購入キャンペーン)※』32枚入り（-）[-],,https://dopa-game.jp/pokemon/dp/10344618,,,,10344618,28593,DOPA
056/054,モクロー＆アローラナッシーGX(SA),SR,https://minnano-toreka.com/wp-content/uploads/2026/08/056-054_minnanotoreca-10344839.webp,モクロー＆アローラナッシーGX(SA)（SR）[056/054],,https://dopa-game.jp/pokemon/dp/10344839,,,,10344839,28594,DOPA
222/184,ピカチュウV,CSR,https://minnano-toreka.com/wp-content/uploads/2026/08/222-184_minnanotoreca-10336139.webp,ピカチュウV（CSR）[222/184],,https://dopa-game.jp/pokemon/dp/10336139,,,,10336139,28595,DOPA
No.153,(PSA10)ベイリーフLV.33 (旧裏),-,https://minnano-toreka.com/wp-content/uploads/2026/08/No-153_minnanotoreca-10347598.webp,(PSA10)ベイリーフLV.33 (旧裏)（-）[No.153],,https://dopa-game.jp/pokemon/dp/10347598,,,,10347598,28596,DOPA
252/184,レックウザVMAX,CSR,https://minnano-toreka.com/wp-content/uploads/2026/08/252-184_minnanotoreca-10238931.webp,レックウザVMAX（CSR）[252/184],,https://dopa-game.jp/pokemon/dp/10238931,,,,10238931,28597,DOPA
177/171,ジガルデEX(SR仕様),-,https://minnano-toreka.com/wp-content/uploads/2026/08/177-171_minnanotoreca-10345272.webp,ジガルデEX(SR仕様)（-）[177/171],,https://dopa-game.jp/pokemon/dp/10345272,,,,10345272,28598,DOPA
060/053,レシラムGX,HR,https://minnano-toreka.com/wp-content/uploads/2026/08/060-053_minnanotoreca-10347284.webp,レシラムGX（HR）[060/053],,https://dopa-game.jp/pokemon/dp/10347284,,,,10347284,28599,DOPA
033 / M-P,おいわいファンファーレ(2025),M-P,https://minnano-toreka.com/wp-content/uploads/2026/08/033-M-P_minnanotoreca-10347079.webp,おいわいファンファーレ(2025)（M-P）[033 / M-P],,https://dopa-game.jp/pokemon/dp/10347079,,,,10347079,28600,DOPA
{103/094} [sm6],ゲッコウガGX,HR,https://minnano-toreka.com/wp-content/uploads/2026/08/103-094-sm6_minnanotoreca-10343275.webp,ゲッコウガGX（HR）[{103/094} [sm6]],,https://dopa-game.jp/pokemon/dp/10343275,,,,10343275,28601,DOPA
-,デッキシールド『メガリザードンYのポンチョを着たピカチュウ(スペシャルBOX)』62枚入り,-,https://minnano-toreka.com/wp-content/uploads/2026/08/none_minnanotoreca-10292119.webp,デッキシールド『メガリザードンYのポンチョを着たピカチュウ(スペシャルBOX)』62枚入り（-）[-],,https://dopa-game.jp/pokemon/dp/10292119,,,,10292119,28602,DOPA
264/XY-P,なみのりピカチュウ,P,https://minnano-toreka.com/wp-content/uploads/2026/08/264-XY-P_minnanotoreca-10241693.webp,なみのりピカチュウ（P）[264/XY-P],,https://dopa-game.jp/pokemon/dp/10241693,,,,10241693,28603,DOPA
112/096,ボスの指令/サカキ,HR,https://minnano-toreka.com/wp-content/uploads/2026/08/112-096_minnanotoreca-10238860.webp,ボスの指令/サカキ（HR）[112/096],,https://dopa-game.jp/pokemon/dp/10238860,,,,10238860,28604,DOPA
-,デッキシールド『マリオピカチュウ(スペシャルBOX)』64枚入り,-,https://minnano-toreka.com/wp-content/uploads/2026/08/none_minnanotoreca-10284430.webp,デッキシールド『マリオピカチュウ(スペシャルBOX)』64枚入り（-）[-],,https://dopa-game.jp/pokemon/dp/10284430,,,,10284430,28605,DOPA
{032/S-P},モルペコ,P,https://minnano-toreka.com/wp-content/uploads/2026/08/032-S-P_minnanotoreca-10346824.webp,モルペコ（P）[{032/S-P}],,https://dopa-game.jp/pokemon/dp/10346824,,,,10346824,28606,DOPA
077/067,サナ,SR,https://minnano-toreka.com/wp-content/uploads/2026/08/077-067_minnanotoreca-10334686.webp,サナ（SR）[077/067],,https://dopa-game.jp/pokemon/dp/10334686,,,,10334686,28607,DOPA
{097/096} [XY],ヘラクロスEX,SR,https://minnano-toreka.com/wp-content/uploads/2026/08/097-096-XY_minnanotoreca-10346831.webp,ヘラクロスEX（SR）[{097/096} [XY]],,https://dopa-game.jp/pokemon/dp/10346831,,,,10346831,28608,DOPA
175/173,デデンネGX,SR,https://minnano-toreka.com/wp-content/uploads/2026/08/175-173_minnanotoreca-10239052.webp,デデンネGX（SR）[175/173],,https://dopa-game.jp/pokemon/dp/10239052,,,,10239052,28609,DOPA
082/070,クララ,SR,https://minnano-toreka.com/wp-content/uploads/2026/08/082-070_minnanotoreca-10238526.webp,クララ（SR）[082/070],,https://dopa-game.jp/pokemon/dp/10238526,,,,10238526,28610,DOPA
002/027,レシラム,R,https://minnano-toreka.com/wp-content/uploads/2026/08/002-027_minnanotoreca-10305944.webp,レシラム（R）[002/027],,https://dopa-game.jp/pokemon/dp/10305944,,,,10305944,28611,DOPA
225/173,ガブリアス＆ギラティナGX,UR,https://minnano-toreka.com/wp-content/uploads/2026/08/225-173_minnanotoreca-10239566.webp,ガブリアス＆ギラティナGX（UR）[225/173],,https://dopa-game.jp/pokemon/dp/10239566,,,,10239566,28612,DOPA
059 / S-P,イエッサンV,S-P,https://minnano-toreka.com/wp-content/uploads/2026/08/059-S-P_minnanotoreca-10347076.webp,イエッサンV（S-P）[059 / S-P],,https://dopa-game.jp/pokemon/dp/10347076,,,,10347076,28613,DOPA
206/150,リーフィアGX,SSR,https://minnano-toreka.com/wp-content/uploads/2026/08/206-150_minnanotoreca-10347288.webp,リーフィアGX（SSR）[206/150],,https://dopa-game.jp/pokemon/dp/10347288,,,,10347288,28614,DOPA
322/S-P,ルギアV(RR仕様),P,https://minnano-toreka.com/wp-content/uploads/2026/08/322-S-P_minnanotoreca-10347241.webp,ルギアV(RR仕様)（P）[322/S-P],,https://dopa-game.jp/pokemon/dp/10347241,,,,10347241,28615,DOPA
179/SM-P,ピカチュウ 179/SM-P,P,https://minnano-toreka.com/wp-content/uploads/2026/08/179-SM-P_minnanotoreca-10302225.webp,ピカチュウ 179/SM-P（P）[179/SM-P],,https://dopa-game.jp/pokemon/dp/10302225,,,,10302225,28616,DOPA
019/027,ラティオス,R,https://minnano-toreka.com/wp-content/uploads/2026/08/019-027_minnanotoreca-10240206.webp,ラティオス（R）[019/027],,https://dopa-game.jp/pokemon/dp/10240206,,,,10240206,28617,DOPA
115/BW-P,ブラッキー(未開封)【P】,P,https://minnano-toreka.com/wp-content/uploads/2026/08/115-BW-P_minnanotoreca-10329578.webp,ブラッキー(未開封)【P】（P）[115/BW-P],,https://dopa-game.jp/pokemon/dp/10329578,,,,10329578,28618,DOPA
072/060,ロトム図鑑,UR,https://minnano-toreka.com/wp-content/uploads/2026/08/072-060_minnanotoreca-10239716.webp,ロトム図鑑（UR）[072/060],,https://dopa-game.jp/pokemon/dp/10239716,,,,10239716,28619,DOPA
049/SV-P,コライドン(AR仕様),P,https://minnano-toreka.com/wp-content/uploads/2026/08/049-SV-P_minnanotoreca-10283174.webp,コライドン(AR仕様)（P）[049/SV-P],,https://dopa-game.jp/pokemon/dp/10283174,,,,10283174,28620,DOPA
004/036,シェイミ,-,https://minnano-toreka.com/wp-content/uploads/2026/08/004-036_minnanotoreca-10240441.webp,シェイミ（-）[004/036],,https://dopa-game.jp/pokemon/dp/10240441,,,,10240441,28621,DOPA
{012/023} [XY],ゼルネアスEX(SR仕様),-,https://minnano-toreka.com/wp-content/uploads/2026/08/012-023-XY_minnanotoreca-10346818.webp,ゼルネアスEX(SR仕様)（-）[{012/023} [XY]],,https://dopa-game.jp/pokemon/dp/10346818,,,,10346818,28622,DOPA
069/SV-P,グレイシア(YU NAGABA),P,https://minnano-toreka.com/wp-content/uploads/2026/08/069-SV-P_minnanotoreca-10326277.webp,グレイシア(YU NAGABA)（P）[069/SV-P],,https://dopa-game.jp/pokemon/dp/10326277,,,,10326277,28623,DOPA
-,デッキシールド『SECRET TEAMS R』64枚入り,-,https://minnano-toreka.com/wp-content/uploads/2026/08/none_minnanotoreca-10344619.webp,デッキシールド『SECRET TEAMS R』64枚入り（-）[-],,https://dopa-game.jp/pokemon/dp/10344619,,,,10344619,28624,DOPA
033 / S-P,バチンウニV,S-P,https://minnano-toreka.com/wp-content/uploads/2026/08/033-S-P_minnanotoreca-10347081.webp,バチンウニV（S-P）[033 / S-P],,https://dopa-game.jp/pokemon/dp/10347081,,,,10347081,28625,DOPA
064/SV-P,サンダース(YU NAGABA),P,https://minnano-toreka.com/wp-content/uploads/2026/08/064-SV-P_minnanotoreca-10240147.webp,サンダース(YU NAGABA)（P）[064/SV-P],,https://dopa-game.jp/pokemon/dp/10240147,,,,10240147,28626,DOPA
{0407/07},カラカラ(中国語版),-,https://minnano-toreka.com/wp-content/uploads/2026/08/0407-07_minnanotoreca-10347453.webp,カラカラ(中国語版)（-）[{0407/07}],,https://dopa-game.jp/pokemon/dp/10347453,,,,10347453,28627,DOPA
062/SV-P,イーブイ(YU NAGABA),P,https://minnano-toreka.com/wp-content/uploads/2026/08/062-SV-P_minnanotoreca-10334483.webp,イーブイ(YU NAGABA)（P）[062/SV-P],,https://dopa-game.jp/pokemon/dp/10334483,,,,10334483,28628,DOPA
{106/100} [S11],プテラV(SA),SR,https://minnano-toreka.com/wp-content/uploads/2026/08/106-100-S11_minnanotoreca-10346829.webp,プテラV(SA)（SR）[{106/100} [S11]],,https://dopa-game.jp/pokemon/dp/10346829,,,,10346829,28629,DOPA
{066/054} [sm10b],ファイヤー＆サンダー＆フリーザーGX,HR,https://minnano-toreka.com/wp-content/uploads/2026/08/066-054-sm10b_minnanotoreca-10341435.webp,ファイヤー＆サンダー＆フリーザーGX（HR）[{066/054} [sm10b]],,https://dopa-game.jp/pokemon/dp/10341435,,,,10341435,28630,DOPA
-,デッキシールドWCS2016(サンフランシスコ)65枚入り,-,https://minnano-toreka.com/wp-content/uploads/2026/08/none_minnanotoreca-10288748.webp,デッキシールドWCS2016(サンフランシスコ)65枚入り（-）[-],,https://dopa-game.jp/pokemon/dp/10288748,,,,10288748,28631,DOPA
{194/XY-P} [XY],シャワーズEX,P,https://minnano-toreka.com/wp-content/uploads/2026/08/194-XY-P-XY_minnanotoreca-10346822.webp,シャワーズEX（P）[{194/XY-P} [XY]],,https://dopa-game.jp/pokemon/dp/10346822,,,,10346822,28632,DOPA
-,デッキシールド『イーブイポンチョシリーズNP』64枚入り,-,https://minnano-toreka.com/wp-content/uploads/2026/08/none_minnanotoreca-10344620.webp,デッキシールド『イーブイポンチョシリーズNP』64枚入り（-）[-],,https://dopa-game.jp/pokemon/dp/10344620,,,,10344620,28633,DOPA
066/SV-P,エーフィ(YU NAGABA),P,https://minnano-toreka.com/wp-content/uploads/2026/08/066-SV-P_minnanotoreca-10313237.webp,エーフィ(YU NAGABA)（P）[066/SV-P],,https://dopa-game.jp/pokemon/dp/10313237,,,,10313237,28634,DOPA
052/049,ポッチャマ,CHR,https://minnano-toreka.com/wp-content/uploads/2026/08/052-049_minnanotoreca-10238711.webp,ポッチャマ（CHR）[052/049],,https://dopa-game.jp/pokemon/dp/10238711,,,,10238711,28635,DOPA
065/SV-P,ブースター(YU NAGABA),P,https://minnano-toreka.com/wp-content/uploads/2026/08/065-SV-P_minnanotoreca-10240138.webp,ブースター(YU NAGABA)（P）[065/SV-P],,https://dopa-game.jp/pokemon/dp/10240138,,,,10240138,28636,DOPA
068/SV-P,リーフィア(YU NAGABA),P,https://minnano-toreka.com/wp-content/uploads/2026/08/068-SV-P_minnanotoreca-10240135.webp,リーフィア(YU NAGABA)（P）[068/SV-P],,https://dopa-game.jp/pokemon/dp/10240135,,,,10240135,28637,DOPA
297/SM-P,イーブイ＆カビゴンGX,P,https://minnano-toreka.com/wp-content/uploads/2026/08/297-SM-P_minnanotoreca-10239595.webp,イーブイ＆カビゴンGX（P）[297/SM-P],,https://dopa-game.jp/pokemon/dp/10239595,,,,10239595,28638,DOPA
-,ソード＆シールドミステリーボックス【未開封BOX】,BOX,https://minnano-toreka.com/wp-content/uploads/2026/08/none_minnanotoreca-10347069.webp,ソード＆シールドミステリーボックス【未開封BOX】（BOX）[-],,https://dopa-game.jp/pokemon/dp/10347069,,,,10347069,28639,DOPA
204/165,サンダーex,SAR,https://minnano-toreka.com/wp-content/uploads/2026/08/204-165_minnanotoreca-10239743.webp,サンダーex（SAR）[204/165],,https://dopa-game.jp/pokemon/dp/10239743,,,,10239743,28640,DOPA
-,デッキシールドプレミアム・グロス『シャンデラ』64枚入り,-,https://minnano-toreka.com/wp-content/uploads/2026/08/none_minnanotoreca-10344624.webp,デッキシールドプレミアム・グロス『シャンデラ』64枚入り（-）[-],,https://dopa-game.jp/pokemon/dp/10344624,,,,10344624,28641,DOPA
367/SM-P,ピカチュウ,P,https://minnano-toreka.com/wp-content/uploads/2026/08/367-SM-P_minnanotoreca-10339817.webp,ピカチュウ（P）[367/SM-P],,https://dopa-game.jp/pokemon/dp/10339817,,,,10339817,28642,DOPA
279/184,ピカチュウVMAX,UR,https://minnano-toreka.com/wp-content/uploads/2026/08/279-184_minnanotoreca-10240259.webp,ピカチュウVMAX（UR）[279/184],,https://dopa-game.jp/pokemon/dp/10240259,,,,10240259,28643,DOPA
{095/094} [sm11],ヤドン＆コダックGX,SR,https://minnano-toreka.com/wp-content/uploads/2026/08/095-094-sm11_minnanotoreca-10341888.webp,ヤドン＆コダックGX（SR）[{095/094} [sm11]],,https://dopa-game.jp/pokemon/dp/10341888,,,,10341888,28644,DOPA
{017/027} [CP2],ディアルガ,R,https://minnano-toreka.com/wp-content/uploads/2026/08/017-027-CP2_minnanotoreca-10345971.webp,ディアルガ（R）[{017/027} [CP2]],,https://dopa-game.jp/pokemon/dp/10345971,,,,10345971,28645,DOPA
-,デッキケース『レックウザポンチョを着たピカチュウ』,-,https://minnano-toreka.com/wp-content/uploads/2026/08/none_minnanotoreca-10346465.webp,デッキケース『レックウザポンチョを着たピカチュウ』（-）[-],,https://dopa-game.jp/pokemon/dp/10346465,,,,10346465,28646,DOPA
097/094,ミュウツー＆ミュウGX,SR,https://minnano-toreka.com/wp-content/uploads/2026/08/097-094_minnanotoreca-10239747.webp,ミュウツー＆ミュウGX（SR）[097/094],,https://dopa-game.jp/pokemon/dp/10239747,,,,10239747,28647,DOPA
131/106,ミロカロスex,SAR,https://minnano-toreka.com/wp-content/uploads/2026/08/131-106_minnanotoreca-10315551.webp,ミロカロスex（SAR）[131/106],,https://dopa-game.jp/pokemon/dp/10315551,,,,10315551,28648,DOPA
{074/070} [S6K],ゼラオラV(SA),SR,https://minnano-toreka.com/wp-content/uploads/2026/08/074-070-S6K_minnanotoreca-10346819.webp,ゼラオラV(SA)（SR）[{074/070} [S6K]],,https://dopa-game.jp/pokemon/dp/10346819,,,,10346819,28649,DOPA
124/102,(PSA10)タロ,SR,https://minnano-toreka.com/wp-content/uploads/2026/08/124-102_minnanotoreca-10347594.webp,(PSA10)タロ（SR）[124/102],,https://dopa-game.jp/pokemon/dp/10347594,,,,10347594,28650,DOPA
096/095,レシラム＆リザードンGX,SR,https://minnano-toreka.com/wp-content/uploads/2026/08/096-095_minnanotoreca-10239773.webp,レシラム＆リザードンGX（SR）[096/095],,https://dopa-game.jp/pokemon/dp/10239773,,,,10239773,28651,DOPA
255/184,アセロラの予感,SR,https://minnano-toreka.com/wp-content/uploads/2026/08/255-184_minnanotoreca-10326833.webp,アセロラの予感（SR）[255/184],,https://dopa-game.jp/pokemon/dp/10326833,,,,10326833,28652,DOPA
140/S-P,マリィ(未開封),P,https://minnano-toreka.com/wp-content/uploads/2026/08/140-S-P_minnanotoreca-10239539.webp,マリィ(未開封)（P）[140/S-P],,https://dopa-game.jp/pokemon/dp/10239539,,,,10239539,28653,DOPA
{003/025},カメックス(25th),P,https://minnano-toreka.com/wp-content/uploads/2026/08/003-025_minnanotoreca-10341930.webp,カメックス(25th)（P）[{003/025}],,https://dopa-game.jp/pokemon/dp/10341930,,,,10341930,28654,DOPA
063/SV-P,シャワーズ(YU NAGABA),P,https://minnano-toreka.com/wp-content/uploads/2026/08/063-SV-P_minnanotoreca-10240144.webp,シャワーズ(YU NAGABA)（P）[063/SV-P],,https://dopa-game.jp/pokemon/dp/10240144,,,,10240144,28655,DOPA
0715/15,リーフィア(中国語版),AR,https://minnano-toreka.com/wp-content/uploads/2026/08/0715-15_minnanotoreca-10333635.webp,リーフィア(中国語版)（AR）[0715/15],,https://dopa-game.jp/pokemon/dp/10333635,,,,10333635,28656,DOPA
059/054,ファイヤー＆サンダー＆フリーザーGX,SR,https://minnano-toreka.com/wp-content/uploads/2026/08/059-054_minnanotoreca-10239667.webp,ファイヤー＆サンダー＆フリーザーGX（SR）[059/054],,https://dopa-game.jp/pokemon/dp/10239667,,,,10239667,28657,DOPA
BOX,コンゴウ団スペシャルセット【未開封BOX】,BOX,https://minnano-toreka.com/wp-content/uploads/2026/08/BOX_minnanotoreca-10340790.webp,コンゴウ団スペシャルセット【未開封BOX】（BOX）[BOX],,https://dopa-game.jp/pokemon/dp/10340790,,,,10340790,28658,DOPA
054/165,コダック(マスターボールミラー),C,https://minnano-toreka.com/wp-content/uploads/2026/08/054-165_minnanotoreca-10346767.webp,コダック(マスターボールミラー)（C）[054/165],,https://dopa-game.jp/pokemon/dp/10346767,,,,10346767,28659,DOPA
074/070,エンペルトv,SR,https://minnano-toreka.com/wp-content/uploads/2026/08/074-070_minnanotoreca-10239658.webp,エンペルトv（SR）[074/070],,https://dopa-game.jp/pokemon/dp/10239658,,,,10239658,28660,DOPA
067/064,リザードン&テールナーGX,SR,https://minnano-toreka.com/wp-content/uploads/2026/08/067-064_minnanotoreca-10239751.webp,リザードン&テールナーGX（SR）[067/064],,https://dopa-game.jp/pokemon/dp/10239751,,,,10239751,28661,DOPA
276/184,ユウリ,SR,https://minnano-toreka.com/wp-content/uploads/2026/08/276-184_minnanotoreca-10305881.webp,ユウリ（SR）[276/184],,https://dopa-game.jp/pokemon/dp/10305881,,,,10305881,28662,DOPA
-,デッキシールド『イーブイポンチョシリーズBS』64枚入り,-,https://minnano-toreka.com/wp-content/uploads/2026/08/none_minnanotoreca-10342134.webp,デッキシールド『イーブイポンチョシリーズBS』64枚入り（-）[-],,https://dopa-game.jp/pokemon/dp/10342134,,,,10342134,28663,DOPA
051/087,ミュウ,R,https://minnano-toreka.com/wp-content/uploads/2026/08/051-087_minnanotoreca-10238930.webp,ミュウ（R）[051/087],,https://dopa-game.jp/pokemon/dp/10238930,,,,10238930,28664,DOPA
020/SM-P,ハウ,P,https://minnano-toreka.com/wp-content/uploads/2026/08/020-SM-P_minnanotoreca-10332043.webp,ハウ（P）[020/SM-P],,https://dopa-game.jp/pokemon/dp/10332043,,,,10332043,28665,DOPA
104/100,ピカチュウV,SR,https://minnano-toreka.com/wp-content/uploads/2026/08/104-100_minnanotoreca-10338765.webp,ピカチュウV（SR）[104/100],,https://dopa-game.jp/pokemon/dp/10338765,,,,10338765,28666,DOPA
245/184,ブラッキーVMAX,CSR,https://minnano-toreka.com/wp-content/uploads/2026/08/245-184_minnanotoreca-10239059.webp,ブラッキーVMAX（CSR）[245/184],,https://dopa-game.jp/pokemon/dp/10239059,,,,10239059,28667,DOPA
173/086,トウコ,SAR,https://minnano-toreka.com/wp-content/uploads/2026/08/173-086_minnanotoreca-10333931.webp,トウコ（SAR）[173/086],,https://dopa-game.jp/pokemon/dp/10333931,,,,10333931,28668,DOPA
130/165,ギャラドス(マスターボールミラー),R,https://minnano-toreka.com/wp-content/uploads/2026/08/130-165_minnanotoreca-10346759.webp,ギャラドス(マスターボールミラー)（R）[130/165],,https://dopa-game.jp/pokemon/dp/10346759,,,,10346759,28669,DOPA
-,デッキシールド『WCS2024ホノルル(水色枠/ピカチュウ/選手限定)※』65枚入り,-,https://minnano-toreka.com/wp-content/uploads/2026/08/none_minnanotoreca-10285323.webp,デッキシールド『WCS2024ホノルル(水色枠/ピカチュウ/選手限定)※』65枚入り（-）[-],,https://dopa-game.jp/pokemon/dp/10285323,,,,10285323,28670,DOPA
150/165,ミュウツー(マスターボールミラー),R,https://minnano-toreka.com/wp-content/uploads/2026/08/150-165_minnanotoreca-10346953.webp,ミュウツー(マスターボールミラー)（R）[150/165],,https://dopa-game.jp/pokemon/dp/10346953,,,,10346953,28671,DOPA
-,(1BOX)拡張パック『ワイルドフォース』,BOX,https://minnano-toreka.com/wp-content/uploads/2026/08/none_minnanotoreca-10346466.webp,(1BOX)拡張パック『ワイルドフォース』（BOX）[-],,https://dopa-game.jp/pokemon/dp/10346466,,,,10346466,28672,DOPA
{055/050} [sm5],ウルトラ調査隊,SR,https://minnano-toreka.com/wp-content/uploads/2026/08/055-050-sm5_minnanotoreca-10346841.webp,ウルトラ調査隊（SR）[{055/050} [sm5]],,https://dopa-game.jp/pokemon/dp/10346841,,,,10346841,28673,DOPA
0115/15,イーブイ(中国語版),AR,https://minnano-toreka.com/wp-content/uploads/2026/08/0115-15_minnanotoreca-10333634.webp,イーブイ(中国語版)（AR）[0115/15],,https://dopa-game.jp/pokemon/dp/10333634,,,,10333634,28674,DOPA
143/S-P,(PSA10)リザードン,P,https://minnano-toreka.com/wp-content/uploads/2026/08/143-S-P_minnanotoreca-10347590.webp,(PSA10)リザードン（P）[143/S-P],,https://dopa-game.jp/pokemon/dp/10347590,,,,10347590,28675,DOPA
259/172,オリジンパルキア,UR,https://minnano-toreka.com/wp-content/uploads/2026/08/259-172_minnanotoreca-10239480.webp,オリジンパルキア（UR）[259/172],,https://dopa-game.jp/pokemon/dp/10239480,,,,10239480,28676,DOPA
-,デッキシールド『WCS2023(ピカチュウ/選手限定)※』64枚入り,-,https://minnano-toreka.com/wp-content/uploads/2026/08/none_minnanotoreca-10285320.webp,デッキシールド『WCS2023(ピカチュウ/選手限定)※』64枚入り（-）[-],,https://dopa-game.jp/pokemon/dp/10342135,,,,10342135,28677,DOPA
099/073,キハダ,SAR,https://minnano-toreka.com/wp-content/uploads/2026/08/099-073_minnanotoreca-10239664.webp,キハダ（SAR）[099/073],,https://dopa-game.jp/pokemon/dp/10239664,,,,10239664,28678,DOPA
070/SV-P,ニンフィア(YU NAGABA),P,https://minnano-toreka.com/wp-content/uploads/2026/08/070-SV-P_minnanotoreca-10240142.webp,ニンフィア(YU NAGABA)（P）[070/SV-P],,https://dopa-game.jp/pokemon/dp/10240142,,,,10240142,28679,DOPA
075/064,リザードン＆テールナーGX,HR,https://minnano-toreka.com/wp-content/uploads/2026/08/075-064_minnanotoreca-10244778.webp,リザードン＆テールナーGX（HR）[075/064],,https://dopa-game.jp/pokemon/dp/10244778,,,,10244778,28680,DOPA
008/032,ピカチュウ(Classicキラ),-,https://minnano-toreka.com/wp-content/uploads/2026/08/008-032_minnanotoreca-10342138.webp,ピカチュウ(Classicキラ)（-）[008/032],,https://dopa-game.jp/pokemon/dp/10342138,,,,10342138,28681,DOPA
109/086,ガマゲロゲ,AR,https://minnano-toreka.com/wp-content/uploads/2026/08/109-086_minnanotoreca-10334056.webp,ガマゲロゲ（AR）[109/086],,https://dopa-game.jp/pokemon/dp/10334056,,,,10334056,28682,DOPA
206/165,エリカの招待,SAR,https://minnano-toreka.com/wp-content/uploads/2026/08/206-165_minnanotoreca-10239892.webp,エリカの招待（SAR）[206/165],,https://dopa-game.jp/pokemon/dp/10239892,,,,10239892,28683,DOPA
-,[1BOX]リザードン スペシャルセット台湾 【2024年版】,BOX,https://minnano-toreka.com/wp-content/uploads/2026/08/none_minnanotoreca-10290487.webp,[1BOX]リザードン スペシャルセット台湾 【2024年版】（BOX）[-],,https://dopa-game.jp/pokemon/dp/10290487,,,,10290487,28684,DOPA
-,デッキシールド『Pokemon Yurutto ピカチュウむぎゅぎゅ』64枚入り,-,https://minnano-toreka.com/wp-content/uploads/2026/08/none_minnanotoreca-10344697.webp,デッキシールド『Pokemon Yurutto ピカチュウむぎゅぎゅ』64枚入り（-）[-],,https://dopa-game.jp/pokemon/dp/10344697,,,,10344697,28685,DOPA
{056/054} [SM9b],フェローチェ＆マッシブーンGX(SA),SR,https://minnano-toreka.com/wp-content/uploads/2026/08/056-054-SM9b_minnanotoreca-10342066.webp,フェローチェ＆マッシブーンGX(SA)（SR）[{056/054} [SM9b]],,https://dopa-game.jp/pokemon/dp/10342066,,,,10342066,28686,DOPA
074/071,ミュウツーV,SR,https://minnano-toreka.com/wp-content/uploads/2026/08/074-071_minnanotoreca-10239599.webp,ミュウツーV（SR）[074/071],,https://dopa-game.jp/pokemon/dp/10239599,,,,10239599,28687,DOPA
093/165,ゴースト(マスターボールミラー),U,https://minnano-toreka.com/wp-content/uploads/2026/08/093-165_minnanotoreca-10341093.webp,ゴースト(マスターボールミラー)（U）[093/165],,https://dopa-game.jp/pokemon/dp/10341093,,,,10341093,28688,DOPA
089/062,パラソルおねえさん,SAR,https://minnano-toreka.com/wp-content/uploads/2026/08/089-062_minnanotoreca-10304595.webp,パラソルおねえさん（SAR）[089/062],,https://dopa-game.jp/pokemon/dp/10304595,,,,10304595,28689,DOPA
-,プレミアムトレーナーボックスMEGA【未開封BOX】,BOX,https://minnano-toreka.com/wp-content/uploads/2026/08/none_minnanotoreca-10346463.webp,プレミアムトレーナーボックスMEGA【未開封BOX】（BOX）[-],,https://dopa-game.jp/pokemon/dp/10346463,,,,10346463,28690,DOPA
-,デッキシールドコイキングごっこ＆ギャラドスごっこピカチュウ(スペシャルBOX)64枚入り,-,https://minnano-toreka.com/wp-content/uploads/2026/08/none_minnanotoreca-10288750.webp,デッキシールドコイキングごっこ＆ギャラドスごっこピカチュウ(スペシャルBOX)64枚入り（-）[-],,https://dopa-game.jp/pokemon/dp/10288750,,,,10288750,28691,DOPA
065/060,イリマ,SR,https://minnano-toreka.com/wp-content/uploads/2026/08/065-060_minnanotoreca-10239717.webp,イリマ（SR）[065/060],,https://dopa-game.jp/pokemon/dp/10239717,,,,10239717,28692,DOPA
{080/070} [S5a],ガラルヤドキングV(SA),SR,https://minnano-toreka.com/wp-content/uploads/2026/08/080-070-S5a_minnanotoreca-10341868.webp,ガラルヤドキングV(SA)（SR）[{080/070} [S5a]],,https://dopa-game.jp/pokemon/dp/10341868,,,,10341868,28693,DOPA
110/106,(PSA10)ヒンバス,AR,https://minnano-toreka.com/wp-content/uploads/2026/08/110-106_minnanotoreca-10347587.webp,(PSA10)ヒンバス（AR）[110/106],,https://dopa-game.jp/pokemon/dp/10347587,,,,10347587,28694,DOPA
{001/165} [SV2a],(PSA10)フシギダネ(マスターボールミラー),C,https://minnano-toreka.com/wp-content/uploads/2026/08/001-165-SV2a_minnanotoreca-10347595.webp,(PSA10)フシギダネ(マスターボールミラー)（C）[{001/165} [SV2a]],,https://dopa-game.jp/pokemon/dp/10347595,,,,10347595,28695,DOPA
{086/S-P} [S-P],(PSA10)マリィ,P,https://minnano-toreka.com/wp-content/uploads/2026/08/086-S-P-S-P_minnanotoreca-10347601.webp,(PSA10)マリィ（P）[{086/S-P} [S-P]],,https://dopa-game.jp/pokemon/dp/10347601,,,,10347601,28696,DOPA
{376/SM-P} [その他],ピカチュウ,P,https://minnano-toreka.com/wp-content/uploads/2026/08/376-SM-P_minnanotoreca-10344982.webp,ピカチュウ（P）[{376/SM-P} [その他]],,https://dopa-game.jp/pokemon/dp/10344982,,,,10344982,28697,DOPA
-,プレイマット『海外/ナンジャモ＆ハラバリー(STAFF/REGIONALロゴ)※』,-,https://minnano-toreka.com/wp-content/uploads/2026/08/none_minnanotoreca-10347427.webp,プレイマット『海外/ナンジャモ＆ハラバリー(STAFF/REGIONALロゴ)※』（-）[-],,https://dopa-game.jp/pokemon/dp/10347427,,,,10347427,28698,DOPA
BOX,シンジュ団スペシャルセット【未開封BOX】,BOX,https://minnano-toreka.com/wp-content/uploads/2026/08/BOX_minnanotoreca-10340789.webp,シンジュ団スペシャルセット【未開封BOX】（BOX）[BOX],,https://dopa-game.jp/pokemon/dp/10340789,,,,10340789,28699,DOPA
062/049,ラフレシアGX,SR,https://minnano-toreka.com/wp-content/uploads/2026/08/062-049_minnanotoreca-10239544.webp,ラフレシアGX（SR）[062/049],,https://dopa-game.jp/pokemon/dp/10239544,,,,10239544,28700,DOPA
-,デッキシールド『浮世絵・しろがね山』64枚入り,-,https://minnano-toreka.com/wp-content/uploads/2026/08/none_minnanotoreca-10289455.webp,デッキシールド『浮世絵・しろがね山』64枚入り（-）[-],,https://dopa-game.jp/pokemon/dp/10289455,,,,10289455,28701,DOPA
001/024,ピカチュウV(ミラー),-,https://minnano-toreka.com/wp-content/uploads/2026/08/001-024_minnanotoreca-10239766.webp,ピカチュウV(ミラー)（-）[001/024],,https://dopa-game.jp/pokemon/dp/10239766,,,,10239766,28702,DOPA
188/184,(PSA10)ブースター,CHR,https://minnano-toreka.com/wp-content/uploads/2026/08/188-184_minnanotoreca-10347584.webp,(PSA10)ブースター（CHR）[188/184],,https://dopa-game.jp/pokemon/dp/10347584,,,,10347584,28703,DOPA
-,Pokemon GO カードファイルセット【未開封BOX】,-,https://minnano-toreka.com/wp-content/uploads/2026/08/none_minnanotoreca-10347424.webp,Pokemon GO カードファイルセット【未開封BOX】（-）[-],,https://dopa-game.jp/pokemon/dp/10347424,,,,10347424,28704,DOPA
-,デッキシールド『Pokemon Yurutto ぐでタワー』64枚入り,-,https://minnano-toreka.com/wp-content/uploads/2026/08/none_minnanotoreca-10344623.webp,デッキシールド『Pokemon Yurutto ぐでタワー』64枚入り（-）[-],,https://dopa-game.jp/pokemon/dp/10344623,,,,10344623,28705,DOPA
-,デッキシールド『イーブイポンチョシリーズTD』64枚入り,-,https://minnano-toreka.com/wp-content/uploads/2026/08/none_minnanotoreca-10289453.webp,デッキシールド『イーブイポンチョシリーズTD』64枚入り（-）[-],,https://dopa-game.jp/pokemon/dp/10289453,,,,10289453,28706,DOPA
198/173,マツリカ,SR,https://minnano-toreka.com/wp-content/uploads/2026/08/198-173_minnanotoreca-10315613.webp,マツリカ（SR）[198/173],,https://dopa-game.jp/pokemon/dp/10315613,,,,10315613,28707,DOPA
058/049,ミミッキュ,CHR,https://minnano-toreka.com/wp-content/uploads/2026/08/058-049_minnanotoreca-10240209.webp,ミミッキュ（CHR）[058/049],,https://dopa-game.jp/pokemon/dp/10240209,,,,10240209,28708,DOPA
-,デッキシールド『ミミッキュだよ(スペシャルBOX)』64枚入り,-,https://minnano-toreka.com/wp-content/uploads/2026/08/none_minnanotoreca-10289459.webp,デッキシールド『ミミッキュだよ(スペシャルBOX)』64枚入り（-）[-],,https://dopa-game.jp/pokemon/dp/10289459,,,,10289459,28709,DOPA
{001/PPP},ナエトル(未開封),P,https://minnano-toreka.com/wp-content/uploads/2026/08/001-PPP_minnanotoreca-10264201.webp,ナエトル(未開封)（P）[{001/PPP}],,https://dopa-game.jp/pokemon/dp/10264201,,,,10264201,28710,DOPA
-,デッキシールド『シロナの全力』64枚入り,-,https://minnano-toreka.com/wp-content/uploads/2026/08/none_minnanotoreca-10289458.webp,デッキシールド『シロナの全力』64枚入り（-）[-],,https://dopa-game.jp/pokemon/dp/10289458,,,,10289458,28711,DOPA
{307/SM-P} [その他],ピカチュウ,P,https://minnano-toreka.com/wp-content/uploads/2026/08/307-SM-P_minnanotoreca-10344983.webp,ピカチュウ（P）[{307/SM-P} [その他]],,https://dopa-game.jp/pokemon/dp/10344983,,,,10344983,28712,DOPA
223/SM-P,アセロラ,P,https://minnano-toreka.com/wp-content/uploads/2026/08/223-SM-P_minnanotoreca-10240131.webp,アセロラ（P）[223/SM-P],,https://dopa-game.jp/pokemon/dp/10240131,,,,10240131,28713,DOPA
{053/051} [sm3],ホウオウGX,SR,https://minnano-toreka.com/wp-content/uploads/2026/08/053-051-sm3_minnanotoreca-10341882.webp,ホウオウGX（SR）[{053/051} [sm3]],,https://dopa-game.jp/pokemon/dp/10341882,,,,10341882,28714,DOPA
{185/173} [sm12a],トゲピー＆ピィ＆ププリンGX,SR,https://minnano-toreka.com/wp-content/uploads/2026/08/185-173-sm12a_minnanotoreca-10341891.webp,トゲピー＆ピィ＆ププリンGX（SR）[{185/173} [sm12a]],,https://dopa-game.jp/pokemon/dp/10341891,,,,10341891,28715,DOPA
{260/172} [S12a],オリジンディアルガVSTAR,UR,https://minnano-toreka.com/wp-content/uploads/2026/08/260-172-S12a_minnanotoreca-10346192.webp,オリジンディアルガVSTAR（UR）[{260/172} [S12a]],,https://dopa-game.jp/pokemon/dp/10346192,,,,10346192,28716,DOPA
109/095,ナツメの暗示,SR,https://minnano-toreka.com/wp-content/uploads/2026/08/109-095_minnanotoreca-10332193.webp,ナツメの暗示（SR）[109/095],,https://dopa-game.jp/pokemon/dp/10332193,,,,10332193,28717,DOPA
124,ナンジャモ(未開封/英語版),P,https://minnano-toreka.com/wp-content/uploads/2026/08/124_minnanotoreca-10331889.webp,ナンジャモ(未開封/英語版)（P）[124],,https://dopa-game.jp/pokemon/dp/10331889,,,,10331889,28718,DOPA
050/049,フシギダネ,-,https://minnano-toreka.com/wp-content/uploads/2026/08/050-049_minnanotoreca-10240430.webp,フシギダネ（-）[050/049],,https://dopa-game.jp/pokemon/dp/10240430,,,,10240430,28719,DOPA
083/071,(PSA10)ブランシェ,SR,https://minnano-toreka.com/wp-content/uploads/2026/08/083-071_minnanotoreca-10347597.webp,(PSA10)ブランシェ（SR）[083/071],,https://dopa-game.jp/pokemon/dp/10347597,,,,10347597,28720,DOPA
107/095,レッドの挑戦,SR,https://minnano-toreka.com/wp-content/uploads/2026/08/107-095_minnanotoreca-10239761.webp,レッドの挑戦（SR）[107/095],,https://dopa-game.jp/pokemon/dp/10239761,,,,10239761,28721,DOPA
077/067,カイ,SR,https://minnano-toreka.com/wp-content/uploads/2026/08/077-067_minnanotoreca-10312480.webp,カイ（SR）[077/067],,https://dopa-game.jp/pokemon/dp/10312480,,,,10312480,28722,DOPA
071/067,オリジンパルキアV,SR,https://minnano-toreka.com/wp-content/uploads/2026/08/071-067_minnanotoreca-10239068.webp,オリジンパルキアV（SR）[071/067],,https://dopa-game.jp/pokemon/dp/10239068,,,,10239068,28723,DOPA
126/098,ロケット団のニドキングex,SAR,https://minnano-toreka.com/wp-content/uploads/2026/08/126-098_minnanotoreca-10335092.webp,ロケット団のニドキングex（SAR）[126/098],,https://dopa-game.jp/pokemon/dp/10335092,,,,10335092,28724,DOPA
127/100,Nのゾロアークex,SAR,https://minnano-toreka.com/wp-content/uploads/2026/08/127-100_minnanotoreca-10315566.webp,Nのゾロアークex（SAR）[127/100],,https://dopa-game.jp/pokemon/dp/10315566,,,,10315566,28725,DOPA
112/100,アルセウスV,SR,https://minnano-toreka.com/wp-content/uploads/2026/08/112-100_minnanotoreca-10239902.webp,アルセウスV（SR）[112/100],,https://dopa-game.jp/pokemon/dp/10239902,,,,10239902,28726,DOPA
{079/067} [S7R],ヒガナの決意,SR,https://minnano-toreka.com/wp-content/uploads/2026/08/079-067-S7R_minnanotoreca-10346840.webp,ヒガナの決意（SR）[{079/067} [S7R]],,https://dopa-game.jp/pokemon/dp/10346840,,,,10346840,28727,DOPA
094/069,ブラッキーVMAX,HR,https://minnano-toreka.com/wp-content/uploads/2026/08/094-069_minnanotoreca-10313247.webp,ブラッキーVMAX（HR）[094/069],,https://dopa-game.jp/pokemon/dp/10313247,,,,10313247,28728,DOPA
111/100,ルリナ,SR,https://minnano-toreka.com/wp-content/uploads/2026/08/111-100_minnanotoreca-10330991.webp,ルリナ（SR）[111/100],,https://dopa-game.jp/pokemon/dp/10330991,,,,10330991,28729,DOPA
116/BW-P,ゾロア(未開封),P,https://minnano-toreka.com/wp-content/uploads/2026/08/116-BW-P_minnanotoreca-10334371.webp,ゾロア(未開封)（P）[116/BW-P],,https://dopa-game.jp/pokemon/dp/10334371,,,,10334371,28730,DOPA
056/050,マツリカ,SR,https://minnano-toreka.com/wp-content/uploads/2026/08/056-050_minnanotoreca-10331887.webp,マツリカ（SR）[056/050],,https://dopa-game.jp/pokemon/dp/10331887,,,,10331887,28731,DOPA
{58/102} [その他],(PSA9)ピカチュウ(メタルカード/英語版),-,https://minnano-toreka.com/wp-content/uploads/2026/08/58-102_minnanotoreca-10347608.webp,(PSA9)ピカチュウ(メタルカード/英語版)（-）[{58/102} [その他]],,https://dopa-game.jp/pokemon/dp/10347608,,,,10347608,28732,DOPA
-,デッキシールド『ジャパンチャンピオンシップス2018』64枚入り,-,https://minnano-toreka.com/wp-content/uploads/2026/08/none_minnanotoreca-10282890.webp,デッキシールド『ジャパンチャンピオンシップス2018』64枚入り（-）[-],,https://dopa-game.jp/pokemon/dp/10282890,,,,10282890,28733,DOPA
{011/080} [XY],リザードンEX,RR,https://minnano-toreka.com/wp-content/uploads/2026/08/011-080-XY_minnanotoreca-10345974.webp,リザードンEX（RR）[{011/080} [XY]],,https://dopa-game.jp/pokemon/dp/10345974,,,,10345974,28734,DOPA
087/063,メガフシギバナex,SAR,https://minnano-toreka.com/wp-content/uploads/2026/08/087-063_minnanotoreca-10336809.webp,メガフシギバナex（SAR）[087/063],,https://dopa-game.jp/pokemon/dp/10336809,,,,10336809,28735,DOPA
187/173,イーブイGX,SR,https://minnano-toreka.com/wp-content/uploads/2026/08/187-173_minnanotoreca-10239553.webp,イーブイGX（SR）[187/173],,https://dopa-game.jp/pokemon/dp/10239553,,,,10239553,28736,DOPA
090/066,チルタリスex,SAR,https://minnano-toreka.com/wp-content/uploads/2026/08/090-066_minnanotoreca-10239603.webp,チルタリスex（SAR）[090/066],,https://dopa-game.jp/pokemon/dp/10239603,,,,10239603,28737,DOPA
084/067,ガブリアスV,CSR,https://minnano-toreka.com/wp-content/uploads/2026/08/084-067_minnanotoreca-10239602.webp,ガブリアスV（CSR）[084/067],,https://dopa-game.jp/pokemon/dp/10239602,,,,10239602,28738,DOPA
-,プレイマット『WCS2025アナハイム(ピカチュウ)※』,-,https://minnano-toreka.com/wp-content/uploads/2026/08/none_minnanotoreca-10343050.webp,プレイマット『WCS2025アナハイム(ピカチュウ)※』（-）[-],,https://dopa-game.jp/pokemon/dp/10343050,,,,10343050,28739,DOPA
126/098,ロケット団ニドキングex,SAR,https://minnano-toreka.com/wp-content/uploads/2026/08/126-098_minnanotoreca-10335092.webp,ロケット団ニドキングex（SAR）[126/098],,https://dopa-game.jp/pokemon/dp/10334696,,,,10334696,28740,DOPA
106 / 095,イーブイ&カビゴンGX,SR,https://minnano-toreka.com/wp-content/uploads/2026/08/106-095_minnanotoreca-10338163.webp,イーブイ&カビゴンGX（SR）[106 / 095],,https://dopa-game.jp/pokemon/dp/10338163,,,,10338163,28741,DOPA
097/071,ベルのまごころ,SAR,https://minnano-toreka.com/wp-content/uploads/2026/08/097-071_minnanotoreca-10241017.webp,ベルのまごころ（SAR）[097/071],,https://dopa-game.jp/pokemon/dp/10241017,,,,10241017,28742,DOPA
127/098,ロケット団のクロバットex,SAR,https://minnano-toreka.com/wp-content/uploads/2026/08/127-098_minnanotoreca-10332044.webp,ロケット団のクロバットex（SAR）[127/098],,https://dopa-game.jp/pokemon/dp/10332044,,,,10332044,28743,DOPA
102/078,ミライドンex,SAR,https://minnano-toreka.com/wp-content/uploads/2026/08/102-078_minnanotoreca-10239657.webp,ミライドンex（SAR）[102/078],,https://dopa-game.jp/pokemon/dp/10239657,,,,10239657,28744,DOPA
337/SM-P,名探偵ピカチュウ(未開封),P,https://minnano-toreka.com/wp-content/uploads/2026/08/337-SM-P_minnanotoreca-10240233.webp,名探偵ピカチュウ(未開封)（P）[337/SM-P],,https://dopa-game.jp/pokemon/dp/10240233,,,,10240233,28745,DOPA
-,プレイマット『海外/ピカチュウ＆イーブイ(ゴッホ)』,-,https://minnano-toreka.com/wp-content/uploads/2026/08/none_minnanotoreca-10279874.webp,プレイマット『海外/ピカチュウ＆イーブイ(ゴッホ)』（-）[-],,https://dopa-game.jp/pokemon/dp/10279874,,,,10279874,28746,DOPA
064/XY-P,ピカチュウ(ポケモンパン),P,https://minnano-toreka.com/wp-content/uploads/2026/08/064-XY-P_minnanotoreca-10299476.webp,ピカチュウ(ポケモンパン)（P）[064/XY-P],,https://dopa-game.jp/pokemon/dp/10299476,,,,10299476,28747,DOPA
009/027,ゼクロム,R,https://minnano-toreka.com/wp-content/uploads/2026/08/009-027_minnanotoreca-10260642.webp,ゼクロム（R）[009/027],,https://dopa-game.jp/pokemon/dp/10260642,,,,10260642,28748,DOPA
-,デッキシールド『団員ごっこピカチュウ』64枚入り,-,https://minnano-toreka.com/wp-content/uploads/2026/08/none_minnanotoreca-10292122.webp,デッキシールド『団員ごっこピカチュウ』64枚入り（-）[-],,https://dopa-game.jp/pokemon/dp/10292122,,,,10292122,28749,DOPA
308/SM-P,かんこうきゃく,P,https://minnano-toreka.com/wp-content/uploads/2026/08/308-SM-P_minnanotoreca-10240228.webp,かんこうきゃく（P）[308/SM-P],,https://dopa-game.jp/pokemon/dp/10240228,,,,10240228,28750,DOPA
107/078,ネストボール,UR,https://minnano-toreka.com/wp-content/uploads/2026/08/107-078_minnanotoreca-10330331.webp,ネストボール（UR）[107/078],,https://dopa-game.jp/pokemon/dp/10330331,,,,10330331,28751,DOPA
291/SM-P,ピカチュウ,SM-P,https://minnano-toreka.com/wp-content/uploads/2026/08/291-SM-P_minnanotoreca-10332253.webp,ピカチュウ（SM-P）[291/SM-P],,https://dopa-game.jp/pokemon/dp/10332253,,,,10332253,28752,DOPA
138/XY-P,MバシャーモEX,P,https://minnano-toreka.com/wp-content/uploads/2026/08/138-XY-P_minnanotoreca-10329850.webp,MバシャーモEX（P）[138/XY-P],,https://dopa-game.jp/pokemon/dp/10329850,,,,10329850,28753,DOPA
{056/051} [sm3],カキ,SR,https://minnano-toreka.com/wp-content/uploads/2026/08/056-051-sm3_minnanotoreca-10332242.webp,カキ（SR）[{056/051} [sm3]],,https://dopa-game.jp/pokemon/dp/10332242,,,,10332242,28754,DOPA
069 / 064,カメックス&ポッチャマGX,SR,https://minnano-toreka.com/wp-content/uploads/2026/08/069-064_minnanotoreca-10338160.webp,カメックス&ポッチャマGX（SR）[069 / 064],,https://dopa-game.jp/pokemon/dp/10338160,,,,10338160,28755,DOPA
084/069,ブラッキーV,SR,https://minnano-toreka.com/wp-content/uploads/2026/08/084-069_minnanotoreca-10239812.webp,ブラッキーV（SR）[084/069],,https://dopa-game.jp/pokemon/dp/10239812,,,,10239812,28756,DOPA
{064/054} [sm10a],ライチュウ＆アローラライチュウGX,HR,https://minnano-toreka.com/wp-content/uploads/2026/08/064-054-sm10a_minnanotoreca-10344838.webp,ライチュウ＆アローラライチュウGX（HR）[{064/054} [sm10a]],,https://dopa-game.jp/pokemon/dp/10344838,,,,10344838,28757,DOPA
176/173,エーフィ＆デオキシスGX,SR,https://minnano-toreka.com/wp-content/uploads/2026/08/176-173_minnanotoreca-10346327.webp,エーフィ＆デオキシスGX（SR）[176/173],,https://dopa-game.jp/pokemon/dp/10346327,,,,10346327,28758,DOPA
415/414,ピカチュウV,SR,https://minnano-toreka.com/wp-content/uploads/2026/08/415-414_minnanotoreca-10313253.webp,ピカチュウV（SR）[415/414],,https://dopa-game.jp/pokemon/dp/10313253,,,,10313253,28759,DOPA
060/055,サーナイト＆ニンフィアGX,SR,https://minnano-toreka.com/wp-content/uploads/2026/08/060-055_minnanotoreca-10240270.webp,サーナイト＆ニンフィアGX（SR）[060/055],,https://dopa-game.jp/pokemon/dp/10240270,,,,10240270,28760,DOPA
{099/095},アルセウス＆ディアルガ＆パルキアGX,SR,https://minnano-toreka.com/wp-content/uploads/2026/08/099-095_minnanotoreca-10281648.webp,アルセウス＆ディアルガ＆パルキアGX（SR）[{099/095}],,https://dopa-game.jp/pokemon/dp/10281648,,,,10281648,28761,DOPA
{011/094},ヤドン＆コダックGX,RR,https://minnano-toreka.com/wp-content/uploads/2026/08/011-094_minnanotoreca-10276908.webp,ヤドン＆コダックGX（RR）[{011/094}],,https://dopa-game.jp/pokemon/dp/10276908,,,,10276908,28762,DOPA
{076/070} [S5a],ガラルサンダーV(SA),SR,https://minnano-toreka.com/wp-content/uploads/2026/08/076-070-S5a_minnanotoreca-10346194.webp,ガラルサンダーV(SA)（SR）[{076/070} [S5a]],,https://dopa-game.jp/pokemon/dp/10346194,,,,10346194,28763,DOPA
090/066,トドロクツキex,SAR,https://minnano-toreka.com/wp-content/uploads/2026/08/090-066_minnanotoreca-10240222.webp,トドロクツキex（SAR）[090/066],,https://dopa-game.jp/pokemon/dp/10240222,,,,10240222,28764,DOPA
125/114,ソルガレオGX,UR,https://minnano-toreka.com/wp-content/uploads/2026/08/125-114_minnanotoreca-10244314.webp,ソルガレオGX（UR）[125/114],,https://dopa-game.jp/pokemon/dp/10244314,,,,10244314,28765,DOPA
{225} [SV-P],ピカチュウ(WCS2025/英語版),P,https://minnano-toreka.com/wp-content/uploads/2026/08/225-SV-P_minnanotoreca-10342137.webp,ピカチュウ(WCS2025/英語版)（P）[{225} [SV-P]],,https://dopa-game.jp/pokemon/dp/10342137,,,,10342137,28766,DOPA
234/184,ミミッキュVMAX,CSR,https://minnano-toreka.com/wp-content/uploads/2026/08/234-184_minnanotoreca-10239894.webp,ミミッキュVMAX（CSR）[234/184],,https://dopa-game.jp/pokemon/dp/10239894,,,,10239894,28767,DOPA
{064/054} [SM9b],カメックスGX,HR,https://minnano-toreka.com/wp-content/uploads/2026/08/064-054-SM9b_minnanotoreca-10240577.webp,カメックスGX（HR）[{064/054} [SM9b]],,https://dopa-game.jp/pokemon/dp/10240577,,,,10240577,28768,DOPA
{124/114} [sm4],ルナアーラGX,UR,https://minnano-toreka.com/wp-content/uploads/2026/08/124-114-sm4_minnanotoreca-10346834.webp,ルナアーラGX（UR）[{124/114} [sm4]],,https://dopa-game.jp/pokemon/dp/10346834,,,,10346834,28769,DOPA
{124} [SV-P],(未開封)ナンジャモ(SR仕様/英語版),P,https://minnano-toreka.com/wp-content/uploads/2026/08/124_minnanotoreca-10331889.webp,(未開封)ナンジャモ(SR仕様/英語版)（P）[{124} [SV-P]],,https://dopa-game.jp/pokemon/dp/10347028,,,,10347028,28770,DOPA
096/073,マスカーニャex,SAR,https://minnano-toreka.com/wp-content/uploads/2026/08/096-073_minnanotoreca-10334480.webp,マスカーニャex（SAR）[096/073],,https://dopa-game.jp/pokemon/dp/10334480,,,,10334480,28771,DOPA
200/187,リーフィアex,SAR,https://minnano-toreka.com/wp-content/uploads/2026/08/200-187_minnanotoreca-10313252.webp,リーフィアex（SAR）[200/187],,https://dopa-game.jp/pokemon/dp/10313252,,,,10313252,28772,DOPA
022/025,ミュウツーEX(25th),-,https://minnano-toreka.com/wp-content/uploads/2026/08/022-025_minnanotoreca-10341446.webp,ミュウツーEX(25th)（-）[022/025],,https://dopa-game.jp/pokemon/dp/10341446,,,,10341446,28773,DOPA
{210/150} [sm8b],ホウオウGX,SSR,https://minnano-toreka.com/wp-content/uploads/2026/08/210-150-sm8b_minnanotoreca-10342064.webp,ホウオウGX（SSR）[{210/150} [sm8b]],,https://dopa-game.jp/pokemon/dp/10342064,,,,10342064,28774,DOPA
{002/021} [sC],リザードンVMAX(RRR仕様/sC),-,https://minnano-toreka.com/wp-content/uploads/2026/08/002-021-sC_minnanotoreca-10344872.webp,リザードンVMAX(RRR仕様/sC)（-）[{002/021} [sC]],,https://dopa-game.jp/pokemon/dp/10344872,,,,10344872,28775,DOPA
244/184,ブラッキーV,CSR,https://minnano-toreka.com/wp-content/uploads/2026/08/244-184_minnanotoreca-10239488.webp,ブラッキーV（CSR）[244/184],,https://dopa-game.jp/pokemon/dp/10239488,,,,10239488,28776,DOPA
212/173,エーフィ＆デオキシスGX,HR,https://minnano-toreka.com/wp-content/uploads/2026/08/212-173_minnanotoreca-10240454.webp,エーフィ＆デオキシスGX（HR）[212/173],,https://dopa-game.jp/pokemon/dp/10240454,,,,10240454,28777,DOPA
-,デッキシールド『エリカ』64枚入り,-,https://minnano-toreka.com/wp-content/uploads/2026/08/none_minnanotoreca-10298267.webp,デッキシールド『エリカ』64枚入り（-）[-],,https://dopa-game.jp/pokemon/dp/10298267,,,,10298267,28778,DOPA
103/096,フウとラン,SR,https://minnano-toreka.com/wp-content/uploads/2026/08/103-096_minnanotoreca-10240201.webp,フウとラン（SR）[103/096],,https://dopa-game.jp/pokemon/dp/10240201,,,,10240201,28779,DOPA
108/095,レッド&グリーン,SR,https://minnano-toreka.com/wp-content/uploads/2026/08/108-095_minnanotoreca-10332226.webp,レッド&グリーン（SR）[108/095],,https://dopa-game.jp/pokemon/dp/10332226,,,,10332226,28780,DOPA
238/SM-P,ゼクロムGX,SM-P,https://minnano-toreka.com/wp-content/uploads/2026/08/238-SM-P_minnanotoreca-10280186.webp,ゼクロムGX（SM-P）[238/SM-P],,https://dopa-game.jp/pokemon/dp/10280186,,,,10280186,28781,DOPA
130/102,テラパゴスex,SAR,https://minnano-toreka.com/wp-content/uploads/2026/08/130-102_minnanotoreca-10285318.webp,テラパゴスex（SAR）[130/102],,https://dopa-game.jp/pokemon/dp/10285318,,,,10285318,28782,DOPA
XY-P,MラグラージEX,P,https://minnano-toreka.com/wp-content/uploads/2026/08/XY-P_minnanotoreca-10329848.webp,MラグラージEX（P）[XY-P],,https://dopa-game.jp/pokemon/dp/10329848,,,,10329848,28783,DOPA
107/100,(PSA10)ルガルガン,AR,https://minnano-toreka.com/wp-content/uploads/2026/08/107-100_minnanotoreca-10347591.webp,(PSA10)ルガルガン（AR）[107/100],,https://dopa-game.jp/pokemon/dp/10347591,,,,10347591,28784,DOPA
BOX,デッキビルドBOX『バトルパートナーズ』【未開封BOX】,BOX,https://minnano-toreka.com/wp-content/uploads/2026/08/BOX_minnanotoreca-10340788.webp,デッキビルドBOX『バトルパートナーズ』【未開封BOX】（BOX）[BOX],,https://dopa-game.jp/pokemon/dp/10340788,,,,10340788,28785,DOPA
124/S-P,ピカチュウ,P,https://minnano-toreka.com/wp-content/uploads/2026/08/124-S-P_minnanotoreca-10329755.webp,ピカチュウ（P）[124/S-P],,https://dopa-game.jp/pokemon/dp/10329755,,,,10329755,28786,DOPA
{195/XY-P} [XY],サンダースEX,P,https://minnano-toreka.com/wp-content/uploads/2026/08/195-XY-P-XY_minnanotoreca-10346821.webp,サンダースEX（P）[{195/XY-P} [XY]],,https://dopa-game.jp/pokemon/dp/10346821,,,,10346821,28787,DOPA
206/187,グレイシアex,SAR,https://minnano-toreka.com/wp-content/uploads/2026/08/206-187_minnanotoreca-10313240.webp,グレイシアex（SAR）[206/187],,https://dopa-game.jp/pokemon/dp/10313240,,,,10313240,28788,DOPA
232/184,ニンフィアVMAX,CSR,https://minnano-toreka.com/wp-content/uploads/2026/08/232-184_minnanotoreca-10240255.webp,ニンフィアVMAX（CSR）[232/184],,https://dopa-game.jp/pokemon/dp/10240255,,,,10240255,28789,DOPA
-,プレイマット『海外/総柄(ゴッホ)』(61cm x 36cm),-,https://minnano-toreka.com/wp-content/uploads/2026/08/none_minnanotoreca-10340792.webp,プレイマット『海外/総柄(ゴッホ)』(61cm x 36cm)（-）[-],,https://dopa-game.jp/pokemon/dp/10340792,,,,10340792,28790,DOPA
{124} [SV-P],ナンジャモ(SR仕様/英語版),P,https://minnano-toreka.com/wp-content/uploads/2026/08/124-SV-P_minnanotoreca-10347052.webp,ナンジャモ(SR仕様/英語版)（P）[{124} [SV-P]],,https://dopa-game.jp/pokemon/dp/10347052,,,,10347052,28791,DOPA
091/063,シロナのガブリアスex,UR,https://minnano-toreka.com/wp-content/uploads/2026/08/091-063_minnanotoreca-10329318.webp,シロナのガブリアスex（UR）[091/063],,https://dopa-game.jp/pokemon/dp/10329318,,,,10329318,28792,DOPA
173/086,Nの筋書き,SAR,https://minnano-toreka.com/wp-content/uploads/2026/08/173-086_minnanotoreca-10333932.webp,Nの筋書き（SAR）[173/086],,https://dopa-game.jp/pokemon/dp/10333932,,,,10333932,28793,DOPA
021/027,ホワイトキュレム,R,https://minnano-toreka.com/wp-content/uploads/2026/08/021-027_minnanotoreca-10339807.webp,ホワイトキュレム（R）[021/027],,https://dopa-game.jp/pokemon/dp/10339807,,,,10339807,28794,DOPA
-,Pokemon GO スペシャルセット【未開封BOX】,BOX,https://minnano-toreka.com/wp-content/uploads/2026/08/none_minnanotoreca-10347072.webp,Pokemon GO スペシャルセット【未開封BOX】（BOX）[-],,https://dopa-game.jp/pokemon/dp/10347072,,,,10347072,28795,DOPA
059/054,ガブリアス＆ギラティナGX,SR,https://minnano-toreka.com/wp-content/uploads/2026/08/059-054_minnanotoreca-10338046.webp,ガブリアス＆ギラティナGX（SR）[059/054],,https://dopa-game.jp/pokemon/dp/10338046,,,,10338046,28796,DOPA
{006/L-P} [その他],ヒノアラシ,-,https://minnano-toreka.com/wp-content/uploads/2026/08/006-L-P_minnanotoreca-10345849.webp,ヒノアラシ（-）[{006/L-P} [その他]],,https://dopa-game.jp/pokemon/dp/10345849,,,,10345849,28797,DOPA
{098/095} [sm9],コイキング＆ホエルオーGX,SR,https://minnano-toreka.com/wp-content/uploads/2026/08/098-095-sm9_minnanotoreca-10346846.webp,コイキング＆ホエルオーGX（SR）[{098/095} [sm9]],,https://dopa-game.jp/pokemon/dp/10346846,,,,10346846,28798,DOPA
-,デッキシールド『ポケモンセンタートウキョーDX(スペシャルBOX)』64枚入り,-,https://minnano-toreka.com/wp-content/uploads/2026/08/none_minnanotoreca-10289454.webp,デッキシールド『ポケモンセンタートウキョーDX(スペシャルBOX)』64枚入り（-）[-],,https://dopa-game.jp/pokemon/dp/10289454,,,,10289454,28799,DOPA
091 / 088,カラマネロEX,SR,https://minnano-toreka.com/wp-content/uploads/2026/08/091-088_minnanotoreca-10338203.webp,カラマネロEX（SR）[091 / 088],,https://dopa-game.jp/pokemon/dp/10338203,,,,10338203,28800,DOPA
-,【1BOX】ナイトワンダラー,-,https://minnano-toreka.com/wp-content/uploads/2026/08/none_minnanotoreca-10280575.webp,【1BOX】ナイトワンダラー（-）[-],,https://dopa-game.jp/pokemon/dp/10280575,,,,10280575,28801,DOPA
-,【1BOX】スカーレットex,-,https://minnano-toreka.com/wp-content/uploads/2026/08/none_minnanotoreca-10273109.webp,【1BOX】スカーレットex（-）[-],,https://dopa-game.jp/pokemon/dp/10273109,,,,10273109,28802,DOPA
-,【1BOX】未来の一閃,-,https://minnano-toreka.com/wp-content/uploads/2026/08/none_minnanotoreca-10273145.webp,【1BOX】未来の一閃（-）[-],,https://dopa-game.jp/pokemon/dp/10273145,,,,10273145,28803,DOPA
BOX,【1BOX】黒炎の支配者,BOX,https://minnano-toreka.com/wp-content/uploads/2026/08/BOX_minnanotoreca-10238461.webp,【1BOX】黒炎の支配者（BOX）[BOX],,https://dopa-game.jp/pokemon/dp/10238461,,,,10238461,28804,DOPA
-,【1BOX】クリムゾンヘイズ,-,https://minnano-toreka.com/wp-content/uploads/2026/08/none_minnanotoreca-10273077.webp,【1BOX】クリムゾンヘイズ（-）[-],,https://dopa-game.jp/pokemon/dp/10273077,,,,10273077,28805,DOPA
-,【1BOX】サイバージャッジ,-,https://minnano-toreka.com/wp-content/uploads/2026/08/none_minnanotoreca-10273076.webp,【1BOX】サイバージャッジ（-）[-],,https://dopa-game.jp/pokemon/dp/10273076,,,,10273076,28806,DOPA
-,【1BOX】変幻の仮面,-,https://minnano-toreka.com/wp-content/uploads/2026/08/none_minnanotoreca-10273143.webp,【1BOX】変幻の仮面（-）[-],,https://dopa-game.jp/pokemon/dp/10273143,,,,10273143,28807,DOPA
BOX,【1BOX】古代の咆哮,BOX,https://minnano-toreka.com/wp-content/uploads/2026/08/BOX_minnanotoreca-10238465.webp,【1BOX】古代の咆哮（BOX）[BOX],,https://dopa-game.jp/pokemon/dp/10238465,,,,10238465,28808,DOPA
-,【1BOX】バイオレットex,-,https://minnano-toreka.com/wp-content/uploads/2026/08/none_minnanotoreca-10273144.webp,【1BOX】バイオレットex（-）[-],,https://dopa-game.jp/pokemon/dp/10273144,,,,10273144,28809,DOPA
-,【1BOX】シャイニートレジャーex,-,https://minnano-toreka.com/wp-content/uploads/2026/08/none_minnanotoreca-10273142.webp,【1BOX】シャイニートレジャーex（-）[-],,https://dopa-game.jp/pokemon/dp/10273142,,,,10273142,28810,DOPA
062/050,基本闘エネルギー,UR,https://minnano-toreka.com/wp-content/uploads/2026/08/062-050_minnanotoreca-10239064.webp,基本闘エネルギー（UR）[062/050],,https://dopa-game.jp/pokemon/dp/10239064,,,,10239064,28811,DOPA
{063/060} [sm1],ソルガレオGX,SR,https://minnano-toreka.com/wp-content/uploads/2026/08/063-060-sm1_minnanotoreca-10341865.webp,ソルガレオGX（SR）[{063/060} [sm1]],,https://dopa-game.jp/pokemon/dp/10341865,,,,10341865,28812,DOPA
014/025,ミュウex(25th),P,https://minnano-toreka.com/wp-content/uploads/2026/08/014-025_minnanotoreca-10240580.webp,ミュウex(25th)（P）[014/025],,https://dopa-game.jp/pokemon/dp/10240580,,,,10240580,28813,DOPA
095/071,タケルライコex,SAR,https://minnano-toreka.com/wp-content/uploads/2026/08/095-071_minnanotoreca-10241037.webp,タケルライコex（SAR）[095/071],,https://dopa-game.jp/pokemon/dp/10241037,,,,10241037,28814,DOPA
{107/095} [sm8],バンギラスGX,HR,https://minnano-toreka.com/wp-content/uploads/2026/08/107-095-sm8_minnanotoreca-10346830.webp,バンギラスGX（HR）[{107/095} [sm8]],,https://dopa-game.jp/pokemon/dp/10346830,,,,10346830,28815,DOPA
{066/049} [sm11b],Nの覚悟,SR,https://minnano-toreka.com/wp-content/uploads/2026/08/066-049-sm11b_minnanotoreca-10346839.webp,Nの覚悟（SR）[{066/049} [sm11b]],,https://dopa-game.jp/pokemon/dp/10346839,,,,10346839,28816,DOPA
{081/070} [S5R],モミ,SR,https://minnano-toreka.com/wp-content/uploads/2026/08/081-070-S5R_minnanotoreca-10332224.webp,モミ（SR）[{081/070} [S5R]],,https://dopa-game.jp/pokemon/dp/10332224,,,,10332224,28817,DOPA
{102/095} [sm8],ウツギ博士のレクチャー,SR,https://minnano-toreka.com/wp-content/uploads/2026/08/102-095-sm8_minnanotoreca-10332259.webp,ウツギ博士のレクチャー（SR）[{102/095} [sm8]],,https://dopa-game.jp/pokemon/dp/10332259,,,,10332259,28818,DOPA
279/SV-P,チェレン,P,https://minnano-toreka.com/wp-content/uploads/2026/08/279-SV-P_minnanotoreca-10334685.webp,チェレン（P）[279/SV-P],,https://dopa-game.jp/pokemon/dp/10334685,,,,10334685,28819,DOPA
055/051,サーナイトGX,SR,https://minnano-toreka.com/wp-content/uploads/2026/08/055-051_minnanotoreca-10338165.webp,サーナイトGX（SR）[055/051],,https://dopa-game.jp/pokemon/dp/10338165,,,,10338165,28820,DOPA
280/184,ミュウVMAX,UR,https://minnano-toreka.com/wp-content/uploads/2026/08/280-184_minnanotoreca-10239074.webp,ミュウVMAX（UR）[280/184],,https://dopa-game.jp/pokemon/dp/10239074,,,,10239074,28821,DOPA
{161/165} [SV2a],エリカの招待(マスターボールミラー),U,https://minnano-toreka.com/wp-content/uploads/2026/08/161-165-SV2a_minnanotoreca-10341895.webp,エリカの招待(マスターボールミラー)（U）[{161/165} [SV2a]],,https://dopa-game.jp/pokemon/dp/10341895,,,,10341895,28822,DOPA
218/SV-P,ピカチュウ,Ｐ,https://minnano-toreka.com/wp-content/uploads/2026/08/218-SV-P_minnanotoreca-10283610.webp,ピカチュウ（Ｐ）[218/SV-P],,https://dopa-game.jp/pokemon/dp/10283610,,,,10283610,28823,DOPA
092/165,ゴース(マスターボールミラー),C,https://minnano-toreka.com/wp-content/uploads/2026/08/092-165_minnanotoreca-10346766.webp,ゴース(マスターボールミラー)（C）[092/165],,https://dopa-game.jp/pokemon/dp/10346766,,,,10346766,28824,DOPA
098 / 095,コイキング&ホエルオーGX,SR,https://minnano-toreka.com/wp-content/uploads/2026/08/098-095-sm9_minnanotoreca-10346846.webp,コイキング&ホエルオーGX（SR）[098 / 095],,https://dopa-game.jp/pokemon/dp/10338210,,,,10338210,28825,DOPA
231/184,ニンフィアV,CSR,https://minnano-toreka.com/wp-content/uploads/2026/08/231-184_minnanotoreca-10330290.webp,ニンフィアV（CSR）[231/184],,https://dopa-game.jp/pokemon/dp/10330290,,,,10330290,28826,DOPA
258/184,ガラルの仲間たち,SR,https://minnano-toreka.com/wp-content/uploads/2026/08/258-184_minnanotoreca-10313270.webp,ガラルの仲間たち（SR）[258/184],,https://dopa-game.jp/pokemon/dp/10313270,,,,10313270,28827,DOPA
239/172,シロナの覇気,SAR,https://minnano-toreka.com/wp-content/uploads/2026/08/239-172_minnanotoreca-10238529.webp,シロナの覇気（SAR）[239/172],,https://dopa-game.jp/pokemon/dp/10238529,,,,10238529,28828,DOPA
-,ブラックボルト・ホワイトフレア 【未開封】カードファイルセット,BOX,https://minnano-toreka.com/wp-content/uploads/2026/08/none_minnanotoreca-10338152.webp,ブラックボルト・ホワイトフレア 【未開封】カードファイルセット（BOX）[-],,https://dopa-game.jp/pokemon/dp/10338152,,,,10338152,28829,DOPA
105/095,グズマ,SR,https://minnano-toreka.com/wp-content/uploads/2026/08/105-095_minnanotoreca-10338206.webp,グズマ（SR）[105/095],,https://dopa-game.jp/pokemon/dp/10338206,,,,10338206,28830,DOPA
-,デッキシールド『(シンオウ)ぼうしをかぶったピカチュウ』64枚入り,-,https://minnano-toreka.com/wp-content/uploads/2026/08/none_minnanotoreca-10299611.webp,デッキシールド『(シンオウ)ぼうしをかぶったピカチュウ』64枚入り（-）[-],,https://dopa-game.jp/pokemon/dp/10299611,,,,10299611,28831,DOPA
006/018,MレックウザEX,-,https://minnano-toreka.com/wp-content/uploads/2026/08/006-018_minnanotoreca-10329738.webp,MレックウザEX（-）[006/018],,https://dopa-game.jp/pokemon/dp/10329738,,,,10329738,28832,DOPA
249/SM-P,ピカチュウ,-,https://minnano-toreka.com/wp-content/uploads/2026/08/249-SM-P_minnanotoreca-10240431.webp,ピカチュウ（-）[249/SM-P],,https://dopa-game.jp/pokemon/dp/10240431,,,,10240431,28833,DOPA
012/172,(PSA10)リーフィアVSTAR,RRR,https://minnano-toreka.com/wp-content/uploads/2026/08/012-172_minnanotoreca-10347589.webp,(PSA10)リーフィアVSTAR（RRR）[012/172],,https://dopa-game.jp/pokemon/dp/10347589,,,,10347589,28834,DOPA
095/071,グルーシャ,SAR,https://minnano-toreka.com/wp-content/uploads/2026/08/095-071_minnanotoreca-10239660.webp,グルーシャ（SAR）[095/071],,https://dopa-game.jp/pokemon/dp/10239660,,,,10239660,28835,DOPA
005/025,わるいギャラドス(25th),-,https://minnano-toreka.com/wp-content/uploads/2026/08/005-025_minnanotoreca-10338161.webp,わるいギャラドス(25th)（-）[005/025],,https://dopa-game.jp/pokemon/dp/10338161,,,,10338161,28836,DOPA
084/068,ジャローダV,CSR,https://minnano-toreka.com/wp-content/uploads/2026/08/084-068_minnanotoreca-10240410.webp,ジャローダV（CSR）[084/068],,https://dopa-game.jp/pokemon/dp/10240410,,,,10240410,28837,DOPA
097/071,マツバの確信,SAR,https://minnano-toreka.com/wp-content/uploads/2026/08/097-071_minnanotoreca-10241014.webp,マツバの確信（SAR）[097/071],,https://dopa-game.jp/pokemon/dp/10241014,,,,10241014,28838,DOPA
051/050,ギャラドスGX,SR,https://minnano-toreka.com/wp-content/uploads/2026/08/051-050_minnanotoreca-10240433.webp,ギャラドスGX（SR）[051/050],,https://dopa-game.jp/pokemon/dp/10240433,,,,10240433,28839,DOPA
{067/066} [sm5],グレイシアGX,SR,https://minnano-toreka.com/wp-content/uploads/2026/08/067-066-sm5_minnanotoreca-10341885.webp,グレイシアGX（SR）[{067/066} [sm5]],,https://dopa-game.jp/pokemon/dp/10341885,,,,10341885,28840,DOPA
103/078,コライドンex,SAR,https://minnano-toreka.com/wp-content/uploads/2026/08/103-078_minnanotoreca-10316973.webp,コライドンex（SAR）[103/078],,https://dopa-game.jp/pokemon/dp/10316973,,,,10316973,28841,DOPA
018/051,ピカチュウ,-,https://minnano-toreka.com/wp-content/uploads/2026/08/018-051_minnanotoreca-10339819.webp,ピカチュウ（-）[018/051],,https://dopa-game.jp/pokemon/dp/10339819,,,,10339819,28842,DOPA
130/098,ロケット団のミュウツーex,UR,https://minnano-toreka.com/wp-content/uploads/2026/08/130-098_minnanotoreca-10332283.webp,ロケット団のミュウツーex（UR）[130/098],,https://dopa-game.jp/pokemon/dp/10332283,,,,10332283,28843,DOPA
088/071,ゲンガーex,SR,https://minnano-toreka.com/wp-content/uploads/2026/08/088-071_minnanotoreca-10244763.webp,ゲンガーex（SR）[088/071],,https://dopa-game.jp/pokemon/dp/10244763,,,,10244763,28844,DOPA
075/066,パルキアGX,HR,https://minnano-toreka.com/wp-content/uploads/2026/08/075-066_minnanotoreca-10240323.webp,パルキアGX（HR）[075/066],,https://dopa-game.jp/pokemon/dp/10240323,,,,10240323,28845,DOPA
203/165,フーディンex,SAR,https://minnano-toreka.com/wp-content/uploads/2026/08/203-165_minnanotoreca-10238926.webp,フーディンex（SAR）[203/165],,https://dopa-game.jp/pokemon/dp/10238926,,,,10238926,28846,DOPA
125/100,ギラティナVSTAR,UR,https://minnano-toreka.com/wp-content/uploads/2026/08/125-100_minnanotoreca-10239073.webp,ギラティナVSTAR（UR）[125/100],,https://dopa-game.jp/pokemon/dp/10239073,,,,10239073,28847,DOPA
{233/150} [sm8b],ハッサムGX,SSR,https://minnano-toreka.com/wp-content/uploads/2026/08/233-150-sm8b_minnanotoreca-10346838.webp,ハッサムGX（SSR）[{233/150} [sm8b]],,https://dopa-game.jp/pokemon/dp/10346838,,,,10346838,28848,DOPA
233/184,ミミッキュV,CSR,https://minnano-toreka.com/wp-content/uploads/2026/08/233-184_minnanotoreca-10239484.webp,ミミッキュV（CSR）[233/184],,https://dopa-game.jp/pokemon/dp/10239484,,,,10239484,28849,DOPA
{284/184} [S8b],レックウザVMAX,UR,https://minnano-toreka.com/wp-content/uploads/2026/08/284-184-S8b_minnanotoreca-10341552.webp,レックウザVMAX（UR）[{284/184} [S8b]],,https://dopa-game.jp/pokemon/dp/10341552,,,,10341552,28850,DOPA
{076/067} [S7D],ジュラルドンV(SA),SR,https://minnano-toreka.com/wp-content/uploads/2026/08/076-067-S7D_minnanotoreca-10346820.webp,ジュラルドンV(SA)（SR）[{076/067} [S7D]],,https://dopa-game.jp/pokemon/dp/10346820,,,,10346820,28851,DOPA
{214/S-P},いたずら好きのピチュー(未開封),P,https://minnano-toreka.com/wp-content/uploads/2026/08/214-S-P_minnanotoreca-10264199.webp,いたずら好きのピチュー(未開封)（P）[{214/S-P}],,https://dopa-game.jp/pokemon/dp/10264199,,,,10264199,28852,DOPA
023/022,インテレオンVMAX(SA),-,https://minnano-toreka.com/wp-content/uploads/2026/08/023-022_minnanotoreca-10339809.webp,インテレオンVMAX(SA)（-）[023/022],,https://dopa-game.jp/pokemon/dp/10339809,,,,10339809,28853,DOPA
{004/004} [その他],ピカチュウ,-,https://minnano-toreka.com/wp-content/uploads/2026/08/004-004_minnanotoreca-10345970.webp,ピカチュウ（-）[{004/004} [その他]],,https://dopa-game.jp/pokemon/dp/10345970,,,,10345970,28854,DOPA
{089/063} [M1L],メガアブソルex,SAR,https://minnano-toreka.com/wp-content/uploads/2026/08/089-063-M1L_minnanotoreca-10345891.webp,メガアブソルex（SAR）[{089/063} [M1L]],,https://dopa-game.jp/pokemon/dp/10345891,,,,10345891,28855,DOPA
246/172,カミツレのきらめき,SR,https://minnano-toreka.com/wp-content/uploads/2026/08/246-172_minnanotoreca-10313336.webp,カミツレのきらめき（SR）[246/172],,https://dopa-game.jp/pokemon/dp/10313336,,,,10313336,28856,DOPA
236/172,カイ,SAR,https://minnano-toreka.com/wp-content/uploads/2026/08/236-172_minnanotoreca-10238530.webp,カイ（SAR）[236/172],,https://dopa-game.jp/pokemon/dp/10238530,,,,10238530,28857,DOPA
-,デッキシールド『(イッシュ)ぼうしをかぶったピカチュウ※』64枚入り,-,https://minnano-toreka.com/wp-content/uploads/2026/08/none_minnanotoreca-10282893.webp,デッキシールド『(イッシュ)ぼうしをかぶったピカチュウ※』64枚入り（-）[-],,https://dopa-game.jp/pokemon/dp/10282893,,,,10282893,28858,DOPA
104/095,ラティアス＆ラティオスGX,SR,https://minnano-toreka.com/wp-content/uploads/2026/08/104-095_minnanotoreca-10240268.webp,ラティアス＆ラティオスGX（SR）[104/095],,https://dopa-game.jp/pokemon/dp/10240268,,,,10240268,28859,DOPA
-,デッキシールド『リーリエ＆ソルガレオ・ルナアーラ(ソルガレオ)』64枚入り,-,https://minnano-toreka.com/wp-content/uploads/2026/08/none_minnanotoreca-10279872.webp,デッキシールド『リーリエ＆ソルガレオ・ルナアーラ(ソルガレオ)』64枚入り（-）[-],,https://dopa-game.jp/pokemon/dp/10279872,,,,10279872,28860,DOPA
005/027,パルキア,R,https://minnano-toreka.com/wp-content/uploads/2026/08/005-027_minnanotoreca-10240256.webp,パルキア（R）[005/027],,https://dopa-game.jp/pokemon/dp/10240256,,,,10240256,28861,DOPA
-,デッキシールド『ヨコハマのピカチュウ』64枚入り,-,https://minnano-toreka.com/wp-content/uploads/2026/08/none_minnanotoreca-10285321.webp,デッキシールド『ヨコハマのピカチュウ』64枚入り（-）[-],,https://dopa-game.jp/pokemon/dp/10285321,,,,10285321,28862,DOPA
076/064,カメックス＆ポッチャマGX,HR,https://minnano-toreka.com/wp-content/uploads/2026/08/076-064_minnanotoreca-10240868.webp,カメックス＆ポッチャマGX（HR）[076/064],,https://dopa-game.jp/pokemon/dp/10240868,,,,10240868,28863,DOPA
069/049,ラフレシアGX,HR,https://minnano-toreka.com/wp-content/uploads/2026/08/069-049_minnanotoreca-10239755.webp,ラフレシアGX（HR）[069/049],,https://dopa-game.jp/pokemon/dp/10239755,,,,10239755,28864,DOPA
074/049,リーリエのピッピ人形,UR,https://minnano-toreka.com/wp-content/uploads/2026/08/074-049_minnanotoreca-10241007.webp,リーリエのピッピ人形（UR）[074/049],,https://dopa-game.jp/pokemon/dp/10241007,,,,10241007,28865,DOPA
{079/070},コルニの気合い,SR,https://minnano-toreka.com/wp-content/uploads/2026/08/079-070_minnanotoreca-10348043.webp,コルニの気合い（SR）[{079/070}],,https://dopa-game.jp/pokemon/dp/10313303,,,,10313303,28866,DOPA
057/SV-P,ピカチュウ(台北オープン記念),P,https://minnano-toreka.com/wp-content/uploads/2026/08/057-SV-P_minnanotoreca-10332542.webp,ピカチュウ(台北オープン記念)（P）[057/SV-P],,https://dopa-game.jp/pokemon/dp/10332542,,,,10332542,28867,DOPA
{019/080} [XY],MギャラドスEX,RR,https://minnano-toreka.com/wp-content/uploads/2026/08/019-080-XY_minnanotoreca-10329873.webp,MギャラドスEX（RR）[{019/080} [XY]],,https://dopa-game.jp/pokemon/dp/10329873,,,,10329873,28868,DOPA
012/036,マナフィ,−,https://minnano-toreka.com/wp-content/uploads/2026/08/012-036_minnanotoreca-10284074.webp,マナフィ（−）[012/036],,https://dopa-game.jp/pokemon/dp/10284074,,,,10284074,28869,DOPA
032/171,サンダースEX,-,https://minnano-toreka.com/wp-content/uploads/2026/08/032-171_minnanotoreca-10338250.webp,サンダースEX（-）[032/171],,https://dopa-game.jp/pokemon/dp/10338250,,,,10338250,28870,DOPA
{101/069} [S6a],基本悪エネルギー,UR,https://minnano-toreka.com/wp-content/uploads/2026/08/101-069-S6a_minnanotoreca-10347126.webp,基本悪エネルギー（UR）[{101/069} [S6a]],,https://dopa-game.jp/pokemon/dp/10347126,,,,10347126,28871,DOPA
035/SV-P,(PSA10)パモ,P,https://minnano-toreka.com/wp-content/uploads/2026/08/035-SV-P_minnanotoreca-10347596.webp,(PSA10)パモ（P）[035/SV-P],,https://dopa-game.jp/pokemon/dp/10347596,,,,10347596,28872,DOPA
002/019,ゲンガーVMAX,-,https://minnano-toreka.com/wp-content/uploads/2026/08/002-019_minnanotoreca-10338209.webp,ゲンガーVMAX（-）[002/019],,https://dopa-game.jp/pokemon/dp/10338209,,,,10338209,28873,DOPA
195/190,フウロ,SR,https://minnano-toreka.com/wp-content/uploads/2026/08/195-190_minnanotoreca-10239577.webp,フウロ（SR）[195/190],,https://dopa-game.jp/pokemon/dp/10239577,,,,10239577,28874,DOPA
217/172,グレイシアVSTAR,SAR,https://minnano-toreka.com/wp-content/uploads/2026/08/217-172_minnanotoreca-10238942.webp,グレイシアVSTAR（SAR）[217/172],,https://dopa-game.jp/pokemon/dp/10238942,,,,10238942,28875,DOPA
006/015,ピカチュウVMAX,-,https://minnano-toreka.com/wp-content/uploads/2026/08/006-015_minnanotoreca-10339820.webp,ピカチュウVMAX（-）[006/015],,https://dopa-game.jp/pokemon/dp/10339820,,,,10339820,28876,DOPA
{361/SM-P} [その他],セレビィ,P,https://minnano-toreka.com/wp-content/uploads/2026/08/361-SM-P_minnanotoreca-10345857.webp,セレビィ（P）[{361/SM-P} [その他]],,https://dopa-game.jp/pokemon/dp/10345857,,,,10345857,28877,DOPA
074/071,ゲンガー,CHR,https://minnano-toreka.com/wp-content/uploads/2026/08/074-071_minnanotoreca-10238939-1.webp,ゲンガー（CHR）[074/071],,https://dopa-game.jp/pokemon/dp/10238939,,,,10238939,28878,DOPA
-,『1パック』超次元の暴獣,-,https://minnano-toreka.com/wp-content/uploads/2026/08/none_minnanotoreca-10347575.webp,『1パック』超次元の暴獣（-）[-],,https://dopa-game.jp/pokemon/dp/10347575,,,,10347575,28879,DOPA
122/106,ピカチュウex,SR,https://minnano-toreka.com/wp-content/uploads/2026/08/122-106_minnanotoreca-10313246.webp,ピカチュウex（SR）[122/106],,https://dopa-game.jp/pokemon/dp/10313246,,,,10313246,28880,DOPA
{095/094} [sm6],ゲッコウガGX,SR,https://minnano-toreka.com/wp-content/uploads/2026/08/095-094-sm6_minnanotoreca-10341884.webp,ゲッコウガGX（SR）[{095/094} [sm6]],,https://dopa-game.jp/pokemon/dp/10341884,,,,10341884,28881,DOPA
{049/087} [CP6],ミュウツー,R,https://minnano-toreka.com/wp-content/uploads/2026/08/049-087-CP6_minnanotoreca-10345854.webp,ミュウツー（R）[{049/087} [CP6]],,https://dopa-game.jp/pokemon/dp/10345854,,,,10345854,28882,DOPA
073/072,エンテイGX,SR,https://minnano-toreka.com/wp-content/uploads/2026/08/073-072_minnanotoreca-10338199.webp,エンテイGX（SR）[073/072],,https://dopa-game.jp/pokemon/dp/10338199,,,,10338199,28883,DOPA
211/172,リザードンV,SAR,https://minnano-toreka.com/wp-content/uploads/2026/08/211-172_minnanotoreca-10330075.webp,リザードンV（SAR）[211/172],,https://dopa-game.jp/pokemon/dp/10330075,,,,10330075,28884,DOPA
185/165,リザードンex,SR,https://minnano-toreka.com/wp-content/uploads/2026/08/185-165_minnanotoreca-10240018.webp,リザードンex（SR）[185/165],,https://dopa-game.jp/pokemon/dp/10240018,,,,10240018,28885,DOPA
093/071,パオジアンex,SAR,https://minnano-toreka.com/wp-content/uploads/2026/08/093-071_minnanotoreca-10327013.webp,パオジアンex（SAR）[093/071],,https://dopa-game.jp/pokemon/dp/10327013,,,,10327013,28886,DOPA
{079/165} [SV2a],ヤドン(マスターボールミラー),C,https://minnano-toreka.com/wp-content/uploads/2026/08/079-165-SV2a_minnanotoreca-10341397.webp,ヤドン(マスターボールミラー)（C）[{079/165} [SV2a]],,https://dopa-game.jp/pokemon/dp/10341397,,,,10341397,28887,DOPA
{248/150} [sm8b],ルナアーラGX,UR,https://minnano-toreka.com/wp-content/uploads/2026/08/248-150-sm8b_minnanotoreca-10341551.webp,ルナアーラGX（UR）[{248/150} [sm8b]],,https://dopa-game.jp/pokemon/dp/10341551,,,,10341551,28888,DOPA
075 / 070,いちげきウーラオスV,SR,https://minnano-toreka.com/wp-content/uploads/2026/08/075-070_minnanotoreca-10338164.webp,いちげきウーラオスV（SR）[075 / 070],,https://dopa-game.jp/pokemon/dp/10338164,,,,10338164,28889,DOPA
-,デッキビルドBOX『黒炎の支配者』【未開封BOX】,BOX,https://minnano-toreka.com/wp-content/uploads/2026/08/none_minnanotoreca-10347071.webp,デッキビルドBOX『黒炎の支配者』【未開封BOX】（BOX）[-],,https://dopa-game.jp/pokemon/dp/10347071,,,,10347071,28890,DOPA
073/064,ローラースケーター,SR,https://minnano-toreka.com/wp-content/uploads/2026/08/073-064_minnanotoreca-10239596.webp,ローラースケーター（SR）[073/064],,https://dopa-game.jp/pokemon/dp/10239596,,,,10239596,28891,DOPA
066/060,ククイ博士,SR,https://minnano-toreka.com/wp-content/uploads/2026/08/066-060_minnanotoreca-10332191.webp,ククイ博士（SR）[066/060],,https://dopa-game.jp/pokemon/dp/10332191,,,,10332191,28892,DOPA
131/100,Nのゾロアークex,UR,https://minnano-toreka.com/wp-content/uploads/2026/08/131-100_minnanotoreca-10317136.webp,Nのゾロアークex（UR）[131/100],,https://dopa-game.jp/pokemon/dp/10317136,,,,10317136,28893,DOPA
201/150,イーブイ,S,https://minnano-toreka.com/wp-content/uploads/2026/08/201-150_minnanotoreca-10313370.webp,イーブイ（S）[201/150],,https://dopa-game.jp/pokemon/dp/10313370,,,,10313370,28894,DOPA
{263/XY-P} [XY],MヤドランEX,RR,https://minnano-toreka.com/wp-content/uploads/2026/08/263-XY-P-XY_minnanotoreca-10329883.webp,MヤドランEX（RR）[{263/XY-P} [XY]],,https://dopa-game.jp/pokemon/dp/10329883,,,,10329883,28895,DOPA
183/172,ミュウ,AR,https://minnano-toreka.com/wp-content/uploads/2026/08/183-172_minnanotoreca-10239683.webp,ミュウ（AR）[183/172],,https://dopa-game.jp/pokemon/dp/10239683,,,,10239683,28896,DOPA
-,デッキシールド『WCS2022ロンドン(選手限定)※』65枚入り,-,https://minnano-toreka.com/wp-content/uploads/2026/08/none_minnanotoreca-10282891.webp,デッキシールド『WCS2022ロンドン(選手限定)※』65枚入り（-）[-],,https://dopa-game.jp/pokemon/dp/10282891,,,,10282891,28897,DOPA
-,デッキシールド『MI』62枚入り,-,https://minnano-toreka.com/wp-content/uploads/2026/08/none_minnanotoreca-10282889.webp,デッキシールド『MI』62枚入り（-）[-],,https://dopa-game.jp/pokemon/dp/10282889,,,,10282889,28898,DOPA
094/071,イキリンコex,SAR,https://minnano-toreka.com/wp-content/uploads/2026/08/094-071_minnanotoreca-10239729.webp,イキリンコex（SAR）[094/071],,https://dopa-game.jp/pokemon/dp/10239729,,,,10239729,28899,DOPA
{109/100} [s4],サイトウ,SR,https://minnano-toreka.com/wp-content/uploads/2026/08/109-100-s4_minnanotoreca-10346842.webp,サイトウ（SR）[{109/100} [s4]],,https://dopa-game.jp/pokemon/dp/10346842,,,,10346842,28900,DOPA
215/172,スイクンV,SAR,https://minnano-toreka.com/wp-content/uploads/2026/08/215-172_minnanotoreca-10306579.webp,スイクンV（SAR）[215/172],,https://dopa-game.jp/pokemon/dp/10306579,,,,10306579,28901,DOPA
{245/XY-P} [XY],ガブリアスEX(カメックスメガバトル),P,https://minnano-toreka.com/wp-content/uploads/2026/08/245-XY-P-XY_minnanotoreca-10345920.webp,ガブリアスEX(カメックスメガバトル)（P）[{245/XY-P} [XY]],,https://dopa-game.jp/pokemon/dp/10345920,,,,10345920,28902,DOPA
-,デッキシールド『かいじゅうマニア』64枚入り,-,https://minnano-toreka.com/wp-content/uploads/2026/08/none_minnanotoreca-10292120.webp,デッキシールド『かいじゅうマニア』64枚入り（-）[-],,https://dopa-game.jp/pokemon/dp/10292120,,,,10292120,28903,DOPA
-,デッキシールド『ゲンガーdeヒヤリ！？』64枚入り,-,https://minnano-toreka.com/wp-content/uploads/2026/08/none_minnanotoreca-10344621.webp,デッキシールド『ゲンガーdeヒヤリ！？』64枚入り（-）[-],,https://dopa-game.jp/pokemon/dp/10344621,,,,10344621,28904,DOPA
{235/BW-P} [その他],イーブイ,P,https://minnano-toreka.com/wp-content/uploads/2026/08/235-BW-P_minnanotoreca-10345925.webp,イーブイ（P）[{235/BW-P} [その他]],,https://dopa-game.jp/pokemon/dp/10345925,,,,10345925,28905,DOPA
{218/187},トドロクツキex,SAR,https://minnano-toreka.com/wp-content/uploads/2026/08/218-187_minnanotoreca-10330071.webp,トドロクツキex（SAR）[{218/187}],,https://dopa-game.jp/pokemon/dp/10330071,,,,10330071,28906,DOPA
106/094,グリーンの戦略,SR,https://minnano-toreka.com/wp-content/uploads/2026/08/106-094_minnanotoreca-10241019.webp,グリーンの戦略（SR）[106/094],,https://dopa-game.jp/pokemon/dp/10241019,,,,10241019,28907,DOPA
066/095,イーブイ＆カビゴンGX,RR,https://minnano-toreka.com/wp-content/uploads/2026/08/066-095_minnanotoreca-10329971.webp,イーブイ＆カビゴンGX（RR）[066/095],,https://dopa-game.jp/pokemon/dp/10329971,,,,10329971,28908,DOPA
{096/095} [sm9],セレビィ＆フシギバナGX,SR,https://minnano-toreka.com/wp-content/uploads/2026/08/096-095-sm9_minnanotoreca-10345902.webp,セレビィ＆フシギバナGX（SR）[{096/095} [sm9]],,https://dopa-game.jp/pokemon/dp/10345902,,,,10345902,28909,DOPA
{048/XY-P},マフォクシーEX,P,https://minnano-toreka.com/wp-content/uploads/2026/08/048-XY-P_minnanotoreca-10260870.webp,マフォクシーEX（P）[{048/XY-P}],,https://dopa-game.jp/pokemon/dp/10260870,,,,10260870,28910,DOPA
108/SM-P,ピカチュウ,P,https://minnano-toreka.com/wp-content/uploads/2026/08/108-SM-P_minnanotoreca-10339818.webp,ピカチュウ（P）[108/SM-P],,https://dopa-game.jp/pokemon/dp/10339818,,,,10339818,28911,DOPA
{016/036} [CP5],ミュウ,-,https://minnano-toreka.com/wp-content/uploads/2026/08/016-036-CP5_minnanotoreca-10345926.webp,ミュウ（-）[{016/036} [CP5]],,https://dopa-game.jp/pokemon/dp/10345926,,,,10345926,28912,DOPA
210/172,リーフィアVSTAR,SAR,https://minnano-toreka.com/wp-content/uploads/2026/08/210-172_minnanotoreca-10239478.webp,リーフィアVSTAR（SAR）[210/172],,https://dopa-game.jp/pokemon/dp/10239478,,,,10239478,28913,DOPA
011/025,マグマ団のグラードン/25th,-,https://minnano-toreka.com/wp-content/uploads/2026/08/011-025_minnanotoreca-10341059.webp,マグマ団のグラードン/25th（-）[011/025],,https://dopa-game.jp/pokemon/dp/10341059,,,,10341059,28914,DOPA
-,exスペシャルセット【未開封BOX】,BOX,https://minnano-toreka.com/wp-content/uploads/2026/08/none_minnanotoreca-10338153.webp,exスペシャルセット【未開封BOX】（BOX）[-],,https://dopa-game.jp/pokemon/dp/10338153,,,,10338153,28915,DOPA
{073/066} [SV5a],(PSA10)エレザード,AR,https://minnano-toreka.com/wp-content/uploads/2026/08/073-066-SV5a_minnanotoreca-10347586.webp,(PSA10)エレザード（AR）[{073/066} [SV5a]],,https://dopa-game.jp/pokemon/dp/10347586,,,,10347586,28916,DOPA
{031/095} [sm9],ピカチュウ＆ゼクロムGX,RR,https://minnano-toreka.com/wp-content/uploads/2026/08/031-095-sm9_minnanotoreca-10345887.webp,ピカチュウ＆ゼクロムGX（RR）[{031/095} [sm9]],,https://dopa-game.jp/pokemon/dp/10345887,,,,10345887,28917,DOPA
075/067,レックウザV,SR,https://minnano-toreka.com/wp-content/uploads/2026/08/075-067_minnanotoreca-10239467.webp,レックウザV（SR）[075/067],,https://dopa-game.jp/pokemon/dp/10239467,,,,10239467,28918,DOPA
133/165,イーブイ(マスターボールミラー),C,https://minnano-toreka.com/wp-content/uploads/2026/08/133-165_minnanotoreca-10346746.webp,イーブイ(マスターボールミラー)（C）[133/165],,https://dopa-game.jp/pokemon/dp/10346746,,,,10346746,28919,DOPA
062/055,アンズ,SR,https://minnano-toreka.com/wp-content/uploads/2026/08/062-055_minnanotoreca-10338158.webp,アンズ（SR）[062/055],,https://dopa-game.jp/pokemon/dp/10338158,,,,10338158,28920,DOPA
025/024,ヨシダ警部補,SR,https://minnano-toreka.com/wp-content/uploads/2026/08/025-024_minnanotoreca-10332205.webp,ヨシダ警部補（SR）[025/024],,https://dopa-game.jp/pokemon/dp/10332205,,,,10332205,28921,DOPA
173/165,ピカチュウ,AR,https://minnano-toreka.com/wp-content/uploads/2026/08/173-165_minnanotoreca-10238932.webp,ピカチュウ（AR）[173/165],,https://dopa-game.jp/pokemon/dp/10238932,,,,10238932,28922,DOPA
{096/070} [S5a],基本闘エネルギー,UR,https://minnano-toreka.com/wp-content/uploads/2026/08/096-070-S5a_minnanotoreca-10344193.webp,基本闘エネルギー（UR）[{096/070} [S5a]],,https://dopa-game.jp/pokemon/dp/10344193,,,,10344193,28923,DOPA
{090/067} [S7R],基本雷エネルギー,UR,https://minnano-toreka.com/wp-content/uploads/2026/08/090-067-S7R_minnanotoreca-10347138.webp,基本雷エネルギー（UR）[{090/067} [S7R]],,https://dopa-game.jp/pokemon/dp/10347138,,,,10347138,28924,DOPA
102/100,リザードンV,SR,https://minnano-toreka.com/wp-content/uploads/2026/08/102-100_minnanotoreca-10341060.webp,リザードンV（SR）[102/100],,https://dopa-game.jp/pokemon/dp/10341060,,,,10341060,28925,DOPA
{095/070} [S6K],基本超エネルギー,UR,https://minnano-toreka.com/wp-content/uploads/2026/08/095-070-S6K_minnanotoreca-10344190.webp,基本超エネルギー（UR）[{095/070} [S6K]],,https://dopa-game.jp/pokemon/dp/10344190,,,,10344190,28926,DOPA
{065/055} [SM9a],デデンネGX,HR,https://minnano-toreka.com/wp-content/uploads/2026/08/065-055-SM9a_minnanotoreca-10346815.webp,デデンネGX（HR）[{065/055} [SM9a]],,https://dopa-game.jp/pokemon/dp/10346815,,,,10346815,28927,DOPA
{134/165} [SV2a],シャワーズ(マスターボールミラー),R,https://minnano-toreka.com/wp-content/uploads/2026/08/134-165-SV2a_minnanotoreca-10341004.webp,シャワーズ(マスターボールミラー)（R）[{134/165} [SV2a]],,https://dopa-game.jp/pokemon/dp/10341004,,,,10341004,28928,DOPA
085/062,ガブリアスex,SAR,https://minnano-toreka.com/wp-content/uploads/2026/08/085-062_minnanotoreca-10239816.webp,ガブリアスex（SAR）[085/062],,https://dopa-game.jp/pokemon/dp/10239816,,,,10239816,28929,DOPA
-,デッキシールド『ポケモンセンターメガトウキョーのピカチュウ(橙枠)』32枚入り,-,https://minnano-toreka.com/wp-content/uploads/2026/08/none_minnanotoreca-10292125.webp,デッキシールド『ポケモンセンターメガトウキョーのピカチュウ(橙枠)』32枚入り（-）[-],,https://dopa-game.jp/pokemon/dp/10292125,,,,10292125,28930,DOPA
-,デッキシールド『ピカチュウ&リザードン&レックウザ(ASIA CS 2022-23)※』64枚入り,-,https://minnano-toreka.com/wp-content/uploads/2026/08/none_minnanotoreca-10276805.webp,デッキシールド『ピカチュウ&リザードン&レックウザ(ASIA CS 2022-23)※』64枚入り（-）[-],,https://dopa-game.jp/pokemon/dp/10276805,,,,10276805,28931,DOPA
090/070,レベルボール,UR,https://minnano-toreka.com/wp-content/uploads/2026/08/090-070_minnanotoreca-10239715.webp,レベルボール（UR）[090/070],,https://dopa-game.jp/pokemon/dp/10239715,,,,10239715,28932,DOPA
-,デッキシールド『海外/イーブイ(ゴッホ)※』65枚入り,-,https://minnano-toreka.com/wp-content/uploads/2026/08/none_minnanotoreca-10289448.webp,デッキシールド『海外/イーブイ(ゴッホ)※』65枚入り（-）[-],,https://dopa-game.jp/pokemon/dp/10289448,,,,10289448,28933,DOPA
058/050,アクジキングGX,HR,https://minnano-toreka.com/wp-content/uploads/2026/08/058-050_minnanotoreca-10240452.webp,アクジキングGX（HR）[058/050],,https://dopa-game.jp/pokemon/dp/10240452,,,,10240452,28934,DOPA
-,デッキシールド『メガポンチョを着たピカチュウ』32枚入り,-,https://minnano-toreka.com/wp-content/uploads/2026/08/none_minnanotoreca-10282885.webp,デッキシールド『メガポンチョを着たピカチュウ』32枚入り（-）[-],,https://dopa-game.jp/pokemon/dp/10282885,,,,10282885,28935,DOPA
157/150,ルミタン,SR,https://minnano-toreka.com/wp-content/uploads/2026/08/157-150_minnanotoreca-10240161.webp,ルミタン（SR）[157/150],,https://dopa-game.jp/pokemon/dp/10240161,,,,10240161,28936,DOPA
081/070,サーナイトVMAX,HR,https://minnano-toreka.com/wp-content/uploads/2026/08/081-070_minnanotoreca-10240880.webp,サーナイトVMAX（HR）[081/070],,https://dopa-game.jp/pokemon/dp/10240880,,,,10240880,28937,DOPA
-,デッキシールド『リーリエ＆コスモッグ』64枚入り,-,https://minnano-toreka.com/wp-content/uploads/2026/08/none_minnanotoreca-10330171.webp,デッキシールド『リーリエ＆コスモッグ』64枚入り（-）[-],,https://dopa-game.jp/pokemon/dp/10330171,,,,10330171,28938,DOPA
094/071,ウネルミナモex,SAR,https://minnano-toreka.com/wp-content/uploads/2026/08/094-071_minnanotoreca-10241029.webp,ウネルミナモex（SAR）[094/071],,https://dopa-game.jp/pokemon/dp/10241029,,,,10241029,28939,DOPA
007/095,レシラム＆リザードンGX,RR,https://minnano-toreka.com/wp-content/uploads/2026/08/007-095_minnanotoreca-10241727.webp,レシラム＆リザードンGX（RR）[007/095],,https://dopa-game.jp/pokemon/dp/10241727,,,,10241727,28940,DOPA
{004/165} [SV2a],ヒトカゲ(マスターボールミラー),C,https://minnano-toreka.com/wp-content/uploads/2026/08/004-165-SV2a_minnanotoreca-10343932.webp,ヒトカゲ(マスターボールミラー)（C）[{004/165} [SV2a]],,https://dopa-game.jp/pokemon/dp/10343932,,,,10343932,28941,DOPA
{007/165} [SV2a],ゼニガメ(マスターボールミラー),C,https://minnano-toreka.com/wp-content/uploads/2026/08/007-165-SV2a_minnanotoreca-10343934.webp,ゼニガメ(マスターボールミラー)（C）[{007/165} [SV2a]],,https://dopa-game.jp/pokemon/dp/10343934,,,,10343934,28942,DOPA
{065/064} [sm11a],フシギバナ＆ツタージャGX,SR,https://minnano-toreka.com/wp-content/uploads/2026/08/065-064-sm11a_minnanotoreca-10341894.webp,フシギバナ＆ツタージャGX（SR）[{065/064} [sm11a]],,https://dopa-game.jp/pokemon/dp/10341894,,,,10341894,28943,DOPA
041/173,ピカチュウ＆ゼクロムGX,RR,https://minnano-toreka.com/wp-content/uploads/2026/08/041-173_minnanotoreca-10240153.webp,ピカチュウ＆ゼクロムGX（RR）[041/173],,https://dopa-game.jp/pokemon/dp/10240153,,,,10240153,28944,DOPA
133/106,サザンドラex,SAR,https://minnano-toreka.com/wp-content/uploads/2026/08/133-106_minnanotoreca-10313206.webp,サザンドラex（SAR）[133/106],,https://dopa-game.jp/pokemon/dp/10313206,,,,10313206,28945,DOPA
143/165,カビゴン/マスターボールミラー,U,https://minnano-toreka.com/wp-content/uploads/2026/08/143-165_minnanotoreca-10346299.webp,カビゴン/マスターボールミラー（U）[143/165],,https://dopa-game.jp/pokemon/dp/10346299,,,,10346299,28946,DOPA
136/165,ブースター(マスターボールミラー),R,https://minnano-toreka.com/wp-content/uploads/2026/08/136-165_minnanotoreca-10341396.webp,ブースター(マスターボールミラー)（R）[136/165],,https://dopa-game.jp/pokemon/dp/10341396,,,,10341396,28947,DOPA
129/098,ロケット団のサカキ【SAR】,SAR,https://minnano-toreka.com/wp-content/uploads/2026/08/129-098_minnanotoreca-10332255.webp,ロケット団のサカキ【SAR】（SAR）[129/098],,https://dopa-game.jp/pokemon/dp/10332255,,,,10332255,28948,DOPA
{090/067} [S7D],基本鋼エネルギー,UR,https://minnano-toreka.com/wp-content/uploads/2026/08/090-067-S7D_minnanotoreca-10347128.webp,基本鋼エネルギー（UR）[{090/067} [S7D]],,https://dopa-game.jp/pokemon/dp/10347128,,,,10347128,28949,DOPA
{001/SV-P} [SV-P],ピカチュウ,P,https://minnano-toreka.com/wp-content/uploads/2026/08/001-SV-P-SV-P_minnanotoreca-10341440.webp,ピカチュウ（P）[{001/SV-P} [SV-P]],,https://dopa-game.jp/pokemon/dp/10341440,,,,10341440,28950,DOPA
{001/165} [SV2a],フシギダネ(マスターボールミラー),C,https://minnano-toreka.com/wp-content/uploads/2026/08/001-165-SV2a_minnanotoreca-10347595.webp,フシギダネ(マスターボールミラー)（C）[{001/165} [SV2a]],,https://dopa-game.jp/pokemon/dp/10343936,,,,10343936,28951,DOPA
{032/087} [CP6],ギャラドス,R,https://minnano-toreka.com/wp-content/uploads/2026/08/032-087-CP6_minnanotoreca-10345853.webp,ギャラドス（R）[{032/087} [CP6]],,https://dopa-game.jp/pokemon/dp/10345853,,,,10345853,28952,DOPA
058/055,ゲッコウガ＆ゾロアークGX,SR,https://minnano-toreka.com/wp-content/uploads/2026/08/058-055_minnanotoreca-10338045.webp,ゲッコウガ＆ゾロアークGX（SR）[058/055],,https://dopa-game.jp/pokemon/dp/10338045,,,,10338045,28953,DOPA
120/094,カイリューGX,HR,https://minnano-toreka.com/wp-content/uploads/2026/08/120-094_minnanotoreca-10240574.webp,カイリューGX（HR）[120/094],,https://dopa-game.jp/pokemon/dp/10240574,,,,10240574,28954,DOPA
{022/087} [CP6],MカメックスEX,RR,https://minnano-toreka.com/wp-content/uploads/2026/08/022-087-CP6_minnanotoreca-10329896.webp,MカメックスEX（RR）[{022/087} [CP6]],,https://dopa-game.jp/pokemon/dp/10329896,,,,10329896,28955,DOPA
016/036,ミュウ,-,https://minnano-toreka.com/wp-content/uploads/2026/08/016-036-CP5_minnanotoreca-10345926.webp,ミュウ（-）[016/036],,https://dopa-game.jp/pokemon/dp/10329749,,,,10329749,28956,DOPA
118/100,ルリナ,HR,https://minnano-toreka.com/wp-content/uploads/2026/08/118-100_minnanotoreca-10239994.webp,ルリナ（HR）[118/100],,https://dopa-game.jp/pokemon/dp/10239994,,,,10239994,28957,DOPA
365 / SM-P,アーマードミュウツー,SM-P,https://minnano-toreka.com/wp-content/uploads/2026/08/365-SM-P_minnanotoreca-10329572.webp,アーマードミュウツー（SM-P）[365 / SM-P],,https://dopa-game.jp/pokemon/dp/10338157,,,,10338157,28958,DOPA
266/SM-P,シロナ,P,https://minnano-toreka.com/wp-content/uploads/2026/08/266-SM-P_minnanotoreca-10339810.webp,シロナ（P）[266/SM-P],,https://dopa-game.jp/pokemon/dp/10339810,,,,10339810,28959,DOPA
155/SV-P,(未開封/ヒトデマン柄)バティックシャツのピカチュウ,P,https://minnano-toreka.com/wp-content/uploads/2026/08/155-SV-P_minnanotoreca-10347022.webp,(未開封/ヒトデマン柄)バティックシャツのピカチュウ（P）[155/SV-P],,https://dopa-game.jp/pokemon/dp/10347022,,,,10347022,28960,DOPA
{137/XY-P} [XY],ラグラージEX,P,https://minnano-toreka.com/wp-content/uploads/2026/08/137-XY-P-XY_minnanotoreca-10345924.webp,ラグラージEX（P）[{137/XY-P} [XY]],,https://dopa-game.jp/pokemon/dp/10345924,,,,10345924,28961,DOPA
059/165,ウインディ(マスターボールミラー),U,https://minnano-toreka.com/wp-content/uploads/2026/08/059-165_minnanotoreca-10346749.webp,ウインディ(マスターボールミラー)（U）[059/165],,https://dopa-game.jp/pokemon/dp/10346749,,,,10346749,28962,DOPA
128/100,ホップのザシアンex,SAR,https://minnano-toreka.com/wp-content/uploads/2026/08/128-100_minnanotoreca-10317138.webp,ホップのザシアンex（SAR）[128/100],,https://dopa-game.jp/pokemon/dp/10317138,,,,10317138,28963,DOPA
101/094,メガヤミラミ＆バンギラスGX,SR,https://minnano-toreka.com/wp-content/uploads/2026/08/101-094_minnanotoreca-10339737.webp,メガヤミラミ＆バンギラスGX（SR）[101/094],,https://dopa-game.jp/pokemon/dp/10339737,,,,10339737,28964,DOPA
135/106,ミカンのまなざし,SAR,https://minnano-toreka.com/wp-content/uploads/2026/08/135-106_minnanotoreca-10313369.webp,ミカンのまなざし（SAR）[135/106],,https://dopa-game.jp/pokemon/dp/10313369,,,,10313369,28965,DOPA
228/SV-P,イーブイ(未開封/AR仕様/インドネシア語版),P,https://minnano-toreka.com/wp-content/uploads/2026/08/228-SV-P_minnanotoreca-10347438.webp,イーブイ(未開封/AR仕様/インドネシア語版)（P）[228/SV-P],,https://dopa-game.jp/pokemon/dp/10347438,,,,10347438,28966,DOPA
045/171,エーフィEX,-,https://minnano-toreka.com/wp-content/uploads/2026/08/045-171_minnanotoreca-10339814.webp,エーフィEX（-）[045/171],,https://dopa-game.jp/pokemon/dp/10339814,,,,10339814,28967,DOPA
{001/028} [S8a],ピカチュウ(25thミラー),-,https://minnano-toreka.com/wp-content/uploads/2026/08/001-028-S8a_minnanotoreca-10344981.webp,ピカチュウ(25thミラー)（-）[{001/028} [S8a]],,https://dopa-game.jp/pokemon/dp/10344981,,,,10344981,28968,DOPA
{010/072} [その他],リザードンEX,-,https://minnano-toreka.com/wp-content/uploads/2026/08/010-072_minnanotoreca-10345922.webp,リザードンEX（-）[{010/072} [その他]],,https://dopa-game.jp/pokemon/dp/10345922,,,,10345922,28969,DOPA
114/098,ロケット団のミュウツーex,SR,https://minnano-toreka.com/wp-content/uploads/2026/08/114-098_minnanotoreca-10335093.webp,ロケット団のミュウツーex（SR）[114/098],,https://dopa-game.jp/pokemon/dp/10335093,,,,10335093,28970,DOPA
046/060,カビゴンVMAX,RRR,https://minnano-toreka.com/wp-content/uploads/2026/08/046-060_minnanotoreca-10298265.webp,カビゴンVMAX（RRR）[046/060],,https://dopa-game.jp/pokemon/dp/10298265,,,,10298265,28971,DOPA
237/150,サーナイトGX,SSR,https://minnano-toreka.com/wp-content/uploads/2026/08/237-150_minnanotoreca-10239054.webp,サーナイトGX（SSR）[237/150],,https://dopa-game.jp/pokemon/dp/10239054,,,,10239054,28972,DOPA
-,デッキシールド『海外/ピカチュウ(ゴッホ)※』65枚入り,-,https://minnano-toreka.com/wp-content/uploads/2026/08/none_minnanotoreca-10289449.webp,デッキシールド『海外/ピカチュウ(ゴッホ)※』65枚入り（-）[-],,https://dopa-game.jp/pokemon/dp/10289449,,,,10289449,28973,DOPA
123/098,ルギアVSTAR,UR,https://minnano-toreka.com/wp-content/uploads/2026/08/123-098_minnanotoreca-10239654.webp,ルギアVSTAR（UR）[123/098],,https://dopa-game.jp/pokemon/dp/10239654,,,,10239654,28974,DOPA
168/086,キュレムex,SAR,https://minnano-toreka.com/wp-content/uploads/2026/08/168-086_minnanotoreca-10334698.webp,キュレムex（SAR）[168/086],,https://dopa-game.jp/pokemon/dp/10334698,,,,10334698,28975,DOPA
{075/070} [S6H],ガラルギャロップV(SA),SR,https://minnano-toreka.com/wp-content/uploads/2026/08/075-070-S6H_minnanotoreca-10341883.webp,ガラルギャロップV(SA)（SR）[{075/070} [S6H]],,https://dopa-game.jp/pokemon/dp/10341883,,,,10341883,28976,DOPA
{002/018} [その他],ナゾノクサ(マクドナルド),-,https://minnano-toreka.com/wp-content/uploads/2026/08/002-018_minnanotoreca-10346365.webp,ナゾノクサ(マクドナルド)（-）[{002/018} [その他]],,https://dopa-game.jp/pokemon/dp/10346365,,,,10346365,28977,DOPA
166/S-P,アルセウス＆ディアルガ＆パルキアGX/プロモ版,P,https://minnano-toreka.com/wp-content/uploads/2026/08/166-S-P_minnanotoreca-10240160.webp,アルセウス＆ディアルガ＆パルキアGX/プロモ版（P）[166/S-P],,https://dopa-game.jp/pokemon/dp/10240160,,,,10240160,28978,DOPA
068 / 066,マルマインGX,SR,https://minnano-toreka.com/wp-content/uploads/2026/08/068-066_minnanotoreca-10338214.webp,マルマインGX（SR）[068 / 066],,https://dopa-game.jp/pokemon/dp/10338214,,,,10338214,28979,DOPA
082/069,ニンフィアv,SR,https://minnano-toreka.com/wp-content/uploads/2026/08/082-069_minnanotoreca-10239731.webp,ニンフィアv（SR）[082/069],,https://dopa-game.jp/pokemon/dp/10239731,,,,10239731,28980,DOPA
078/066,イーブイ,AR,https://minnano-toreka.com/wp-content/uploads/2026/08/078-066_minnanotoreca-10260680.webp,イーブイ（AR）[078/066],,https://dopa-game.jp/pokemon/dp/10260680,,,,10260680,28981,DOPA
128/098,ロケット団のアテナ,SAR,https://minnano-toreka.com/wp-content/uploads/2026/08/128-098_minnanotoreca-10332252.webp,ロケット団のアテナ（SAR）[128/098],,https://dopa-game.jp/pokemon/dp/10332252,,,,10332252,28982,DOPA
095/070,基本水エネルギー,UR,https://minnano-toreka.com/wp-content/uploads/2026/08/095-070_minnanotoreca-10239061.webp,基本水エネルギー（UR）[095/070],,https://dopa-game.jp/pokemon/dp/10239061,,,,10239061,28983,DOPA
167/086,ジャローダex,SAR,https://minnano-toreka.com/wp-content/uploads/2026/08/167-086_minnanotoreca-10334011.webp,ジャローダex（SAR）[167/086],,https://dopa-game.jp/pokemon/dp/10334011,,,,10334011,28984,DOPA
015/032,ジラーチ,U,https://minnano-toreka.com/wp-content/uploads/2026/08/015-032_minnanotoreca-10338675.webp,ジラーチ（U）[015/032],,https://dopa-game.jp/pokemon/dp/10338675,,,,10338675,28985,DOPA
129/101,スグリ,SAR,https://minnano-toreka.com/wp-content/uploads/2026/08/129-101_minnanotoreca-10313403.webp,スグリ（SAR）[129/101],,https://dopa-game.jp/pokemon/dp/10313403,,,,10313403,28986,DOPA
076 / 070,こくばバドレックスV,SR,https://minnano-toreka.com/wp-content/uploads/2026/08/076-070_minnanotoreca-10338211.webp,こくばバドレックスV（SR）[076 / 070],,https://dopa-game.jp/pokemon/dp/10338211,,,,10338211,28987,DOPA
196/165,エリカの招待,SR,https://minnano-toreka.com/wp-content/uploads/2026/08/196-165_minnanotoreca-10315960.webp,エリカの招待（SR）[196/165],,https://dopa-game.jp/pokemon/dp/10315960,,,,10315960,28988,DOPA
088/062,チリ,SAR,https://minnano-toreka.com/wp-content/uploads/2026/08/088-062_minnanotoreca-10305977.webp,チリ（SAR）[088/062],,https://dopa-game.jp/pokemon/dp/10305977,,,,10305977,28989,DOPA
{018/078} [XY],グレイシアEX,RR,https://minnano-toreka.com/wp-content/uploads/2026/08/018-078-XY_minnanotoreca-10346279.webp,グレイシアEX（RR）[{018/078} [XY]],,https://dopa-game.jp/pokemon/dp/10346279,,,,10346279,28990,DOPA
129/100,ボーマンダex,SAR,https://minnano-toreka.com/wp-content/uploads/2026/08/129-100_minnanotoreca-10317176.webp,ボーマンダex（SAR）[129/100],,https://dopa-game.jp/pokemon/dp/10317176,,,,10317176,28991,DOPA
062/187,エーフィ(マスターボールミラー),-,https://minnano-toreka.com/wp-content/uploads/2026/08/062-187_minnanotoreca-10341106.webp,エーフィ(マスターボールミラー)（-）[062/187],,https://dopa-game.jp/pokemon/dp/10341106,,,,10341106,28992,DOPA
-,プレイマット『みんなおつかれさま』未開封,-,https://minnano-toreka.com/wp-content/uploads/2026/08/none_minnanotoreca-10341094.webp,プレイマット『みんなおつかれさま』未開封（-）[-],,https://dopa-game.jp/pokemon/dp/10341094,,,,10341094,28993,DOPA
-,デッキシールド『海外/ゴンべ&カビゴン(ゴッホ)※』65枚入り,-,https://minnano-toreka.com/wp-content/uploads/2026/08/none_minnanotoreca-10289450.webp,デッキシールド『海外/ゴンべ&カビゴン(ゴッホ)※』65枚入り（-）[-],,https://dopa-game.jp/pokemon/dp/10289450,,,,10289450,28994,DOPA
-,デッキシールド『ポケモンセンターメガトウキョー』32枚入り,-,https://minnano-toreka.com/wp-content/uploads/2026/08/none_minnanotoreca-10280198.webp,デッキシールド『ポケモンセンターメガトウキョー』32枚入り（-）[-],,https://dopa-game.jp/pokemon/dp/10280198,,,,10280198,28995,DOPA
075/070,いちげきウーラオスv,SR,https://minnano-toreka.com/wp-content/uploads/2026/08/075-070_minnanotoreca-10338164.webp,いちげきウーラオスv（SR）[075/070],,https://dopa-game.jp/pokemon/dp/10239728,,,,10239728,28996,DOPA
170/086,メロエッタex,SAR,https://minnano-toreka.com/wp-content/uploads/2026/08/170-086_minnanotoreca-10333966.webp,メロエッタex（SAR）[170/086],,https://dopa-game.jp/pokemon/dp/10333966,,,,10333966,28997,DOPA
137/106,夜のタンカ,UR,https://minnano-toreka.com/wp-content/uploads/2026/08/137-106_minnanotoreca-10317145.webp,夜のタンカ（UR）[137/106],,https://dopa-game.jp/pokemon/dp/10317145,,,,10317145,28998,DOPA
{075/066} [sm6],ぼんぐり職人,SR,https://minnano-toreka.com/wp-content/uploads/2026/08/075-066-sm6_minnanotoreca-10332256.webp,ぼんぐり職人（SR）[{075/066} [sm6]],,https://dopa-game.jp/pokemon/dp/10332256,,,,10332256,28999,DOPA
090/063,ヒビキのホウオウex,UR,https://minnano-toreka.com/wp-content/uploads/2026/08/090-063_minnanotoreca-10329211.webp,ヒビキのホウオウex（UR）[090/063],,https://dopa-game.jp/pokemon/dp/10329211,,,,10329211,29000,DOPA
272/S-P,ピカチュウ,-,https://minnano-toreka.com/wp-content/uploads/2026/08/272-S-P_minnanotoreca-10340491.webp,ピカチュウ（-）[272/S-P],,https://dopa-game.jp/pokemon/dp/10340491,,,,10340491,29001,DOPA
{129/100} [S8],基本炎エネルギー,UR,https://minnano-toreka.com/wp-content/uploads/2026/08/129-100-S8_minnanotoreca-10344187.webp,基本炎エネルギー（UR）[{129/100} [S8]],,https://dopa-game.jp/pokemon/dp/10344187,,,,10344187,29002,DOPA
014/032,ミュウツー(Classicキラ),−,https://minnano-toreka.com/wp-content/uploads/2026/08/014-032_minnanotoreca-10343933.webp,ミュウツー(Classicキラ)（−）[014/032],,https://dopa-game.jp/pokemon/dp/10343933,,,,10343933,29003,DOPA
-,デッキシールド『ヨコハマのピカチュウ(スペシャルBOX)※』64枚入り,-,https://minnano-toreka.com/wp-content/uploads/2026/08/none_minnanotoreca-10285321.webp,デッキシールド『ヨコハマのピカチュウ(スペシャルBOX)※』64枚入り（-）[-],,https://dopa-game.jp/pokemon/dp/10342770,,,,10342770,29004,DOPA
XY-P,ジムバッジ(ナツメ),P,https://minnano-toreka.com/wp-content/uploads/2026/08/XY-P_minnanotoreca-10343935.webp,ジムバッジ(ナツメ)（P）[XY-P],,https://dopa-game.jp/pokemon/dp/10343935,,,,10343935,29005,DOPA
015/128,削除,-,https://minnano-toreka.com/wp-content/uploads/2026/08/015-128_minnanotoreca-10336924.webp,削除（-）[015/128],,https://dopa-game.jp/pokemon/dp/10336924,,,,10336924,29006,DOPA
079/070,ハピナスV,SR,https://minnano-toreka.com/wp-content/uploads/2026/08/079-070_minnanotoreca-10339772.webp,ハピナスV（SR）[079/070],,https://dopa-game.jp/pokemon/dp/10339772,,,,10339772,29007,DOPA
-,デッキシールド『海外/ドーブル(ゴッホ)※』65枚入り,-,https://minnano-toreka.com/wp-content/uploads/2026/08/none_minnanotoreca-10289451.webp,デッキシールド『海外/ドーブル(ゴッホ)※』65枚入り（-）[-],,https://dopa-game.jp/pokemon/dp/10289451,,,,10289451,29008,DOPA
-,デッキシールド『海外/アーマーガア(ゴッホ)※』65枚入り,-,https://minnano-toreka.com/wp-content/uploads/2026/08/none_minnanotoreca-10289452.webp,デッキシールド『海外/アーマーガア(ゴッホ)※』65枚入り（-）[-],,https://dopa-game.jp/pokemon/dp/10289452,,,,10289452,29009,DOPA
207/187,イルカマンex,SAR,https://minnano-toreka.com/wp-content/uploads/2026/08/207-187_minnanotoreca-10313255.webp,イルカマンex（SAR）[207/187],,https://dopa-game.jp/pokemon/dp/10313255,,,,10313255,29010,DOPA
{047/PCG-P},ポケパークのアチャモ(未開封),-,https://minnano-toreka.com/wp-content/uploads/2026/08/047-PCG-P_minnanotoreca-10330232.webp,ポケパークのアチャモ(未開封)（-）[{047/PCG-P}],,https://dopa-game.jp/pokemon/dp/10330232,,,,10330232,29011,DOPA
035/080,エーフィEX,RR,https://minnano-toreka.com/wp-content/uploads/2026/08/035-080_minnanotoreca-10329975.webp,エーフィEX（RR）[035/080],,https://dopa-game.jp/pokemon/dp/10329975,,,,10329975,29012,DOPA
079/070,トルネロスV,SR,https://minnano-toreka.com/wp-content/uploads/2026/08/079-070_minnanotoreca-10239742.webp,トルネロスV（SR）[079/070],,https://dopa-game.jp/pokemon/dp/10239742,,,,10239742,29013,DOPA
090/070,クララ,HR,https://minnano-toreka.com/wp-content/uploads/2026/08/090-070_minnanotoreca-10239723.webp,クララ（HR）[090/070],,https://dopa-game.jp/pokemon/dp/10239723,,,,10239723,29014,DOPA
{055/050},マツバ,SR,https://minnano-toreka.com/wp-content/uploads/2026/08/055-050_minnanotoreca-10332257.webp,マツバ（SR）[{055/050}],,https://dopa-game.jp/pokemon/dp/10332257,,,,10332257,29015,DOPA
{072/066} [sm6],ボーマンダGX,SR,https://minnano-toreka.com/wp-content/uploads/2026/08/072-066-sm6_minnanotoreca-10341890.webp,ボーマンダGX（SR）[{072/066} [sm6]],,https://dopa-game.jp/pokemon/dp/10341890,,,,10341890,29016,DOPA
-,セレビィ&フシギバナ,HR,https://minnano-toreka.com/wp-content/uploads/2026/08/none_minnanotoreca-10307845.webp,セレビィ&フシギバナ（HR）[-],,https://dopa-game.jp/pokemon/dp/10307845,,,,10307845,29017,DOPA
{125/187} [SV8a],イーブイ(マスターボールミラー),[-],https://minnano-toreka.com/wp-content/uploads/2026/08/125-187-SV8a_minnanotoreca-10340870.webp,イーブイ(マスターボールミラー)（[-]）[{125/187} [SV8a]],,https://dopa-game.jp/pokemon/dp/10340870,,,,10340870,29018,DOPA
213/172,エンテイV,SAR,https://minnano-toreka.com/wp-content/uploads/2026/08/213-172_minnanotoreca-10239829.webp,エンテイV（SAR）[213/172],,https://dopa-game.jp/pokemon/dp/10239829,,,,10239829,29019,DOPA
101/S-P,イーブイVMAX,S-P,https://minnano-toreka.com/wp-content/uploads/2026/08/101-S-P_minnanotoreca-10338162.webp,イーブイVMAX（S-P）[101/S-P],,https://dopa-game.jp/pokemon/dp/10338162,,,,10338162,29020,DOPA
115/100,リーリエのピッピex,SR,https://minnano-toreka.com/wp-content/uploads/2026/08/115-100_minnanotoreca-10317174.webp,リーリエのピッピex（SR）[115/100],,https://dopa-game.jp/pokemon/dp/10317174,,,,10317174,29021,DOPA
{147/165} [SV2a],ミニリュウ(マスターボールミラー),C,https://minnano-toreka.com/wp-content/uploads/2026/08/147-165-SV2a_minnanotoreca-10343943.webp,ミニリュウ(マスターボールミラー)（C）[{147/165} [SV2a]],,https://dopa-game.jp/pokemon/dp/10343943,,,,10343943,29022,DOPA
172/086,ゲノセクトex,SAR,https://minnano-toreka.com/wp-content/uploads/2026/08/172-086_minnanotoreca-10333990.webp,ゲノセクトex（SAR）[172/086],,https://dopa-game.jp/pokemon/dp/10333990,,,,10333990,29023,DOPA
094/071,テツノカシラex,SAR,https://minnano-toreka.com/wp-content/uploads/2026/08/094-071_minnanotoreca-10241033.webp,テツノカシラex（SAR）[094/071],,https://dopa-game.jp/pokemon/dp/10241033,,,,10241033,29024,DOPA
092/066,メロコ,SAR,https://minnano-toreka.com/wp-content/uploads/2026/08/092-066_minnanotoreca-10239738.webp,メロコ（SAR）[092/066],,https://dopa-game.jp/pokemon/dp/10239738,,,,10239738,29025,DOPA
265/S-P,ピカチュウVMAX,P,https://minnano-toreka.com/wp-content/uploads/2026/08/265-S-P_minnanotoreca-10240436.webp,ピカチュウVMAX（P）[265/S-P],,https://dopa-game.jp/pokemon/dp/10240436,,,,10240436,29026,DOPA
011/032,ライチュウ,C,https://minnano-toreka.com/wp-content/uploads/2026/08/011-032_minnanotoreca-10346297.webp,ライチュウ（C）[011/032],,https://dopa-game.jp/pokemon/dp/10346297,,,,10346297,29027,DOPA
197/190,ポケモンごっこ,SR,https://minnano-toreka.com/wp-content/uploads/2026/08/197-190_minnanotoreca-10239053.webp,ポケモンごっこ（SR）[197/190],,https://dopa-game.jp/pokemon/dp/10239053,,,,10239053,29028,DOPA
054/050,ミミッキュGX,SR,https://minnano-toreka.com/wp-content/uploads/2026/08/054-050_minnanotoreca-10339738.webp,ミミッキュGX（SR）[054/050],,https://dopa-game.jp/pokemon/dp/10339738,,,,10339738,29029,DOPA
{009/051} [smL],リザードンGX(RR仕様),-,https://minnano-toreka.com/wp-content/uploads/2026/08/009-051-smL_minnanotoreca-10345972.webp,リザードンGX(RR仕様)（-）[{009/051} [smL]],,https://dopa-game.jp/pokemon/dp/10345972,,,,10345972,29030,DOPA
073/070,はくばバドレックスV,SR,https://minnano-toreka.com/wp-content/uploads/2026/08/073-070_minnanotoreca-10240573.webp,はくばバドレックスV（SR）[073/070],,https://dopa-game.jp/pokemon/dp/10240573,,,,10240573,29031,DOPA
093/071,ウガツホムラex,SAR,https://minnano-toreka.com/wp-content/uploads/2026/08/093-071_minnanotoreca-10241032.webp,ウガツホムラex（SAR）[093/071],,https://dopa-game.jp/pokemon/dp/10241032,,,,10241032,29032,DOPA
071/063,カスミのコダック,AR,https://minnano-toreka.com/wp-content/uploads/2026/08/071-063_minnanotoreca-10329312.webp,カスミのコダック（AR）[071/063],,https://dopa-game.jp/pokemon/dp/10329312,,,,10329312,29033,DOPA
064/049,こだわりハチマキ,UR,https://minnano-toreka.com/wp-content/uploads/2026/08/064-049_minnanotoreca-10347221.webp,こだわりハチマキ（UR）[064/049],,https://dopa-game.jp/pokemon/dp/10347221,,,,10347221,29034,DOPA
078/067,ナタネの活気,SR,https://minnano-toreka.com/wp-content/uploads/2026/08/078-067_minnanotoreca-10313245.webp,ナタネの活気（SR）[078/067],,https://dopa-game.jp/pokemon/dp/10313245,,,,10313245,29035,DOPA
130/100,ナンジャモのハラバリーex,UR,https://minnano-toreka.com/wp-content/uploads/2026/08/130-100_minnanotoreca-10334477.webp,ナンジャモのハラバリーex（UR）[130/100],,https://dopa-game.jp/pokemon/dp/10334477,,,,10334477,29036,DOPA
-,デッキシールド『歴戦の強者達』64枚入り,-,https://minnano-toreka.com/wp-content/uploads/2026/08/none_minnanotoreca-10292123.webp,デッキシールド『歴戦の強者達』64枚入り（-）[-],,https://dopa-game.jp/pokemon/dp/10292123,,,,10292123,29037,DOPA
-,[1BOX]スタートデッキ100(コロコロコミックver.),BOX,https://minnano-toreka.com/wp-content/uploads/2026/08/none_minnanotoreca-10290493.webp,[1BOX]スタートデッキ100(コロコロコミックver.)（BOX）[-],,https://dopa-game.jp/pokemon/dp/10290493,,,,10290493,29038,DOPA
-,デッキシールド『はんなりお茶会ごっこ』64枚入り,-,https://minnano-toreka.com/wp-content/uploads/2026/08/none_minnanotoreca-10271846.webp,デッキシールド『はんなりお茶会ごっこ』64枚入り（-）[-],,https://dopa-game.jp/pokemon/dp/10271846,,,,10271846,29039,DOPA
-,デッキシールド『ピカチュウ&パルデア御三家&コライドン&ミライドン(ASIA CS 2022-23)※』64枚入り,-,https://minnano-toreka.com/wp-content/uploads/2026/08/none_minnanotoreca-10282892.webp,デッキシールド『ピカチュウ&パルデア御三家&コライドン&ミライドン(ASIA CS 2022-23)※』64枚入り（-）[-],,https://dopa-game.jp/pokemon/dp/10282892,,,,10282892,29040,DOPA
203/187,ソウブレイズex,SAR,https://minnano-toreka.com/wp-content/uploads/2026/08/203-187_minnanotoreca-10317175.webp,ソウブレイズex（SAR）[203/187],,https://dopa-game.jp/pokemon/dp/10317175,,,,10317175,29041,DOPA
-,デッキシールド『進化の系譜リザードン』64枚入り,-,https://minnano-toreka.com/wp-content/uploads/2026/08/none_minnanotoreca-10330169.webp,デッキシールド『進化の系譜リザードン』64枚入り（-）[-],,https://dopa-game.jp/pokemon/dp/10330169,,,,10330169,29042,DOPA
016/064,カメックス＆ポッチャマGX,RR,https://minnano-toreka.com/wp-content/uploads/2026/08/016-064_minnanotoreca-10241023.webp,カメックス＆ポッチャマGX（RR）[016/064],,https://dopa-game.jp/pokemon/dp/10241023,,,,10241023,29043,DOPA
-,デッキシールド『海外/レックウザ※』65枚入り,-,https://minnano-toreka.com/wp-content/uploads/2026/08/none_minnanotoreca-10343048.webp,デッキシールド『海外/レックウザ※』65枚入り（-）[-],,https://dopa-game.jp/pokemon/dp/10343048,,,,10343048,29044,DOPA
100/073,ボスの指令,SAR,https://minnano-toreka.com/wp-content/uploads/2026/08/100-073_minnanotoreca-10327011.webp,ボスの指令（SAR）[100/073],,https://dopa-game.jp/pokemon/dp/10327011,,,,10327011,29045,DOPA
045/066,ディアルガGX,RR,https://minnano-toreka.com/wp-content/uploads/2026/08/045-066_minnanotoreca-10329972.webp,ディアルガGX（RR）[045/066],,https://dopa-game.jp/pokemon/dp/10329972,,,,10329972,29046,DOPA
{242/SV-P} [SV-P],ピカチュウ,P,https://minnano-toreka.com/wp-content/uploads/2026/08/242-SV-P-SV-P_minnanotoreca-10346811.webp,ピカチュウ（P）[{242/SV-P} [SV-P]],,https://dopa-game.jp/pokemon/dp/10346811,,,,10346811,29047,DOPA
{030/187} [SV8a],シャワーズ(マスターボールミラー),[-],https://minnano-toreka.com/wp-content/uploads/2026/08/030-187-SV8a_minnanotoreca-10340865.webp,シャワーズ(マスターボールミラー)（[-]）[{030/187} [SV8a]],,https://dopa-game.jp/pokemon/dp/10340865,,,,10340865,29048,DOPA
052/054,ネストボール,TR,https://minnano-toreka.com/wp-content/uploads/2026/08/052-054_minnanotoreca-10339813.webp,ネストボール（TR）[052/054],,https://dopa-game.jp/pokemon/dp/10339813,,,,10339813,29049,DOPA
{020/171} [XY],グレイシアEX,-,https://minnano-toreka.com/wp-content/uploads/2026/08/020-171-XY_minnanotoreca-10346278.webp,グレイシアEX（-）[{020/171} [XY]],,https://dopa-game.jp/pokemon/dp/10346278,,,,10346278,29050,DOPA
218/172,ライコウV,SAR,https://minnano-toreka.com/wp-content/uploads/2026/08/218-172_minnanotoreca-10239813.webp,ライコウV（SAR）[218/172],,https://dopa-game.jp/pokemon/dp/10239813,,,,10239813,29051,DOPA
151/150,エーテル財団職員,SR,https://minnano-toreka.com/wp-content/uploads/2026/08/151-150_minnanotoreca-10239757.webp,エーテル財団職員（SR）[151/150],,https://dopa-game.jp/pokemon/dp/10239757,,,,10239757,29052,DOPA
{073/060} [sm7],カウンターゲイン,UR,https://minnano-toreka.com/wp-content/uploads/2026/08/073-060-sm7_minnanotoreca-10344182.webp,カウンターゲイン（UR）[{073/060} [sm7]],,https://dopa-game.jp/pokemon/dp/10344182,,,,10344182,29053,DOPA
{021/187} [SV8a],ブースター(マスターボールミラー),[-],https://minnano-toreka.com/wp-content/uploads/2026/08/021-187-SV8a_minnanotoreca-10340868.webp,ブースター(マスターボールミラー)（[-]）[{021/187} [SV8a]],,https://dopa-game.jp/pokemon/dp/10340868,,,,10340868,29054,DOPA
{166/150} [sm8b],ヒトカゲ,S,https://minnano-toreka.com/wp-content/uploads/2026/08/166-150-sm8b_minnanotoreca-10346367.webp,ヒトカゲ（S）[{166/150} [sm8b]],,https://dopa-game.jp/pokemon/dp/10346367,,,,10346367,29055,DOPA
170/086,ブルンゲルex,SAR,https://minnano-toreka.com/wp-content/uploads/2026/08/170-086_minnanotoreca-10333973.webp,ブルンゲルex（SAR）[170/086],,https://dopa-game.jp/pokemon/dp/10333973,,,,10333973,29056,DOPA
089/066,テツノブジンex,SAR,https://minnano-toreka.com/wp-content/uploads/2026/08/089-066_minnanotoreca-10239465.webp,テツノブジンex（SAR）[089/066],,https://dopa-game.jp/pokemon/dp/10239465,,,,10239465,29057,DOPA
229/S-P,(未開封)サイトウ(R仕様),P,https://minnano-toreka.com/wp-content/uploads/2026/08/229-S-P_minnanotoreca-10240117.webp,(未開封)サイトウ(R仕様)（P）[229/S-P],,https://dopa-game.jp/pokemon/dp/10240117,,,,10240117,29058,DOPA
-,デッキシールド『マリィの練習(海外限定)※』65枚入り,-,https://minnano-toreka.com/wp-content/uploads/2026/08/none_minnanotoreca-10264135.webp,デッキシールド『マリィの練習(海外限定)※』65枚入り（-）[-],,https://dopa-game.jp/pokemon/dp/10264135,,,,10264135,29059,DOPA
103/095,メガミミロップ＆プリンGX,SR,https://minnano-toreka.com/wp-content/uploads/2026/08/103-095_minnanotoreca-10240167.webp,メガミミロップ＆プリンGX（SR）[103/095],,https://dopa-game.jp/pokemon/dp/10240167,,,,10240167,29060,DOPA
070/067,ゴルーグV,SR,https://minnano-toreka.com/wp-content/uploads/2026/08/070-067_minnanotoreca-10338212.webp,ゴルーグV（SR）[070/067],,https://dopa-game.jp/pokemon/dp/10338212,,,,10338212,29061,DOPA
{058/053} [sm6],カツラの一発勝負,SR,https://minnano-toreka.com/wp-content/uploads/2026/08/058-053-sm6_minnanotoreca-10332254.webp,カツラの一発勝負（SR）[{058/053} [sm6]],,https://dopa-game.jp/pokemon/dp/10332254,,,,10332254,29062,DOPA
125/101,オーガポンみどりのめんex【SAR】,SAR,https://minnano-toreka.com/wp-content/uploads/2026/08/125-101_minnanotoreca-10330068.webp,オーガポンみどりのめんex【SAR】（SAR）[125/101],,https://dopa-game.jp/pokemon/dp/10330068,,,,10330068,29063,DOPA
116/100,サイトウ,HR,https://minnano-toreka.com/wp-content/uploads/2026/08/116-100_minnanotoreca-10240456.webp,サイトウ（HR）[116/100],,https://dopa-game.jp/pokemon/dp/10240456,,,,10240456,29064,DOPA
{103/095} [sm8],ザオボー,SR,https://minnano-toreka.com/wp-content/uploads/2026/08/103-095-sm8_minnanotoreca-10332262.webp,ザオボー（SR）[{103/095} [sm8]],,https://dopa-game.jp/pokemon/dp/10332262,,,,10332262,29065,DOPA
084/067,サナ,HR,https://minnano-toreka.com/wp-content/uploads/2026/08/084-067_minnanotoreca-10240004.webp,サナ（HR）[084/067],,https://dopa-game.jp/pokemon/dp/10240004,,,,10240004,29066,DOPA
097/073,ラウドボーンex,SAR,https://minnano-toreka.com/wp-content/uploads/2026/08/097-073_minnanotoreca-10239749.webp,ラウドボーンex（SAR）[097/073],,https://dopa-game.jp/pokemon/dp/10239749,,,,10239749,29067,DOPA
083/067,カイ,HR,https://minnano-toreka.com/wp-content/uploads/2026/08/083-067_minnanotoreca-10239656.webp,カイ（HR）[083/067],,https://dopa-game.jp/pokemon/dp/10239656,,,,10239656,29068,DOPA
123/102,アカマツ,SR,https://minnano-toreka.com/wp-content/uploads/2026/08/123-102_minnanotoreca-10316867.webp,アカマツ（SR）[123/102],,https://dopa-game.jp/pokemon/dp/10316867,,,,10316867,29069,DOPA
{169/086} [SV11W],ケルディオEX,SAR,https://minnano-toreka.com/wp-content/uploads/2026/08/169-086-SV11W_minnanotoreca-10333972.webp,ケルディオEX（SAR）[{169/086} [SV11W]],,https://dopa-game.jp/pokemon/dp/10333972,,,,10333972,29070,DOPA
091/066,ガチグマアカツキex,SAR,https://minnano-toreka.com/wp-content/uploads/2026/08/091-066_minnanotoreca-10260687.webp,ガチグマアカツキex（SAR）[091/066],,https://dopa-game.jp/pokemon/dp/10260687,,,,10260687,29071,DOPA
089/064,アローラナッシーex,SAR,https://minnano-toreka.com/wp-content/uploads/2026/08/089-064_minnanotoreca-10315962.webp,アローラナッシーex（SAR）[089/064],,https://dopa-game.jp/pokemon/dp/10315962,,,,10315962,29072,DOPA
114/100,シロナの覇気,SR,https://minnano-toreka.com/wp-content/uploads/2026/08/114-100_minnanotoreca-10239050.webp,シロナの覇気（SR）[114/100],,https://dopa-game.jp/pokemon/dp/10239050,,,,10239050,29073,DOPA
228/172,ダークライVSTAR,SAR,https://minnano-toreka.com/wp-content/uploads/2026/08/228-172_minnanotoreca-10238944.webp,ダークライVSTAR（SAR）[228/172],,https://dopa-game.jp/pokemon/dp/10238944,,,,10238944,29074,DOPA
082/070,シャクヤ,SR,https://minnano-toreka.com/wp-content/uploads/2026/08/082-070_minnanotoreca-10313250.webp,シャクヤ（SR）[082/070],,https://dopa-game.jp/pokemon/dp/10313250,,,,10313250,29075,DOPA
080/165,ヤドラン(マスターボールミラー),U,https://minnano-toreka.com/wp-content/uploads/2026/08/080-165_minnanotoreca-10346956.webp,ヤドラン(マスターボールミラー)（U）[080/165],,https://dopa-game.jp/pokemon/dp/10346956,,,,10346956,29076,DOPA
226~229/184,モルペコV-UNION(4枚セット),CSR,https://minnano-toreka.com/wp-content/uploads/2026/08/226-229-184_minnanotoreca-10239473.webp,モルペコV-UNION(4枚セット)（CSR）[226~229/184],,https://dopa-game.jp/pokemon/dp/10239473,,,,10239473,29077,DOPA
-,デッキシールド『カナザワ店オープン記念』64枚入り,-,https://minnano-toreka.com/wp-content/uploads/2026/08/none_minnanotoreca-10345601.webp,デッキシールド『カナザワ店オープン記念』64枚入り（-）[-],,https://dopa-game.jp/pokemon/dp/10345601,,,,10345601,29078,DOPA
{128/100} [S8],基本草エネルギー,UR,https://minnano-toreka.com/wp-content/uploads/2026/08/128-100-S8_minnanotoreca-10344189.webp,基本草エネルギー（UR）[{128/100} [S8]],,https://dopa-game.jp/pokemon/dp/10344189,,,,10344189,29079,DOPA
{058/165} [SV2a],ガーディ(マスターボールミラー),C,https://minnano-toreka.com/wp-content/uploads/2026/08/058-165-SV2a_minnanotoreca-10341003.webp,ガーディ(マスターボールミラー)（C）[{058/165} [SV2a]],,https://dopa-game.jp/pokemon/dp/10341003,,,,10341003,29080,DOPA
080/071,ゴース,AR,https://minnano-toreka.com/wp-content/uploads/2026/08/080-071_minnanotoreca-10244766.webp,ゴース（AR）[080/071],,https://dopa-game.jp/pokemon/dp/10244766,,,,10244766,29081,DOPA
{108/078} [SV1S],基本闘エネルギー(SVデザイン),UR,https://minnano-toreka.com/wp-content/uploads/2026/08/108-078-SV1S_minnanotoreca-10344191.webp,基本闘エネルギー(SVデザイン)（UR）[{108/078} [SV1S]],,https://dopa-game.jp/pokemon/dp/10344191,,,,10344191,29082,DOPA
{015/076} [s3a],ライコウ,A,https://minnano-toreka.com/wp-content/uploads/2026/08/015-076-s3a_minnanotoreca-10346287.webp,ライコウ（A）[{015/076} [s3a]],,https://dopa-game.jp/pokemon/dp/10346287,,,,10346287,29083,DOPA
{110/096} [sm7],ダートじてんしゃ,UR,https://minnano-toreka.com/wp-content/uploads/2026/08/110-096-sm7_minnanotoreca-10344205.webp,ダートじてんしゃ（UR）[{110/096} [sm7]],,https://dopa-game.jp/pokemon/dp/10344205,,,,10344205,29084,DOPA
{093/064} [SV6a],大地の器,UR,https://minnano-toreka.com/wp-content/uploads/2026/08/093-064-SV6a_minnanotoreca-10344207.webp,大地の器（UR）[{093/064} [SV6a]],,https://dopa-game.jp/pokemon/dp/10344207,,,,10344207,29085,DOPA
{002/187} [SV8a],リーフィア(マスターボールミラー),[-],https://minnano-toreka.com/wp-content/uploads/2026/08/002-187-SV8a_minnanotoreca-10340869.webp,リーフィア(マスターボールミラー)（[-]）[{002/187} [SV8a]],,https://dopa-game.jp/pokemon/dp/10340869,,,,10340869,29086,DOPA
100/078,ミモザ,SR,https://minnano-toreka.com/wp-content/uploads/2026/08/100-078_minnanotoreca-10313402.webp,ミモザ（SR）[100/078],,https://dopa-game.jp/pokemon/dp/10313402,,,,10313402,29087,DOPA
354/190,ボタン,SAR,https://minnano-toreka.com/wp-content/uploads/2026/08/354-190_minnanotoreca-10244302.webp,ボタン（SAR）[354/190],,https://dopa-game.jp/pokemon/dp/10244302,,,,10244302,29088,DOPA
051/187,サンダース(マスターボールミラー),-,https://minnano-toreka.com/wp-content/uploads/2026/08/051-187_minnanotoreca-10341118.webp,サンダース(マスターボールミラー)（-）[051/187],,https://dopa-game.jp/pokemon/dp/10341118,,,,10341118,29089,DOPA
084/063,アセロラのいたずら,SR,https://minnano-toreka.com/wp-content/uploads/2026/08/084-063_minnanotoreca-10338080.webp,アセロラのいたずら（SR）[084/063],,https://dopa-game.jp/pokemon/dp/10338080,,,,10338080,29090,DOPA
063/050,鋼鉄のフライパン,UR,https://minnano-toreka.com/wp-content/uploads/2026/08/063-050_minnanotoreca-10347220.webp,鋼鉄のフライパン（UR）[063/050],,https://dopa-game.jp/pokemon/dp/10347220,,,,10347220,29091,DOPA
113/098,スズナ,SR,https://minnano-toreka.com/wp-content/uploads/2026/08/113-098_minnanotoreca-10239575.webp,スズナ（SR）[113/098],,https://dopa-game.jp/pokemon/dp/10239575,,,,10239575,29092,DOPA
090/062,ガブリアスex,UR,https://minnano-toreka.com/wp-content/uploads/2026/08/090-062_minnanotoreca-10240872.webp,ガブリアスex（UR）[090/062],,https://dopa-game.jp/pokemon/dp/10240872,,,,10240872,29093,DOPA
-,デッキシールド『Pikachu drawing』64枚入り,-,https://minnano-toreka.com/wp-content/uploads/2026/08/none_minnanotoreca-10281376.webp,デッキシールド『Pikachu drawing』64枚入り（-）[-],,https://dopa-game.jp/pokemon/dp/10281376,,,,10281376,29094,DOPA
078/066,ユニットエネルギー雷超鋼,UR,https://minnano-toreka.com/wp-content/uploads/2026/08/078-066_minnanotoreca-10344659.webp,ユニットエネルギー雷超鋼（UR）[078/066],,https://dopa-game.jp/pokemon/dp/10344659,,,,10344659,29095,DOPA
207/165,サカキのカリスマ,SAR,https://minnano-toreka.com/wp-content/uploads/2026/08/207-165_minnanotoreca-10238855.webp,サカキのカリスマ（SAR）[207/165],,https://dopa-game.jp/pokemon/dp/10238855,,,,10238855,29096,DOPA
080/070,アスナ,SR,https://minnano-toreka.com/wp-content/uploads/2026/08/080-070_minnanotoreca-10239997.webp,アスナ（SR）[080/070],,https://dopa-game.jp/pokemon/dp/10239997,,,,10239997,29097,DOPA
219/172,ゼラオラVMAX,SAR,https://minnano-toreka.com/wp-content/uploads/2026/08/219-172_minnanotoreca-10306581.webp,ゼラオラVMAX（SAR）[219/172],,https://dopa-game.jp/pokemon/dp/10306581,,,,10306581,29098,DOPA
031/090,ピカチュウ,-,https://minnano-toreka.com/wp-content/uploads/2026/08/031-090_minnanotoreca-10339816.webp,ピカチュウ（-）[031/090],,https://dopa-game.jp/pokemon/dp/10339816,,,,10339816,29099,DOPA
{169/XY-P} [XY],ガラガラ,P,https://minnano-toreka.com/wp-content/uploads/2026/08/169-XY-P-XY_minnanotoreca-10346368.webp,ガラガラ（P）[{169/XY-P} [XY]],,https://dopa-game.jp/pokemon/dp/10346368,,,,10346368,29100,DOPA
011/071,かがやくリザードン,K,https://minnano-toreka.com/wp-content/uploads/2026/08/011-071_minnanotoreca-10340493.webp,かがやくリザードン（K）[011/071],,https://dopa-game.jp/pokemon/dp/10340493,,,,10340493,29101,DOPA
-,時を超えたセレビィ,-,https://minnano-toreka.com/wp-content/uploads/2026/08/none_minnanotoreca-10342701.webp,時を超えたセレビィ（-）[-],,https://dopa-game.jp/pokemon/dp/10342701,,,,10342701,29102,DOPA
{106/095} [sm10],溶接工,SR,https://minnano-toreka.com/wp-content/uploads/2026/08/106-095-sm10_minnanotoreca-10341887.webp,溶接工（SR）[{106/095} [sm10]],,https://dopa-game.jp/pokemon/dp/10341887,,,,10341887,29103,DOPA
093/071,テツノイサハex,SAR,https://minnano-toreka.com/wp-content/uploads/2026/08/093-071_minnanotoreca-10241046.webp,テツノイサハex（SAR）[093/071],,https://dopa-game.jp/pokemon/dp/10241046,,,,10241046,29104,DOPA
118/098,ルギアVSTAR,HR,https://minnano-toreka.com/wp-content/uploads/2026/08/118-098_minnanotoreca-10240325.webp,ルギアVSTAR（HR）[118/098],,https://dopa-game.jp/pokemon/dp/10240325,,,,10240325,29105,DOPA
135/102,ゼロの大空洞,UR,https://minnano-toreka.com/wp-content/uploads/2026/08/135-102_minnanotoreca-10289348.webp,ゼロの大空洞（UR）[135/102],,https://dopa-game.jp/pokemon/dp/10289348,,,,10289348,29106,DOPA
-,デッキシールド『海外/ナンジャモ(スペシャルセット)』64枚入り,-,https://minnano-toreka.com/wp-content/uploads/2026/08/none_minnanotoreca-10264134.webp,デッキシールド『海外/ナンジャモ(スペシャルセット)』64枚入り（-）[-],,https://dopa-game.jp/pokemon/dp/10264134,,,,10264134,29107,DOPA
127/102,カミツオロチex,SAR,https://minnano-toreka.com/wp-content/uploads/2026/08/127-102_minnanotoreca-10289337.webp,カミツオロチex（SAR）[127/102],,https://dopa-game.jp/pokemon/dp/10289337,,,,10289337,31854,DOPA
091/066,オーリム博士の気迫,SAR,https://minnano-toreka.com/wp-content/uploads/2026/08/091-066_minnanotoreca-10239601.webp,オーリム博士の気迫（SAR）[091/066],,https://dopa-game.jp/pokemon/dp/10239601,,,,10239601,29108,DOPA
{103/094} [sm11],カイリューGX,SR,https://minnano-toreka.com/wp-content/uploads/2026/08/103-094-sm11_minnanotoreca-10341881.webp,カイリューGX（SR）[{103/094} [sm11]],,https://dopa-game.jp/pokemon/dp/10341881,,,,10341881,29109,DOPA
331/190,リザードンex,SSR,https://minnano-toreka.com/wp-content/uploads/2026/08/331-190_minnanotoreca-10240086.webp,リザードンex（SSR）[331/190],,https://dopa-game.jp/pokemon/dp/10240086,,,,10240086,29110,DOPA
121/S-P,(未開封)ピカチュウV(RR仕様),P,https://minnano-toreka.com/wp-content/uploads/2026/08/121-S-P_minnanotoreca-10346694.webp,(未開封)ピカチュウV(RR仕様)（P）[121/S-P],,https://dopa-game.jp/pokemon/dp/10346694,,,,10346694,29111,DOPA
131/165,ラプラス(マスターボールミラー),U,https://minnano-toreka.com/wp-content/uploads/2026/08/131-165_minnanotoreca-10346960.webp,ラプラス(マスターボールミラー)（U）[131/165],,https://dopa-game.jp/pokemon/dp/10346960,,,,10346960,29112,DOPA
082/068,ふりそで,SR,https://minnano-toreka.com/wp-content/uploads/2026/08/082-068_minnanotoreca-10239573.webp,ふりそで（SR）[082/068],,https://dopa-game.jp/pokemon/dp/10239573,,,,10239573,29113,DOPA
081/070,カリンの信念,SR,https://minnano-toreka.com/wp-content/uploads/2026/08/081-070_minnanotoreca-10332120.webp,カリンの信念（SR）[081/070],,https://dopa-game.jp/pokemon/dp/10332120,,,,10332120,29114,DOPA
155/S-P,シロナ,P,https://minnano-toreka.com/wp-content/uploads/2026/08/155-S-P_minnanotoreca-10240114.webp,シロナ（P）[155/S-P],,https://dopa-game.jp/pokemon/dp/10240114,,,,10240114,29115,DOPA
249/150,ソルガレオGX,UR,https://minnano-toreka.com/wp-content/uploads/2026/08/249-150_minnanotoreca-10239759.webp,ソルガレオGX（UR）[249/150],,https://dopa-game.jp/pokemon/dp/10239759,,,,10239759,29116,DOPA
{098/095} [sm8],スイクンGX,SR,https://minnano-toreka.com/wp-content/uploads/2026/08/098-095-sm8_minnanotoreca-10341866.webp,スイクンGX（SR）[{098/095} [sm8]],,https://dopa-game.jp/pokemon/dp/10341866,,,,10341866,29117,DOPA
088/066,テツノカイナex,SAR,https://minnano-toreka.com/wp-content/uploads/2026/08/088-066_minnanotoreca-10239676.webp,テツノカイナex（SAR）[088/066],,https://dopa-game.jp/pokemon/dp/10239676,,,,10239676,29118,DOPA
088/070,モミ,HR,https://minnano-toreka.com/wp-content/uploads/2026/08/088-070_minnanotoreca-10240322.webp,モミ（HR）[088/070],,https://dopa-game.jp/pokemon/dp/10240322,,,,10240322,29119,DOPA
037/060,ブラッキーGX,RR,https://minnano-toreka.com/wp-content/uploads/2026/08/037-060_minnanotoreca-10241016.webp,ブラッキーGX（RR）[037/060],,https://dopa-game.jp/pokemon/dp/10241016,,,,10241016,29120,DOPA
353/190,ペパー,SAR,https://minnano-toreka.com/wp-content/uploads/2026/08/353-190_minnanotoreca-10239815.webp,ペパー（SAR）[353/190],,https://dopa-game.jp/pokemon/dp/10239815,,,,10239815,29121,DOPA
{051/070} [XY],MサーナイトEX,RR,https://minnano-toreka.com/wp-content/uploads/2026/08/051-070-XY_minnanotoreca-10329893.webp,MサーナイトEX（RR）[{051/070} [XY]],,https://dopa-game.jp/pokemon/dp/10329893,,,,10329893,29122,DOPA
080/070,フヨウ,SR,https://minnano-toreka.com/wp-content/uploads/2026/08/080-070_minnanotoreca-10239760.webp,フヨウ（SR）[080/070],,https://dopa-game.jp/pokemon/dp/10239760,,,,10239760,29123,DOPA
194/173,ジュジュベ＆ハチクマン【SR】,SR,https://minnano-toreka.com/wp-content/uploads/2026/08/194-173_minnanotoreca-10332236.webp,ジュジュベ＆ハチクマン【SR】（SR）[194/173],,https://dopa-game.jp/pokemon/dp/10332236,,,,10332236,29124,DOPA
-,ガラルファイヤーV,UR,https://minnano-toreka.com/wp-content/uploads/2026/08/none_minnanotoreca-10305325.webp,ガラルファイヤーV（UR）[-],,https://dopa-game.jp/pokemon/dp/10305325,,,,10305325,29125,DOPA
040/187,グレイシア(マスターボールミラー),-,https://minnano-toreka.com/wp-content/uploads/2026/08/040-187_minnanotoreca-10341115.webp,グレイシア(マスターボールミラー)（-）[040/187],,https://dopa-game.jp/pokemon/dp/10341115,,,,10341115,29126,DOPA
267/S-P,アルセウスV(SA/未開封),P,https://minnano-toreka.com/wp-content/uploads/2026/08/267-S-P_minnanotoreca-10329574.webp,アルセウスV(SA/未開封)（P）[267/S-P],,https://dopa-game.jp/pokemon/dp/10329574,,,,10329574,29127,DOPA
170/165,ゼニガメ,AR,https://minnano-toreka.com/wp-content/uploads/2026/08/170-165_minnanotoreca-10306010.webp,ゼニガメ（AR）[170/165],,https://dopa-game.jp/pokemon/dp/10306010,,,,10306010,29128,DOPA
166/086,トウコ,SR,https://minnano-toreka.com/wp-content/uploads/2026/08/166-086_minnanotoreca-10334700.webp,トウコ（SR）[166/086],,https://dopa-game.jp/pokemon/dp/10334700,,,,10334700,29129,DOPA
086/067,オリジンパルキアVSTAR,UR,https://minnano-toreka.com/wp-content/uploads/2026/08/086-067_minnanotoreca-10346975.webp,オリジンパルキアVSTAR（UR）[086/067],,https://dopa-game.jp/pokemon/dp/10346975,,,,10346975,29130,DOPA
006/025,ロケット団参上！/25th,-,https://minnano-toreka.com/wp-content/uploads/2026/08/006-025_minnanotoreca-10341070.webp,ロケット団参上！/25th（-）[006/025],,https://dopa-game.jp/pokemon/dp/10341070,,,,10341070,29131,DOPA
219/193,カナリィ,SR,https://minnano-toreka.com/wp-content/uploads/2026/08/219-193_minnanotoreca-10347457.webp,カナリィ（SR）[219/193],,https://dopa-game.jp/pokemon/dp/10347457,,,,10347457,29132,DOPA
056/049,ドガース,CHR,https://minnano-toreka.com/wp-content/uploads/2026/08/056-049_minnanotoreca-10304915.webp,ドガース（CHR）[056/049],,https://dopa-game.jp/pokemon/dp/10304915,,,,10304915,29133,DOPA
105/094,きとうし,SR,https://minnano-toreka.com/wp-content/uploads/2026/08/105-094_minnanotoreca-10332206.webp,きとうし（SR）[105/094],,https://dopa-game.jp/pokemon/dp/10332206,,,,10332206,29134,DOPA
120/100,ギラティナVSTAR,HR,https://minnano-toreka.com/wp-content/uploads/2026/08/120-100_minnanotoreca-10240450.webp,ギラティナVSTAR（HR）[120/100],,https://dopa-game.jp/pokemon/dp/10240450,,,,10240450,29135,DOPA
092/071,イーユイex,SAR,https://minnano-toreka.com/wp-content/uploads/2026/08/092-071_minnanotoreca-10238937.webp,イーユイex（SAR）[092/071],,https://dopa-game.jp/pokemon/dp/10238937,,,,10238937,29136,DOPA
104/078,ペパー,SAR,https://minnano-toreka.com/wp-content/uploads/2026/08/104-078_minnanotoreca-10327012.webp,ペパー（SAR）[104/078],,https://dopa-game.jp/pokemon/dp/10327012,,,,10327012,29137,DOPA
109/100,ゲノセクトV,SR,https://minnano-toreka.com/wp-content/uploads/2026/08/109-100_minnanotoreca-10338207.webp,ゲノセクトV（SR）[109/100],,https://dopa-game.jp/pokemon/dp/10338207,,,,10338207,29138,DOPA
{113/080} [M2],メガサメハダーex,SAR,https://minnano-toreka.com/wp-content/uploads/2026/08/113-080-M2_minnanotoreca-10343954.webp,メガサメハダーex（SAR）[{113/080} [M2]],,https://dopa-game.jp/pokemon/dp/10343954,,,,10343954,29139,DOPA
005/013~008/013,ミュウツーV-UNION(4枚セット),-,https://minnano-toreka.com/wp-content/uploads/2026/08/005-013-008-013_minnanotoreca-10339806.webp,ミュウツーV-UNION(4枚セット)（-）[005/013~008/013],,https://dopa-game.jp/pokemon/dp/10339806,,,,10339806,29140,DOPA
031 / 036,マギアナ,-,https://minnano-toreka.com/wp-content/uploads/2026/08/031-036_minnanotoreca-10338213.webp,マギアナ（-）[031 / 036],,https://dopa-game.jp/pokemon/dp/10338213,,,,10338213,29141,DOPA
{093/068} [S11a],エネルギーつけかえ,UR,https://minnano-toreka.com/wp-content/uploads/2026/08/093-068-S11a_minnanotoreca-10344180.webp,エネルギーつけかえ（UR）[{093/068} [S11a]],,https://dopa-game.jp/pokemon/dp/10344180,,,,10344180,29142,DOPA
146/165,ファイヤー(マスターボールミラー),R,https://minnano-toreka.com/wp-content/uploads/2026/08/146-165_minnanotoreca-10341395.webp,ファイヤー(マスターボールミラー)（R）[146/165],,https://dopa-game.jp/pokemon/dp/10341395,,,,10341395,29143,DOPA
018/025,ガブリアスCLV.X(25th),-,https://minnano-toreka.com/wp-content/uploads/2026/08/018-025_minnanotoreca-10345800.webp,ガブリアスCLV.X(25th)（-）[018/025],,https://dopa-game.jp/pokemon/dp/10345800,,,,10345800,29144,DOPA
012/086,ビクティニ(マスターボールミラー),R,https://minnano-toreka.com/wp-content/uploads/2026/08/012-086_minnanotoreca-10341393.webp,ビクティニ(マスターボールミラー)（R）[012/086],,https://dopa-game.jp/pokemon/dp/10341393,,,,10341393,29145,DOPA
187/184,リザードン,CHR,https://minnano-toreka.com/wp-content/uploads/2026/08/187-184_minnanotoreca-10238713.webp,リザードン（CHR）[187/184],,https://dopa-game.jp/pokemon/dp/10238713,,,,10238713,29146,DOPA
035/165,ピッピ(マスターボールミラー),C,https://minnano-toreka.com/wp-content/uploads/2026/08/035-165_minnanotoreca-10346810.webp,ピッピ(マスターボールミラー)（C）[035/165],,https://dopa-game.jp/pokemon/dp/10346810,,,,10346810,29147,DOPA
{034/087} [CP6],ライチュウ Lv.40,R,https://minnano-toreka.com/wp-content/uploads/2026/08/034-087-CP6_minnanotoreca-10341436.webp,ライチュウ Lv.40（R）[{034/087} [CP6]],,https://dopa-game.jp/pokemon/dp/10341436,,,,10341436,29148,DOPA
071/060,エレキパワー,UR,https://minnano-toreka.com/wp-content/uploads/2026/08/071-060_minnanotoreca-10346973.webp,エレキパワー（UR）[071/060],,https://dopa-game.jp/pokemon/dp/10346973,,,,10346973,29149,DOPA
{148/165} [SV2a],ハクリュー(マスターボールミラー),U,https://minnano-toreka.com/wp-content/uploads/2026/08/148-165-SV2a_minnanotoreca-10341404.webp,ハクリュー(マスターボールミラー)（U）[{148/165} [SV2a]],,https://dopa-game.jp/pokemon/dp/10341404,,,,10341404,29150,DOPA
008/165,カメール(マスターボールミラー),U,https://minnano-toreka.com/wp-content/uploads/2026/08/008-165_minnanotoreca-10341117.webp,カメール(マスターボールミラー)（U）[008/165],,https://dopa-game.jp/pokemon/dp/10341117,,,,10341117,29151,DOPA
{162/165} [SV2a],サカキのカリスマ(マスターボールミラー),U,https://minnano-toreka.com/wp-content/uploads/2026/08/162-165-SV2a_minnanotoreca-10341414.webp,サカキのカリスマ(マスターボールミラー)（U）[{162/165} [SV2a]],,https://dopa-game.jp/pokemon/dp/10341414,,,,10341414,29152,DOPA
{099/071} [SV2P],基本水エネルギー(SVデザイン),UR,https://minnano-toreka.com/wp-content/uploads/2026/08/099-071-SV2P_minnanotoreca-10347133.webp,基本水エネルギー(SVデザイン)（UR）[{099/071} [SV2P]],,https://dopa-game.jp/pokemon/dp/10347133,,,,10347133,29153,DOPA
098/073,ウェーニバルex,SAR,https://minnano-toreka.com/wp-content/uploads/2026/08/098-073_minnanotoreca-10239825.webp,ウェーニバルex（SAR）[098/073],,https://dopa-game.jp/pokemon/dp/10239825,,,,10239825,29154,DOPA
{322/SM-P} [その他],ジラーチ,-,https://minnano-toreka.com/wp-content/uploads/2026/08/322-SM-P_minnanotoreca-10345848.webp,ジラーチ（-）[{322/SM-P} [その他]],,https://dopa-game.jp/pokemon/dp/10345848,,,,10345848,29155,DOPA
234/XY-P,カメックスEX,P,https://minnano-toreka.com/wp-content/uploads/2026/08/234-XY-P_minnanotoreca-10264167.webp,カメックスEX（P）[234/XY-P],,https://dopa-game.jp/pokemon/dp/10264167,,,,10264167,29156,DOPA
{061/087} [CP6],ピッピ,-,https://minnano-toreka.com/wp-content/uploads/2026/08/061-087-CP6_minnanotoreca-10345852.webp,ピッピ（-）[{061/087} [CP6]],,https://dopa-game.jp/pokemon/dp/10345852,,,,10345852,29157,DOPA
080/S-P,ムゲンダイナVMAX,P,https://minnano-toreka.com/wp-content/uploads/2026/08/080-S-P_minnanotoreca-10284078.webp,ムゲンダイナVMAX（P）[080/S-P],,https://dopa-game.jp/pokemon/dp/10284078,,,,10284078,29158,DOPA
{062/087} [CP6],ピジョットEX,RR,https://minnano-toreka.com/wp-content/uploads/2026/08/062-087-CP6_minnanotoreca-10346280.webp,ピジョットEX（RR）[{062/087} [CP6]],,https://dopa-game.jp/pokemon/dp/10346280,,,,10346280,29159,DOPA
{101/XY-P} [XY],メタグロスEX,-,https://minnano-toreka.com/wp-content/uploads/2026/08/101-XY-P-XY_minnanotoreca-10345856.webp,メタグロスEX（-）[{101/XY-P} [XY]],,https://dopa-game.jp/pokemon/dp/10345856,,,,10345856,29160,DOPA
{065/095} [sm12],アルセウス＆ディアルガ＆パルキアGX,RR,https://minnano-toreka.com/wp-content/uploads/2026/08/065-095-sm12_minnanotoreca-10329993.webp,アルセウス＆ディアルガ＆パルキアGX（RR）[{065/095} [sm12]],,https://dopa-game.jp/pokemon/dp/10329993,,,,10329993,29161,DOPA
085/063,メガヤンマ,SAR,https://minnano-toreka.com/wp-content/uploads/2026/08/085-063_minnanotoreca-10329210.webp,メガヤンマ（SAR）[085/063],,https://dopa-game.jp/pokemon/dp/10329210,,,,10329210,29162,DOPA
088/064,ブリジュラスex,SAR,https://minnano-toreka.com/wp-content/uploads/2026/08/088-064_minnanotoreca-10315947.webp,ブリジュラスex（SAR）[088/064],,https://dopa-game.jp/pokemon/dp/10315947,,,,10315947,29163,DOPA
217/184,バシャーモVMAX,CSR,https://minnano-toreka.com/wp-content/uploads/2026/08/217-184_minnanotoreca-10306573.webp,バシャーモVMAX（CSR）[217/184],,https://dopa-game.jp/pokemon/dp/10306573,,,,10306573,29164,DOPA
066/060,ジャッジマン,SR,https://minnano-toreka.com/wp-content/uploads/2026/08/066-060_minnanotoreca-10332125.webp,ジャッジマン（SR）[066/060],,https://dopa-game.jp/pokemon/dp/10332125,,,,10332125,29165,DOPA
104/100,ロトムV,SR,https://minnano-toreka.com/wp-content/uploads/2026/08/104-100_minnanotoreca-10238935.webp,ロトムV（SR）[104/100],,https://dopa-game.jp/pokemon/dp/10238935,,,,10238935,29166,DOPA
020/019,マリィのモルペコ,-,https://minnano-toreka.com/wp-content/uploads/2026/08/020-019_minnanotoreca-10329324.webp,マリィのモルペコ（-）[020/019],,https://dopa-game.jp/pokemon/dp/10329324,,,,10329324,29167,DOPA
-,結晶塔のエンテイ,-,https://minnano-toreka.com/wp-content/uploads/2026/08/none_minnanotoreca-10343931.webp,結晶塔のエンテイ（-）[-],,https://dopa-game.jp/pokemon/dp/10343931,,,,10343931,29168,DOPA
{114/080} [M2],メガミミロップex,SAR,https://minnano-toreka.com/wp-content/uploads/2026/08/114-080-M2_minnanotoreca-10343956.webp,メガミミロップex（SAR）[{114/080} [M2]],,https://dopa-game.jp/pokemon/dp/10343956,,,,10343956,29169,DOPA
108/098,レジドラゴV,SR,https://minnano-toreka.com/wp-content/uploads/2026/08/108-098_minnanotoreca-10239727.webp,レジドラゴV（SR）[108/098],,https://dopa-game.jp/pokemon/dp/10239727,,,,10239727,29170,DOPA
078/066,ユニットエネルギー草炎水,UR,https://minnano-toreka.com/wp-content/uploads/2026/08/078-066_minnanotoreca-10241726.webp,ユニットエネルギー草炎水（UR）[078/066],,https://dopa-game.jp/pokemon/dp/10241726,,,,10241726,29171,DOPA
105/100,ネオラントV,SR,https://minnano-toreka.com/wp-content/uploads/2026/08/105-100_minnanotoreca-10239904.webp,ネオラントV（SR）[105/100],,https://dopa-game.jp/pokemon/dp/10239904,,,,10239904,29172,DOPA
059/052,デンリュウGX,HR,https://minnano-toreka.com/wp-content/uploads/2026/08/059-052_minnanotoreca-10240448.webp,デンリュウGX（HR）[059/052],,https://dopa-game.jp/pokemon/dp/10240448,,,,10240448,29173,DOPA
088/070,カトレア,HR,https://minnano-toreka.com/wp-content/uploads/2026/08/088-070_minnanotoreca-10240001.webp,カトレア（HR）[088/070],,https://dopa-game.jp/pokemon/dp/10240001,,,,10240001,29174,DOPA
-,デッキシールド『おねむりピカチュウ』32枚入り,-,https://minnano-toreka.com/wp-content/uploads/2026/08/none_minnanotoreca-10280344.webp,デッキシールド『おねむりピカチュウ』32枚入り（-）[-],,https://dopa-game.jp/pokemon/dp/10280344,,,,10280344,29175,DOPA
132/102,ブライア,SAR,https://minnano-toreka.com/wp-content/uploads/2026/08/132-102_minnanotoreca-10313251.webp,ブライア（SAR）[132/102],,https://dopa-game.jp/pokemon/dp/10313251,,,,10313251,29176,DOPA
088/063,ペパーのマフィティフex,SAR,https://minnano-toreka.com/wp-content/uploads/2026/08/088-063_minnanotoreca-10329218.webp,ペパーのマフィティフex（SAR）[088/063],,https://dopa-game.jp/pokemon/dp/10329218,,,,10329218,29177,DOPA
234/172,ヒスイゾロアークVSTAR,SAR,https://minnano-toreka.com/wp-content/uploads/2026/08/234-172_minnanotoreca-10240457.webp,ヒスイゾロアークVSTAR（SAR）[234/172],,https://dopa-game.jp/pokemon/dp/10240457,,,,10240457,29178,DOPA
{055/050} [sm2],ハラ,SR,https://minnano-toreka.com/wp-content/uploads/2026/08/055-050-sm2_minnanotoreca-10332238.webp,ハラ（SR）[{055/050} [sm2]],,https://dopa-game.jp/pokemon/dp/10332238,,,,10332238,29179,DOPA
124/100,ボルケニオンex,SAR,https://minnano-toreka.com/wp-content/uploads/2026/08/124-100_minnanotoreca-10317085.webp,ボルケニオンex（SAR）[124/100],,https://dopa-game.jp/pokemon/dp/10317085,,,,10317085,29180,DOPA
-,ジニア,SAR,https://minnano-toreka.com/wp-content/uploads/2026/08/none_minnanotoreca-10316384.webp,ジニア（SAR）[-],,https://dopa-game.jp/pokemon/dp/10316384,,,,10316384,29181,DOPA
{055/051} [sm3],オンバーンGX,SR,https://minnano-toreka.com/wp-content/uploads/2026/08/055-051-sm3_minnanotoreca-10338202.webp,オンバーンGX（SR）[{055/051} [sm3]],,https://dopa-game.jp/pokemon/dp/10338202,,,,10338202,29182,DOPA
072/069,ブースターV,SR,https://minnano-toreka.com/wp-content/uploads/2026/08/072-069_minnanotoreca-10239771.webp,ブースターV（SR）[072/069],,https://dopa-game.jp/pokemon/dp/10239771,,,,10239771,29183,DOPA
072/067,チャーレムV,SR,https://minnano-toreka.com/wp-content/uploads/2026/08/072-067_minnanotoreca-10239066.webp,チャーレムV（SR）[072/067],,https://dopa-game.jp/pokemon/dp/10239066,,,,10239066,29184,DOPA
{105/096} [S2],オリーヴ,SR,https://minnano-toreka.com/wp-content/uploads/2026/08/105-096-S2_minnanotoreca-10341886.webp,オリーヴ（SR）[{105/096} [S2]],,https://dopa-game.jp/pokemon/dp/10341886,,,,10341886,29185,DOPA
060/049,ハガネール,CHR,https://minnano-toreka.com/wp-content/uploads/2026/08/060-049_minnanotoreca-10239750.webp,ハガネール（CHR）[060/049],,https://dopa-game.jp/pokemon/dp/10239750,,,,10239750,29186,DOPA
231/S-P,ルリナ(未開封),P,https://minnano-toreka.com/wp-content/uploads/2026/08/231-S-P_minnanotoreca-10240111.webp,ルリナ(未開封)（P）[231/S-P],,https://dopa-game.jp/pokemon/dp/10240111,,,,10240111,29187,DOPA
181/165,カビゴン,AR,https://minnano-toreka.com/wp-content/uploads/2026/08/181-165_minnanotoreca-10239740.webp,カビゴン（AR）[181/165],,https://dopa-game.jp/pokemon/dp/10239740,,,,10239740,29188,DOPA
-,『1パック』ウルトラサン,-,https://minnano-toreka.com/wp-content/uploads/2026/08/none_minnanotoreca-10347574.webp,『1パック』ウルトラサン（-）[-],,https://dopa-game.jp/pokemon/dp/10347574,,,,10347574,29189,DOPA
033 / 088,ゲンガーEX,RR,https://minnano-toreka.com/wp-content/uploads/2026/08/033-088_minnanotoreca-10338208.webp,ゲンガーEX（RR）[033 / 088],,https://dopa-game.jp/pokemon/dp/10338208,,,,10338208,29190,DOPA
267/S-P,アルセウスV(SA),P,https://minnano-toreka.com/wp-content/uploads/2026/08/267-S-P_minnanotoreca-10264203.webp,アルセウスV(SA)（P）[267/S-P],,https://dopa-game.jp/pokemon/dp/10264203,,,,10264203,29191,DOPA
103 / 098,アンノーンV,SR,https://minnano-toreka.com/wp-content/uploads/2026/08/103-098_minnanotoreca-10338159.webp,アンノーンV（SR）[103 / 098],,https://dopa-game.jp/pokemon/dp/10338159,,,,10338159,29192,DOPA
341/190,ミミッキュ,AR,https://minnano-toreka.com/wp-content/uploads/2026/08/341-190_minnanotoreca-10239806.webp,ミミッキュ（AR）[341/190],,https://dopa-game.jp/pokemon/dp/10239806,,,,10239806,29193,DOPA
026/165,ライチュウ(マスターボールミラー),R,https://minnano-toreka.com/wp-content/uploads/2026/08/026-165_minnanotoreca-10346957.webp,ライチュウ(マスターボールミラー)（R）[026/165],,https://dopa-game.jp/pokemon/dp/10346957,,,,10346957,29194,DOPA
{002/004} [SP4],シャワーズVMAX(RRR仕様),-,https://minnano-toreka.com/wp-content/uploads/2026/08/002-004-SP4_minnanotoreca-10346282.webp,シャワーズVMAX(RRR仕様)（-）[{002/004} [SP4]],,https://dopa-game.jp/pokemon/dp/10346282,,,,10346282,29195,DOPA
214/SM-P,ピカチュウ,-,https://minnano-toreka.com/wp-content/uploads/2026/08/214-SM-P_minnanotoreca-10339853.webp,ピカチュウ（-）[214/SM-P],,https://dopa-game.jp/pokemon/dp/10339853,,,,10339853,29196,DOPA
399/SM-P,イーブイ,P,https://minnano-toreka.com/wp-content/uploads/2026/08/399-SM-P_minnanotoreca-10340407.webp,イーブイ（P）[399/SM-P],,https://dopa-game.jp/pokemon/dp/10340407,,,,10340407,29197,DOPA
{123/165} [SV2a],ストライク(マスターボールミラー),U,https://minnano-toreka.com/wp-content/uploads/2026/08/123-165-SV2a_minnanotoreca-10344914.webp,ストライク(マスターボールミラー)（U）[{123/165} [SV2a]],,https://dopa-game.jp/pokemon/dp/10344914,,,,10344914,29198,DOPA
166/165,フシギダネ,AR,https://minnano-toreka.com/wp-content/uploads/2026/08/166-165_minnanotoreca-10298234.webp,フシギダネ（AR）[166/165],,https://dopa-game.jp/pokemon/dp/10298234,,,,10298234,29199,DOPA
168/165,ヒトカゲ,AR,https://minnano-toreka.com/wp-content/uploads/2026/08/168-165_minnanotoreca-10239807.webp,ヒトカゲ（AR）[168/165],,https://dopa-game.jp/pokemon/dp/10239807,,,,10239807,29200,DOPA
002/165,フシギソウ(マスターボールミラー),U,https://minnano-toreka.com/wp-content/uploads/2026/08/002-165_minnanotoreca-10341399.webp,フシギソウ(マスターボールミラー)（U）[002/165],,https://dopa-game.jp/pokemon/dp/10341399,,,,10341399,29201,DOPA
101 / 095,アーゴヨン&アクジキングGX,SR,https://minnano-toreka.com/wp-content/uploads/2026/08/101-095_minnanotoreca-10338156.webp,アーゴヨン&アクジキングGX（SR）[101 / 095],,https://dopa-game.jp/pokemon/dp/10338156,,,,10338156,29202,DOPA
144/165,フリーザー(マスターボールミラー),R,https://minnano-toreka.com/wp-content/uploads/2026/08/144-165_minnanotoreca-10341400.webp,フリーザー(マスターボールミラー)（R）[144/165],,https://dopa-game.jp/pokemon/dp/10341400,,,,10341400,29203,DOPA
034/165,ニドキング/マスターボールミラー,R,https://minnano-toreka.com/wp-content/uploads/2026/08/034-165_minnanotoreca-10346302.webp,ニドキング/マスターボールミラー（R）[034/165],,https://dopa-game.jp/pokemon/dp/10346302,,,,10346302,29204,DOPA
105/078,ボタン,SAR,https://minnano-toreka.com/wp-content/uploads/2026/08/105-078_minnanotoreca-10327009.webp,ボタン（SAR）[105/078],,https://dopa-game.jp/pokemon/dp/10327009,,,,10327009,29205,DOPA
069/062,グラードン,AR,https://minnano-toreka.com/wp-content/uploads/2026/08/069-062_minnanotoreca-10316323.webp,グラードン（AR）[069/062],,https://dopa-game.jp/pokemon/dp/10316323,,,,10316323,29206,DOPA
{141/165} [SV2a],カブトプス(マスターボールミラー),R,https://minnano-toreka.com/wp-content/uploads/2026/08/141-165-SV2a_minnanotoreca-10341241.webp,カブトプス(マスターボールミラー)（R）[{141/165} [SV2a]],,https://dopa-game.jp/pokemon/dp/10341241,,,,10341241,29207,DOPA
103/098,アンノーンV,SR,https://minnano-toreka.com/wp-content/uploads/2026/08/103-098_minnanotoreca-10338159.webp,アンノーンV（SR）[103/098],,https://dopa-game.jp/pokemon/dp/10239830,,,,10239830,29208,DOPA
110/100,ギラティナV,SR,https://minnano-toreka.com/wp-content/uploads/2026/08/110-100_minnanotoreca-10240446.webp,ギラティナV（SR）[110/100],,https://dopa-game.jp/pokemon/dp/10240446,,,,10240446,29209,DOPA
091/066,フトゥー博士のシナリオ,SAR,https://minnano-toreka.com/wp-content/uploads/2026/08/091-066_minnanotoreca-10240151.webp,フトゥー博士のシナリオ（SAR）[091/066],,https://dopa-game.jp/pokemon/dp/10240151,,,,10240151,29210,DOPA
{071/066} [sm5],デンジ,SR,https://minnano-toreka.com/wp-content/uploads/2026/08/071-066-sm5_minnanotoreca-10332246.webp,デンジ（SR）[{071/066} [sm5]],,https://dopa-game.jp/pokemon/dp/10332246,,,,10332246,29211,DOPA
{073/070} [S5I],ミミッキュV,SR,https://minnano-toreka.com/wp-content/uploads/2026/08/073-070-S5I_minnanotoreca-10341889.webp,ミミッキュV（SR）[{073/070} [S5I]],,https://dopa-game.jp/pokemon/dp/10341889,,,,10341889,29212,DOPA
105/095,グズマ&ハラ,SR,https://minnano-toreka.com/wp-content/uploads/2026/08/105-095_minnanotoreca-10332222.webp,グズマ&ハラ（SR）[105/095],,https://dopa-game.jp/pokemon/dp/10332222,,,,10332222,29213,DOPA
{100/071} [SV5K],タケルライコex,UR,https://minnano-toreka.com/wp-content/uploads/2026/08/100-071-SV5K_minnanotoreca-10344208.webp,タケルライコex（UR）[{100/071} [SV5K]],,https://dopa-game.jp/pokemon/dp/10344208,,,,10344208,29214,DOPA
{112/080} [M2],ロトムex,SAR,https://minnano-toreka.com/wp-content/uploads/2026/08/112-080-M2_minnanotoreca-10343960.webp,ロトムex（SAR）[{112/080} [M2]],,https://dopa-game.jp/pokemon/dp/10343960,,,,10343960,29215,DOPA
084 / 076,オニオン,SR,https://minnano-toreka.com/wp-content/uploads/2026/08/084-076_minnanotoreca-10338200.webp,オニオン（SR）[084 / 076],,https://dopa-game.jp/pokemon/dp/10338200,,,,10338200,29216,DOPA
088/067,頂への雪道,UR,https://minnano-toreka.com/wp-content/uploads/2026/08/088-067_minnanotoreca-10346964.webp,頂への雪道（UR）[088/067],,https://dopa-game.jp/pokemon/dp/10346964,,,,10346964,29217,DOPA
{001/021} [XY],リザードンEX,-,https://minnano-toreka.com/wp-content/uploads/2026/08/001-021-XY_minnanotoreca-10345921.webp,リザードンEX（-）[{001/021} [XY]],,https://dopa-game.jp/pokemon/dp/10345921,,,,10345921,29218,DOPA
195/184,ゼクロム,CHR,https://minnano-toreka.com/wp-content/uploads/2026/08/195-184_minnanotoreca-10239321.webp,ゼクロム（CHR）[195/184],,https://dopa-game.jp/pokemon/dp/10239321,,,,10239321,29219,DOPA
084/070,ゴリランダー,UR,https://minnano-toreka.com/wp-content/uploads/2026/08/084-070_minnanotoreca-10347223.webp,ゴリランダー（UR）[084/070],,https://dopa-game.jp/pokemon/dp/10347223,,,,10347223,29220,DOPA
087/067,クレセリア,UR,https://minnano-toreka.com/wp-content/uploads/2026/08/087-067_minnanotoreca-10240575.webp,クレセリア（UR）[087/067],,https://dopa-game.jp/pokemon/dp/10240575,,,,10240575,29221,DOPA
{125/100} [S9],アルセウスVSTAR,UR,https://minnano-toreka.com/wp-content/uploads/2026/08/125-100-S9_minnanotoreca-10344101.webp,アルセウスVSTAR（UR）[{125/100} [S9]],,https://dopa-game.jp/pokemon/dp/10344101,,,,10344101,29222,DOPA
088/066,スイレンのお世話,SR,https://minnano-toreka.com/wp-content/uploads/2026/08/088-066_minnanotoreca-10331291.webp,スイレンのお世話（SR）[088/066],,https://dopa-game.jp/pokemon/dp/10331291,,,,10331291,29223,DOPA
-,デッキシールドプロ『ゲッコウガ』64枚入り,-,https://minnano-toreka.com/wp-content/uploads/2026/08/none_minnanotoreca-10343049.webp,デッキシールドプロ『ゲッコウガ』64枚入り（-）[-],,https://dopa-game.jp/pokemon/dp/10343049,,,,10343049,29224,DOPA
076/069,グレイシアV,SR,https://minnano-toreka.com/wp-content/uploads/2026/08/076-069_minnanotoreca-10239809.webp,グレイシアV（SR）[076/069],,https://dopa-game.jp/pokemon/dp/10239809,,,,10239809,29225,DOPA
-,デッキシールド『PIKACHU PIKACHU』64枚入り,-,https://minnano-toreka.com/wp-content/uploads/2026/08/none_minnanotoreca-10292124.webp,デッキシールド『PIKACHU PIKACHU』64枚入り（-）[-],,https://dopa-game.jp/pokemon/dp/10292124,,,,10292124,29226,DOPA
074/069,シャワーズV,SR,https://minnano-toreka.com/wp-content/uploads/2026/08/074-069_minnanotoreca-10239808.webp,シャワーズV（SR）[074/069],,https://dopa-game.jp/pokemon/dp/10239808,,,,10239808,29227,DOPA
110/094,ユニットエネルギー,UR,https://minnano-toreka.com/wp-content/uploads/2026/08/110-094_minnanotoreca-10240313.webp,ユニットエネルギー（UR）[110/094],,https://dopa-game.jp/pokemon/dp/10240313,,,,10240313,29228,DOPA
086/070,コルニの気合い,HR,https://minnano-toreka.com/wp-content/uploads/2026/08/086-070_minnanotoreca-10240254.webp,コルニの気合い（HR）[086/070],,https://dopa-game.jp/pokemon/dp/10240254,,,,10240254,29229,DOPA
231/S-P,ルリナ,-,https://minnano-toreka.com/wp-content/uploads/2026/08/231-S-P_minnanotoreca-10240111.webp,ルリナ（-）[231/S-P],,https://dopa-game.jp/pokemon/dp/10313241,,,,10313241,29230,DOPA
129/102,バウッツェルex,SAR,https://minnano-toreka.com/wp-content/uploads/2026/08/129-102_minnanotoreca-10317074.webp,バウッツェルex（SAR）[129/102],,https://dopa-game.jp/pokemon/dp/10317074,,,,10317074,29231,DOPA
086/069,アロマなおねえさん,SR,https://minnano-toreka.com/wp-content/uploads/2026/08/086-069_minnanotoreca-10240572.webp,アロマなおねえさん（SR）[086/069],,https://dopa-game.jp/pokemon/dp/10240572,,,,10240572,29232,DOPA
093/071,デカヌチャンex,SAR,https://minnano-toreka.com/wp-content/uploads/2026/08/093-071_minnanotoreca-10239821.webp,デカヌチャンex（SAR）[093/071],,https://dopa-game.jp/pokemon/dp/10239821,,,,10239821,29233,DOPA
214/172,バオッキー VSTAR,SAR,https://minnano-toreka.com/wp-content/uploads/2026/08/214-172_minnanotoreca-10239674.webp,バオッキー VSTAR（SAR）[214/172],,https://dopa-game.jp/pokemon/dp/10239674,,,,10239674,29234,DOPA
067/060,博士の研究/マグノリア博士,SR,https://minnano-toreka.com/wp-content/uploads/2026/08/067-060_minnanotoreca-10339771.webp,博士の研究/マグノリア博士（SR）[067/060],,https://dopa-game.jp/pokemon/dp/10339771,,,,10339771,29235,DOPA
{266/184} [S8b],博士の研究/アララギ博士,SR,https://minnano-toreka.com/wp-content/uploads/2026/08/266-184-S8b_minnanotoreca-10341869.webp,博士の研究/アララギ博士（SR）[{266/184} [S8b]],,https://dopa-game.jp/pokemon/dp/10341869,,,,10341869,29236,DOPA
073/067,カイリューV,SR,https://minnano-toreka.com/wp-content/uploads/2026/08/073-067_minnanotoreca-10240139.webp,カイリューV（SR）[073/067],,https://dopa-game.jp/pokemon/dp/10240139,,,,10240139,29237,DOPA
{070/069} [S6a],リーフィアV,SR,https://minnano-toreka.com/wp-content/uploads/2026/08/070-069-S6a_minnanotoreca-10341879.webp,リーフィアV（SR）[{070/069} [S6a]],,https://dopa-game.jp/pokemon/dp/10341879,,,,10341879,29238,DOPA
{046/DP-P},ダークライ,P,https://minnano-toreka.com/wp-content/uploads/2026/08/046-DP-P_minnanotoreca-10264202.webp,ダークライ（P）[{046/DP-P}],,https://dopa-game.jp/pokemon/dp/10264202,,,,10264202,29239,DOPA
086/067,ヒガナの決意,HR,https://minnano-toreka.com/wp-content/uploads/2026/08/086-067_minnanotoreca-10240578.webp,ヒガナの決意（HR）[086/067],,https://dopa-game.jp/pokemon/dp/10240578,,,,10240578,29240,DOPA
195/165 [SV2a],ミュウex,SR,https://minnano-toreka.com/wp-content/uploads/2026/08/195-165-SV2a_minnanotoreca-10239463.webp,ミュウex（SR）[195/165 [SV2a]],,https://dopa-game.jp/pokemon/dp/10239463,,,,10239463,29241,DOPA
087/067,ユキメノコ,UR,https://minnano-toreka.com/wp-content/uploads/2026/08/087-067_minnanotoreca-10307200.webp,ユキメノコ（UR）[087/067],,https://dopa-game.jp/pokemon/dp/10307200,,,,10307200,29242,DOPA
167/086,エルフーンex,SAR,https://minnano-toreka.com/wp-content/uploads/2026/08/167-086_minnanotoreca-10333982.webp,エルフーンex（SAR）[167/086],,https://dopa-game.jp/pokemon/dp/10333982,,,,10333982,29243,DOPA
072/064,オーキド博士のセッティング,SR,https://minnano-toreka.com/wp-content/uploads/2026/08/072-064_minnanotoreca-10332213.webp,オーキド博士のセッティング（SR）[072/064],,https://dopa-game.jp/pokemon/dp/10332213,,,,10332213,29244,DOPA
{032/SV-P} [SV-P],イーブイ,P,https://minnano-toreka.com/wp-content/uploads/2026/08/032-SV-P-SV-P_minnanotoreca-10346288.webp,イーブイ（P）[{032/SV-P} [SV-P]],,https://dopa-game.jp/pokemon/dp/10346288,,,,10346288,29245,DOPA
{012/165} [SV2a],バタフリー(マスターボールミラー),U,https://minnano-toreka.com/wp-content/uploads/2026/08/012-165-SV2a_minnanotoreca-10341285.webp,バタフリー(マスターボールミラー)（U）[{012/165} [SV2a]],,https://dopa-game.jp/pokemon/dp/10341285,,,,10341285,29246,DOPA
{163/XY-P} [XY],ジュカインEX,-,https://minnano-toreka.com/wp-content/uploads/2026/08/163-XY-P-XY_minnanotoreca-10345859.webp,ジュカインEX（-）[{163/XY-P} [XY]],,https://dopa-game.jp/pokemon/dp/10345859,,,,10345859,29247,DOPA
{005/036} [CP5],ファイヤー,-,https://minnano-toreka.com/wp-content/uploads/2026/08/005-036-CP5_minnanotoreca-10345851.webp,ファイヤー（-）[{005/036} [CP5]],,https://dopa-game.jp/pokemon/dp/10345851,,,,10345851,29248,DOPA
{163/XY-P} [XY],ジュカインEX,-,https://minnano-toreka.com/wp-content/uploads/2026/08/163-XY-P-XY_minnanotoreca-10345859.webp,ジュカインEX（-）[{163/XY-P} [XY]],,https://dopa-game.jp/pokemon/dp/10345923,,,,10345923,29249,DOPA
{032/032} [CP3],ミツル,U,https://minnano-toreka.com/wp-content/uploads/2026/08/032-032-CP3_minnanotoreca-10345846.webp,ミツル（U）[{032/032} [CP3]],,https://dopa-game.jp/pokemon/dp/10345846,,,,10345846,29250,DOPA
{068/165} [SV2a],カイリキー(マスターボールミラー),R,https://minnano-toreka.com/wp-content/uploads/2026/08/068-165-SV2a_minnanotoreca-10341243.webp,カイリキー(マスターボールミラー)（R）[{068/165} [SV2a]],,https://dopa-game.jp/pokemon/dp/10341243,,,,10341243,29251,DOPA
082/165,レアコイル(マスターボールミラー),U,https://minnano-toreka.com/wp-content/uploads/2026/08/082-165_minnanotoreca-10341430.webp,レアコイル(マスターボールミラー)（U）[082/165],,https://dopa-game.jp/pokemon/dp/10341430,,,,10341430,29252,DOPA
109/100,Nのレシラム,AR,https://minnano-toreka.com/wp-content/uploads/2026/08/109-100_minnanotoreca-10317139.webp,Nのレシラム（AR）[109/100],,https://dopa-game.jp/pokemon/dp/10317139,,,,10317139,29253,DOPA
073/060,ザマゼンタV,UR,https://minnano-toreka.com/wp-content/uploads/2026/08/073-060_minnanotoreca-10344200.webp,ザマゼンタV（UR）[073/060],,https://dopa-game.jp/pokemon/dp/10344200,,,,10344200,29254,DOPA
{106/080} [M2],ヒカリ,SR,https://minnano-toreka.com/wp-content/uploads/2026/08/106-080-M2_minnanotoreca-10343950.webp,ヒカリ（SR）[{106/080} [M2]],,https://dopa-game.jp/pokemon/dp/10343950,,,,10343950,29255,DOPA
{069/066} [sm5],パルキアGX,SR,https://minnano-toreka.com/wp-content/uploads/2026/08/069-066-sm5_minnanotoreca-10341873.webp,パルキアGX（SR）[{069/066} [sm5]],,https://dopa-game.jp/pokemon/dp/10341873,,,,10341873,29256,DOPA
036/165,ピクシー(マスターボールミラー),U,https://minnano-toreka.com/wp-content/uploads/2026/08/036-165_minnanotoreca-10341392.webp,ピクシー(マスターボールミラー)（U）[036/165],,https://dopa-game.jp/pokemon/dp/10341392,,,,10341392,29257,DOPA
073/071,ミュウツーV,SR,https://minnano-toreka.com/wp-content/uploads/2026/08/073-071_minnanotoreca-10334695.webp,ミュウツーV（SR）[073/071],,https://dopa-game.jp/pokemon/dp/10334695,,,,10334695,29258,DOPA
189/184,シャワーズ,CHR,https://minnano-toreka.com/wp-content/uploads/2026/08/189-184_minnanotoreca-10239538.webp,シャワーズ（CHR）[189/184],,https://dopa-game.jp/pokemon/dp/10239538,,,,10239538,29259,DOPA
018/165,ピジョット(マスターボールミラー),U,https://minnano-toreka.com/wp-content/uploads/2026/08/018-165_minnanotoreca-10341394.webp,ピジョット(マスターボールミラー)（U）[018/165],,https://dopa-game.jp/pokemon/dp/10341394,,,,10341394,29260,DOPA
{096/165} [SV2a],スリープ(マスターボールミラー),C,https://minnano-toreka.com/wp-content/uploads/2026/08/096-165-SV2a_minnanotoreca-10341002.webp,スリープ(マスターボールミラー)（C）[{096/165} [SV2a]],,https://dopa-game.jp/pokemon/dp/10341002,,,,10341002,29261,DOPA
{068/087} [CP6],ラッキー,R,https://minnano-toreka.com/wp-content/uploads/2026/08/068-087-CP6_minnanotoreca-10345850.webp,ラッキー（R）[{068/087} [CP6]],,https://dopa-game.jp/pokemon/dp/10345850,,,,10345850,29262,DOPA
{180/173} [sm12a],ジラーチGX,SR,https://minnano-toreka.com/wp-content/uploads/2026/08/180-173-sm12a_minnanotoreca-10341875.webp,ジラーチGX（SR）[{180/173} [sm12a]],,https://dopa-game.jp/pokemon/dp/10341875,,,,10341875,29263,DOPA
122/165,バリヤード(マスターボールミラー),R,https://minnano-toreka.com/wp-content/uploads/2026/08/122-165_minnanotoreca-10341389.webp,バリヤード(マスターボールミラー)（R）[122/165],,https://dopa-game.jp/pokemon/dp/10341389,,,,10341389,29264,DOPA
{012/027} [CP2],フーパEX,RR,https://minnano-toreka.com/wp-content/uploads/2026/08/012-027-CP2_minnanotoreca-10345860.webp,フーパEX（RR）[{012/027} [CP2]],,https://dopa-game.jp/pokemon/dp/10345860,,,,10345860,29265,DOPA
062/054,コーチトレーナー,SR,https://minnano-toreka.com/wp-content/uploads/2026/08/062-054_minnanotoreca-10239721.webp,コーチトレーナー（SR）[062/054],,https://dopa-game.jp/pokemon/dp/10239721,,,,10239721,29266,DOPA
{055/165} [SV2a],ゴルダック(マスターボールミラー),U,https://minnano-toreka.com/wp-content/uploads/2026/08/055-165-SV2a_minnanotoreca-10344923.webp,ゴルダック(マスターボールミラー)（U）[{055/165} [SV2a]],,https://dopa-game.jp/pokemon/dp/10344923,,,,10344923,29267,DOPA
{210/165} [SV2a],基本超エネルギー(SVデザイン),UR,https://minnano-toreka.com/wp-content/uploads/2026/08/210-165-SV2a_minnanotoreca-10347134.webp,基本超エネルギー(SVデザイン)（UR）[{210/165} [SV2a]],,https://dopa-game.jp/pokemon/dp/10347134,,,,10347134,29268,DOPA
070/063,ヒビキのバクフーン,AR,https://minnano-toreka.com/wp-content/uploads/2026/08/070-063_minnanotoreca-10329321.webp,ヒビキのバクフーン（AR）[070/063],,https://dopa-game.jp/pokemon/dp/10329321,,,,10329321,29269,DOPA
122/S-P,ピカチュウ,[-] (RR仕様),https://minnano-toreka.com/wp-content/uploads/2026/08/122-S-P_minnanotoreca-10340494.webp,ピカチュウ（[-] (RR仕様)）[122/S-P],,https://dopa-game.jp/pokemon/dp/10340494,,,,10340494,29270,DOPA
051/050,パルキアGX,SR,https://minnano-toreka.com/wp-content/uploads/2026/08/051-050_minnanotoreca-10240164.webp,パルキアGX（SR）[051/050],,https://dopa-game.jp/pokemon/dp/10240164,,,,10240164,29271,DOPA
-,デッキシールド『リーリエ祭壇での儀式』64枚入り,-,https://minnano-toreka.com/wp-content/uploads/2026/08/none_minnanotoreca-10270106.webp,デッキシールド『リーリエ祭壇での儀式』64枚入り（-）[-],,https://dopa-game.jp/pokemon/dp/10270106,,,,10270106,29272,DOPA
{056/050} [sm5],マキシ,SR,https://minnano-toreka.com/wp-content/uploads/2026/08/056-050-sm5_minnanotoreca-10332251.webp,マキシ（SR）[{056/050} [sm5]],,https://dopa-game.jp/pokemon/dp/10332251,,,,10332251,29273,DOPA
089/070,カリンの信念,HR,https://minnano-toreka.com/wp-content/uploads/2026/08/089-070_minnanotoreca-10332117.webp,カリンの信念（HR）[089/070],,https://dopa-game.jp/pokemon/dp/10332117,,,,10332117,29274,DOPA
108/095,タケシのガッツ,SR,https://minnano-toreka.com/wp-content/uploads/2026/08/108-095_minnanotoreca-10239071.webp,タケシのガッツ（SR）[108/095],,https://dopa-game.jp/pokemon/dp/10239071,,,,10239071,29275,DOPA
001/095,セレビィ＆フシギバナGX,RR,https://minnano-toreka.com/wp-content/uploads/2026/08/001-095_minnanotoreca-10329973.webp,セレビィ＆フシギバナGX（RR）[001/095],,https://dopa-game.jp/pokemon/dp/10329973,,,,10329973,29276,DOPA
128/102,デンチュラex,SAR,https://minnano-toreka.com/wp-content/uploads/2026/08/128-102_minnanotoreca-10313249.webp,デンチュラex（SAR）[128/102],,https://dopa-game.jp/pokemon/dp/10313249,,,,10313249,29277,DOPA
046/DP-P,ダークライ(未開封)【P】,P,https://minnano-toreka.com/wp-content/uploads/2026/08/046-DP-P_minnanotoreca-10264202.webp,ダークライ(未開封)【P】（P）[046/DP-P],,https://dopa-game.jp/pokemon/dp/10329575,,,,10329575,29278,DOPA
023/027,レジギガス,R,https://minnano-toreka.com/wp-content/uploads/2026/08/023-027_minnanotoreca-10313204.webp,レジギガス（R）[023/027],,https://dopa-game.jp/pokemon/dp/10313204,,,,10313204,29279,DOPA
-,アルセウスVSTAR,UR,https://minnano-toreka.com/wp-content/uploads/2026/08/none_minnanotoreca-10307283.webp,アルセウスVSTAR（UR）[-],,https://dopa-game.jp/pokemon/dp/10307283,,,,10307283,29280,DOPA
080/063,シロナのガブリアスex,SR,https://minnano-toreka.com/wp-content/uploads/2026/08/080-063_minnanotoreca-10329316.webp,シロナのガブリアスex（SR）[080/063],,https://dopa-game.jp/pokemon/dp/10329316,,,,10329316,29281,DOPA
089/068,セレナ,HR,https://minnano-toreka.com/wp-content/uploads/2026/08/089-068_minnanotoreca-10240163.webp,セレナ（HR）[089/068],,https://dopa-game.jp/pokemon/dp/10240163,,,,10240163,29282,DOPA
086/062,カプ・コケコ,SAR,https://minnano-toreka.com/wp-content/uploads/2026/08/086-062_minnanotoreca-10239828.webp,カプ・コケコ（SAR）[086/062],,https://dopa-game.jp/pokemon/dp/10239828,,,,10239828,29283,DOPA
{078/069} [S6a],サンダースV,SR,https://minnano-toreka.com/wp-content/uploads/2026/08/078-069-S6a_minnanotoreca-10341863.webp,サンダースV（SR）[{078/069} [S6a]],,https://dopa-game.jp/pokemon/dp/10341863,,,,10341863,29284,DOPA
{229/S-P} [S-P],サイトウ(R仕様),P,https://minnano-toreka.com/wp-content/uploads/2026/08/229-S-P-S-P_minnanotoreca-10341445.webp,サイトウ(R仕様)（P）[{229/S-P} [S-P]],,https://dopa-game.jp/pokemon/dp/10341445,,,,10341445,29285,DOPA
{069/067} [S10D],ヒスイドレディアV(SA),SR,https://minnano-toreka.com/wp-content/uploads/2026/08/069-067-S10D_minnanotoreca-10341871.webp,ヒスイドレディアV(SA)（SR）[{069/067} [S10D]],,https://dopa-game.jp/pokemon/dp/10341871,,,,10341871,29286,DOPA
169/165,リザード,AR,https://minnano-toreka.com/wp-content/uploads/2026/08/169-165_minnanotoreca-10240095.webp,リザード（AR）[169/165],,https://dopa-game.jp/pokemon/dp/10240095,,,,10240095,29287,DOPA
210/184,イーブイ,CHR,https://minnano-toreka.com/wp-content/uploads/2026/08/210-184_minnanotoreca-10244309.webp,イーブイ（CHR）[210/184],,https://dopa-game.jp/pokemon/dp/10244309,,,,10244309,29288,DOPA
167/150,リザード,S,https://minnano-toreka.com/wp-content/uploads/2026/08/167-150_minnanotoreca-10240434.webp,リザード（S）[167/150],,https://dopa-game.jp/pokemon/dp/10240434,,,,10240434,29289,DOPA
143/S-P,リザードン,S-P,https://minnano-toreka.com/wp-content/uploads/2026/08/143-S-P_minnanotoreca-10340406.webp,リザードン（S-P）[143/S-P],,https://dopa-game.jp/pokemon/dp/10340406,,,,10340406,29290,DOPA
053/049,ヨワシ,CHR,https://minnano-toreka.com/wp-content/uploads/2026/08/053-049_minnanotoreca-10336834.webp,ヨワシ（CHR）[053/049],,https://dopa-game.jp/pokemon/dp/10336834,,,,10336834,29291,DOPA
123/101,ゼイユ,SR,https://minnano-toreka.com/wp-content/uploads/2026/08/123-101_minnanotoreca-10330266.webp,ゼイユ（SR）[123/101],,https://dopa-game.jp/pokemon/dp/10330266,,,,10330266,29292,DOPA
183/165,ミュウツー,AR,https://minnano-toreka.com/wp-content/uploads/2026/08/183-165_minnanotoreca-10240008.webp,ミュウツー（AR）[183/165],,https://dopa-game.jp/pokemon/dp/10240008,,,,10240008,29293,DOPA
065/062,プラスル,AR,https://minnano-toreka.com/wp-content/uploads/2026/08/065-062_minnanotoreca-10239736.webp,プラスル（AR）[065/062],,https://dopa-game.jp/pokemon/dp/10239736,,,,10239736,29294,DOPA
092/066,リップ,SAR,https://minnano-toreka.com/wp-content/uploads/2026/08/092-066_minnanotoreca-10239735.webp,リップ（SAR）[092/066],,https://dopa-game.jp/pokemon/dp/10239735,,,,10239735,29295,DOPA
126/S-P,ピカチュウ,-,https://minnano-toreka.com/wp-content/uploads/2026/08/126-S-P_minnanotoreca-10340490.webp,ピカチュウ（-）[126/S-P],,https://dopa-game.jp/pokemon/dp/10340490,,,,10340490,29296,DOPA
096/071,ビワ,SAR,https://minnano-toreka.com/wp-content/uploads/2026/08/096-071_minnanotoreca-10326278.webp,ビワ（SAR）[096/071],,https://dopa-game.jp/pokemon/dp/10326278,,,,10326278,29297,DOPA
093/070,霧の水晶,UR,https://minnano-toreka.com/wp-content/uploads/2026/08/093-070_minnanotoreca-10307278.webp,霧の水晶（UR）[093/070],,https://dopa-game.jp/pokemon/dp/10307278,,,,10307278,29298,DOPA
196/SV-P,イーブイ(未開封),P,https://minnano-toreka.com/wp-content/uploads/2026/08/196-SV-P_minnanotoreca-10331288.webp,イーブイ(未開封)（P）[196/SV-P],,https://dopa-game.jp/pokemon/dp/10331288,,,,10331288,29299,DOPA
{007/024},イーブイV,-,https://minnano-toreka.com/wp-content/uploads/2026/08/007-024_minnanotoreca-10276871.webp,イーブイV（-）[{007/024}],,https://dopa-game.jp/pokemon/dp/10276871,,,,10276871,29300,DOPA
{052/165} [SV2a],ニャース(マスターボールミラー),C,https://minnano-toreka.com/wp-content/uploads/2026/08/052-165-SV2a_minnanotoreca-10341405.webp,ニャース(マスターボールミラー)（C）[{052/165} [SV2a]],,https://dopa-game.jp/pokemon/dp/10341405,,,,10341405,29301,DOPA
{244/S-P} [S-P],ワンパチ,P,https://minnano-toreka.com/wp-content/uploads/2026/08/244-S-P-S-P_minnanotoreca-10346366.webp,ワンパチ（P）[{244/S-P} [S-P]],,https://dopa-game.jp/pokemon/dp/10346366,,,,10346366,29302,DOPA
{001/004} [SP4],ブースターVMAX(RRR仕様),-,https://minnano-toreka.com/wp-content/uploads/2026/08/001-004-SP4_minnanotoreca-10346284.webp,ブースターVMAX(RRR仕様)（-）[{001/004} [SP4]],,https://dopa-game.jp/pokemon/dp/10346284,,,,10346284,29303,DOPA
081/071,イッカネズミ,AR,https://minnano-toreka.com/wp-content/uploads/2026/08/081-071_minnanotoreca-10240002.webp,イッカネズミ（AR）[081/071],,https://dopa-game.jp/pokemon/dp/10240002,,,,10240002,29304,DOPA
237/184,ガラルサンダーV,CSR,https://minnano-toreka.com/wp-content/uploads/2026/08/237-184_minnanotoreca-10306539.webp,ガラルサンダーV（CSR）[237/184],,https://dopa-game.jp/pokemon/dp/10306539,,,,10306539,29305,DOPA
060/165,ニョロモ(マスターボールミラー),C,https://minnano-toreka.com/wp-content/uploads/2026/08/060-165_minnanotoreca-10346795.webp,ニョロモ(マスターボールミラー)（C）[060/165],,https://dopa-game.jp/pokemon/dp/10346795,,,,10346795,29306,DOPA
132/165,メタモン(マスターボールミラー),R,https://minnano-toreka.com/wp-content/uploads/2026/08/132-165_minnanotoreca-10346954.webp,メタモン(マスターボールミラー)（R）[132/165],,https://dopa-game.jp/pokemon/dp/10346954,,,,10346954,29307,DOPA
{421/414} [SI],ガラルサンダーV,UR,https://minnano-toreka.com/wp-content/uploads/2026/08/421-414-SI_minnanotoreca-10344186.webp,ガラルサンダーV（UR）[{421/414} [SI]],,https://dopa-game.jp/pokemon/dp/10344186,,,,10344186,29308,DOPA
{232/SV-P} [SV-P],ナンジャモのカイデン,P,https://minnano-toreka.com/wp-content/uploads/2026/08/232-SV-P-SV-P_minnanotoreca-10342136.webp,ナンジャモのカイデン（P）[{232/SV-P} [SV-P]],,https://dopa-game.jp/pokemon/dp/10342136,,,,10342136,29309,DOPA
{090/064},モモワロウex,SAR,https://minnano-toreka.com/wp-content/uploads/2026/08/090-064_minnanotoreca-10282895.webp,モモワロウex（SAR）[{090/064}],,https://dopa-game.jp/pokemon/dp/10282895,,,,10282895,29310,DOPA
134/102,勇気のおまもり,UR,https://minnano-toreka.com/wp-content/uploads/2026/08/134-102_minnanotoreca-10317065.webp,勇気のおまもり（UR）[134/102],,https://dopa-game.jp/pokemon/dp/10317065,,,,10317065,29311,DOPA
124/102,タロ,SR,https://minnano-toreka.com/wp-content/uploads/2026/08/124-102_minnanotoreca-10347594.webp,タロ（SR）[124/102],,https://dopa-game.jp/pokemon/dp/10289351,,,,10289351,29312,DOPA
{057/054} [SM9b],カメックスGX,SR,https://minnano-toreka.com/wp-content/uploads/2026/08/057-054-SM9b_minnanotoreca-10341878.webp,カメックスGX（SR）[{057/054} [SM9b]],,https://dopa-game.jp/pokemon/dp/10341878,,,,10341878,29313,DOPA
083/076,おとなのおねえさん,SR,https://minnano-toreka.com/wp-content/uploads/2026/08/083-076_minnanotoreca-10239741.webp,おとなのおねえさん（SR）[083/076],,https://dopa-game.jp/pokemon/dp/10239741,,,,10239741,29314,DOPA
{237/SM-P},ルギア(未開封),P,https://minnano-toreka.com/wp-content/uploads/2026/08/237-SM-P_minnanotoreca-10264166.webp,ルギア(未開封)（P）[{237/SM-P}],,https://dopa-game.jp/pokemon/dp/10264166,,,,10264166,29315,DOPA
{001/049},リザードンEX,-,https://minnano-toreka.com/wp-content/uploads/2026/08/001-049_minnanotoreca-10279865.webp,リザードンEX（-）[{001/049}],,https://dopa-game.jp/pokemon/dp/10279865,,,,10279865,29316,DOPA
-,デッキシールド『ピカチュウ(海外限定)※』65枚入り,-,https://minnano-toreka.com/wp-content/uploads/2026/08/none_minnanotoreca-10298266.webp,デッキシールド『ピカチュウ(海外限定)※』65枚入り（-）[-],,https://dopa-game.jp/pokemon/dp/10298266,,,,10298266,29317,DOPA
072/063,カスミのラプラス,AR,https://minnano-toreka.com/wp-content/uploads/2026/08/072-063_minnanotoreca-10329308.webp,カスミのラプラス（AR）[072/063],,https://dopa-game.jp/pokemon/dp/10329308,,,,10329308,29318,DOPA
242/172,ツツジ,SAR,https://minnano-toreka.com/wp-content/uploads/2026/08/242-172_minnanotoreca-10239823.webp,ツツジ（SAR）[242/172],,https://dopa-game.jp/pokemon/dp/10239823,,,,10239823,29319,DOPA
261/184,サイトウ,SR,https://minnano-toreka.com/wp-content/uploads/2026/08/261-184_minnanotoreca-10238770.webp,サイトウ（SR）[261/184],,https://dopa-game.jp/pokemon/dp/10238770,,,,10238770,29320,DOPA
122/100,カミツレのきらめき,HR,https://minnano-toreka.com/wp-content/uploads/2026/08/122-100_minnanotoreca-10239471.webp,カミツレのきらめき（HR）[122/100],,https://dopa-game.jp/pokemon/dp/10239471,,,,10239471,29321,DOPA
045/165,ラフレシア(マスターボールミラー),R,https://minnano-toreka.com/wp-content/uploads/2026/08/045-165_minnanotoreca-10341429.webp,ラフレシア(マスターボールミラー)（R）[045/165],,https://dopa-game.jp/pokemon/dp/10341429,,,,10341429,29322,DOPA
141/086,ゾロアーク,AR,https://minnano-toreka.com/wp-content/uploads/2026/08/141-086_minnanotoreca-10333906.webp,ゾロアーク（AR）[141/086],,https://dopa-game.jp/pokemon/dp/10333906,,,,10333906,29323,DOPA
102/XY-P,MメタグロスEX,P,https://minnano-toreka.com/wp-content/uploads/2026/08/102-XY-P_minnanotoreca-10329846.webp,MメタグロスEX（P）[102/XY-P],,https://dopa-game.jp/pokemon/dp/10329846,,,,10329846,29324,DOPA
053/054,リーリエ,TR,https://minnano-toreka.com/wp-content/uploads/2026/08/053-054_minnanotoreca-10239762.webp,リーリエ（TR）[053/054],,https://dopa-game.jp/pokemon/dp/10239762,,,,10239762,29325,DOPA
109/098,ルギアV,SR,https://minnano-toreka.com/wp-content/uploads/2026/08/109-098_minnanotoreca-10240453.webp,ルギアV（SR）[109/098],,https://dopa-game.jp/pokemon/dp/10240453,,,,10240453,29326,DOPA
-,デッキシールド『紫枠/七夕まつりごっこピカチュウ』64枚入り,-,https://minnano-toreka.com/wp-content/uploads/2026/08/none_minnanotoreca-10342771.webp,デッキシールド『紫枠/七夕まつりごっこピカチュウ』64枚入り（-）[-],,https://dopa-game.jp/pokemon/dp/10342771,,,,10342771,29327,DOPA
117/100,Nのゾロアークex,SR,https://minnano-toreka.com/wp-content/uploads/2026/08/117-100_minnanotoreca-10317133.webp,Nのゾロアークex（SR）[117/100],,https://dopa-game.jp/pokemon/dp/10317133,,,,10317133,29328,DOPA
064/114,ダークライGX,RR,https://minnano-toreka.com/wp-content/uploads/2026/08/064-114_minnanotoreca-10329863.webp,ダークライGX（RR）[064/114],,https://dopa-game.jp/pokemon/dp/10329863,,,,10329863,29329,DOPA
112/106,レアコイル,AR,https://minnano-toreka.com/wp-content/uploads/2026/08/112-106_minnanotoreca-10306078.webp,レアコイル（AR）[112/106],,https://dopa-game.jp/pokemon/dp/10306078,,,,10306078,29330,DOPA
244/172,メロン,SAR,https://minnano-toreka.com/wp-content/uploads/2026/08/244-172_minnanotoreca-10239752.webp,メロン（SAR）[244/172],,https://dopa-game.jp/pokemon/dp/10239752,,,,10239752,29331,DOPA
092/071,ベルのまごころ,SR,https://minnano-toreka.com/wp-content/uploads/2026/08/092-071_minnanotoreca-10241022.webp,ベルのまごころ（SR）[092/071],,https://dopa-game.jp/pokemon/dp/10241022,,,,10241022,29332,DOPA
-,デッキケース『ぬいぐるみデッキケースイーブイ』,-,https://minnano-toreka.com/wp-content/uploads/2026/08/none_minnanotoreca-10308056.webp,デッキケース『ぬいぐるみデッキケースイーブイ』（-）[-],,https://dopa-game.jp/pokemon/dp/10308056,,,,10308056,29333,DOPA
066/062,マイナン,AR,https://minnano-toreka.com/wp-content/uploads/2026/08/066-062_minnanotoreca-10239733.webp,マイナン（AR）[066/062],,https://dopa-game.jp/pokemon/dp/10239733,,,,10239733,29334,DOPA
217/184,バシャーモv,CSR,https://minnano-toreka.com/wp-content/uploads/2026/08/217-184_minnanotoreca-10239532.webp,バシャーモv（CSR）[217/184],,https://dopa-game.jp/pokemon/dp/10239532,,,,10239532,29335,DOPA
113/165,ラッキー(マスターボールミラー),R,https://minnano-toreka.com/wp-content/uploads/2026/08/113-165_minnanotoreca-10341121.webp,ラッキー(マスターボールミラー)（R）[113/165],,https://dopa-game.jp/pokemon/dp/10341121,,,,10341121,29336,DOPA
099/078,博士の研究/オーリム博士,SR,https://minnano-toreka.com/wp-content/uploads/2026/08/099-078_minnanotoreca-10331305.webp,博士の研究/オーリム博士（SR）[099/078],,https://dopa-game.jp/pokemon/dp/10331305,,,,10331305,29337,DOPA
-,デッキシールド『ピカチュウとヒバニー(セブンネット限定スターターセット)※』64枚入り,-,https://minnano-toreka.com/wp-content/uploads/2026/08/none_minnanotoreca-10342774.webp,デッキシールド『ピカチュウとヒバニー(セブンネット限定スターターセット)※』64枚入り（-）[-],,https://dopa-game.jp/pokemon/dp/10342774,,,,10342774,29338,DOPA
-,デッキシールド『橙枠/ねぶた祭ごっこピカチュウ』64枚入り,-,https://minnano-toreka.com/wp-content/uploads/2026/08/none_minnanotoreca-10342772.webp,デッキシールド『橙枠/ねぶた祭ごっこピカチュウ』64枚入り（-）[-],,https://dopa-game.jp/pokemon/dp/10342772,,,,10342772,29339,DOPA
-,デッキシールド『ピカちゅうず』64枚入り,-,https://minnano-toreka.com/wp-content/uploads/2026/08/none_minnanotoreca-10343045.webp,デッキシールド『ピカちゅうず』64枚入り（-）[-],,https://dopa-game.jp/pokemon/dp/10343045,,,,10343045,29340,DOPA
{186/165} [SV2a],カメックスex,SR,https://minnano-toreka.com/wp-content/uploads/2026/08/186-165-SV2a_minnanotoreca-10341870.webp,カメックスex（SR）[{186/165} [SV2a]],,https://dopa-game.jp/pokemon/dp/10341870,,,,10341870,29341,DOPA
(062/071),プライムキャッチャー,ACE,https://minnano-toreka.com/wp-content/uploads/2026/08/062-071_minnanotoreca-10240967.webp,プライムキャッチャー（ACE）[(062/071)],,https://dopa-game.jp/pokemon/dp/10240967,,,,10240967,29342,DOPA
-,デッキシールド『WCS2023(ピカチュウ)※』64枚入り,-,https://minnano-toreka.com/wp-content/uploads/2026/08/none_minnanotoreca-10280343.webp,デッキシールド『WCS2023(ピカチュウ)※』64枚入り（-）[-],,https://dopa-game.jp/pokemon/dp/10280343,,,,10280343,29343,DOPA
-,デッキシールド ユウリ＆マリィ POKEMON TRAINERS Off Shot! 64枚,[-],https://minnano-toreka.com/wp-content/uploads/2026/08/none_minnanotoreca-10259018.webp,デッキシールド ユウリ＆マリィ POKEMON TRAINERS Off Shot! 64枚（[-]）[-],,https://dopa-game.jp/pokemon/dp/10259018,,,,10259018,29344,DOPA
277/184,ルリナ,SR,https://minnano-toreka.com/wp-content/uploads/2026/08/277-184_minnanotoreca-10239898.webp,ルリナ（SR）[277/184],,https://dopa-game.jp/pokemon/dp/10239898,,,,10239898,29345,DOPA
-,デッキシールド 『ピカチュウ＆ゼクロムTAGTEAMGX』64枚,[-],https://minnano-toreka.com/wp-content/uploads/2026/08/none_minnanotoreca-10261562.webp,デッキシールド 『ピカチュウ＆ゼクロムTAGTEAMGX』64枚（[-]）[-],,https://dopa-game.jp/pokemon/dp/10261562,,,,10261562,29346,DOPA
125/108,リザードンex,SR,https://minnano-toreka.com/wp-content/uploads/2026/08/125-108_minnanotoreca-10239818.webp,リザードンex（SR）[125/108],,https://dopa-game.jp/pokemon/dp/10239818,,,,10239818,29347,DOPA
(063/064),おじょうさま,TR,https://minnano-toreka.com/wp-content/uploads/2026/08/063-064_minnanotoreca-10239718.webp,おじょうさま（TR）[(063/064)],,https://dopa-game.jp/pokemon/dp/10239718,,,,10239718,29348,DOPA
100/078,ボタン,SR,https://minnano-toreka.com/wp-content/uploads/2026/08/100-078_minnanotoreca-10239730.webp,ボタン（SR）[100/078],,https://dopa-game.jp/pokemon/dp/10239730,,,,10239730,29349,DOPA
250/172,ボスの指令,SR,https://minnano-toreka.com/wp-content/uploads/2026/08/250-172_minnanotoreca-10331298.webp,ボスの指令（SR）[250/172],,https://dopa-game.jp/pokemon/dp/10331298,,,,10331298,29350,DOPA
{028/081} [XY],MデンリュウEX,RR,https://minnano-toreka.com/wp-content/uploads/2026/08/028-081-XY_minnanotoreca-10329887.webp,MデンリュウEX（RR）[{028/081} [XY]],,https://dopa-game.jp/pokemon/dp/10329887,,,,10329887,29351,DOPA
085/066,オーリム博士の気迫,SR,https://minnano-toreka.com/wp-content/uploads/2026/08/085-066_minnanotoreca-10239737.webp,オーリム博士の気迫（SR）[085/066],,https://dopa-game.jp/pokemon/dp/10239737,,,,10239737,29352,DOPA
092/071,チオンジェンex,SAR,https://minnano-toreka.com/wp-content/uploads/2026/08/092-071_minnanotoreca-10306583.webp,チオンジェンex（SAR）[092/071],,https://dopa-game.jp/pokemon/dp/10306583,,,,10306583,29353,DOPA
024/060,エーフィGX,RR,https://minnano-toreka.com/wp-content/uploads/2026/08/024-060_minnanotoreca-10329979.webp,エーフィGX（RR）[024/060],,https://dopa-game.jp/pokemon/dp/10329979,,,,10329979,29354,DOPA
227/187,アカマツ,SAR,https://minnano-toreka.com/wp-content/uploads/2026/08/227-187_minnanotoreca-10317153.webp,アカマツ（SAR）[227/187],,https://dopa-game.jp/pokemon/dp/10317153,,,,10317153,29355,DOPA
{088/066} [SV4K],グソクムシャ,SAR,https://minnano-toreka.com/wp-content/uploads/2026/08/088-066-SV4K_minnanotoreca-10306578.webp,グソクムシャ（SAR）[{088/066} [SV4K]],,https://dopa-game.jp/pokemon/dp/10306578,,,,10306578,29356,DOPA
-,ガラルフリーザーV,UR,https://minnano-toreka.com/wp-content/uploads/2026/08/none_minnanotoreca-10305320.webp,ガラルフリーザーV（UR）[-],,https://dopa-game.jp/pokemon/dp/10305320,,,,10305320,29357,DOPA
081/067,ツツジ,SR,https://minnano-toreka.com/wp-content/uploads/2026/08/081-067_minnanotoreca-10239744.webp,ツツジ（SR）[081/067],,https://dopa-game.jp/pokemon/dp/10239744,,,,10239744,29358,DOPA
-,デッキシールド『BALL FREAK NP』64枚入り,-,https://minnano-toreka.com/wp-content/uploads/2026/08/none_minnanotoreca-10330170.webp,デッキシールド『BALL FREAK NP』64枚入り（-）[-],,https://dopa-game.jp/pokemon/dp/10330170,,,,10330170,29359,DOPA
131/098,ロケット団のクロバット【UR】,UR,https://minnano-toreka.com/wp-content/uploads/2026/08/131-098_minnanotoreca-10332284.webp,ロケット団のクロバット【UR】（UR）[131/098],,https://dopa-game.jp/pokemon/dp/10332284,,,,10332284,29360,DOPA
{182/S-P} [S-P],ウッウロボ,P,https://minnano-toreka.com/wp-content/uploads/2026/08/182-S-P-S-P_minnanotoreca-10346281.webp,ウッウロボ（P）[{182/S-P} [S-P]],,https://dopa-game.jp/pokemon/dp/10346281,,,,10346281,29361,DOPA
096/086,ポカブ,AR,https://minnano-toreka.com/wp-content/uploads/2026/08/096-086_minnanotoreca-10333976.webp,ポカブ（AR）[096/086],,https://dopa-game.jp/pokemon/dp/10333976,,,,10333976,29362,DOPA
{083/165} [SV2a],カモネギ(マスターボールミラー),C,https://minnano-toreka.com/wp-content/uploads/2026/08/083-165-SV2a_minnanotoreca-10341240.webp,カモネギ(マスターボールミラー)（C）[{083/165} [SV2a]],,https://dopa-game.jp/pokemon/dp/10341240,,,,10341240,29363,DOPA
077/067,キバナ,SR,https://minnano-toreka.com/wp-content/uploads/2026/08/077-067_minnanotoreca-10332192.webp,キバナ（SR）[077/067],,https://dopa-game.jp/pokemon/dp/10332192,,,,10332192,29364,DOPA
132/098,ジャミングタワー,UR,https://minnano-toreka.com/wp-content/uploads/2026/08/132-098_minnanotoreca-10332265.webp,ジャミングタワー（UR）[132/098],,https://dopa-game.jp/pokemon/dp/10332265,,,,10332265,29365,DOPA
{099/071} [SV2D],基本草エネルギー(SVデザイン),UR,https://minnano-toreka.com/wp-content/uploads/2026/08/099-071-SV2D_minnanotoreca-10344188.webp,基本草エネルギー(SVデザイン)（UR）[{099/071} [SV2D]],,https://dopa-game.jp/pokemon/dp/10344188,,,,10344188,29366,DOPA
140/086,ゾロア,AR,https://minnano-toreka.com/wp-content/uploads/2026/08/140-086_minnanotoreca-10333899.webp,ゾロア（AR）[140/086],,https://dopa-game.jp/pokemon/dp/10333899,,,,10333899,29367,DOPA
075/060,メタルソーサー,UR,https://minnano-toreka.com/wp-content/uploads/2026/08/075-060_minnanotoreca-10344660.webp,メタルソーサー（UR）[075/060],,https://dopa-game.jp/pokemon/dp/10344660,,,,10344660,29368,DOPA
{078/063} [M1L],メガルカリオex,SR,https://minnano-toreka.com/wp-content/uploads/2026/08/078-063-M1L_minnanotoreca-10345892.webp,メガルカリオex（SR）[{078/063} [M1L]],,https://dopa-game.jp/pokemon/dp/10345892,,,,10345892,29369,DOPA
114/095,炎の結晶,UR,https://minnano-toreka.com/wp-content/uploads/2026/08/114-095_minnanotoreca-10307232.webp,炎の結晶（UR）[114/095],,https://dopa-game.jp/pokemon/dp/10307232,,,,10307232,29370,DOPA
070/064,ラティオス,AR,https://minnano-toreka.com/wp-content/uploads/2026/08/070-064_minnanotoreca-10306076.webp,ラティオス（AR）[070/064],,https://dopa-game.jp/pokemon/dp/10306076,,,,10306076,29371,DOPA
074/071,ライチュウ,AR,https://minnano-toreka.com/wp-content/uploads/2026/08/074-071_minnanotoreca-10239732.webp,ライチュウ（AR）[074/071],,https://dopa-game.jp/pokemon/dp/10239732,,,,10239732,29372,DOPA
224/184,ゼラオラV,CSR,https://minnano-toreka.com/wp-content/uploads/2026/08/224-184_minnanotoreca-10239322.webp,ゼラオラV（CSR）[224/184],,https://dopa-game.jp/pokemon/dp/10239322,,,,10239322,29373,DOPA
057/165,オコリザル(マスターボールミラー),U,https://minnano-toreka.com/wp-content/uploads/2026/08/057-165_minnanotoreca-10341113.webp,オコリザル(マスターボールミラー)（U）[057/165],,https://dopa-game.jp/pokemon/dp/10341113,,,,10341113,29374,DOPA
105/100,リーリエのアブリボン,AR,https://minnano-toreka.com/wp-content/uploads/2026/08/105-100_minnanotoreca-10317171.webp,リーリエのアブリボン（AR）[105/100],,https://dopa-game.jp/pokemon/dp/10317171,,,,10317171,29375,DOPA
{062/165} [SV2a],ニョロボン(マスターボールミラー),U,https://minnano-toreka.com/wp-content/uploads/2026/08/062-165-SV2a_minnanotoreca-10341415.webp,ニョロボン(マスターボールミラー)（U）[{062/165} [SV2a]],,https://dopa-game.jp/pokemon/dp/10341415,,,,10341415,29376,DOPA
098/071,スーパーエネルギー回収,UR,https://minnano-toreka.com/wp-content/uploads/2026/08/098-071_minnanotoreca-10240883.webp,スーパーエネルギー回収（UR）[098/071],,https://dopa-game.jp/pokemon/dp/10240883,,,,10240883,29377,DOPA
070/060,デカグース,HR,https://minnano-toreka.com/wp-content/uploads/2026/08/070-060_minnanotoreca-10240447.webp,デカグース（HR）[070/060],,https://dopa-game.jp/pokemon/dp/10240447,,,,10240447,29378,DOPA
127/101,オーガポンいどのめんex,SAR,https://minnano-toreka.com/wp-content/uploads/2026/08/127-101_minnanotoreca-10276942.webp,オーガポンいどのめんex（SAR）[127/101],,https://dopa-game.jp/pokemon/dp/10276942,,,,10276942,29379,DOPA
171/086,ドリュウズ,SAR,https://minnano-toreka.com/wp-content/uploads/2026/08/171-086_minnanotoreca-10334069.webp,ドリュウズ（SAR）[171/086],,https://dopa-game.jp/pokemon/dp/10334069,,,,10334069,29380,DOPA
090/070,シャクヤ,HR,https://minnano-toreka.com/wp-content/uploads/2026/08/090-070_minnanotoreca-10240258.webp,シャクヤ（HR）[090/070],,https://dopa-game.jp/pokemon/dp/10240258,,,,10240258,29381,DOPA
088/071,ラブトロスV【CSR】,CSR,https://minnano-toreka.com/wp-content/uploads/2026/08/088-071_minnanotoreca-10330287.webp,ラブトロスV【CSR】（CSR）[088/071],,https://dopa-game.jp/pokemon/dp/10330287,,,,10330287,29382,DOPA
220/172,ゼラオラVSTAR,SAR,https://minnano-toreka.com/wp-content/uploads/2026/08/220-172_minnanotoreca-10239822.webp,ゼラオラVSTAR（SAR）[220/172],,https://dopa-game.jp/pokemon/dp/10239822,,,,10239822,29383,DOPA
086/071,ヒナツ,SR,https://minnano-toreka.com/wp-content/uploads/2026/08/086-071_minnanotoreca-10239775.webp,ヒナツ（SR）[086/071],,https://dopa-game.jp/pokemon/dp/10239775,,,,10239775,29384,DOPA
{222/172} [S12a],デオキシスVMAX,SAR,https://minnano-toreka.com/wp-content/uploads/2026/08/222-172-S12a_minnanotoreca-10330285.webp,デオキシスVMAX（SAR）[{222/172} [S12a]],,https://dopa-game.jp/pokemon/dp/10330285,,,,10330285,29385,DOPA
077/063,ヒビキのホウオウex,SR,https://minnano-toreka.com/wp-content/uploads/2026/08/077-063_minnanotoreca-10329209.webp,ヒビキのホウオウex（SR）[077/063],,https://dopa-game.jp/pokemon/dp/10329209,,,,10329209,29386,DOPA
193/SV-P,パルデアウパー(AR仕様),SV-P(AR仕様),https://minnano-toreka.com/wp-content/uploads/2026/08/193-SV-P_minnanotoreca-10326275.webp,パルデアウパー(AR仕様)（SV-P(AR仕様)）[193/SV-P],,https://dopa-game.jp/pokemon/dp/10326275,,,,10326275,29387,DOPA
195/173,ハプウ,SR,https://minnano-toreka.com/wp-content/uploads/2026/08/195-173_minnanotoreca-10238858.webp,ハプウ（SR）[195/173],,https://dopa-game.jp/pokemon/dp/10238858,,,,10238858,29388,DOPA
{223/172} [S12a],デオキシスVSTAR,SAR,https://minnano-toreka.com/wp-content/uploads/2026/08/223-172-S12a_minnanotoreca-10330284.webp,デオキシスVSTAR（SAR）[{223/172} [S12a]],,https://dopa-game.jp/pokemon/dp/10330284,,,,10330284,29389,DOPA
085/068,クチートV,CSR,https://minnano-toreka.com/wp-content/uploads/2026/08/085-068_minnanotoreca-10239476.webp,クチートV（CSR）[085/068],,https://dopa-game.jp/pokemon/dp/10239476,,,,10239476,29390,DOPA
128/101,オ－ガポンいしずえのめんex,SAR,https://minnano-toreka.com/wp-content/uploads/2026/08/128-101_minnanotoreca-10276961.webp,オ－ガポンいしずえのめんex（SAR）[128/101],,https://dopa-game.jp/pokemon/dp/10276961,,,,10276961,29391,DOPA
193/184,サンダース,CHR,https://minnano-toreka.com/wp-content/uploads/2026/08/193-184_minnanotoreca-10239072.webp,サンダース（CHR）[193/184],,https://dopa-game.jp/pokemon/dp/10239072,,,,10239072,29392,DOPA
075/064,ペルシアン,AR,https://minnano-toreka.com/wp-content/uploads/2026/08/075-064_minnanotoreca-10316560.webp,ペルシアン（AR）[075/064],,https://dopa-game.jp/pokemon/dp/10316560,,,,10316560,29393,DOPA
005/028,ルギア/25thミラー,-,https://minnano-toreka.com/wp-content/uploads/2026/08/005-028_minnanotoreca-10341061.webp,ルギア/25thミラー（-）[005/028],,https://dopa-game.jp/pokemon/dp/10341061,,,,10341061,29394,DOPA
188/184,ブースター,CHR,https://minnano-toreka.com/wp-content/uploads/2026/08/188-184_minnanotoreca-10347584.webp,ブースター（CHR）[188/184],,https://dopa-game.jp/pokemon/dp/10238584,,,,10238584,29395,DOPA
{119/187} [SV8a],ドロンチ(マスターボールミラー),[-],https://minnano-toreka.com/wp-content/uploads/2026/08/119-187-SV8a_minnanotoreca-10340867.webp,ドロンチ(マスターボールミラー)（[-]）[{119/187} [SV8a]],,https://dopa-game.jp/pokemon/dp/10340867,,,,10340867,29396,DOPA
{118/187} [SV8a],ドラメシヤ(マスターボールミラー),[-],https://minnano-toreka.com/wp-content/uploads/2026/08/118-187-SV8a_minnanotoreca-10340866.webp,ドラメシヤ(マスターボールミラー)（[-]）[{118/187} [SV8a]],,https://dopa-game.jp/pokemon/dp/10340866,,,,10340866,29397,DOPA
{404/SM-P} [その他],ボルケニオン,P,https://minnano-toreka.com/wp-content/uploads/2026/08/404-SM-P_minnanotoreca-10346290.webp,ボルケニオン（P）[{404/SM-P} [その他]],,https://dopa-game.jp/pokemon/dp/10346290,,,,10346290,29398,DOPA
{115/095},タッグコール,UR,https://minnano-toreka.com/wp-content/uploads/2026/08/115-095_minnanotoreca-10279876.webp,タッグコール（UR）[{115/095}],,https://dopa-game.jp/pokemon/dp/10279876,,,,10279876,29399,DOPA
{015/165} [SV2a],スピアー(マスターボールミラー),R,https://minnano-toreka.com/wp-content/uploads/2026/08/015-165-SV2a_minnanotoreca-10341406.webp,スピアー(マスターボールミラー)（R）[{015/165} [SV2a]],,https://dopa-game.jp/pokemon/dp/10341406,,,,10341406,29400,DOPA
104/165,カラカラ(マスターボールミラー),C,https://minnano-toreka.com/wp-content/uploads/2026/08/104-165_minnanotoreca-10346758.webp,カラカラ(マスターボールミラー)（C）[104/165],,https://dopa-game.jp/pokemon/dp/10346758,,,,10346758,29401,DOPA
157/S-P,ミツバ,P,https://minnano-toreka.com/wp-content/uploads/2026/08/157-S-P_minnanotoreca-10332209.webp,ミツバ（P）[157/S-P],,https://dopa-game.jp/pokemon/dp/10332209,,,,10332209,29402,DOPA
{061/165} [SV2a],ニョロゾ(マスターボールミラー),C,https://minnano-toreka.com/wp-content/uploads/2026/08/061-165-SV2a_minnanotoreca-10341416.webp,ニョロゾ(マスターボールミラー)（C）[{061/165} [SV2a]],,https://dopa-game.jp/pokemon/dp/10341416,,,,10341416,29403,DOPA
-,デッキシールド『ヒロシマのピカチュウ(スペシャルBOX)※』64枚入り,-,https://minnano-toreka.com/wp-content/uploads/2026/08/none_minnanotoreca-10342773.webp,デッキシールド『ヒロシマのピカチュウ(スペシャルBOX)※』64枚入り（-）[-],,https://dopa-game.jp/pokemon/dp/10342773,,,,10342773,29404,DOPA
086/078,スリープ,AR,https://minnano-toreka.com/wp-content/uploads/2026/08/086-078_minnanotoreca-10306580.webp,スリープ（AR）[086/078],,https://dopa-game.jp/pokemon/dp/10306580,,,,10306580,29405,DOPA
171/165,カメール,AR,https://minnano-toreka.com/wp-content/uploads/2026/08/171-165_minnanotoreca-10306077.webp,カメール（AR）[171/165],,https://dopa-game.jp/pokemon/dp/10306077,,,,10306077,29406,DOPA
106/078,コライドンex,UR,https://minnano-toreka.com/wp-content/uploads/2026/08/106-078_minnanotoreca-10240874.webp,コライドンex（UR）[106/078],,https://dopa-game.jp/pokemon/dp/10240874,,,,10240874,29407,DOPA
-,デッキシールド『ピカチュウときのみ※』64枚入り,-,https://minnano-toreka.com/wp-content/uploads/2026/08/none_minnanotoreca-10343046.webp,デッキシールド『ピカチュウときのみ※』64枚入り（-）[-],,https://dopa-game.jp/pokemon/dp/10343046,,,,10343046,29408,DOPA
{078/165} [SV2a],ギャロップ(マスターボールミラー),U,https://minnano-toreka.com/wp-content/uploads/2026/08/078-165-SV2a_minnanotoreca-10341237.webp,ギャロップ(マスターボールミラー)（U）[{078/165} [SV2a]],,https://dopa-game.jp/pokemon/dp/10341237,,,,10341237,29409,DOPA
023/025,ゼルネアスEX/25th,P,https://minnano-toreka.com/wp-content/uploads/2026/08/023-025_minnanotoreca-10341032.webp,ゼルネアスEX/25th（P）[023/025],,https://dopa-game.jp/pokemon/dp/10341032,,,,10341032,29410,DOPA
125/S-P,ピカチュウ,-,https://minnano-toreka.com/wp-content/uploads/2026/08/125-S-P_minnanotoreca-10340489.webp,ピカチュウ（-）[125/S-P],,https://dopa-game.jp/pokemon/dp/10340489,,,,10340489,29411,DOPA
074/068,チルタリス,CHR,https://minnano-toreka.com/wp-content/uploads/2026/08/074-068_minnanotoreca-10238585.webp,チルタリス（CHR）[074/068],,https://dopa-game.jp/pokemon/dp/10238585,,,,10238585,29412,DOPA
{028/055} [SM9a],ゲッコウガ,R,https://minnano-toreka.com/wp-content/uploads/2026/08/028-055-SM9a_minnanotoreca-10343944.webp,ゲッコウガ（R）[{028/055} [SM9a]],,https://dopa-game.jp/pokemon/dp/10343944,,,,10343944,29413,DOPA
242/184,ガラルファイヤーV,CSR,https://minnano-toreka.com/wp-content/uploads/2026/08/242-184_minnanotoreca-10330289.webp,ガラルファイヤーV（CSR）[242/184],,https://dopa-game.jp/pokemon/dp/10330289,,,,10330289,29414,DOPA
-,何が届くかドキドキオリパ76,-,https://minnano-toreka.com/wp-content/uploads/2026/08/none_minnanotoreca-10240417.webp,何が届くかドキドキオリパ76（-）[-],,https://dopa-game.jp/pokemon/dp/10240417,,,,10240417,29415,DOPA
{163/165} [SV2a],ナナミの手助け(マスターボールミラー),U,https://minnano-toreka.com/wp-content/uploads/2026/08/163-165-SV2a_minnanotoreca-10341423.webp,ナナミの手助け(マスターボールミラー)（U）[{163/165} [SV2a]],,https://dopa-game.jp/pokemon/dp/10341423,,,,10341423,29416,DOPA
-,デッキシールド『ユウリ』64枚入り,-,https://minnano-toreka.com/wp-content/uploads/2026/08/none_minnanotoreca-10264136.webp,デッキシールド『ユウリ』64枚入り（-）[-],,https://dopa-game.jp/pokemon/dp/10264136,,,,10264136,29417,DOPA
130/106,アイアントex,SAR,https://minnano-toreka.com/wp-content/uploads/2026/08/130-106_minnanotoreca-10315946.webp,アイアントex（SAR）[130/106],,https://dopa-game.jp/pokemon/dp/10315946,,,,10315946,29418,DOPA
080/064,ブリジュラスex,SR,https://minnano-toreka.com/wp-content/uploads/2026/08/080-064_minnanotoreca-10315945.webp,ブリジュラスex（SR）[080/064],,https://dopa-game.jp/pokemon/dp/10315945,,,,10315945,29419,DOPA
083/070,メロン,SR,https://minnano-toreka.com/wp-content/uploads/2026/08/083-070_minnanotoreca-10332211.webp,メロン（SR）[083/070],,https://dopa-game.jp/pokemon/dp/10332211,,,,10332211,29420,DOPA
068/080,ホウオウEX,RR,https://minnano-toreka.com/wp-content/uploads/2026/08/068-080_minnanotoreca-10329894.webp,ホウオウEX（RR）[068/080],,https://dopa-game.jp/pokemon/dp/10329894,,,,10329894,29421,DOPA
230/184,ガラルフリーザーV,CSR,https://minnano-toreka.com/wp-content/uploads/2026/08/230-184_minnanotoreca-10330283.webp,ガラルフリーザーV（CSR）[230/184],,https://dopa-game.jp/pokemon/dp/10330283,,,,10330283,29422,DOPA
{084/063} [SV9a],ヒビキの冒険,SR,https://minnano-toreka.com/wp-content/uploads/2026/08/084-063-SV9a_minnanotoreca-10330272.webp,ヒビキの冒険（SR）[{084/063} [SV9a]],,https://dopa-game.jp/pokemon/dp/10330272,,,,10330272,29423,DOPA
102/078,イダイナキバ,SAR,https://minnano-toreka.com/wp-content/uploads/2026/08/102-078_minnanotoreca-10330288.webp,イダイナキバ（SAR）[102/078],,https://dopa-game.jp/pokemon/dp/10330288,,,,10330288,29424,DOPA
189/173,イツキ,SR,https://minnano-toreka.com/wp-content/uploads/2026/08/189-173_minnanotoreca-10332230.webp,イツキ（SR）[189/173],,https://dopa-game.jp/pokemon/dp/10332230,,,,10332230,29425,DOPA
{078/067},スクールガール,SR,https://minnano-toreka.com/wp-content/uploads/2026/08/078-067_minnanotoreca-10316638.webp,スクールガール（SR）[{078/067}],,https://dopa-game.jp/pokemon/dp/10316638,,,,10316638,29426,DOPA
090/068,ふりそで,HR,https://minnano-toreka.com/wp-content/uploads/2026/08/090-068_minnanotoreca-10240165.webp,ふりそで（HR）[090/068],,https://dopa-game.jp/pokemon/dp/10240165,,,,10240165,29427,DOPA
091/070,セイボリー,HR,https://minnano-toreka.com/wp-content/uploads/2026/08/091-070_minnanotoreca-10307847.webp,セイボリー（HR）[091/070],,https://dopa-game.jp/pokemon/dp/10307847,,,,10307847,29428,DOPA
096/071,セイジ,SAR,https://minnano-toreka.com/wp-content/uploads/2026/08/096-071_minnanotoreca-10244731.webp,セイジ（SAR）[096/071],,https://dopa-game.jp/pokemon/dp/10244731,,,,10244731,29429,DOPA
286/S-P,マナフィ,P,https://minnano-toreka.com/wp-content/uploads/2026/08/286-S-P_minnanotoreca-10240244.webp,マナフィ（P）[286/S-P],,https://dopa-game.jp/pokemon/dp/10240244,,,,10240244,29430,DOPA
133/102,ラパゴスex,UR,https://minnano-toreka.com/wp-content/uploads/2026/08/133-102_minnanotoreca-10316862.webp,ラパゴスex（UR）[133/102],,https://dopa-game.jp/pokemon/dp/10316862,,,,10316862,29431,DOPA
352/190,ネルケ,SAR,https://minnano-toreka.com/wp-content/uploads/2026/08/352-190_minnanotoreca-10239680.webp,ネルケ（SAR）[352/190],,https://dopa-game.jp/pokemon/dp/10239680,,,,10239680,29432,DOPA
226/172,ルカリオVSTAR,SAR,https://minnano-toreka.com/wp-content/uploads/2026/08/226-172_minnanotoreca-10238950.webp,ルカリオVSTAR（SAR）[226/172],,https://dopa-game.jp/pokemon/dp/10238950,,,,10238950,29433,DOPA
095/071,テツノイワオex,SAR,https://minnano-toreka.com/wp-content/uploads/2026/08/095-071_minnanotoreca-10241048.webp,テツノイワオex（SAR）[095/071],,https://dopa-game.jp/pokemon/dp/10241048,,,,10241048,29434,DOPA
090/071,暗号マニアの解読,SR,https://minnano-toreka.com/wp-content/uploads/2026/08/090-071_minnanotoreca-10241044.webp,暗号マニアの解読（SR）[090/071],,https://dopa-game.jp/pokemon/dp/10241044,,,,10241044,29435,DOPA
079/067,モノマネむすめ,SR,https://minnano-toreka.com/wp-content/uploads/2026/08/079-067_minnanotoreca-10238924.webp,モノマネむすめ（SR）[079/067],,https://dopa-game.jp/pokemon/dp/10238924,,,,10238924,29436,DOPA
084/067,ナタネの活気,HR,https://minnano-toreka.com/wp-content/uploads/2026/08/084-067_minnanotoreca-10239469.webp,ナタネの活気（HR）[084/067],,https://dopa-game.jp/pokemon/dp/10239469,,,,10239469,29437,DOPA
175/165,コダック,AR,https://minnano-toreka.com/wp-content/uploads/2026/08/175-165_minnanotoreca-10306081.webp,コダック（AR）[175/165],,https://dopa-game.jp/pokemon/dp/10306081,,,,10306081,29438,DOPA
{105/165} [SV2a],ガラガラ(マスターボールミラー),R,https://minnano-toreka.com/wp-content/uploads/2026/08/105-165-SV2a_minnanotoreca-10341239.webp,ガラガラ(マスターボールミラー)（R）[{105/165} [SV2a]],,https://dopa-game.jp/pokemon/dp/10341239,,,,10341239,29439,DOPA
{049/165} [SV2a],モルフォン(マスターボールミラー),U,https://minnano-toreka.com/wp-content/uploads/2026/08/049-165-SV2a_minnanotoreca-10341247.webp,モルフォン(マスターボールミラー)（U）[{049/165} [SV2a]],,https://dopa-game.jp/pokemon/dp/10341247,,,,10341247,29440,DOPA
023/165,アーボ(マスターボールミラー),C,https://minnano-toreka.com/wp-content/uploads/2026/08/023-165_minnanotoreca-10341096.webp,アーボ(マスターボールミラー)（C）[023/165],,https://dopa-game.jp/pokemon/dp/10341096,,,,10341096,29441,DOPA
{128/165} [SV2a],ケンタロス(マスターボールミラー),U,https://minnano-toreka.com/wp-content/uploads/2026/08/128-165-SV2a_minnanotoreca-10341233.webp,ケンタロス(マスターボールミラー)（U）[{128/165} [SV2a]],,https://dopa-game.jp/pokemon/dp/10341233,,,,10341233,29442,DOPA
109/098,ロケット団のニャース,AR,https://minnano-toreka.com/wp-content/uploads/2026/08/109-098_minnanotoreca-10332263.webp,ロケット団のニャース（AR）[109/098],,https://dopa-game.jp/pokemon/dp/10332263,,,,10332263,29443,DOPA
121/098,ロケット団のサカキ【SR】,SR,https://minnano-toreka.com/wp-content/uploads/2026/08/121-098_minnanotoreca-10332258.webp,ロケット団のサカキ【SR】（SR）[121/098],,https://dopa-game.jp/pokemon/dp/10332258,,,,10332258,29444,DOPA
120/SV-P,ピカチュウ,P,https://minnano-toreka.com/wp-content/uploads/2026/08/120-SV-P_minnanotoreca-10338119.webp,ピカチュウ（P）[120/SV-P],,https://dopa-game.jp/pokemon/dp/10338119,,,,10338119,29445,DOPA
021/165,オニスズメ(マスターボールミラー),C,https://minnano-toreka.com/wp-content/uploads/2026/08/021-165_minnanotoreca-10341114.webp,オニスズメ(マスターボールミラー)（C）[021/165],,https://dopa-game.jp/pokemon/dp/10341114,,,,10341114,29446,DOPA
156/165,古びたひみつのコハク(マスターボールミラー),C,https://minnano-toreka.com/wp-content/uploads/2026/08/156-165_minnanotoreca-10346947.webp,古びたひみつのコハク(マスターボールミラー)（C）[156/165],,https://dopa-game.jp/pokemon/dp/10346947,,,,10346947,29447,DOPA
084/062,パラソルおねえさん,SR,https://minnano-toreka.com/wp-content/uploads/2026/08/084-062_minnanotoreca-10239472.webp,パラソルおねえさん（SR）[084/062],,https://dopa-game.jp/pokemon/dp/10239472,,,,10239472,29448,DOPA
109 / 100,ガラル ニャイキングV,SR,https://minnano-toreka.com/wp-content/uploads/2026/08/109-100_minnanotoreca-10338205.webp,ガラル ニャイキングV（SR）[109 / 100],,https://dopa-game.jp/pokemon/dp/10338205,,,,10338205,29449,DOPA
069/054,リサイクルエネルギー,UR,https://minnano-toreka.com/wp-content/uploads/2026/08/069-054_minnanotoreca-10240315.webp,リサイクルエネルギー（UR）[069/054],,https://dopa-game.jp/pokemon/dp/10240315,,,,10240315,29450,DOPA
{109/165} [SV2a],ドガース(マスターボールミラー),C,https://minnano-toreka.com/wp-content/uploads/2026/08/109-165-SV2a_minnanotoreca-10344906.webp,ドガース(マスターボールミラー)（C）[{109/165} [SV2a]],,https://dopa-game.jp/pokemon/dp/10344906,,,,10344906,29451,DOPA
{121/165} [SV2a],スターミー(マスターボールミラー),R,https://minnano-toreka.com/wp-content/uploads/2026/08/121-165-SV2a_minnanotoreca-10341411.webp,スターミー(マスターボールミラー)（R）[{121/165} [SV2a]],,https://dopa-game.jp/pokemon/dp/10341411,,,,10341411,29452,DOPA
056/165,マンキー(マスターボールミラー),C,https://minnano-toreka.com/wp-content/uploads/2026/08/056-165_minnanotoreca-10341418.webp,マンキー(マスターボールミラー)（C）[056/165],,https://dopa-game.jp/pokemon/dp/10341418,,,,10341418,29453,DOPA
{028/165} [SV2a],サンドパン(マスターボールミラー),U,https://minnano-toreka.com/wp-content/uploads/2026/08/028-165-SV2a_minnanotoreca-10344917.webp,サンドパン(マスターボールミラー)（U）[{028/165} [SV2a]],,https://dopa-game.jp/pokemon/dp/10344917,,,,10344917,29454,DOPA
119/165,アズマオウ(マスターボールミラー),U,https://minnano-toreka.com/wp-content/uploads/2026/08/119-165_minnanotoreca-10341098.webp,アズマオウ(マスターボールミラー)（U）[119/165],,https://dopa-game.jp/pokemon/dp/10341098,,,,10341098,29455,DOPA
{125/165} [SV2a],エレブー(マスターボールミラー),C,https://minnano-toreka.com/wp-content/uploads/2026/08/125-165-SV2a_minnanotoreca-10341248.webp,エレブー(マスターボールミラー)（C）[{125/165} [SV2a]],,https://dopa-game.jp/pokemon/dp/10341248,,,,10341248,29456,DOPA
{043/165} [SV2a],ナゾノクサ(マスターボールミラー),C,https://minnano-toreka.com/wp-content/uploads/2026/08/043-165-SV2a_minnanotoreca-10341425.webp,ナゾノクサ(マスターボールミラー)（C）[{043/165} [SV2a]],,https://dopa-game.jp/pokemon/dp/10341425,,,,10341425,29457,DOPA
{014/165} [SV2a],コクーン(マスターボールミラー),C,https://minnano-toreka.com/wp-content/uploads/2026/08/014-165-SV2a_minnanotoreca-10344925.webp,コクーン(マスターボールミラー)（C）[{014/165} [SV2a]],,https://dopa-game.jp/pokemon/dp/10344925,,,,10344925,29458,DOPA
{042/165} [SV2a],ゴルバット(マスターボールミラー),U,https://minnano-toreka.com/wp-content/uploads/2026/08/042-165-SV2a_minnanotoreca-10344922.webp,ゴルバット(マスターボールミラー)（U）[{042/165} [SV2a]],,https://dopa-game.jp/pokemon/dp/10344922,,,,10344922,29459,DOPA
{087/165} [SV2a],ジュゴン(マスターボールミラー),U,https://minnano-toreka.com/wp-content/uploads/2026/08/087-165-SV2a_minnanotoreca-10344915.webp,ジュゴン(マスターボールミラー)（U）[{087/165} [SV2a]],,https://dopa-game.jp/pokemon/dp/10344915,,,,10344915,29460,DOPA
{019/165} [SV2a],コラッタ(マスターボールミラー),C,https://minnano-toreka.com/wp-content/uploads/2026/08/019-165-SV2a_minnanotoreca-10344924.webp,コラッタ(マスターボールミラー)（C）[{019/165} [SV2a]],,https://dopa-game.jp/pokemon/dp/10344924,,,,10344924,29461,DOPA
{090/165} [SV2a],シェルダー(マスターボールミラー),C,https://minnano-toreka.com/wp-content/uploads/2026/08/090-165-SV2a_minnanotoreca-10344916.webp,シェルダー(マスターボールミラー)（C）[{090/165} [SV2a]],,https://dopa-game.jp/pokemon/dp/10344916,,,,10344916,29462,DOPA
{032/165} [SV2a],ニドラン♂(マスターボールミラー),C,https://minnano-toreka.com/wp-content/uploads/2026/08/032-165-SV2a_minnanotoreca-10341420.webp,ニドラン♂(マスターボールミラー)（C）[{032/165} [SV2a]],,https://dopa-game.jp/pokemon/dp/10341420,,,,10341420,29463,DOPA
{029/165} [SV2a],ニドラン♀(マスターボールミラー),C,https://minnano-toreka.com/wp-content/uploads/2026/08/029-165-SV2a_minnanotoreca-10341421.webp,ニドラン♀(マスターボールミラー)（C）[{029/165} [SV2a]],,https://dopa-game.jp/pokemon/dp/10341421,,,,10341421,29464,DOPA
{118/165} [SV2a],トサキント(マスターボールミラー),C,https://minnano-toreka.com/wp-content/uploads/2026/08/118-165-SV2a_minnanotoreca-10341427.webp,トサキント(マスターボールミラー)（C）[{118/165} [SV2a]],,https://dopa-game.jp/pokemon/dp/10341427,,,,10341427,29465,DOPA
{073/165} [SV2a],ドククラゲ(マスターボールミラー),U,https://minnano-toreka.com/wp-content/uploads/2026/08/073-165-SV2a_minnanotoreca-10341431.webp,ドククラゲ(マスターボールミラー)（U）[{073/165} [SV2a]],,https://dopa-game.jp/pokemon/dp/10341431,,,,10341431,29466,DOPA
{050/165} [SV2a],ディグダ(マスターボールミラー),C,https://minnano-toreka.com/wp-content/uploads/2026/08/050-165-SV2a_minnanotoreca-10344907.webp,ディグダ(マスターボールミラー)（C）[{050/165} [SV2a]],,https://dopa-game.jp/pokemon/dp/10344907,,,,10344907,29467,DOPA
{097/165} [SV2a],スリーパー(マスターボールミラー),U,https://minnano-toreka.com/wp-content/uploads/2026/08/097-165-SV2a_minnanotoreca-10344912.webp,スリーパー(マスターボールミラー)（U）[{097/165} [SV2a]],,https://dopa-game.jp/pokemon/dp/10344912,,,,10344912,29468,DOPA
{048/165} [SV2a],コンパン(マスターボールミラー),C,https://minnano-toreka.com/wp-content/uploads/2026/08/048-165-SV2a_minnanotoreca-10344921.webp,コンパン(マスターボールミラー)（C）[{048/165} [SV2a]],,https://dopa-game.jp/pokemon/dp/10344921,,,,10344921,29469,DOPA
067/054,Uターンボード,UR,https://minnano-toreka.com/wp-content/uploads/2026/08/067-054_minnanotoreca-10344663.webp,Uターンボード（UR）[067/054],,https://dopa-game.jp/pokemon/dp/10344663,,,,10344663,29470,DOPA
{011/165} [SV2a],トランセル(マスターボールミラー),C,https://minnano-toreka.com/wp-content/uploads/2026/08/011-165-SV2a_minnanotoreca-10341426.webp,トランセル(マスターボールミラー)（C）[{011/165} [SV2a]],,https://dopa-game.jp/pokemon/dp/10341426,,,,10341426,29471,DOPA
107/165,エビワラー(マスターボールミラー),U,https://minnano-toreka.com/wp-content/uploads/2026/08/107-165_minnanotoreca-10341111.webp,エビワラー(マスターボールミラー)（U）[107/165],,https://dopa-game.jp/pokemon/dp/10341111,,,,10341111,29472,DOPA
329/190,ザシアンV,UR,https://minnano-toreka.com/wp-content/uploads/2026/08/329-190_minnanotoreca-10341550.webp,ザシアンV（UR）[329/190],,https://dopa-game.jp/pokemon/dp/10341550,,,,10341550,29473,DOPA
{111/165} [SV2a],サイホーン(マスターボールミラー),C,https://minnano-toreka.com/wp-content/uploads/2026/08/111-165-SV2a_minnanotoreca-10344920.webp,サイホーン(マスターボールミラー)（C）[{111/165} [SV2a]],,https://dopa-game.jp/pokemon/dp/10344920,,,,10344920,29474,DOPA
{022/165} [SV2a],オニドリル(マスターボールミラー),U,https://minnano-toreka.com/wp-content/uploads/2026/08/022-165-SV2a_minnanotoreca-10341245.webp,オニドリル(マスターボールミラー)（U）[{022/165} [SV2a]],,https://dopa-game.jp/pokemon/dp/10341245,,,,10341245,29475,DOPA
{106/165} [SV2a],サワムラー(マスターボールミラー),U,https://minnano-toreka.com/wp-content/uploads/2026/08/106-165-SV2a_minnanotoreca-10344919.webp,サワムラー(マスターボールミラー)（U）[{106/165} [SV2a]],,https://dopa-game.jp/pokemon/dp/10344919,,,,10344919,29476,DOPA
013/165,ビードル(マスターボールミラー),C,https://minnano-toreka.com/wp-content/uploads/2026/08/013-165_minnanotoreca-10341390.webp,ビードル(マスターボールミラー)（C）[013/165],,https://dopa-game.jp/pokemon/dp/10341390,,,,10341390,29477,DOPA
{027/165} [SV2a],サンド(マスターボールミラー),C,https://minnano-toreka.com/wp-content/uploads/2026/08/027-165-SV2a_minnanotoreca-10344918.webp,サンド(マスターボールミラー)（C）[{027/165} [SV2a]],,https://dopa-game.jp/pokemon/dp/10344918,,,,10344918,29478,DOPA
{031/165} [SV2a],ニドクイン(マスターボールミラー),U,https://minnano-toreka.com/wp-content/uploads/2026/08/031-165-SV2a_minnanotoreca-10341422.webp,ニドクイン(マスターボールミラー)（U）[{031/165} [SV2a]],,https://dopa-game.jp/pokemon/dp/10341422,,,,10341422,29479,DOPA
070/165,ウツドン(マスターボールミラー),C,https://minnano-toreka.com/wp-content/uploads/2026/08/070-165_minnanotoreca-10341100.webp,ウツドン(マスターボールミラー)（C）[070/165],,https://dopa-game.jp/pokemon/dp/10341100,,,,10341100,29480,DOPA
108/165,ベロリンガ(マスターボールミラー),C,https://minnano-toreka.com/wp-content/uploads/2026/08/108-165_minnanotoreca-10341409.webp,ベロリンガ(マスターボールミラー)（C）[108/165],,https://dopa-game.jp/pokemon/dp/10341409,,,,10341409,29481,DOPA
131/101,オーガポンみどりのめんex,UR,https://minnano-toreka.com/wp-content/uploads/2026/08/131-101_minnanotoreca-10276950.webp,オーガポンみどりのめんex（UR）[131/101],,https://dopa-game.jp/pokemon/dp/10276950,,,,10276950,29482,DOPA
{051/165} [SV2a],ダグトリオ(マスターボールミラー),U,https://minnano-toreka.com/wp-content/uploads/2026/08/051-165-SV2a_minnanotoreca-10344910.webp,ダグトリオ(マスターボールミラー)（U）[{051/165} [SV2a]],,https://dopa-game.jp/pokemon/dp/10344910,,,,10344910,29483,DOPA
{116/165} [SV2a],タッツー(マスターボールミラー),C,https://minnano-toreka.com/wp-content/uploads/2026/08/116-165-SV2a_minnanotoreca-10344909.webp,タッツー(マスターボールミラー)（C）[{116/165} [SV2a]],,https://dopa-game.jp/pokemon/dp/10344909,,,,10344909,29484,DOPA
{102/165} [SV2a],タマタマ(マスターボールミラー),C,https://minnano-toreka.com/wp-content/uploads/2026/08/102-165-SV2a_minnanotoreca-10344908.webp,タマタマ(マスターボールミラー)（C）[{102/165} [SV2a]],,https://dopa-game.jp/pokemon/dp/10344908,,,,10344908,29485,DOPA
{140/165} [SV2a],カブト(マスターボールミラー),U,https://minnano-toreka.com/wp-content/uploads/2026/08/140-165-SV2a_minnanotoreca-10341242.webp,カブト(マスターボールミラー)（U）[{140/165} [SV2a]],,https://dopa-game.jp/pokemon/dp/10341242,,,,10341242,29486,DOPA
{091/165} [SV2a],パルシェン(マスターボールミラー),U,https://minnano-toreka.com/wp-content/uploads/2026/08/091-165-SV2a_minnanotoreca-10341249.webp,パルシェン(マスターボールミラー)（U）[{091/165} [SV2a]],,https://dopa-game.jp/pokemon/dp/10341249,,,,10341249,29487,DOPA
{039/165} [SV2a],プリン(マスターボールミラー),C,https://minnano-toreka.com/wp-content/uploads/2026/08/039-165-SV2a_minnanotoreca-10341402.webp,プリン(マスターボールミラー)（C）[{039/165} [SV2a]],,https://dopa-game.jp/pokemon/dp/10341402,,,,10341402,29488,DOPA
{067/165} [SV2a],ゴーリキー(マスターボールミラー),U,https://minnano-toreka.com/wp-content/uploads/2026/08/067-165-SV2a_minnanotoreca-10344926.webp,ゴーリキー(マスターボールミラー)（U）[{067/165} [SV2a]],,https://dopa-game.jp/pokemon/dp/10344926,,,,10344926,29489,DOPA
{092/XY-P} [XY],ディアンシーEX,-,https://minnano-toreka.com/wp-content/uploads/2026/08/092-XY-P-XY_minnanotoreca-10345858.webp,ディアンシーEX（-）[{092/XY-P} [XY]],,https://dopa-game.jp/pokemon/dp/10345858,,,,10345858,29490,DOPA
{084/XY-P} [XY],エルレイドEX,-,https://minnano-toreka.com/wp-content/uploads/2026/08/084-XY-P-XY_minnanotoreca-10345855.webp,エルレイドEX（-）[{084/XY-P} [XY]],,https://dopa-game.jp/pokemon/dp/10345855,,,,10345855,29491,DOPA
113/108,ピィ,AR,https://minnano-toreka.com/wp-content/uploads/2026/08/113-108_minnanotoreca-10239767.webp,ピィ（AR）[113/108],,https://dopa-game.jp/pokemon/dp/10239767,,,,10239767,29492,DOPA
{041/165} [SV2a],ズバット(マスターボールミラー),C,https://minnano-toreka.com/wp-content/uploads/2026/08/041-165-SV2a_minnanotoreca-10344913.webp,ズバット(マスターボールミラー)（C）[{041/165} [SV2a]],,https://dopa-game.jp/pokemon/dp/10344913,,,,10344913,29493,DOPA
{048/SM-P} [その他],カプ・コケコGX,P,https://minnano-toreka.com/wp-content/uploads/2026/08/048-SM-P_minnanotoreca-10346277.webp,カプ・コケコGX（P）[{048/SM-P} [その他]],,https://dopa-game.jp/pokemon/dp/10346277,,,,10346277,29494,DOPA
184/165,フシギバナex,SR,https://minnano-toreka.com/wp-content/uploads/2026/08/184-165_minnanotoreca-10239753.webp,フシギバナex（SR）[184/165],,https://dopa-game.jp/pokemon/dp/10239753,,,,10239753,29495,DOPA
050/049,コータス,CHR,https://minnano-toreka.com/wp-content/uploads/2026/08/050-049_minnanotoreca-10238712.webp,コータス（CHR）[050/049],,https://dopa-game.jp/pokemon/dp/10238712,,,,10238712,29496,DOPA
076/063,メガフシギバナex,SR,https://minnano-toreka.com/wp-content/uploads/2026/08/076-063_minnanotoreca-10336813.webp,メガフシギバナex（SR）[076/063],,https://dopa-game.jp/pokemon/dp/10336813,,,,10336813,29497,DOPA
084/070,はくばバドレックスVMAX,HR,https://minnano-toreka.com/wp-content/uploads/2026/08/084-070_minnanotoreca-10240317.webp,はくばバドレックスVMAX（HR）[084/070],,https://dopa-game.jp/pokemon/dp/10240317,,,,10240317,29498,DOPA
125/100,モココ,UR,https://minnano-toreka.com/wp-content/uploads/2026/08/125-100_minnanotoreca-10241003.webp,モココ（UR）[125/100],,https://dopa-game.jp/pokemon/dp/10241003,,,,10241003,29499,DOPA
090/064,カキツバタ,SAR,https://minnano-toreka.com/wp-content/uploads/2026/08/090-064_minnanotoreca-10330286.webp,カキツバタ（SAR）[090/064],,https://dopa-game.jp/pokemon/dp/10330286,,,,10330286,29500,DOPA
089/071,エルレイドV,CSR,https://minnano-toreka.com/wp-content/uploads/2026/08/089-071_minnanotoreca-10240442.webp,エルレイドV（CSR）[089/071],,https://dopa-game.jp/pokemon/dp/10240442,,,,10240442,29501,DOPA
{087/064},イイネイヌex,SAR,https://minnano-toreka.com/wp-content/uploads/2026/08/087-064_minnanotoreca-10282896.webp,イイネイヌex（SAR）[{087/064}],,https://dopa-game.jp/pokemon/dp/10282896,,,,10282896,29502,DOPA
089/066,ヤバソチャex,SAR,https://minnano-toreka.com/wp-content/uploads/2026/08/089-066_minnanotoreca-10260640.webp,ヤバソチャex（SAR）[089/066],,https://dopa-game.jp/pokemon/dp/10260640,,,,10260640,29503,DOPA
121/100,アイリスの闘志,SR,https://minnano-toreka.com/wp-content/uploads/2026/08/121-100_minnanotoreca-10317144.webp,アイリスの闘志（SR）[121/100],,https://dopa-game.jp/pokemon/dp/10317144,,,,10317144,29504,DOPA
{200/173} [sm12a],溶接工,SR,https://minnano-toreka.com/wp-content/uploads/2026/08/200-173-sm12a_minnanotoreca-10332234.webp,溶接工（SR）[{200/173} [sm12a]],,https://dopa-game.jp/pokemon/dp/10332234,,,,10332234,29505,DOPA
062/054,Uターンボード,UR,https://minnano-toreka.com/wp-content/uploads/2026/08/067-054_minnanotoreca-10344663.webp,Uターンボード（UR）[062/054],,https://dopa-game.jp/pokemon/dp/10240312,,,,10240312,29506,DOPA
053/066,アンフェアスタンプ,ACE,https://minnano-toreka.com/wp-content/uploads/2026/08/053-066_minnanotoreca-10263688.webp,アンフェアスタンプ（ACE）[053/066],,https://dopa-game.jp/pokemon/dp/10263688,,,,10263688,29507,DOPA
122/100,シロナの覇気,HR,https://minnano-toreka.com/wp-content/uploads/2026/08/122-100_minnanotoreca-10240110.webp,シロナの覇気（HR）[122/100],,https://dopa-game.jp/pokemon/dp/10240110,,,,10240110,29508,DOPA
-,スイレンのつりざお,UR,https://minnano-toreka.com/wp-content/uploads/2026/08/none_minnanotoreca-10307276.webp,スイレンのつりざお（UR）[-],,https://dopa-game.jp/pokemon/dp/10307276,,,,10307276,29509,DOPA
064/063,フシギダネ,AR,https://minnano-toreka.com/wp-content/uploads/2026/08/064-063_minnanotoreca-10336788.webp,フシギダネ（AR）[064/063],,https://dopa-game.jp/pokemon/dp/10336788,,,,10336788,29510,DOPA
-,『1パック』反逆クラッシュ,1パック,https://minnano-toreka.com/wp-content/uploads/2026/08/none_minnanotoreca-10335174.webp,『1パック』反逆クラッシュ（1パック）[-],,https://dopa-game.jp/pokemon/dp/10335174,,,,10335174,29511,DOPA
139/165,オムスター(マスターボールミラー),R,https://minnano-toreka.com/wp-content/uploads/2026/08/139-165_minnanotoreca-10346756.webp,オムスター(マスターボールミラー)（R）[139/165],,https://dopa-game.jp/pokemon/dp/10346756,,,,10346756,29512,DOPA
137/108,オモダカ,SAR,https://minnano-toreka.com/wp-content/uploads/2026/08/137-108_minnanotoreca-10239671.webp,オモダカ（SAR）[137/108],,https://dopa-game.jp/pokemon/dp/10239671,,,,10239671,29513,DOPA
082/063,MCの盛り上げ,SR,https://minnano-toreka.com/wp-content/uploads/2026/08/082-063_minnanotoreca-10329309.webp,MCの盛り上げ（SR）[082/063],,https://dopa-game.jp/pokemon/dp/10329309,,,,10329309,29514,DOPA
021/028,なみのりピカチュウV,RR,https://minnano-toreka.com/wp-content/uploads/2026/08/021-028_minnanotoreca-10340485.webp,なみのりピカチュウV（RR）[021/028],,https://dopa-game.jp/pokemon/dp/10340485,,,,10340485,29515,DOPA
-,デッキシールド『なみのりピカチュウ＆そらをとぶピカチュウ』64枚入り,-,https://minnano-toreka.com/wp-content/uploads/2026/08/none_minnanotoreca-10343047.webp,デッキシールド『なみのりピカチュウ＆そらをとぶピカチュウ』64枚入り（-）[-],,https://dopa-game.jp/pokemon/dp/10343047,,,,10343047,29516,DOPA
{070/055} [SM9a],エーテルパラダイス保護区,UR,https://minnano-toreka.com/wp-content/uploads/2026/08/070-055-SM9a_minnanotoreca-10344105.webp,エーテルパラダイス保護区（UR）[{070/055} [SM9a]],,https://dopa-game.jp/pokemon/dp/10344105,,,,10344105,29517,DOPA
235/184,こくばバドレックスV,CSR,https://minnano-toreka.com/wp-content/uploads/2026/08/235-184_minnanotoreca-10306571.webp,こくばバドレックスV（CSR）[235/184],,https://dopa-game.jp/pokemon/dp/10306571,,,,10306571,29518,DOPA
182/165,ハクリュー,AR,https://minnano-toreka.com/wp-content/uploads/2026/08/182-165_minnanotoreca-10240122.webp,ハクリュー（AR）[182/165],,https://dopa-game.jp/pokemon/dp/10240122,,,,10240122,29519,DOPA
164/165,マサキの転送(マスターボールミラー),U,https://minnano-toreka.com/wp-content/uploads/2026/08/164-165_minnanotoreca-10346951.webp,マサキの転送(マスターボールミラー)（U）[164/165],,https://dopa-game.jp/pokemon/dp/10346951,,,,10346951,29520,DOPA
091/078,ギャラドスex,SR,https://minnano-toreka.com/wp-content/uploads/2026/08/091-078_minnanotoreca-10343952.webp,ギャラドスex（SR）[091/078],,https://dopa-game.jp/pokemon/dp/10343952,,,,10343952,29521,DOPA
091/063,ミツルの思いやり,SAR,https://minnano-toreka.com/wp-content/uploads/2026/08/091-063_minnanotoreca-10336822.webp,ミツルの思いやり（SAR）[091/063],,https://dopa-game.jp/pokemon/dp/10336822,,,,10336822,29522,DOPA
101/073,マスカーニャex,UR,https://minnano-toreka.com/wp-content/uploads/2026/08/101-073_minnanotoreca-10240901.webp,マスカーニャex（UR）[101/073],,https://dopa-game.jp/pokemon/dp/10240901,,,,10240901,29523,DOPA
104/086,ダイケンキ,AR,https://minnano-toreka.com/wp-content/uploads/2026/08/104-086_minnanotoreca-10333912.webp,ダイケンキ（AR）[104/086],,https://dopa-game.jp/pokemon/dp/10333912,,,,10333912,29524,DOPA
228/193,メガルカリオex,MA,https://minnano-toreka.com/wp-content/uploads/2026/08/228-193_minnanotoreca-10347454.webp,メガルカリオex（MA）[228/193],,https://dopa-game.jp/pokemon/dp/10347454,,,,10347454,29525,DOPA
014/071,ピカチュウ/モンスターボールミラー,C,https://minnano-toreka.com/wp-content/uploads/2026/08/014-071_minnanotoreca-10346296.webp,ピカチュウ/モンスターボールミラー（C）[014/071],,https://dopa-game.jp/pokemon/dp/10346296,,,,10346296,29526,DOPA
{202/SM-P} [その他],ベベノム,-,https://minnano-toreka.com/wp-content/uploads/2026/08/202-SM-P_minnanotoreca-10345847.webp,ベベノム（-）[{202/SM-P} [その他]],,https://dopa-game.jp/pokemon/dp/10345847,,,,10345847,29527,DOPA
155/165,古びたこうらの化石(マスターボールミラー),C,https://minnano-toreka.com/wp-content/uploads/2026/08/155-165_minnanotoreca-10346949.webp,古びたこうらの化石(マスターボールミラー)（C）[155/165],,https://dopa-game.jp/pokemon/dp/10346949,,,,10346949,29528,DOPA
079/071,バンギラス,AR,https://minnano-toreka.com/wp-content/uploads/2026/08/079-071_minnanotoreca-10240012.webp,バンギラス（AR）[079/071],,https://dopa-game.jp/pokemon/dp/10240012,,,,10240012,29529,DOPA
137/165,ポリゴン(マスターボールミラー),C,https://minnano-toreka.com/wp-content/uploads/2026/08/137-165_minnanotoreca-10346950.webp,ポリゴン(マスターボールミラー)（C）[137/165],,https://dopa-game.jp/pokemon/dp/10346950,,,,10346950,29530,DOPA
152/165,エネルギーシール(マスターボールミラー),U,https://minnano-toreka.com/wp-content/uploads/2026/08/152-165_minnanotoreca-10341108.webp,エネルギーシール(マスターボールミラー)（U）[152/165],,https://dopa-game.jp/pokemon/dp/10341108,,,,10341108,29531,DOPA
028/071,ピカチュウ/ポケモンGO,R,https://minnano-toreka.com/wp-content/uploads/2026/08/028-071_minnanotoreca-10240029.webp,ピカチュウ/ポケモンGO（R）[028/071],,https://dopa-game.jp/pokemon/dp/10240029,,,,10240029,29532,DOPA
{103/165} [SV2a],ナッシー(マスターボールミラー),U,https://minnano-toreka.com/wp-content/uploads/2026/08/103-165-SV2a_minnanotoreca-10341424.webp,ナッシー(マスターボールミラー)（U）[{103/165} [SV2a]],,https://dopa-game.jp/pokemon/dp/10341424,,,,10341424,29533,DOPA
{033/165} [SV2a],ニドリーノ(マスターボールミラー),U,https://minnano-toreka.com/wp-content/uploads/2026/08/033-165-SV2a_minnanotoreca-10341417.webp,ニドリーノ(マスターボールミラー)（U）[{033/165} [SV2a]],,https://dopa-game.jp/pokemon/dp/10341417,,,,10341417,29534,DOPA
113/101,ラッキー,AR,https://minnano-toreka.com/wp-content/uploads/2026/08/113-101_minnanotoreca-10276911.webp,ラッキー（AR）[113/101],,https://dopa-game.jp/pokemon/dp/10276911,,,,10276911,29535,DOPA
020/165,ラッタ(マスターボールミラー),U,https://minnano-toreka.com/wp-content/uploads/2026/08/020-165_minnanotoreca-10341428.webp,ラッタ(マスターボールミラー)（U）[020/165],,https://dopa-game.jp/pokemon/dp/10341428,,,,10341428,29536,DOPA
{046/165} [SV2a],パラス(マスターボールミラー),C,https://minnano-toreka.com/wp-content/uploads/2026/08/046-165-SV2a_minnanotoreca-10341284.webp,パラス(マスターボールミラー)（C）[{046/165} [SV2a]],,https://dopa-game.jp/pokemon/dp/10341284,,,,10341284,29537,DOPA
019/018,ダイゴのダンバル,-,https://minnano-toreka.com/wp-content/uploads/2026/08/019-018_minnanotoreca-10329317.webp,ダイゴのダンバル（-）[019/018],,https://dopa-game.jp/pokemon/dp/10329317,,,,10329317,29538,DOPA
-,デッキシールド 『エリカの休日』64枚,[-],https://minnano-toreka.com/wp-content/uploads/2026/08/none_minnanotoreca-10261560.webp,デッキシールド 『エリカの休日』64枚（[-]）[-],,https://dopa-game.jp/pokemon/dp/10261560,,,,10261560,29539,DOPA
-,デッキシールド『ルナアーラ&リーリエ(海外限定)※』64枚入り,-,https://minnano-toreka.com/wp-content/uploads/2026/08/none_minnanotoreca-10276806.webp,デッキシールド『ルナアーラ&リーリエ(海外限定)※』64枚入り（-）[-],,https://dopa-game.jp/pokemon/dp/10276806,,,,10276806,29540,DOPA
-,デッキシールド『ソルガレオ&リーリエ(海外限定)※』64枚入り,-,https://minnano-toreka.com/wp-content/uploads/2026/08/none_minnanotoreca-10276807.webp,デッキシールド『ソルガレオ&リーリエ(海外限定)※』64枚入り（-）[-],,https://dopa-game.jp/pokemon/dp/10276807,,,,10276807,29541,DOPA
120/101,ドラパルトex,SR,https://minnano-toreka.com/wp-content/uploads/2026/08/120-101_minnanotoreca-10276943.webp,ドラパルトex（SR）[120/101],,https://dopa-game.jp/pokemon/dp/10276943,,,,10276943,29542,DOPA
-,デッキシールド『ミックスオレ』64枚入り,-,https://minnano-toreka.com/wp-content/uploads/2026/08/none_minnanotoreca-10282888.webp,デッキシールド『ミックスオレ』64枚入り（-）[-],,https://dopa-game.jp/pokemon/dp/10282888,,,,10282888,29543,DOPA
096/066,ルミナスエネルギー,UR,https://minnano-toreka.com/wp-content/uploads/2026/08/096-066_minnanotoreca-10263692.webp,ルミナスエネルギー（UR）[096/066],,https://dopa-game.jp/pokemon/dp/10263692,,,,10263692,29544,DOPA
065/049,シルヴァディGX,SR,https://minnano-toreka.com/wp-content/uploads/2026/08/065-049_minnanotoreca-10239069.webp,シルヴァディGX（SR）[065/049],,https://dopa-game.jp/pokemon/dp/10239069,,,,10239069,29545,DOPA
094/064,力の砂時計,UR,https://minnano-toreka.com/wp-content/uploads/2026/08/094-064_minnanotoreca-10316567.webp,力の砂時計（UR）[094/064],,https://dopa-game.jp/pokemon/dp/10316567,,,,10316567,29546,DOPA
002/030,リザードンvstar,-,https://minnano-toreka.com/wp-content/uploads/2026/08/002-030_minnanotoreca-10240156.webp,リザードンvstar（-）[002/030],,https://dopa-game.jp/pokemon/dp/10240156,,,,10240156,29547,DOPA
172/086,バッフロンex,SAR,https://minnano-toreka.com/wp-content/uploads/2026/08/172-086_minnanotoreca-10333904.webp,バッフロンex（SAR）[172/086],,https://dopa-game.jp/pokemon/dp/10333904,,,,10333904,29548,DOPA
087/070,フヨウ,HR,https://minnano-toreka.com/wp-content/uploads/2026/08/087-070_minnanotoreca-10298228.webp,フヨウ（HR）[087/070],,https://dopa-game.jp/pokemon/dp/10298228,,,,10298228,29549,DOPA
083/062,チリ,SR,https://minnano-toreka.com/wp-content/uploads/2026/08/083-062_minnanotoreca-10239905.webp,チリ（SR）[083/062],,https://dopa-game.jp/pokemon/dp/10239905,,,,10239905,29550,DOPA
247/184,ムゲンダイナVMAX,CSR,https://minnano-toreka.com/wp-content/uploads/2026/08/247-184_minnanotoreca-10330275.webp,ムゲンダイナVMAX（CSR）[247/184],,https://dopa-game.jp/pokemon/dp/10330275,,,,10330275,29551,DOPA
-,デッキシールド『ポケモンドールズ』64枚入り,-,https://minnano-toreka.com/wp-content/uploads/2026/08/none_minnanotoreca-10280884.webp,デッキシールド『ポケモンドールズ』64枚入り（-）[-],,https://dopa-game.jp/pokemon/dp/10280884,,,,10280884,29552,DOPA
216/172,ネオラントV,SAR,https://minnano-toreka.com/wp-content/uploads/2026/08/216-172_minnanotoreca-10317087.webp,ネオラントV（SAR）[216/172],,https://dopa-game.jp/pokemon/dp/10317087,,,,10317087,29553,DOPA
102/086,シャンデラ,AR,https://minnano-toreka.com/wp-content/uploads/2026/08/102-086_minnanotoreca-10334016.webp,シャンデラ（AR）[102/086],,https://dopa-game.jp/pokemon/dp/10334016,,,,10334016,29554,DOPA
{044/165} [SV2a],クサイハナ(マスターボールミラー),U,https://minnano-toreka.com/wp-content/uploads/2026/08/044-165-SV2a_minnanotoreca-10341235.webp,クサイハナ(マスターボールミラー)（U）[{044/165} [SV2a]],,https://dopa-game.jp/pokemon/dp/10341235,,,,10341235,29555,DOPA
{099/165} [SV2a],キングラー(マスターボールミラー),U,https://minnano-toreka.com/wp-content/uploads/2026/08/099-165-SV2a_minnanotoreca-10341236.webp,キングラー(マスターボールミラー)（U）[{099/165} [SV2a]],,https://dopa-game.jp/pokemon/dp/10341236,,,,10341236,29556,DOPA
{098/165} [SV2a],クラブ(マスターボールミラー),C,https://minnano-toreka.com/wp-content/uploads/2026/08/098-165-SV2a_minnanotoreca-10341234.webp,クラブ(マスターボールミラー)（C）[{098/165} [SV2a]],,https://dopa-game.jp/pokemon/dp/10341234,,,,10341234,29557,DOPA
{127/165} [SV2a],カイロス(マスターボールミラー),U,https://minnano-toreka.com/wp-content/uploads/2026/08/127-165-SV2a_minnanotoreca-10341282.webp,カイロス(マスターボールミラー)（U）[{127/165} [SV2a]],,https://dopa-game.jp/pokemon/dp/10341282,,,,10341282,29558,DOPA
{098/069} [S6a],インテレオン,UR,https://minnano-toreka.com/wp-content/uploads/2026/08/098-069-S6a_minnanotoreca-10341548.webp,インテレオン（UR）[{098/069} [S6a]],,https://dopa-game.jp/pokemon/dp/10341548,,,,10341548,29559,DOPA
074/066,ハガネール,AR,https://minnano-toreka.com/wp-content/uploads/2026/08/074-066_minnanotoreca-10306111.webp,ハガネール（AR）[074/066],,https://dopa-game.jp/pokemon/dp/10306111,,,,10306111,29560,DOPA
110/108,キュウコン,AR,https://minnano-toreka.com/wp-content/uploads/2026/08/110-108_minnanotoreca-10239768.webp,キュウコン（AR）[110/108],,https://dopa-game.jp/pokemon/dp/10239768,,,,10239768,29561,DOPA
-,(ジャンボカード)ガラルファイヤー,S‐P,https://minnano-toreka.com/wp-content/uploads/2026/08/none_minnanotoreca-10346467.webp,(ジャンボカード)ガラルファイヤー（S‐P）[-],,https://dopa-game.jp/pokemon/dp/10346467,,,,10346467,29562,DOPA
017/025,レントラーGLLV.X/25th,-,https://minnano-toreka.com/wp-content/uploads/2026/08/017-025_minnanotoreca-10341063.webp,レントラーGLLV.X/25th（-）[017/025],,https://dopa-game.jp/pokemon/dp/10341063,,,,10341063,29563,DOPA
117/165,シードラ(マスターボールミラー),U,https://minnano-toreka.com/wp-content/uploads/2026/08/117-165_minnanotoreca-10346770.webp,シードラ(マスターボールミラー)（U）[117/165],,https://dopa-game.jp/pokemon/dp/10346770,,,,10346770,29564,DOPA
078/063,メガサーナイトex,SR,https://minnano-toreka.com/wp-content/uploads/2026/08/078-063_minnanotoreca-10336815.webp,メガサーナイトex（SR）[078/063],,https://dopa-game.jp/pokemon/dp/10336815,,,,10336815,29565,DOPA
003/015,ピカチュウ,-,https://minnano-toreka.com/wp-content/uploads/2026/08/003-015_minnanotoreca-10329751.webp,ピカチュウ（-）[003/015],,https://dopa-game.jp/pokemon/dp/10329751,,,,10329751,29566,DOPA
117/086,シビシラス,AR,https://minnano-toreka.com/wp-content/uploads/2026/08/117-086_minnanotoreca-10334047.webp,シビシラス（AR）[117/086],,https://dopa-game.jp/pokemon/dp/10334047,,,,10334047,29567,DOPA
016/165,ポッポ/マスターボールミラー,C,https://minnano-toreka.com/wp-content/uploads/2026/08/016-165_minnanotoreca-10346300.webp,ポッポ/マスターボールミラー（C）[016/165],,https://dopa-game.jp/pokemon/dp/10346300,,,,10346300,29568,DOPA
075/073,ニャオハ,AR,https://minnano-toreka.com/wp-content/uploads/2026/08/075-073_minnanotoreca-10239764.webp,ニャオハ（AR）[075/073],,https://dopa-game.jp/pokemon/dp/10239764,,,,10239764,29569,DOPA
073/071,シキジカ,AR,https://minnano-toreka.com/wp-content/uploads/2026/08/073-071_minnanotoreca-10241729.webp,シキジカ（AR）[073/071],,https://dopa-game.jp/pokemon/dp/10241729,,,,10241729,29570,DOPA
099/071,ウネルミナモex,UR,https://minnano-toreka.com/wp-content/uploads/2026/08/099-071_minnanotoreca-10244732.webp,ウネルミナモex（UR）[099/071],,https://dopa-game.jp/pokemon/dp/10244732,,,,10244732,29571,DOPA
063/052,エレキチャージャー,UR,https://minnano-toreka.com/wp-content/uploads/2026/08/063-052_minnanotoreca-10305333.webp,エレキチャージャー（UR）[063/052],,https://dopa-game.jp/pokemon/dp/10305333,,,,10305333,29572,DOPA
037/165,ロコン(マスターボールミラー),C,https://minnano-toreka.com/wp-content/uploads/2026/08/037-165_minnanotoreca-10346962.webp,ロコン(マスターボールミラー)（C）[037/165],,https://dopa-game.jp/pokemon/dp/10346962,,,,10346962,29573,DOPA
090/063,マチスの取引,SAR,https://minnano-toreka.com/wp-content/uploads/2026/08/090-063_minnanotoreca-10336827.webp,マチスの取引（SAR）[090/063],,https://dopa-game.jp/pokemon/dp/10336827,,,,10336827,29574,DOPA
154/165,古びたかいの化石(マスターボールミラー),C,https://minnano-toreka.com/wp-content/uploads/2026/08/154-165_minnanotoreca-10346948.webp,古びたかいの化石(マスターボールミラー)（C）[154/165],,https://dopa-game.jp/pokemon/dp/10346948,,,,10346948,29575,DOPA
{079/064} [sm11a],格闘道場,UR,https://minnano-toreka.com/wp-content/uploads/2026/08/079-064-sm11a_minnanotoreca-10344183.webp,格闘道場（UR）[{079/064} [sm11a]],,https://dopa-game.jp/pokemon/dp/10344183,,,,10344183,29576,DOPA
057/049,エルレイド,CHR,https://minnano-toreka.com/wp-content/uploads/2026/08/057-049_minnanotoreca-10239459.webp,エルレイド（CHR）[057/049],,https://dopa-game.jp/pokemon/dp/10239459,,,,10239459,29577,DOPA
281/184,こくばバドレックスVMAX,UR,https://minnano-toreka.com/wp-content/uploads/2026/08/281-184_minnanotoreca-10305316.webp,こくばバドレックスVMAX（UR）[281/184],,https://dopa-game.jp/pokemon/dp/10305316,,,,10305316,29578,DOPA
064/165,ユンゲラー(マスターボールミラー),U,https://minnano-toreka.com/wp-content/uploads/2026/08/064-165_minnanotoreca-10341120.webp,ユンゲラー(マスターボールミラー)（U）[064/165],,https://dopa-game.jp/pokemon/dp/10341120,,,,10341120,29579,DOPA
249/172,ヒスイの仲間たち,SR,https://minnano-toreka.com/wp-content/uploads/2026/08/249-172_minnanotoreca-10239456.webp,ヒスイの仲間たち（SR）[249/172],,https://dopa-game.jp/pokemon/dp/10239456,,,,10239456,29580,DOPA
176/165,ニョロゾ,AR,https://minnano-toreka.com/wp-content/uploads/2026/08/176-165_minnanotoreca-10240437.webp,ニョロゾ（AR）[176/165],,https://dopa-game.jp/pokemon/dp/10240437,,,,10240437,29581,DOPA
-,デッキシールド『海外/RAYQUAZA AMONG THE STARS※』65枚入り,-,https://minnano-toreka.com/wp-content/uploads/2026/08/none_minnanotoreca-10344615.webp,デッキシールド『海外/RAYQUAZA AMONG THE STARS※』65枚入り（-）[-],,https://dopa-game.jp/pokemon/dp/10344615,,,,10344615,29582,DOPA
231/187,タロ,SAR,https://minnano-toreka.com/wp-content/uploads/2026/08/231-187_minnanotoreca-10317180.webp,タロ（SAR）[231/187],,https://dopa-game.jp/pokemon/dp/10317180,,,,10317180,29583,DOPA
077/071,カビゴン,CHR,https://minnano-toreka.com/wp-content/uploads/2026/08/077-071_minnanotoreca-10304917.webp,カビゴン（CHR）[077/071],,https://dopa-game.jp/pokemon/dp/10304917,,,,10304917,29584,DOPA
095/165,イワーク(マスターボールミラー),U,https://minnano-toreka.com/wp-content/uploads/2026/08/095-165_minnanotoreca-10346748.webp,イワーク(マスターボールミラー)（U）[095/165],,https://dopa-game.jp/pokemon/dp/10346748,,,,10346748,29585,DOPA
078/064,グレートキャッチャー,UR,https://minnano-toreka.com/wp-content/uploads/2026/08/078-064_minnanotoreca-10344195.webp,グレートキャッチャー（UR）[078/064],,https://dopa-game.jp/pokemon/dp/10344195,,,,10344195,29586,DOPA
-,デッキシールド『チルタリス＆ルチア』64枚入り,[-],https://minnano-toreka.com/wp-content/uploads/2026/08/none_minnanotoreca-10261559.webp,デッキシールド『チルタリス＆ルチア』64枚入り（[-]）[-],,https://dopa-game.jp/pokemon/dp/10261559,,,,10261559,29587,DOPA
085/067,スクールガール,HR,https://minnano-toreka.com/wp-content/uploads/2026/08/085-067_minnanotoreca-10240576.webp,スクールガール（HR）[085/067],,https://dopa-game.jp/pokemon/dp/10240576,,,,10240576,29588,DOPA
196/190,ボールガイ,SR,https://minnano-toreka.com/wp-content/uploads/2026/08/196-190_minnanotoreca-10239722.webp,ボールガイ（SR）[196/190],,https://dopa-game.jp/pokemon/dp/10239722,,,,10239722,29589,DOPA
081/066,テツノイバラex,SR,https://minnano-toreka.com/wp-content/uploads/2026/08/081-066_minnanotoreca-10260641.webp,テツノイバラex（SR）[081/066],,https://dopa-game.jp/pokemon/dp/10260641,,,,10260641,29590,DOPA
086/067,モノマネむすめ,HR,https://minnano-toreka.com/wp-content/uploads/2026/08/086-067_minnanotoreca-10240324.webp,モノマネむすめ（HR）[086/067],,https://dopa-game.jp/pokemon/dp/10240324,,,,10240324,29591,DOPA
099/173,ガブリアス＆ギラティナGX,RR,https://minnano-toreka.com/wp-content/uploads/2026/08/099-173_minnanotoreca-10241031.webp,ガブリアス＆ギラティナGX（RR）[099/173],,https://dopa-game.jp/pokemon/dp/10241031,,,,10241031,29592,DOPA
-,デッキシールド『ピカチュウの森』64枚入り,-,https://minnano-toreka.com/wp-content/uploads/2026/08/none_minnanotoreca-10330167.webp,デッキシールド『ピカチュウの森』64枚入り（-）[-],,https://dopa-game.jp/pokemon/dp/10330167,,,,10330167,29593,DOPA
240/172,セキ,SAR,https://minnano-toreka.com/wp-content/uploads/2026/08/240-172_minnanotoreca-10239681.webp,セキ（SAR）[240/172],,https://dopa-game.jp/pokemon/dp/10239681,,,,10239681,29594,DOPA
228/187,アンズの秘技,SAR,https://minnano-toreka.com/wp-content/uploads/2026/08/228-187_minnanotoreca-10317156.webp,アンズの秘技（SAR）[228/187],,https://dopa-game.jp/pokemon/dp/10317156,,,,10317156,29595,DOPA
229/172,ヒスイダイケンキV,SAR,https://minnano-toreka.com/wp-content/uploads/2026/08/229-172_minnanotoreca-10239820.webp,ヒスイダイケンキV（SAR）[229/172],,https://dopa-game.jp/pokemon/dp/10239820,,,,10239820,29596,DOPA
118/100,ターボパッチ,UR,https://minnano-toreka.com/wp-content/uploads/2026/08/118-100_minnanotoreca-10240889.webp,ターボパッチ（UR）[118/100],,https://dopa-game.jp/pokemon/dp/10240889,,,,10240889,29597,DOPA
237/172,キバナ,SAR,https://minnano-toreka.com/wp-content/uploads/2026/08/237-172_minnanotoreca-10332203.webp,キバナ（SAR）[237/172],,https://dopa-game.jp/pokemon/dp/10332203,,,,10332203,29598,DOPA
117/100,セキタンザン,UR,https://minnano-toreka.com/wp-content/uploads/2026/08/117-100_minnanotoreca-10240886.webp,セキタンザン（UR）[117/100],,https://dopa-game.jp/pokemon/dp/10240886,,,,10240886,29599,DOPA
102/100,フリーザー,AR,https://minnano-toreka.com/wp-content/uploads/2026/08/102-100_minnanotoreca-10317158.webp,フリーザー（AR）[102/100],,https://dopa-game.jp/pokemon/dp/10317158,,,,10317158,29600,DOPA
118/098,ロケット団のペルシアンex,SR,https://minnano-toreka.com/wp-content/uploads/2026/08/118-098_minnanotoreca-10332271.webp,ロケット団のペルシアンex（SR）[118/098],,https://dopa-game.jp/pokemon/dp/10332271,,,,10332271,29601,DOPA
351/190,ネモ,SAR,https://minnano-toreka.com/wp-content/uploads/2026/08/351-190_minnanotoreca-10239819.webp,ネモ（SAR）[351/190],,https://dopa-game.jp/pokemon/dp/10239819,,,,10239819,29602,DOPA
165/086,Nの筋書き,SR,https://minnano-toreka.com/wp-content/uploads/2026/08/165-086_minnanotoreca-10334035.webp,Nの筋書き（SR）[165/086],,https://dopa-game.jp/pokemon/dp/10334035,,,,10334035,29603,DOPA
126/101,オーガポンかまどのめんex,SAR,https://minnano-toreka.com/wp-content/uploads/2026/08/126-101_minnanotoreca-10298230.webp,オーガポンかまどのめんex（SAR）[126/101],,https://dopa-game.jp/pokemon/dp/10298230,,,,10298230,29604,DOPA
126/102,ブライア,SR,https://minnano-toreka.com/wp-content/uploads/2026/08/126-102_minnanotoreca-10317080.webp,ブライア（SR）[126/102],,https://dopa-game.jp/pokemon/dp/10317080,,,,10317080,29605,DOPA
237/187,テラパゴスex,UR,https://minnano-toreka.com/wp-content/uploads/2026/08/237-187_minnanotoreca-10316855.webp,テラパゴスex（UR）[237/187],,https://dopa-game.jp/pokemon/dp/10316855,,,,10316855,29606,DOPA
091/070,メロン,HR,https://minnano-toreka.com/wp-content/uploads/2026/08/091-070_minnanotoreca-10332214.webp,メロン（HR）[091/070],,https://dopa-game.jp/pokemon/dp/10332214,,,,10332214,29607,DOPA
230/187,スグリ,SAR,https://minnano-toreka.com/wp-content/uploads/2026/08/230-187_minnanotoreca-10317170.webp,スグリ（SAR）[230/187],,https://dopa-game.jp/pokemon/dp/10317170,,,,10317170,29608,DOPA
116/098,ロケット団のニドキングex,SR,https://minnano-toreka.com/wp-content/uploads/2026/08/116-098_minnanotoreca-10332278.webp,ロケット団のニドキングex（SR）[116/098],,https://dopa-game.jp/pokemon/dp/10332278,,,,10332278,29609,DOPA
{093/XY-P} [XY],MディアンシーEX,RR,https://minnano-toreka.com/wp-content/uploads/2026/08/093-XY-P-XY_minnanotoreca-10329899.webp,MディアンシーEX（RR）[{093/XY-P} [XY]],,https://dopa-game.jp/pokemon/dp/10329899,,,,10329899,29610,DOPA
{072/173} [SM12a],ゲッコウガ＆ゾロアークGX,RR,https://minnano-toreka.com/wp-content/uploads/2026/08/072-173-SM12a_minnanotoreca-10329849.webp,ゲッコウガ＆ゾロアークGX（RR）[{072/173} [SM12a]],,https://dopa-game.jp/pokemon/dp/10329849,,,,10329849,29611,DOPA
232/172,ザマゼンタV,SAR,https://minnano-toreka.com/wp-content/uploads/2026/08/232-172_minnanotoreca-10316960.webp,ザマゼンタV（SAR）[232/172],,https://dopa-game.jp/pokemon/dp/10316960,,,,10316960,29612,DOPA
-,デンジャラスドリル,UR,https://minnano-toreka.com/wp-content/uploads/2026/08/none_minnanotoreca-10307272.webp,デンジャラスドリル（UR）[-],,https://dopa-game.jp/pokemon/dp/10307272,,,,10307272,29613,DOPA
094/094,かんこうきゃく,TR,https://minnano-toreka.com/wp-content/uploads/2026/08/094-094_minnanotoreca-10239726.webp,かんこうきゃく（TR）[094/094],,https://dopa-game.jp/pokemon/dp/10239726,,,,10239726,29614,DOPA
220/187,サーフゴーex,SAR,https://minnano-toreka.com/wp-content/uploads/2026/08/220-187_minnanotoreca-10317146.webp,サーフゴーex（SAR）[220/187],,https://dopa-game.jp/pokemon/dp/10317146,,,,10317146,29615,DOPA
071/062,イベルタル,AR,https://minnano-toreka.com/wp-content/uploads/2026/08/071-062_minnanotoreca-10240438.webp,イベルタル（AR）[071/062],,https://dopa-game.jp/pokemon/dp/10240438,,,,10240438,29616,DOPA
{092/078} [SV1S],サーナイトex,SR,https://minnano-toreka.com/wp-content/uploads/2026/08/092-078-SV1S_minnanotoreca-10341444.webp,サーナイトex（SR）[{092/078} [SV1S]],,https://dopa-game.jp/pokemon/dp/10341444,,,,10341444,29617,DOPA
{109/095} [sm8],あとだしハンマー,UR,https://minnano-toreka.com/wp-content/uploads/2026/08/109-095-sm8_minnanotoreca-10344100.webp,あとだしハンマー（UR）[{109/095} [sm8]],,https://dopa-game.jp/pokemon/dp/10344100,,,,10344100,29618,DOPA
{094/070} [S5a],うねりの扇,UR,https://minnano-toreka.com/wp-content/uploads/2026/08/094-070-S5a_minnanotoreca-10344104.webp,うねりの扇（UR）[{094/070} [S5a]],,https://dopa-game.jp/pokemon/dp/10344104,,,,10344104,29619,DOPA
129/106,ミカンのまなざし,SR,https://minnano-toreka.com/wp-content/uploads/2026/08/129-106_minnanotoreca-10315547.webp,ミカンのまなざし（SR）[129/106],,https://dopa-game.jp/pokemon/dp/10315547,,,,10315547,29620,DOPA
075/165,ゴローン(マスターボールミラー),U,https://minnano-toreka.com/wp-content/uploads/2026/08/075-165_minnanotoreca-10346768.webp,ゴローン(マスターボールミラー)（U）[075/165],,https://dopa-game.jp/pokemon/dp/10346768,,,,10346768,29621,DOPA
{249/193} [M2a],サーファー,SAR,https://minnano-toreka.com/wp-content/uploads/2026/08/249-193-M2a_minnanotoreca-10347065.webp,サーファー（SAR）[{249/193} [M2a]],,https://dopa-game.jp/pokemon/dp/10347065,,,,10347065,29622,DOPA
092/068,ジャローダVSTAR,UR,https://minnano-toreka.com/wp-content/uploads/2026/08/092-068_minnanotoreca-10344202.webp,ジャローダVSTAR（UR）[092/068],,https://dopa-game.jp/pokemon/dp/10344202,,,,10344202,29623,DOPA
174/165,ニドキング,AR,https://minnano-toreka.com/wp-content/uploads/2026/08/174-165_minnanotoreca-10306582.webp,ニドキング（AR）[174/165],,https://dopa-game.jp/pokemon/dp/10306582,,,,10306582,29624,DOPA
100/165,ビリリダマ(マスターボールミラー),C,https://minnano-toreka.com/wp-content/uploads/2026/08/100-165_minnanotoreca-10346812.webp,ビリリダマ(マスターボールミラー)（C）[100/165],,https://dopa-game.jp/pokemon/dp/10346812,,,,10346812,29625,DOPA
083/073,ムウマージ,AR,https://minnano-toreka.com/wp-content/uploads/2026/08/083-073_minnanotoreca-10239778.webp,ムウマージ（AR）[083/073],,https://dopa-game.jp/pokemon/dp/10239778,,,,10239778,29626,DOPA
089/067,嵐の山脈,UR,https://minnano-toreka.com/wp-content/uploads/2026/08/089-067_minnanotoreca-10346963.webp,嵐の山脈（UR）[089/067],,https://dopa-game.jp/pokemon/dp/10346963,,,,10346963,29627,DOPA
{249/184} [S8b],アーマーガアVMAX,CSR,https://minnano-toreka.com/wp-content/uploads/2026/08/249-184-S8b_minnanotoreca-10346294.webp,アーマーガアVMAX（CSR）[{249/184} [S8b]],,https://dopa-game.jp/pokemon/dp/10346294,,,,10346294,29628,DOPA
120/165,ヒトデマン/マスターボールミラー,C,https://minnano-toreka.com/wp-content/uploads/2026/08/120-165_minnanotoreca-10346301.webp,ヒトデマン/マスターボールミラー（C）[120/165],,https://dopa-game.jp/pokemon/dp/10346301,,,,10346301,29629,DOPA
{005/015} [S8a-G],ピカチュウV,-,https://minnano-toreka.com/wp-content/uploads/2026/08/005-015-S8a-G_minnanotoreca-10344732.webp,ピカチュウV（-）[{005/015} [S8a-G]],,https://dopa-game.jp/pokemon/dp/10344732,,,,10344732,29630,DOPA
124/086,プルリル,AR,https://minnano-toreka.com/wp-content/uploads/2026/08/124-086_minnanotoreca-10333964.webp,プルリル（AR）[124/086],,https://dopa-game.jp/pokemon/dp/10333964,,,,10333964,29631,DOPA
135/086,イシズマイ,AR,https://minnano-toreka.com/wp-content/uploads/2026/08/135-086_minnanotoreca-10334033.webp,イシズマイ（AR）[135/086],,https://dopa-game.jp/pokemon/dp/10334033,,,,10334033,29632,DOPA
218/184,マルヤクデV,CSR,https://minnano-toreka.com/wp-content/uploads/2026/08/218-184_minnanotoreca-10330279.webp,マルヤクデV（CSR）[218/184],,https://dopa-game.jp/pokemon/dp/10330279,,,,10330279,29633,DOPA
025/025,カプ・テテフGX/25th,-,https://minnano-toreka.com/wp-content/uploads/2026/08/025-025_minnanotoreca-10341028.webp,カプ・テテフGX/25th（-）[025/025],,https://dopa-game.jp/pokemon/dp/10341028,,,,10341028,29634,DOPA
069/064,サマヨール,AR,https://minnano-toreka.com/wp-content/uploads/2026/08/069-064_minnanotoreca-10308157.webp,サマヨール（AR）[069/064],,https://dopa-game.jp/pokemon/dp/10308157,,,,10308157,29635,DOPA
167/165,フシギソウ,AR,https://minnano-toreka.com/wp-content/uploads/2026/08/167-165_minnanotoreca-10239810.webp,フシギソウ（AR）[167/165],,https://dopa-game.jp/pokemon/dp/10239810,,,,10239810,29636,DOPA
{119/100} [s4],ガラルタチフサグマ,UR,https://minnano-toreka.com/wp-content/uploads/2026/08/119-100-s4_minnanotoreca-10240873.webp,ガラルタチフサグマ（UR）[{119/100} [s4]],,https://dopa-game.jp/pokemon/dp/10240873,,,,10240873,29637,DOPA
074/071,メブキジカ,AR,https://minnano-toreka.com/wp-content/uploads/2026/08/074-071_minnanotoreca-10241025.webp,メブキジカ（AR）[074/071],,https://dopa-game.jp/pokemon/dp/10241025,,,,10241025,29638,DOPA
079/067,ガブリアスV,SR,https://minnano-toreka.com/wp-content/uploads/2026/08/079-067_minnanotoreca-10239774.webp,ガブリアスV（SR）[079/067],,https://dopa-game.jp/pokemon/dp/10239774,,,,10239774,29639,DOPA
112/101,シャリタツ,AR,https://minnano-toreka.com/wp-content/uploads/2026/08/112-101_minnanotoreca-10276909.webp,シャリタツ（AR）[112/101],,https://dopa-game.jp/pokemon/dp/10276909,,,,10276909,29640,DOPA
083/078,ラルトス,AR,https://minnano-toreka.com/wp-content/uploads/2026/08/083-078_minnanotoreca-10240238.webp,ラルトス（AR）[083/078],,https://dopa-game.jp/pokemon/dp/10240238,,,,10240238,29641,DOPA
208/172,ポチエナ,AR,https://minnano-toreka.com/wp-content/uploads/2026/08/208-172_minnanotoreca-10240230.webp,ポチエナ（AR）[208/172],,https://dopa-game.jp/pokemon/dp/10240230,,,,10240230,29642,DOPA
051/049,マニューラ,CHR,https://minnano-toreka.com/wp-content/uploads/2026/08/051-049_minnanotoreca-10239063.webp,マニューラ（CHR）[051/049],,https://dopa-game.jp/pokemon/dp/10239063,,,,10239063,29643,DOPA
092/073,キハダ,SR,https://minnano-toreka.com/wp-content/uploads/2026/08/092-073_minnanotoreca-10239359.webp,キハダ（SR）[092/073],,https://dopa-game.jp/pokemon/dp/10239359,,,,10239359,29644,DOPA
111/100,アルセウスV,SR,https://minnano-toreka.com/wp-content/uploads/2026/08/111-100_minnanotoreca-10239758.webp,アルセウスV（SR）[111/100],,https://dopa-game.jp/pokemon/dp/10239758,,,,10239758,29645,DOPA
087/086,ツタージャ,AR,https://minnano-toreka.com/wp-content/uploads/2026/08/087-086_minnanotoreca-10334055.webp,ツタージャ（AR）[087/086],,https://dopa-game.jp/pokemon/dp/10334055,,,,10334055,29646,DOPA
065/060,ザシアンV,SR,https://minnano-toreka.com/wp-content/uploads/2026/08/065-060_minnanotoreca-10343962.webp,ザシアンV（SR）[065/060],,https://dopa-game.jp/pokemon/dp/10343962,,,,10343962,29647,DOPA
{116/095} [sm10],トリプル加速エネルギー,UR,https://minnano-toreka.com/wp-content/uploads/2026/08/116-095-sm10_minnanotoreca-10344213.webp,トリプル加速エネルギー（UR）[{116/095} [sm10]],,https://dopa-game.jp/pokemon/dp/10344213,,,,10344213,29648,DOPA
095/066,緊急ボード,UR,https://minnano-toreka.com/wp-content/uploads/2026/08/095-066_minnanotoreca-10260645.webp,緊急ボード（UR）[095/066],,https://dopa-game.jp/pokemon/dp/10260645,,,,10260645,29649,DOPA
194/165,サンダーex,SR,https://minnano-toreka.com/wp-content/uploads/2026/08/194-165_minnanotoreca-10343964.webp,サンダーex（SR）[194/165],,https://dopa-game.jp/pokemon/dp/10343964,,,,10343964,29650,DOPA
{118/095} [sm9],せせらぎの丘,UR,https://minnano-toreka.com/wp-content/uploads/2026/08/118-095-sm9_minnanotoreca-10344204.webp,せせらぎの丘（UR）[{118/095} [sm9]],,https://dopa-game.jp/pokemon/dp/10344204,,,,10344204,29651,DOPA
001/031,エーフィ＆デオキシスGX,[-] (RR仕様),https://minnano-toreka.com/wp-content/uploads/2026/08/001-031_minnanotoreca-10274053.webp,エーフィ＆デオキシスGX（[-] (RR仕様)）[001/031],,https://dopa-game.jp/pokemon/dp/10274053,,,,10274053,29652,DOPA
093/066,トドロクツキex,UR,https://minnano-toreka.com/wp-content/uploads/2026/08/093-066_minnanotoreca-10240104.webp,トドロクツキex（UR）[093/066],,https://dopa-game.jp/pokemon/dp/10240104,,,,10240104,29653,DOPA
074/070,サーナイトV,SR,https://minnano-toreka.com/wp-content/uploads/2026/08/074-070_minnanotoreca-10240207.webp,サーナイトV（SR）[074/070],,https://dopa-game.jp/pokemon/dp/10240207,,,,10240207,29654,DOPA
-,デッキシールド 『EEVEE PRISMATIC(青枠/海外限定)※』65枚,[-],https://minnano-toreka.com/wp-content/uploads/2026/08/none_minnanotoreca-10261561.webp,デッキシールド 『EEVEE PRISMATIC(青枠/海外限定)※』65枚（[-]）[-],,https://dopa-game.jp/pokemon/dp/10261561,,,,10261561,29655,DOPA
-,デッキシールドプレミアム・グロス『ニンフィアMidnight Agent -the cinema-※』64枚入り,[-],https://minnano-toreka.com/wp-content/uploads/2026/08/none_minnanotoreca-10261597.webp,デッキシールドプレミアム・グロス『ニンフィアMidnight Agent -the cinema-※』64枚入り（[-]）[-],,https://dopa-game.jp/pokemon/dp/10261597,,,,10261597,29656,DOPA
-,進化の軌跡 サーナイト,-,https://minnano-toreka.com/wp-content/uploads/2026/08/none_minnanotoreca-10271838.webp,進化の軌跡 サーナイト（-）[-],,https://dopa-game.jp/pokemon/dp/10271838,,,,10271838,29657,DOPA
072/060,ビート,HR,https://minnano-toreka.com/wp-content/uploads/2026/08/072-060_minnanotoreca-10239470.webp,ビート（HR）[072/060],,https://dopa-game.jp/pokemon/dp/10239470,,,,10239470,29658,DOPA
089/070,ドクター,HR,https://minnano-toreka.com/wp-content/uploads/2026/08/089-070_minnanotoreca-10332196.webp,ドクター（HR）[089/070],,https://dopa-game.jp/pokemon/dp/10332196,,,,10332196,29659,DOPA
-,パオジアンex,UR,https://minnano-toreka.com/wp-content/uploads/2026/08/none_minnanotoreca-10307269.webp,パオジアンex（UR）[-],,https://dopa-game.jp/pokemon/dp/10307269,,,,10307269,29660,DOPA
221/184,はくばバドレックスVMAX,CSR,https://minnano-toreka.com/wp-content/uploads/2026/08/221-184_minnanotoreca-10306572.webp,はくばバドレックスVMAX（CSR）[221/184],,https://dopa-game.jp/pokemon/dp/10306572,,,,10306572,29661,DOPA
213/187,テツノブジンex,SAR,https://minnano-toreka.com/wp-content/uploads/2026/08/213-187_minnanotoreca-10317148.webp,テツノブジンex（SAR）[213/187],,https://dopa-game.jp/pokemon/dp/10317148,,,,10317148,29662,DOPA
238/172,ザクロ,SAR,https://minnano-toreka.com/wp-content/uploads/2026/08/238-172_minnanotoreca-10332113.webp,ザクロ（SAR）[238/172],,https://dopa-game.jp/pokemon/dp/10332113,,,,10332113,29663,DOPA
{239/184} [S8b],いちげきウーラオスVMAX,CSR,https://minnano-toreka.com/wp-content/uploads/2026/08/239-184-S8b_minnanotoreca-10306538.webp,いちげきウーラオスVMAX（CSR）[{239/184} [S8b]],,https://dopa-game.jp/pokemon/dp/10306538,,,,10306538,29664,DOPA
138/108,ポピー,SAR,https://minnano-toreka.com/wp-content/uploads/2026/08/138-108_minnanotoreca-10239746.webp,ポピー（SAR）[138/108],,https://dopa-game.jp/pokemon/dp/10239746,,,,10239746,29665,DOPA
081/070,ドクター,SR,https://minnano-toreka.com/wp-content/uploads/2026/08/081-070_minnanotoreca-10332195.webp,ドクター（SR）[081/070],,https://dopa-game.jp/pokemon/dp/10332195,,,,10332195,29666,DOPA
117/098,ロケット団のクロバットex,SR,https://minnano-toreka.com/wp-content/uploads/2026/08/117-098_minnanotoreca-10332275.webp,ロケット団のクロバットex（SR）[117/098],,https://dopa-game.jp/pokemon/dp/10332275,,,,10332275,29667,DOPA
123/098,ロケット団のランス,SR,https://minnano-toreka.com/wp-content/uploads/2026/08/123-098_minnanotoreca-10332277.webp,ロケット団のランス（SR）[123/098],,https://dopa-game.jp/pokemon/dp/10332277,,,,10332277,29668,DOPA
119/098,ロケット団のアテナ,SR,https://minnano-toreka.com/wp-content/uploads/2026/08/119-098_minnanotoreca-10332280.webp,ロケット団のアテナ（SR）[119/098],,https://dopa-game.jp/pokemon/dp/10332280,,,,10332280,29669,DOPA
133/108,コオリッポex,SAR,https://minnano-toreka.com/wp-content/uploads/2026/08/133-108_minnanotoreca-10239720.webp,コオリッポex（SAR）[133/108],,https://dopa-game.jp/pokemon/dp/10239720,,,,10239720,29670,DOPA
327/190,ミュウex,SSR,https://minnano-toreka.com/wp-content/uploads/2026/08/327-190_minnanotoreca-10240090.webp,ミュウex（SSR）[327/190],,https://dopa-game.jp/pokemon/dp/10240090,,,,10240090,29671,DOPA
090/071,グルーシャ,SR,https://minnano-toreka.com/wp-content/uploads/2026/08/090-071_minnanotoreca-10240108.webp,グルーシャ（SR）[090/071],,https://dopa-game.jp/pokemon/dp/10240108,,,,10240108,29672,DOPA
093/064,カウンターゲイン,UR,https://minnano-toreka.com/wp-content/uploads/2026/08/093-064_minnanotoreca-10315575.webp,カウンターゲイン（UR）[093/064],,https://dopa-game.jp/pokemon/dp/10315575,,,,10315575,29673,DOPA
215/184,イオルブVMAX【CSR】,CSR,https://minnano-toreka.com/wp-content/uploads/2026/08/215-184_minnanotoreca-10330271.webp,イオルブVMAX【CSR】（CSR）[215/184],,https://dopa-game.jp/pokemon/dp/10330271,,,,10330271,29674,DOPA
233/172,レジギガスVSTAR,SAR,https://minnano-toreka.com/wp-content/uploads/2026/08/233-172_minnanotoreca-10330276.webp,レジギガスVSTAR（SAR）[233/172],,https://dopa-game.jp/pokemon/dp/10330276,,,,10330276,29675,DOPA
089/066,スナノケガワex,SAR,https://minnano-toreka.com/wp-content/uploads/2026/08/089-066_minnanotoreca-10239754.webp,スナノケガワex（SAR）[089/066],,https://dopa-game.jp/pokemon/dp/10239754,,,,10239754,29676,DOPA
243/184,クロバットV,CSR,https://minnano-toreka.com/wp-content/uploads/2026/08/243-184_minnanotoreca-10316363.webp,クロバットV（CSR）[243/184],,https://dopa-game.jp/pokemon/dp/10316363,,,,10316363,29677,DOPA
138/106,グラビティーマウンテン,UR,https://minnano-toreka.com/wp-content/uploads/2026/08/138-106_minnanotoreca-10315957.webp,グラビティーマウンテン（UR）[138/106],,https://dopa-game.jp/pokemon/dp/10315957,,,,10315957,29678,DOPA
156/150,やまおとこ,SR,https://minnano-toreka.com/wp-content/uploads/2026/08/156-150_minnanotoreca-10332181.webp,やまおとこ（SR）[156/150],,https://dopa-game.jp/pokemon/dp/10332181,,,,10332181,29679,DOPA
121/098,スズナ,HR,https://minnano-toreka.com/wp-content/uploads/2026/08/121-098_minnanotoreca-10240260.webp,スズナ（HR）[121/098],,https://dopa-game.jp/pokemon/dp/10240260,,,,10240260,29680,DOPA
101/102,偉大な大樹,ACE,https://minnano-toreka.com/wp-content/uploads/2026/08/101-102_minnanotoreca-10317068.webp,偉大な大樹（ACE）[101/102],,https://dopa-game.jp/pokemon/dp/10317068,,,,10317068,29681,DOPA
078/073,ホゲータ,AR,https://minnano-toreka.com/wp-content/uploads/2026/08/078-073_minnanotoreca-10240246.webp,ホゲータ（AR）[078/073],,https://dopa-game.jp/pokemon/dp/10240246,,,,10240246,29682,DOPA
177/172,ラプラス,AR,https://minnano-toreka.com/wp-content/uploads/2026/08/177-172_minnanotoreca-10306868.webp,ラプラス（AR）[177/172],,https://dopa-game.jp/pokemon/dp/10306868,,,,10306868,29683,DOPA
101/165,マルマイン(マスターボールミラー),R,https://minnano-toreka.com/wp-content/uploads/2026/08/101-165_minnanotoreca-10346952.webp,マルマイン(マスターボールミラー)（R）[101/165],,https://dopa-game.jp/pokemon/dp/10346952,,,,10346952,29684,DOPA
086/078,リオル,AR,https://minnano-toreka.com/wp-content/uploads/2026/08/086-078_minnanotoreca-10306142.webp,リオル（AR）[086/078],,https://dopa-game.jp/pokemon/dp/10306142,,,,10306142,29685,DOPA
107/101,マシマシラ,AR,https://minnano-toreka.com/wp-content/uploads/2026/08/107-101_minnanotoreca-10276117.webp,マシマシラ（AR）[107/101],,https://dopa-game.jp/pokemon/dp/10276117,,,,10276117,29686,DOPA
114/165,モンジャラ(マスターボールミラー),C,https://minnano-toreka.com/wp-content/uploads/2026/08/114-165_minnanotoreca-10346955.webp,モンジャラ(マスターボールミラー)（C）[114/165],,https://dopa-game.jp/pokemon/dp/10346955,,,,10346955,29687,DOPA
094/066,ガチグマアカツキex,UR,https://minnano-toreka.com/wp-content/uploads/2026/08/094-066_minnanotoreca-10260676.webp,ガチグマアカツキex（UR）[094/066],,https://dopa-game.jp/pokemon/dp/10260676,,,,10260676,29688,DOPA
087/066,サザレ,SR,https://minnano-toreka.com/wp-content/uploads/2026/08/087-066_minnanotoreca-10260649.webp,サザレ（SR）[087/066],,https://dopa-game.jp/pokemon/dp/10260649,,,,10260649,29689,DOPA
117/095,巨大なカマド,UR,https://minnano-toreka.com/wp-content/uploads/2026/08/117-095_minnanotoreca-10344194.webp,巨大なカマド（UR）[117/095],,https://dopa-game.jp/pokemon/dp/10344194,,,,10344194,29690,DOPA
102/073,ラウドボーンex,UR,https://minnano-toreka.com/wp-content/uploads/2026/08/102-073_minnanotoreca-10240314.webp,ラウドボーンex（UR）[102/073],,https://dopa-game.jp/pokemon/dp/10240314,,,,10240314,29691,DOPA
001/021,ピカチュウex,−,https://minnano-toreka.com/wp-content/uploads/2026/08/001-021_minnanotoreca-10239461.webp,ピカチュウex（−）[001/021],,https://dopa-game.jp/pokemon/dp/10239461,,,,10239461,29692,DOPA
{003/021} [MBG],メガゲンガーex,[-] (RR仕様),https://minnano-toreka.com/wp-content/uploads/2026/08/003-021-MBG_minnanotoreca-10346961.webp,メガゲンガーex（[-] (RR仕様)）[{003/021} [MBG]],,https://dopa-game.jp/pokemon/dp/10346961,,,,10346961,29693,DOPA
084/066,トドロクツキex,SR,https://minnano-toreka.com/wp-content/uploads/2026/08/084-066_minnanotoreca-10240440.webp,トドロクツキex（SR）[084/066],,https://dopa-game.jp/pokemon/dp/10240440,,,,10240440,29694,DOPA
099/069,ぐんぐんシェイク,UR,https://minnano-toreka.com/wp-content/uploads/2026/08/099-069_minnanotoreca-10305318.webp,ぐんぐんシェイク（UR）[099/069],,https://dopa-game.jp/pokemon/dp/10305318,,,,10305318,29695,DOPA
087/066,リップ,SR,https://minnano-toreka.com/wp-content/uploads/2026/08/087-066_minnanotoreca-10240243.webp,リップ（SR）[087/066],,https://dopa-game.jp/pokemon/dp/10240243,,,,10240243,29696,DOPA
082/078,ヤドン,AR,https://minnano-toreka.com/wp-content/uploads/2026/08/082-078_minnanotoreca-10240235.webp,ヤドン（AR）[082/078],,https://dopa-game.jp/pokemon/dp/10240235,,,,10240235,29697,DOPA
098/071,ウガツホムラex,UR,https://minnano-toreka.com/wp-content/uploads/2026/08/098-071_minnanotoreca-10244748.webp,ウガツホムラex（UR）[098/071],,https://dopa-game.jp/pokemon/dp/10244748,,,,10244748,29698,DOPA
231/172,フーパV,SAR,https://minnano-toreka.com/wp-content/uploads/2026/08/231-172_minnanotoreca-10330274.webp,フーパV（SAR）[231/172],,https://dopa-game.jp/pokemon/dp/10330274,,,,10330274,29699,DOPA
328/190,ムゲンダイナVMAX,UR,https://minnano-toreka.com/wp-content/uploads/2026/08/328-190_minnanotoreca-10241010.webp,ムゲンダイナVMAX（UR）[328/190],,https://dopa-game.jp/pokemon/dp/10241010,,,,10241010,29700,DOPA
282/184,いちげきウーラオスVMAX,UR,https://minnano-toreka.com/wp-content/uploads/2026/08/282-184_minnanotoreca-10240871.webp,いちげきウーラオスVMAX（UR）[282/184],,https://dopa-game.jp/pokemon/dp/10240871,,,,10240871,29701,DOPA
070/062,メテノ,AR,https://minnano-toreka.com/wp-content/uploads/2026/08/070-062_minnanotoreca-10240094.webp,メテノ（AR）[070/062],,https://dopa-game.jp/pokemon/dp/10240094,,,,10240094,29702,DOPA
241/172,チェレンの気くばり,SAR,https://minnano-toreka.com/wp-content/uploads/2026/08/241-172_minnanotoreca-10239669.webp,チェレンの気くばり（SAR）[241/172],,https://dopa-game.jp/pokemon/dp/10239669,,,,10239669,29703,DOPA
076/066,モルペコ,AR,https://minnano-toreka.com/wp-content/uploads/2026/08/076-066_minnanotoreca-10239739.webp,モルペコ（AR）[076/066],,https://dopa-game.jp/pokemon/dp/10239739,,,,10239739,29704,DOPA
079/063,メガラティアスex,SR,https://minnano-toreka.com/wp-content/uploads/2026/08/079-063_minnanotoreca-10336801.webp,メガラティアスex（SR）[079/063],,https://dopa-game.jp/pokemon/dp/10336801,,,,10336801,29705,DOPA
084/078,キルリア,AR,https://minnano-toreka.com/wp-content/uploads/2026/08/084-078_minnanotoreca-10239896.webp,キルリア（AR）[084/078],,https://dopa-game.jp/pokemon/dp/10239896,,,,10239896,29706,DOPA
200/184,デデンネ,CHR,https://minnano-toreka.com/wp-content/uploads/2026/08/200-184_minnanotoreca-10239458.webp,デデンネ（CHR）[200/184],,https://dopa-game.jp/pokemon/dp/10239458,,,,10239458,29707,DOPA
113/086,バチュル,AR,https://minnano-toreka.com/wp-content/uploads/2026/08/113-086_minnanotoreca-10333897.webp,バチュル（AR）[113/086],,https://dopa-game.jp/pokemon/dp/10333897,,,,10333897,29708,DOPA
001/028,ピカチュウ/25th,-,https://minnano-toreka.com/wp-content/uploads/2026/08/001-028_minnanotoreca-10281455.webp,ピカチュウ/25th（-）[001/028],,https://dopa-game.jp/pokemon/dp/10281455,,,,10281455,29709,DOPA
061/049,ムーランド,CHR,https://minnano-toreka.com/wp-content/uploads/2026/08/061-049_minnanotoreca-10304919.webp,ムーランド（CHR）[061/049],,https://dopa-game.jp/pokemon/dp/10304919,,,,10304919,29710,DOPA
074/165,イシツブテ(マスターボールミラー),C,https://minnano-toreka.com/wp-content/uploads/2026/08/074-165_minnanotoreca-10346747.webp,イシツブテ(マスターボールミラー)（C）[074/165],,https://dopa-game.jp/pokemon/dp/10346747,,,,10346747,29711,DOPA
073/071,マリル,AR,https://minnano-toreka.com/wp-content/uploads/2026/08/073-071_minnanotoreca-10240024.webp,マリル（AR）[073/071],,https://dopa-game.jp/pokemon/dp/10240024,,,,10240024,29712,DOPA
{106/098} [S12],スカタンクV(SA),SR,https://minnano-toreka.com/wp-content/uploads/2026/08/106-098-S12_minnanotoreca-10346293.webp,スカタンクV(SA)（SR）[{106/098} [S12]],,https://dopa-game.jp/pokemon/dp/10346293,,,,10346293,29713,DOPA
077/071,セグレイブ,AR,https://minnano-toreka.com/wp-content/uploads/2026/08/077-071_minnanotoreca-10306143.webp,セグレイブ（AR）[077/071],,https://dopa-game.jp/pokemon/dp/10306143,,,,10306143,29714,DOPA
{115/094} [sm11],ウィークガードエネルギー,UR,https://minnano-toreka.com/wp-content/uploads/2026/08/115-094-sm11_minnanotoreca-10344103.webp,ウィークガードエネルギー（UR）[{115/094} [sm11]],,https://dopa-game.jp/pokemon/dp/10344103,,,,10344103,29715,DOPA
075/066,ヒスイガーディ,AR,https://minnano-toreka.com/wp-content/uploads/2026/08/075-066_minnanotoreca-10260646.webp,ヒスイガーディ（AR）[075/066],,https://dopa-game.jp/pokemon/dp/10260646,,,,10260646,29716,DOPA
070/064,ヨノワール,AR,https://minnano-toreka.com/wp-content/uploads/2026/08/070-064_minnanotoreca-10306011.webp,ヨノワール（AR）[070/064],,https://dopa-game.jp/pokemon/dp/10306011,,,,10306011,29717,DOPA
068/064,ヨマワル,AR,https://minnano-toreka.com/wp-content/uploads/2026/08/068-064_minnanotoreca-10306079.webp,ヨマワル（AR）[068/064],,https://dopa-game.jp/pokemon/dp/10306079,,,,10306079,29718,DOPA
033/106,ピカチュウex,RR,https://minnano-toreka.com/wp-content/uploads/2026/08/033-106_minnanotoreca-10313107.webp,ピカチュウex（RR）[033/106],,https://dopa-game.jp/pokemon/dp/10313107,,,,10313107,29719,DOPA
{127/414} [SI],ピカチュウ(ミラー),-,https://minnano-toreka.com/wp-content/uploads/2026/08/127-414-SI_minnanotoreca-10344928.webp,ピカチュウ(ミラー)（-）[{127/414} [SI]],,https://dopa-game.jp/pokemon/dp/10344928,,,,10344928,29720,DOPA
079/063,メガアブソルex,SR,https://minnano-toreka.com/wp-content/uploads/2026/08/079-063_minnanotoreca-10336823.webp,メガアブソルex（SR）[079/063],,https://dopa-game.jp/pokemon/dp/10336823,,,,10336823,29721,DOPA
{129/414} [SI],ピカチュウV(ミラー),-,https://minnano-toreka.com/wp-content/uploads/2026/08/129-414-SI_minnanotoreca-10344927.webp,ピカチュウV(ミラー)（-）[{129/414} [SI]],,https://dopa-game.jp/pokemon/dp/10344927,,,,10344927,29722,DOPA
085/165,ドードリオ/マスターボールミラー,R,https://minnano-toreka.com/wp-content/uploads/2026/08/085-165_minnanotoreca-10346303.webp,ドードリオ/マスターボールミラー（R）[085/165],,https://dopa-game.jp/pokemon/dp/10346303,,,,10346303,29723,DOPA
109/108,クサイハナ,AR,https://minnano-toreka.com/wp-content/uploads/2026/08/109-108_minnanotoreca-10306243.webp,クサイハナ（AR）[109/108],,https://dopa-game.jp/pokemon/dp/10306243,,,,10306243,29724,DOPA
029/171,ピカチュウ,-,https://minnano-toreka.com/wp-content/uploads/2026/08/029-171_minnanotoreca-10339854.webp,ピカチュウ（-）[029/171],,https://dopa-game.jp/pokemon/dp/10339854,,,,10339854,29725,DOPA
153/165,スナッチアーム(マスターボールミラー),U,https://minnano-toreka.com/wp-content/uploads/2026/08/153-165_minnanotoreca-10346771.webp,スナッチアーム(マスターボールミラー)（U）[153/165],,https://dopa-game.jp/pokemon/dp/10346771,,,,10346771,29726,DOPA
092/086,ドレディア,AR,https://minnano-toreka.com/wp-content/uploads/2026/08/092-086_minnanotoreca-10334064.webp,ドレディア（AR）[092/086],,https://dopa-game.jp/pokemon/dp/10334064,,,,10334064,29727,DOPA
116/086,エモンガ,AR,https://minnano-toreka.com/wp-content/uploads/2026/08/116-086_minnanotoreca-10334044.webp,エモンガ（AR）[116/086],,https://dopa-game.jp/pokemon/dp/10334044,,,,10334044,29728,DOPA
{153/086} [SV11B],マメパト,AR,https://minnano-toreka.com/wp-content/uploads/2026/08/153-086-SV11B_minnanotoreca-10334034.webp,マメパト（AR）[{153/086} [SV11B]],,https://dopa-game.jp/pokemon/dp/10334034,,,,10334034,29729,DOPA
084/165,ドードー(マスターボールミラー),C,https://minnano-toreka.com/wp-content/uploads/2026/08/084-165_minnanotoreca-10346773.webp,ドードー(マスターボールミラー)（C）[084/165],,https://dopa-game.jp/pokemon/dp/10346773,,,,10346773,29730,DOPA
{065/063},フシギソウ,AR,https://minnano-toreka.com/wp-content/uploads/2026/08/065-063_minnanotoreca-10336789.webp,フシギソウ（AR）[{065/063}],,https://dopa-game.jp/pokemon/dp/10336789,,,,10336789,29731,DOPA
{233/XY-P} [XY],フシギバナEX,P,https://minnano-toreka.com/wp-content/uploads/2026/08/233-XY-P-XY_minnanotoreca-10341432.webp,フシギバナEX（P）[{233/XY-P} [XY]],,https://dopa-game.jp/pokemon/dp/10341432,,,,10341432,29732,DOPA
-,デッキシールド 『ベル』64枚入り,-,https://minnano-toreka.com/wp-content/uploads/2026/08/none_minnanotoreca-10264133.webp,デッキシールド 『ベル』64枚入り（-）[-],,https://dopa-game.jp/pokemon/dp/10264133,,,,10264133,29733,DOPA
-,デッキシールド『なみのりピカチュウ＆そらをとぶピカチュウ』64枚入り,-,https://minnano-toreka.com/wp-content/uploads/2026/08/none_minnanotoreca-10343047.webp,デッキシールド『なみのりピカチュウ＆そらをとぶピカチュウ』64枚入り（-）[-],,https://dopa-game.jp/pokemon/dp/10281377,,,,10281377,29734,DOPA
001/SM-P,カビゴンGX,SM-P,https://minnano-toreka.com/wp-content/uploads/2026/08/001-SM-P_minnanotoreca-10280182.webp,カビゴンGX（SM-P）[001/SM-P],,https://dopa-game.jp/pokemon/dp/10280182,,,,10280182,29735,DOPA
{083/066} [SV5a],ゲッコウガex,SR,https://minnano-toreka.com/wp-content/uploads/2026/08/083-066-SV5a_minnanotoreca-10263690.webp,ゲッコウガex（SR）[{083/066} [SV5a]],,https://dopa-game.jp/pokemon/dp/10263690,,,,10263690,29736,DOPA
-,デッキシールド『ポケモンセンターオキナワ』64枚入り,-,https://minnano-toreka.com/wp-content/uploads/2026/08/none_minnanotoreca-10280199.webp,デッキシールド『ポケモンセンターオキナワ』64枚入り（-）[-],,https://dopa-game.jp/pokemon/dp/10280199,,,,10280199,29737,DOPA
-,デッキシールド 『ピカチュウ＆パモ』64枚,[-],https://minnano-toreka.com/wp-content/uploads/2026/08/none_minnanotoreca-10261595.webp,デッキシールド 『ピカチュウ＆パモ』64枚（[-]）[-],,https://dopa-game.jp/pokemon/dp/10261595,,,,10261595,29738,DOPA
-,デッキシールド『ダイマックスレックウザ』64枚入り,-,https://minnano-toreka.com/wp-content/uploads/2026/08/none_minnanotoreca-10285322.webp,デッキシールド『ダイマックスレックウザ』64枚入り（-）[-],,https://dopa-game.jp/pokemon/dp/10285322,,,,10285322,29739,DOPA
-,デッキシールド『ふんわりはんなり』64枚入り,-,https://minnano-toreka.com/wp-content/uploads/2026/08/none_minnanotoreca-10271835.webp,デッキシールド『ふんわりはんなり』64枚入り（-）[-],,https://dopa-game.jp/pokemon/dp/10271835,,,,10271835,29740,DOPA
089/071,タケルライコex,SR,https://minnano-toreka.com/wp-content/uploads/2026/08/089-071_minnanotoreca-10244770.webp,タケルライコex（SR）[089/071],,https://dopa-game.jp/pokemon/dp/10244770,,,,10244770,29741,DOPA
-,英雄のメダル,UR,https://minnano-toreka.com/wp-content/uploads/2026/08/none_minnanotoreca-10307282.webp,英雄のメダル（UR）[-],,https://dopa-game.jp/pokemon/dp/10307282,,,,10307282,29742,DOPA
{225/184} [S8b],パルスワンV,CSR,https://minnano-toreka.com/wp-content/uploads/2026/08/225-184-S8b_minnanotoreca-10316337.webp,パルスワンV（CSR）[{225/184} [S8b]],,https://dopa-game.jp/pokemon/dp/10316337,,,,10316337,29743,DOPA
{113/100},アクロマの実験,SR,https://minnano-toreka.com/wp-content/uploads/2026/08/113-100_minnanotoreca-10279880.webp,アクロマの実験（SR）[{113/100}],,https://dopa-game.jp/pokemon/dp/10279880,,,,10279880,29744,DOPA
185/S,バンギラスV(未開封）,S‐P,https://minnano-toreka.com/wp-content/uploads/2026/08/185-S_minnanotoreca-10269842.webp,バンギラスV(未開封）（S‐P）[185/S],,https://dopa-game.jp/pokemon/dp/10269842,,,,10269842,29745,DOPA
135/108,ブロロロームex,SAR,https://minnano-toreka.com/wp-content/uploads/2026/08/135-108_minnanotoreca-10330268.webp,ブロロロームex（SAR）[135/108],,https://dopa-game.jp/pokemon/dp/10330268,,,,10330268,29746,DOPA
103/078,テツノワダチex,SAR,https://minnano-toreka.com/wp-content/uploads/2026/08/103-078_minnanotoreca-10307099.webp,テツノワダチex（SAR）[103/078],,https://dopa-game.jp/pokemon/dp/10307099,,,,10307099,29747,DOPA
087/071,野盗三姉妹,SR,https://minnano-toreka.com/wp-content/uploads/2026/08/087-071_minnanotoreca-10240264.webp,野盗三姉妹（SR）[087/071],,https://dopa-game.jp/pokemon/dp/10240264,,,,10240264,29748,DOPA
095/071,ヒナツ,HR,https://minnano-toreka.com/wp-content/uploads/2026/08/095-071_minnanotoreca-10239468.webp,ヒナツ（HR）[095/071],,https://dopa-game.jp/pokemon/dp/10239468,,,,10239468,29749,DOPA
041/066,ハッサムGX,RR,https://minnano-toreka.com/wp-content/uploads/2026/08/041-066_minnanotoreca-10329844.webp,ハッサムGX（RR）[041/066],,https://dopa-game.jp/pokemon/dp/10329844,,,,10329844,29750,DOPA
-,デッキシールドプレミアムマット『かがやくジラーチ』64枚入り,[-],https://minnano-toreka.com/wp-content/uploads/2026/08/none_minnanotoreca-10261592.webp,デッキシールドプレミアムマット『かがやくジラーチ』64枚入り（[-]）[-],,https://dopa-game.jp/pokemon/dp/10261592,,,,10261592,29751,DOPA
-,デッキシールド 『ポピー』64枚,[-],https://minnano-toreka.com/wp-content/uploads/2026/08/none_minnanotoreca-10261593.webp,デッキシールド 『ポピー』64枚（[-]）[-],,https://dopa-game.jp/pokemon/dp/10261593,,,,10261593,29752,DOPA
075/071,セビエ,AR,https://minnano-toreka.com/wp-content/uploads/2026/08/075-071_minnanotoreca-10308105.webp,セビエ（AR）[075/071],,https://dopa-game.jp/pokemon/dp/10308105,,,,10308105,29753,DOPA
{265/184} [S8b],バーネット博士,SR,https://minnano-toreka.com/wp-content/uploads/2026/08/265-184-S8b_minnanotoreca-10332194.webp,バーネット博士（SR）[{265/184} [S8b]],,https://dopa-game.jp/pokemon/dp/10332194,,,,10332194,29754,DOPA
095/071,サワロ,SAR,https://minnano-toreka.com/wp-content/uploads/2026/08/095-071_minnanotoreca-10239824.webp,サワロ（SAR）[095/071],,https://dopa-game.jp/pokemon/dp/10239824,,,,10239824,29755,DOPA
084/067,キバナ,HR,https://minnano-toreka.com/wp-content/uploads/2026/08/084-067_minnanotoreca-10332188.webp,キバナ（HR）[084/067],,https://dopa-game.jp/pokemon/dp/10332188,,,,10332188,29756,DOPA
-,デッキシールド『ピカチュウ大集合』64枚入り,-,https://minnano-toreka.com/wp-content/uploads/2026/08/none_minnanotoreca-10330166.webp,デッキシールド『ピカチュウ大集合』64枚入り（-）[-],,https://dopa-game.jp/pokemon/dp/10330166,,,,10330166,29757,DOPA
134/106,シトロンの機転,SAR,https://minnano-toreka.com/wp-content/uploads/2026/08/134-106_minnanotoreca-10315572.webp,シトロンの機転（SAR）[134/106],,https://dopa-game.jp/pokemon/dp/10315572,,,,10315572,29758,DOPA
061/054,かいじゅうマニア,SR,https://minnano-toreka.com/wp-content/uploads/2026/08/061-054_minnanotoreca-10332201.webp,かいじゅうマニア（SR）[061/054],,https://dopa-game.jp/pokemon/dp/10332201,,,,10332201,29759,DOPA
085/064,カシオペア,SR,https://minnano-toreka.com/wp-content/uploads/2026/08/085-064_minnanotoreca-10316509.webp,カシオペア（SR）[085/064],,https://dopa-game.jp/pokemon/dp/10316509,,,,10316509,29760,DOPA
117/102,ラプラスex,SR,https://minnano-toreka.com/wp-content/uploads/2026/08/117-102_minnanotoreca-10316974.webp,ラプラスex（SR）[117/102],,https://dopa-game.jp/pokemon/dp/10316974,,,,10316974,29761,DOPA
124/106,サザンドラex,SR,https://minnano-toreka.com/wp-content/uploads/2026/08/124-106_minnanotoreca-10315567.webp,サザンドラex（SR）[124/106],,https://dopa-game.jp/pokemon/dp/10315567,,,,10315567,29762,DOPA
198/187,メロコ,SR,https://minnano-toreka.com/wp-content/uploads/2026/08/198-187_minnanotoreca-10316961.webp,メロコ（SR）[198/187],,https://dopa-game.jp/pokemon/dp/10316961,,,,10316961,29763,DOPA
201/187,オーガポンみどりのめんex,SAR,https://minnano-toreka.com/wp-content/uploads/2026/08/201-187_minnanotoreca-10330277.webp,オーガポンみどりのめんex（SAR）[201/187],,https://dopa-game.jp/pokemon/dp/10330277,,,,10330277,29764,DOPA
{267/184} [S8b],冒険家の発見,SR,https://minnano-toreka.com/wp-content/uploads/2026/08/267-184-S8b_minnanotoreca-10332210.webp,冒険家の発見（SR）[{267/184} [S8b]],,https://dopa-game.jp/pokemon/dp/10332210,,,,10332210,29765,DOPA
235/172,アクロマの実験,SAR,https://minnano-toreka.com/wp-content/uploads/2026/08/235-172_minnanotoreca-10239719.webp,アクロマの実験（SAR）[235/172],,https://dopa-game.jp/pokemon/dp/10239719,,,,10239719,29766,DOPA
092/071,マツバの確信,SR,https://minnano-toreka.com/wp-content/uploads/2026/08/092-071_minnanotoreca-10244761.webp,マツバの確信（SR）[092/071],,https://dopa-game.jp/pokemon/dp/10244761,,,,10244761,29767,DOPA
{253/184} [S8b],ジュラルドンVMAX,CSR,https://minnano-toreka.com/wp-content/uploads/2026/08/253-184-S8b_minnanotoreca-10330291.webp,ジュラルドンVMAX（CSR）[{253/184} [S8b]],,https://dopa-game.jp/pokemon/dp/10330291,,,,10330291,29768,DOPA
083/070,セイボリー,SR,https://minnano-toreka.com/wp-content/uploads/2026/08/083-070_minnanotoreca-10332123.webp,セイボリー（SR）[083/070],,https://dopa-game.jp/pokemon/dp/10332123,,,,10332123,29769,DOPA
092/064,モモワロウex,UR,https://minnano-toreka.com/wp-content/uploads/2026/08/092-064_minnanotoreca-10316562.webp,モモワロウex（UR）[092/064],,https://dopa-game.jp/pokemon/dp/10316562,,,,10316562,29770,DOPA
-,ザシアンV,CSR,https://minnano-toreka.com/wp-content/uploads/2026/08/none_minnanotoreca-10316358.webp,ザシアンV（CSR）[-],,https://dopa-game.jp/pokemon/dp/10316358,,,,10316358,29771,DOPA
124/100,ハマナのバックアップ,HR,https://minnano-toreka.com/wp-content/uploads/2026/08/124-100_minnanotoreca-10332225.webp,ハマナのバックアップ（HR）[124/100],,https://dopa-game.jp/pokemon/dp/10332225,,,,10332225,29772,DOPA
-,タフネスマント,UR,https://minnano-toreka.com/wp-content/uploads/2026/08/none_minnanotoreca-10307273.webp,タフネスマント（UR）[-],,https://dopa-game.jp/pokemon/dp/10307273,,,,10307273,29773,DOPA
122/101,スグリ,SR,https://minnano-toreka.com/wp-content/uploads/2026/08/122-101_minnanotoreca-10276912.webp,スグリ（SR）[122/101],,https://dopa-game.jp/pokemon/dp/10276912,,,,10276912,29774,DOPA
{285/184} [S8b],ジュラルドンVMAX,UR,https://minnano-toreka.com/wp-content/uploads/2026/08/285-184-S8b_minnanotoreca-10344203.webp,ジュラルドンVMAX（UR）[{285/184} [S8b]],,https://dopa-game.jp/pokemon/dp/10344203,,,,10344203,29775,DOPA
118/108,ポッポ,AR,https://minnano-toreka.com/wp-content/uploads/2026/08/118-108_minnanotoreca-10306109.webp,ポッポ（AR）[118/108],,https://dopa-game.jp/pokemon/dp/10306109,,,,10306109,29776,DOPA
082/066},サケブシッポex,SR,https://minnano-toreka.com/wp-content/uploads/2026/08/082-066_minnanotoreca-10263694.webp,サケブシッポex（SR）[082/066}],,https://dopa-game.jp/pokemon/dp/10263694,,,,10263694,29777,DOPA
072/064,ゾロア,AR,https://minnano-toreka.com/wp-content/uploads/2026/08/072-064_minnanotoreca-10316307.webp,ゾロア（AR）[072/064],,https://dopa-game.jp/pokemon/dp/10316307,,,,10316307,29778,DOPA
{100/086} [SV11B],ヒトモシ,AR,https://minnano-toreka.com/wp-content/uploads/2026/08/100-086-SV11B_minnanotoreca-10334001.webp,ヒトモシ（AR）[{100/086} [SV11B]],,https://dopa-game.jp/pokemon/dp/10334001,,,,10334001,29779,DOPA
122/108,バンギラスex,SR,https://minnano-toreka.com/wp-content/uploads/2026/08/122-108_minnanotoreca-10239745.webp,バンギラスex（SR）[122/108],,https://dopa-game.jp/pokemon/dp/10239745,,,,10239745,29780,DOPA
143/086,ワルビアル,AR,https://minnano-toreka.com/wp-content/uploads/2026/08/143-086_minnanotoreca-10333919.webp,ワルビアル（AR）[143/086],,https://dopa-game.jp/pokemon/dp/10333919,,,,10333919,29781,DOPA
115/100,チェレンの気くばり,SR,https://minnano-toreka.com/wp-content/uploads/2026/08/115-100_minnanotoreca-10332216.webp,チェレンの気くばり（SR）[115/100],,https://dopa-game.jp/pokemon/dp/10332216,,,,10332216,29782,DOPA
103/086,フタチマル,AR,https://minnano-toreka.com/wp-content/uploads/2026/08/103-086_minnanotoreca-10333961.webp,フタチマル（AR）[103/086],,https://dopa-game.jp/pokemon/dp/10333961,,,,10333961,29783,DOPA
088/086,ジャノビー,AR,https://minnano-toreka.com/wp-content/uploads/2026/08/088-086_minnanotoreca-10333997.webp,ジャノビー（AR）[088/086],,https://dopa-game.jp/pokemon/dp/10333997,,,,10333997,29784,DOPA
122/086,ゴチミル,AR,https://minnano-toreka.com/wp-content/uploads/2026/08/122-086_minnanotoreca-10333988.webp,ゴチミル（AR）[122/086],,https://dopa-game.jp/pokemon/dp/10333988,,,,10333988,29785,DOPA
125/086,ランクルス,AR,https://minnano-toreka.com/wp-content/uploads/2026/08/125-086_minnanotoreca-10333892.webp,ランクルス（AR）[125/086],,https://dopa-game.jp/pokemon/dp/10333892,,,,10333892,29786,DOPA
092/086,メブキジカ,AR,https://minnano-toreka.com/wp-content/uploads/2026/08/092-086_minnanotoreca-10334000.webp,メブキジカ（AR）[092/086],,https://dopa-game.jp/pokemon/dp/10334000,,,,10334000,29787,DOPA
098/071,テツノイサハex,UR,https://minnano-toreka.com/wp-content/uploads/2026/08/098-071_minnanotoreca-10244729.webp,テツノイサハex（UR）[098/071],,https://dopa-game.jp/pokemon/dp/10244729,,,,10244729,29788,DOPA
061/054,ギーマ,SR,https://minnano-toreka.com/wp-content/uploads/2026/08/061-054_minnanotoreca-10332198.webp,ギーマ（SR）[061/054],,https://dopa-game.jp/pokemon/dp/10332198,,,,10332198,29789,DOPA
103/073,ウェーニバルex,UR,https://minnano-toreka.com/wp-content/uploads/2026/08/103-073_minnanotoreca-10240869.webp,ウェーニバルex（UR）[103/073],,https://dopa-game.jp/pokemon/dp/10240869,,,,10240869,29790,DOPA
327/190,ムゲンダイナV,UR,https://minnano-toreka.com/wp-content/uploads/2026/08/327-190_minnanotoreca-10240311.webp,ムゲンダイナV（UR）[327/190],,https://dopa-game.jp/pokemon/dp/10240311,,,,10240311,29791,DOPA
094/086,カブルモ,AR,https://minnano-toreka.com/wp-content/uploads/2026/08/094-086_minnanotoreca-10334057.webp,カブルモ（AR）[094/086],,https://dopa-game.jp/pokemon/dp/10334057,,,,10334057,29792,DOPA
098/086,エンブオー,AR,https://minnano-toreka.com/wp-content/uploads/2026/08/098-086_minnanotoreca-10333989.webp,エンブオー（AR）[098/086],,https://dopa-game.jp/pokemon/dp/10333989,,,,10333989,29793,DOPA
087/086,クルミル,AR,https://minnano-toreka.com/wp-content/uploads/2026/08/087-086_minnanotoreca-10333963.webp,クルミル（AR）[087/086],,https://dopa-game.jp/pokemon/dp/10333963,,,,10333963,29794,DOPA
109/106,ソウブレイズ,AR,https://minnano-toreka.com/wp-content/uploads/2026/08/109-106_minnanotoreca-10306791.webp,ソウブレイズ（AR）[109/106],,https://dopa-game.jp/pokemon/dp/10306791,,,,10306791,29795,DOPA
085/080,ポッチャマ,AR,https://minnano-toreka.com/wp-content/uploads/2026/08/085-080_minnanotoreca-10345779.webp,ポッチャマ（AR）[085/080],,https://dopa-game.jp/pokemon/dp/10345779,,,,10345779,29796,DOPA
127/086,ギガイアス,AR,https://minnano-toreka.com/wp-content/uploads/2026/08/127-086_minnanotoreca-10334008.webp,ギガイアス（AR）[127/086],,https://dopa-game.jp/pokemon/dp/10334008,,,,10334008,29797,DOPA
085/078,パピモッチ,AR,https://minnano-toreka.com/wp-content/uploads/2026/08/085-078_minnanotoreca-10308155.webp,パピモッチ（AR）[085/078],,https://dopa-game.jp/pokemon/dp/10308155,,,,10308155,29798,DOPA
055/049,コイル,CHR,https://minnano-toreka.com/wp-content/uploads/2026/08/055-049_minnanotoreca-10304920.webp,コイル（CHR）[055/049],,https://dopa-game.jp/pokemon/dp/10304920,,,,10304920,29799,DOPA
360/190,コライドンex,UR,https://minnano-toreka.com/wp-content/uploads/2026/08/360-190_minnanotoreca-10240875.webp,コライドンex（UR）[360/190],,https://dopa-game.jp/pokemon/dp/10240875,,,,10240875,29800,DOPA
152/086,オノノクス,AR,https://minnano-toreka.com/wp-content/uploads/2026/08/152-086_minnanotoreca-10334050.webp,オノノクス（AR）[152/086],,https://dopa-game.jp/pokemon/dp/10334050,,,,10334050,29801,DOPA
115/086,マッギョ,AR,https://minnano-toreka.com/wp-content/uploads/2026/08/115-086_minnanotoreca-10333979.webp,マッギョ（AR）[115/086],,https://dopa-game.jp/pokemon/dp/10333979,,,,10333979,29802,DOPA
356/190,イーユイex,UR,https://minnano-toreka.com/wp-content/uploads/2026/08/356-190_minnanotoreca-10240870.webp,イーユイex（UR）[356/190],,https://dopa-game.jp/pokemon/dp/10240870,,,,10240870,29803,DOPA
019/025,ドンファン/25th,-,https://minnano-toreka.com/wp-content/uploads/2026/08/019-025_minnanotoreca-10341054.webp,ドンファン/25th（-）[019/025],,https://dopa-game.jp/pokemon/dp/10341054,,,,10341054,29804,DOPA
071/063,フーディン,AR,https://minnano-toreka.com/wp-content/uploads/2026/08/071-063_minnanotoreca-10336812.webp,フーディン（AR）[071/063],,https://dopa-game.jp/pokemon/dp/10336812,,,,10336812,29805,DOPA
340/190,パモ,AR,https://minnano-toreka.com/wp-content/uploads/2026/08/340-190_minnanotoreca-10240439.webp,パモ（AR）[340/190],,https://dopa-game.jp/pokemon/dp/10240439,,,,10240439,29806,DOPA
098/086,ダルマッカ,AR,https://minnano-toreka.com/wp-content/uploads/2026/08/098-086_minnanotoreca-10334031.webp,ダルマッカ（AR）[098/086],,https://dopa-game.jp/pokemon/dp/10334031,,,,10334031,29807,DOPA
104/086,ウルガモス,AR,https://minnano-toreka.com/wp-content/uploads/2026/08/104-086_minnanotoreca-10334041.webp,ウルガモス（AR）[104/086],,https://dopa-game.jp/pokemon/dp/10334041,,,,10334041,29808,DOPA
096/086,モロバレル,AR,https://minnano-toreka.com/wp-content/uploads/2026/08/096-086_minnanotoreca-10333975.webp,モロバレル（AR）[096/086],,https://dopa-game.jp/pokemon/dp/10333975,,,,10333975,29809,DOPA
103/086,メラルバ,AR,https://minnano-toreka.com/wp-content/uploads/2026/08/103-086_minnanotoreca-10333955.webp,メラルバ（AR）[103/086],,https://dopa-game.jp/pokemon/dp/10333955,,,,10333955,29810,DOPA
124/086,ダブラン,AR,https://minnano-toreka.com/wp-content/uploads/2026/08/124-086_minnanotoreca-10334024.webp,ダブラン（AR）[124/086],,https://dopa-game.jp/pokemon/dp/10334024,,,,10334024,29811,DOPA
158/086,チラチーノ,AR,https://minnano-toreka.com/wp-content/uploads/2026/08/158-086_minnanotoreca-10334049.webp,チラチーノ（AR）[158/086],,https://dopa-game.jp/pokemon/dp/10334049,,,,10334049,29812,DOPA
093/066,テツノブジンex,UR,https://minnano-toreka.com/wp-content/uploads/2026/08/093-066_minnanotoreca-10239655.webp,テツノブジンex（UR）[093/066],,https://dopa-game.jp/pokemon/dp/10239655,,,,10239655,29813,DOPA
075/070,ガラルサンダーV,SR,https://minnano-toreka.com/wp-content/uploads/2026/08/075-070_minnanotoreca-10343946.webp,ガラルサンダーV（SR）[075/070],,https://dopa-game.jp/pokemon/dp/10343946,,,,10343946,29814,DOPA
118/086,シンボラー,AR,https://minnano-toreka.com/wp-content/uploads/2026/08/118-086_minnanotoreca-10333891.webp,シンボラー（AR）[118/086],,https://dopa-game.jp/pokemon/dp/10333891,,,,10333891,29815,DOPA
197/165,サカキのカリスマ,SR,https://minnano-toreka.com/wp-content/uploads/2026/08/197-165_minnanotoreca-10343959.webp,サカキのカリスマ（SR）[197/165],,https://dopa-game.jp/pokemon/dp/10343959,,,,10343959,29816,DOPA
183/173,マニューラ,SR,https://minnano-toreka.com/wp-content/uploads/2026/08/183-173_minnanotoreca-10340492.webp,マニューラ（SR）[183/173],,https://dopa-game.jp/pokemon/dp/10340492,,,,10340492,29817,DOPA
080/063,メガガルーラex,SR,https://minnano-toreka.com/wp-content/uploads/2026/08/080-063_minnanotoreca-10336819.webp,メガガルーラex（SR）[080/063],,https://dopa-game.jp/pokemon/dp/10336819,,,,10336819,29818,DOPA
196/184,サーナイト,CHR,https://minnano-toreka.com/wp-content/uploads/2026/08/196-184_minnanotoreca-10241012.webp,サーナイト（CHR）[196/184],,https://dopa-game.jp/pokemon/dp/10241012,,,,10241012,29819,DOPA
116/108,ハッサム,AR,https://minnano-toreka.com/wp-content/uploads/2026/08/116-108_minnanotoreca-10240121.webp,ハッサム（AR）[116/108],,https://dopa-game.jp/pokemon/dp/10240121,,,,10240121,29820,DOPA
{101/100} [S11],マフォクシーV,SR,https://minnano-toreka.com/wp-content/uploads/2026/08/101-100-S11_minnanotoreca-10343961.webp,マフォクシーV（SR）[{101/100} [S11]],,https://dopa-game.jp/pokemon/dp/10343961,,,,10343961,29821,DOPA
069/068,テールナー,CHR,https://minnano-toreka.com/wp-content/uploads/2026/08/069-068_minnanotoreca-10238952.webp,テールナー（CHR）[069/068],,https://dopa-game.jp/pokemon/dp/10238952,,,,10238952,29822,DOPA
099/071,テツノカシラex,UR,https://minnano-toreka.com/wp-content/uploads/2026/08/099-071_minnanotoreca-10244749.webp,テツノカシラex（UR）[099/071],,https://dopa-game.jp/pokemon/dp/10244749,,,,10244749,29823,DOPA
076/071,カヌチャン,AR,https://minnano-toreka.com/wp-content/uploads/2026/08/076-071_minnanotoreca-10240005.webp,カヌチャン（AR）[076/071],,https://dopa-game.jp/pokemon/dp/10240005,,,,10240005,29824,DOPA
142/086,モノズ,AR,https://minnano-toreka.com/wp-content/uploads/2026/08/142-086_minnanotoreca-10334003.webp,モノズ（AR）[142/086],,https://dopa-game.jp/pokemon/dp/10334003,,,,10334003,29825,DOPA
100/071,テツノイワオex,UR,https://minnano-toreka.com/wp-content/uploads/2026/08/100-071_minnanotoreca-10244741.webp,テツノイワオex（UR）[100/071],,https://dopa-game.jp/pokemon/dp/10244741,,,,10244741,29826,DOPA
153/086,ヨーテリー,AR,https://minnano-toreka.com/wp-content/uploads/2026/08/153-086_minnanotoreca-10334017.webp,ヨーテリー（AR）[153/086],,https://dopa-game.jp/pokemon/dp/10334017,,,,10334017,29827,DOPA
(358/190),ミライドンex,UR,https://minnano-toreka.com/wp-content/uploads/2026/08/358-190_minnanotoreca-10241006.webp,ミライドンex（UR）[(358/190)],,https://dopa-game.jp/pokemon/dp/10241006,,,,10241006,29828,DOPA
-,デッキシールド『ジャローダ＆メイ』64枚入り,-,https://minnano-toreka.com/wp-content/uploads/2026/08/none_minnanotoreca-10279873.webp,デッキシールド『ジャローダ＆メイ』64枚入り（-）[-],,https://dopa-game.jp/pokemon/dp/10279873,,,,10279873,29829,DOPA
068/067,スイクンV,SR,https://minnano-toreka.com/wp-content/uploads/2026/08/068-067_minnanotoreca-10239926.webp,スイクンV（SR）[068/067],,https://dopa-game.jp/pokemon/dp/10239926,,,,10239926,29830,DOPA
-,デッキシールド 『POKEMON TRAINERS ネモ＆パモット』64枚入り,-,https://minnano-toreka.com/wp-content/uploads/2026/08/none_minnanotoreca-10264101.webp,デッキシールド 『POKEMON TRAINERS ネモ＆パモット』64枚入り（-）[-],,https://dopa-game.jp/pokemon/dp/10264101,,,,10264101,29831,DOPA
{018/038},イーブイGX/RR仕様,-,https://minnano-toreka.com/wp-content/uploads/2026/08/018-038_minnanotoreca-10280662.webp,イーブイGX/RR仕様（-）[{018/038}],,https://dopa-game.jp/pokemon/dp/10280662,,,,10280662,29832,DOPA
-,デッキシールド『POKEMON TRAINERS アオイ＆クワッス』64枚入り,-,https://minnano-toreka.com/wp-content/uploads/2026/08/none_minnanotoreca-10264100.webp,デッキシールド『POKEMON TRAINERS アオイ＆クワッス』64枚入り（-）[-],,https://dopa-game.jp/pokemon/dp/10264100,,,,10264100,29833,DOPA
086/071,ウネルミナモex,SR,https://minnano-toreka.com/wp-content/uploads/2026/08/086-071_minnanotoreca-10244737.webp,ウネルミナモex（SR）[086/071],,https://dopa-game.jp/pokemon/dp/10244737,,,,10244737,29834,DOPA
001/038,ブースターGX,-,https://minnano-toreka.com/wp-content/uploads/2026/08/001-038_minnanotoreca-10241750.webp,ブースターGX（-）[001/038],,https://dopa-game.jp/pokemon/dp/10241750,,,,10241750,29835,DOPA
-,デッキシールド 『ヒナツ』64枚,[-],https://minnano-toreka.com/wp-content/uploads/2026/08/none_minnanotoreca-10261594.webp,デッキシールド 『ヒナツ』64枚（[-]）[-],,https://dopa-game.jp/pokemon/dp/10261594,,,,10261594,29836,DOPA
-,デッキシールド 『コウキ＆ヒカリ』64枚,[-],https://minnano-toreka.com/wp-content/uploads/2026/08/none_minnanotoreca-10261599.webp,デッキシールド 『コウキ＆ヒカリ』64枚（[-]）[-],,https://dopa-game.jp/pokemon/dp/10261599,,,,10261599,29837,DOPA
019/064,ラティアスex,RR,https://minnano-toreka.com/wp-content/uploads/2026/08/019-064_minnanotoreca-10315910.webp,ラティアスex（RR）[019/064],,https://dopa-game.jp/pokemon/dp/10315910,,,,10315910,29838,DOPA
224/172,ブリムオンVMAX,SAR,https://minnano-toreka.com/wp-content/uploads/2026/08/224-172_minnanotoreca-10307165.webp,ブリムオンVMAX（SAR）[224/172],,https://dopa-game.jp/pokemon/dp/10307165,,,,10307165,29839,DOPA
124/100,ポッドとデントとコーン,HR,https://minnano-toreka.com/wp-content/uploads/2026/08/124-100_minnanotoreca-10240113.webp,ポッドとデントとコーン（HR）[124/100],,https://dopa-game.jp/pokemon/dp/10240113,,,,10240113,29840,DOPA
251/184,ザマゼンタV,CSR,https://minnano-toreka.com/wp-content/uploads/2026/08/251-184_minnanotoreca-10240159.webp,ザマゼンタV（CSR）[251/184],,https://dopa-game.jp/pokemon/dp/10240159,,,,10240159,29841,DOPA
094/071,ディンルーex,SAR,https://minnano-toreka.com/wp-content/uploads/2026/08/094-071_minnanotoreca-10330281.webp,ディンルーex（SAR）[094/071],,https://dopa-game.jp/pokemon/dp/10330281,,,,10330281,29842,DOPA
091/071,セイジ,SR,https://minnano-toreka.com/wp-content/uploads/2026/08/091-071_minnanotoreca-10244734.webp,セイジ（SR）[091/071],,https://dopa-game.jp/pokemon/dp/10244734,,,,10244734,29843,DOPA
208/187,オーガポンいどのめんex,SAR,https://minnano-toreka.com/wp-content/uploads/2026/08/208-187_minnanotoreca-10330278.webp,オーガポンいどのめんex（SAR）[208/187],,https://dopa-game.jp/pokemon/dp/10330278,,,,10330278,29844,DOPA
{123/100} [S8],ダンサー,HR,https://minnano-toreka.com/wp-content/uploads/2026/08/123-100-S8_minnanotoreca-10332189.webp,ダンサー（HR）[{123/100} [S8]],,https://dopa-game.jp/pokemon/dp/10332189,,,,10332189,29845,DOPA
085/067,ペリーラ,HR,https://minnano-toreka.com/wp-content/uploads/2026/08/085-067_minnanotoreca-10332266.webp,ペリーラ（HR）[085/067],,https://dopa-game.jp/pokemon/dp/10332266,,,,10332266,29846,DOPA
216/187,オーガポンいしずえのめんex,SAR,https://minnano-toreka.com/wp-content/uploads/2026/08/216-187_minnanotoreca-10330273.webp,オーガポンいしずえのめんex（SAR）[216/187],,https://dopa-game.jp/pokemon/dp/10330273,,,,10330273,29847,DOPA
-,デッキシールド『ピカチュウ＆モルペコ』64枚入り,-,https://minnano-toreka.com/wp-content/uploads/2026/08/none_minnanotoreca-10330168.webp,デッキシールド『ピカチュウ＆モルペコ』64枚入り（-）[-],,https://dopa-game.jp/pokemon/dp/10330168,,,,10330168,29848,DOPA
215/187,スナノケガワex,SAR,https://minnano-toreka.com/wp-content/uploads/2026/08/215-187_minnanotoreca-10317173.webp,スナノケガワex（SAR）[215/187],,https://dopa-game.jp/pokemon/dp/10317173,,,,10317173,29849,DOPA
-,タッグスイッチ,UR,https://minnano-toreka.com/wp-content/uploads/2026/08/none_minnanotoreca-10305347.webp,タッグスイッチ（UR）[-],,https://dopa-game.jp/pokemon/dp/10305347,,,,10305347,29850,DOPA
340/S-P,マリィ,P,https://minnano-toreka.com/wp-content/uploads/2026/08/340-S-P_minnanotoreca-10240247.webp,マリィ（P）[340/S-P],,https://dopa-game.jp/pokemon/dp/10240247,,,,10240247,29851,DOPA
{238/184} [S8b],いちげきウーラオスV,CSR,https://minnano-toreka.com/wp-content/uploads/2026/08/238-184-S8b_minnanotoreca-10330270.webp,いちげきウーラオスV（CSR）[{238/184} [S8b]],,https://dopa-game.jp/pokemon/dp/10330270,,,,10330270,29852,DOPA
214/187,テツノカシラex,SAR,https://minnano-toreka.com/wp-content/uploads/2026/08/214-187_minnanotoreca-10317141.webp,テツノカシラex（SAR）[214/187],,https://dopa-game.jp/pokemon/dp/10317141,,,,10317141,29853,DOPA
093/071,ウォロ,HR,https://minnano-toreka.com/wp-content/uploads/2026/08/093-071_minnanotoreca-10332122.webp,ウォロ（HR）[093/071],,https://dopa-game.jp/pokemon/dp/10332122,,,,10332122,29854,DOPA
088/067,シマボシ,HR,https://minnano-toreka.com/wp-content/uploads/2026/08/088-067_minnanotoreca-10332229.webp,シマボシ（HR）[088/067],,https://dopa-game.jp/pokemon/dp/10332229,,,,10332229,29855,DOPA
089/070,キクコ,HR,https://minnano-toreka.com/wp-content/uploads/2026/08/089-070_minnanotoreca-10332220.webp,キクコ（HR）[089/070],,https://dopa-game.jp/pokemon/dp/10332220,,,,10332220,29856,DOPA
089/067,ツツジ,HR,https://minnano-toreka.com/wp-content/uploads/2026/08/089-067_minnanotoreca-10298231.webp,ツツジ（HR）[089/067],,https://dopa-game.jp/pokemon/dp/10298231,,,,10298231,29857,DOPA
160/086,レシラムex,SR,https://minnano-toreka.com/wp-content/uploads/2026/08/160-086_minnanotoreca-10334022.webp,レシラムex（SR）[160/086],,https://dopa-game.jp/pokemon/dp/10334022,,,,10334022,29858,DOPA
118/086,シビビール,AR,https://minnano-toreka.com/wp-content/uploads/2026/08/118-086_minnanotoreca-10333987.webp,シビビール（AR）[118/086],,https://dopa-game.jp/pokemon/dp/10333987,,,,10333987,29859,DOPA
232/187,ネリネ,SAR,https://minnano-toreka.com/wp-content/uploads/2026/08/232-187_minnanotoreca-10316863.webp,ネリネ（SAR）[232/187],,https://dopa-game.jp/pokemon/dp/10316863,,,,10316863,29860,DOPA
219/187,モモワロウex,SAR,https://minnano-toreka.com/wp-content/uploads/2026/08/219-187_minnanotoreca-10316968.webp,モモワロウex（SAR）[219/187],,https://dopa-game.jp/pokemon/dp/10316968,,,,10316968,29861,DOPA
124/100,メリッサ,HR,https://minnano-toreka.com/wp-content/uploads/2026/08/124-100_minnanotoreca-10240326.webp,メリッサ（HR）[124/100],,https://dopa-game.jp/pokemon/dp/10240326,,,,10240326,29862,DOPA
188/187,アオキの手際,SR,https://minnano-toreka.com/wp-content/uploads/2026/08/188-187_minnanotoreca-10317149.webp,アオキの手際（SR）[188/187],,https://dopa-game.jp/pokemon/dp/10317149,,,,10317149,29863,DOPA
{246/184},ムゲンダイナV,CSR,https://minnano-toreka.com/wp-content/uploads/2026/08/246-184_minnanotoreca-10306575.webp,ムゲンダイナV（CSR）[{246/184}],,https://dopa-game.jp/pokemon/dp/10306575,,,,10306575,29864,DOPA
227/172,ドラピオンV,SAR,https://minnano-toreka.com/wp-content/uploads/2026/08/227-172_minnanotoreca-10330269.webp,ドラピオンV（SAR）[227/172],,https://dopa-game.jp/pokemon/dp/10330269,,,,10330269,29865,DOPA
121/106,ミロカロスex,SR,https://minnano-toreka.com/wp-content/uploads/2026/08/121-106_minnanotoreca-10315549.webp,ミロカロスex（SR）[121/106],,https://dopa-game.jp/pokemon/dp/10315549,,,,10315549,29866,DOPA
-,ハピナスV,CSR,https://minnano-toreka.com/wp-content/uploads/2026/08/none_minnanotoreca-10306574.webp,ハピナスV（CSR）[-],,https://dopa-game.jp/pokemon/dp/10306574,,,,10306574,29867,DOPA
226/187,テラパゴスex,SAR,https://minnano-toreka.com/wp-content/uploads/2026/08/226-187_minnanotoreca-10317079.webp,テラパゴスex（SAR）[226/187],,https://dopa-game.jp/pokemon/dp/10317079,,,,10317079,29868,DOPA
-,【1パック】爆炎ウォーカー,1パック,https://minnano-toreka.com/wp-content/uploads/2026/08/none_minnanotoreca-10290503.webp,【1パック】爆炎ウォーカー（1パック）[-],,https://dopa-game.jp/pokemon/dp/10290503,,,,10290503,29869,DOPA
122/098,ワタル,HR,https://minnano-toreka.com/wp-content/uploads/2026/08/122-098_minnanotoreca-10332268.webp,ワタル（HR）[122/098],,https://dopa-game.jp/pokemon/dp/10332268,,,,10332268,29870,DOPA
129/108,オモダカ,SR,https://minnano-toreka.com/wp-content/uploads/2026/08/129-108_minnanotoreca-10331301.webp,オモダカ（SR）[129/108],,https://dopa-game.jp/pokemon/dp/10331301,,,,10331301,29871,DOPA
082/062,シキミ,SR,https://minnano-toreka.com/wp-content/uploads/2026/08/082-062_minnanotoreca-10240266.webp,シキミ（SR）[082/062],,https://dopa-game.jp/pokemon/dp/10240266,,,,10240266,29872,DOPA
274/184,メロン,SR,https://minnano-toreka.com/wp-content/uploads/2026/08/274-184_minnanotoreca-10240262.webp,メロン（SR）[274/184],,https://dopa-game.jp/pokemon/dp/10240262,,,,10240262,29873,DOPA
087/066,メロコ,SR,https://minnano-toreka.com/wp-content/uploads/2026/08/087-066_minnanotoreca-10240102.webp,メロコ（SR）[087/066],,https://dopa-game.jp/pokemon/dp/10240102,,,,10240102,29874,DOPA
097/069,マクワ,HR,https://minnano-toreka.com/wp-content/uploads/2026/08/097-069_minnanotoreca-10332182.webp,マクワ（HR）[097/069],,https://dopa-game.jp/pokemon/dp/10332182,,,,10332182,29875,DOPA
127/106,シアノ,SR,https://minnano-toreka.com/wp-content/uploads/2026/08/127-106_minnanotoreca-10315570.webp,シアノ（SR）[127/106],,https://dopa-game.jp/pokemon/dp/10315570,,,,10315570,29876,DOPA
101/078,ワナイダーex,SAR,https://minnano-toreka.com/wp-content/uploads/2026/08/101-078_minnanotoreca-10239772.webp,ワナイダーex（SAR）[101/078],,https://dopa-game.jp/pokemon/dp/10239772,,,,10239772,29877,DOPA
084/064,アンズの秘技,SR,https://minnano-toreka.com/wp-content/uploads/2026/08/084-064_minnanotoreca-10316572.webp,アンズの秘技（SR）[084/064],,https://dopa-game.jp/pokemon/dp/10316572,,,,10316572,29878,DOPA
{219/184},マルヤクデVMAX,CSR,https://minnano-toreka.com/wp-content/uploads/2026/08/219-184_minnanotoreca-10317084.webp,マルヤクデVMAX（CSR）[{219/184}],,https://dopa-game.jp/pokemon/dp/10317084,,,,10317084,29879,DOPA
{197/187},ビワ,SR,https://minnano-toreka.com/wp-content/uploads/2026/08/197-187_minnanotoreca-10316937.webp,ビワ（SR）[{197/187}],,https://dopa-game.jp/pokemon/dp/10316937,,,,10316937,29880,DOPA
230/172,ヒスイダイケンキVSTAR,SAR,https://minnano-toreka.com/wp-content/uploads/2026/08/230-172_minnanotoreca-10307166.webp,ヒスイダイケンキVSTAR（SAR）[230/172],,https://dopa-game.jp/pokemon/dp/10307166,,,,10307166,29881,DOPA
-,【1パック】双璧のファイター,1パック,https://minnano-toreka.com/wp-content/uploads/2026/08/none_minnanotoreca-10290506.webp,【1パック】双璧のファイター（1パック）[-],,https://dopa-game.jp/pokemon/dp/10290506,,,,10290506,29882,DOPA
084/071,ウォロ,SR,https://minnano-toreka.com/wp-content/uploads/2026/08/084-071_minnanotoreca-10332121.webp,ウォロ（SR）[084/071],,https://dopa-game.jp/pokemon/dp/10332121,,,,10332121,29883,DOPA
120/098,ロケット団のアポロ,SR,https://minnano-toreka.com/wp-content/uploads/2026/08/120-098_minnanotoreca-10332301.webp,ロケット団のアポロ（SR）[120/098],,https://dopa-game.jp/pokemon/dp/10332301,,,,10332301,29884,DOPA
229/187,カキツバタ,SAR,https://minnano-toreka.com/wp-content/uploads/2026/08/229-187_minnanotoreca-10317134.webp,カキツバタ（SAR）[229/187],,https://dopa-game.jp/pokemon/dp/10317134,,,,10317134,29885,DOPA
210/187,テツノカイナex,SAR,https://minnano-toreka.com/wp-content/uploads/2026/08/210-187_minnanotoreca-10317135.webp,テツノカイナex（SAR）[210/187],,https://dopa-game.jp/pokemon/dp/10317135,,,,10317135,29886,DOPA
{109/100} [S9],ドンカラスV(SA),SR,https://minnano-toreka.com/wp-content/uploads/2026/08/109-100-S9_minnanotoreca-10346292.webp,ドンカラスV(SA)（SR）[{109/100} [S9]],,https://dopa-game.jp/pokemon/dp/10346292,,,,10346292,29887,DOPA
090/071,ジバコイル,HR,https://minnano-toreka.com/wp-content/uploads/2026/08/090-071_minnanotoreca-10307850.webp,ジバコイル（HR）[090/071],,https://dopa-game.jp/pokemon/dp/10307850,,,,10307850,29888,DOPA
111/086,アバゴーラ,AR,https://minnano-toreka.com/wp-content/uploads/2026/08/111-086_minnanotoreca-10334029.webp,アバゴーラ（AR）[111/086],,https://dopa-game.jp/pokemon/dp/10334029,,,,10334029,29889,DOPA
{127/100} [S8],トレーニングコート,UR,https://minnano-toreka.com/wp-content/uploads/2026/08/127-100-S8_minnanotoreca-10344214.webp,トレーニングコート（UR）[{127/100} [S8]],,https://dopa-game.jp/pokemon/dp/10344214,,,,10344214,29890,DOPA
127/100,崩れたスタジアム,UR,https://minnano-toreka.com/wp-content/uploads/2026/08/127-100_minnanotoreca-10347219.webp,崩れたスタジアム（UR）[127/100],,https://dopa-game.jp/pokemon/dp/10347219,,,,10347219,29891,DOPA
{110/086} [SV11B],プロトーガ,AR,https://minnano-toreka.com/wp-content/uploads/2026/08/110-086-SV11B_minnanotoreca-10334025.webp,プロトーガ（AR）[{110/086} [SV11B]],,https://dopa-game.jp/pokemon/dp/10334025,,,,10334025,29892,DOPA
089/086,ヤナップ,AR,https://minnano-toreka.com/wp-content/uploads/2026/08/089-086_minnanotoreca-10333983.webp,ヤナップ（AR）[089/086],,https://dopa-game.jp/pokemon/dp/10333983,,,,10333983,29893,DOPA
113/086,クマシュン,AR,https://minnano-toreka.com/wp-content/uploads/2026/08/113-086_minnanotoreca-10333971.webp,クマシュン（AR）[113/086],,https://dopa-game.jp/pokemon/dp/10333971,,,,10333971,29894,DOPA
099/086,バオップ,AR,https://minnano-toreka.com/wp-content/uploads/2026/08/099-086_minnanotoreca-10333889.webp,バオップ（AR）[099/086],,https://dopa-game.jp/pokemon/dp/10333889,,,,10333889,29895,DOPA
065/052,メタルゴーグル,UR,https://minnano-toreka.com/wp-content/uploads/2026/08/065-052_minnanotoreca-10307201.webp,メタルゴーグル（UR）[065/052],,https://dopa-game.jp/pokemon/dp/10307201,,,,10307201,29896,DOPA
109/086,バニリッチ,AR,https://minnano-toreka.com/wp-content/uploads/2026/08/109-086_minnanotoreca-10333914.webp,バニリッチ（AR）[109/086],,https://dopa-game.jp/pokemon/dp/10333914,,,,10333914,29897,DOPA
154/150,釣り人,SR,https://minnano-toreka.com/wp-content/uploads/2026/08/154-150_minnanotoreca-10332187.webp,釣り人（SR）[154/150],,https://dopa-game.jp/pokemon/dp/10332187,,,,10332187,29898,DOPA
{158/086} [SV11W],トルネロス,AR,https://minnano-toreka.com/wp-content/uploads/2026/08/158-086-SV11W_minnanotoreca-10344421.webp,トルネロス（AR）[{158/086} [SV11W]],,https://dopa-game.jp/pokemon/dp/10344421,,,,10344421,29899,DOPA
063/055,キョウの罠,SR,https://minnano-toreka.com/wp-content/uploads/2026/08/063-055_minnanotoreca-10332197.webp,キョウの罠（SR）[063/055],,https://dopa-game.jp/pokemon/dp/10332197,,,,10332197,29900,DOPA
128/086,ゴビット,AR,https://minnano-toreka.com/wp-content/uploads/2026/08/128-086_minnanotoreca-10334015.webp,ゴビット（AR）[128/086],,https://dopa-game.jp/pokemon/dp/10334015,,,,10334015,29901,DOPA
{073/063},ハガネール,AR,https://minnano-toreka.com/wp-content/uploads/2026/08/073-063_minnanotoreca-10336796.webp,ハガネール（AR）[{073/063}],,https://dopa-game.jp/pokemon/dp/10336796,,,,10336796,29902,DOPA
{067/054} [SM9b],ビーストブリンガー,UR,https://minnano-toreka.com/wp-content/uploads/2026/08/067-054-SM9b_minnanotoreca-10344177.webp,ビーストブリンガー（UR）[{067/054} [SM9b]],,https://dopa-game.jp/pokemon/dp/10344177,,,,10344177,29903,DOPA
{138/086} [SV11B],フシデ,AR,https://minnano-toreka.com/wp-content/uploads/2026/08/138-086-SV11B_minnanotoreca-10334018.webp,フシデ（AR）[{138/086} [SV11B]],,https://dopa-game.jp/pokemon/dp/10334018,,,,10334018,29904,DOPA
107/086,オタマロ,AR,https://minnano-toreka.com/wp-content/uploads/2026/08/107-086_minnanotoreca-10334045.webp,オタマロ（AR）[107/086],,https://dopa-game.jp/pokemon/dp/10334045,,,,10334045,29905,DOPA
{134/086},チョロネコ,AR,https://minnano-toreka.com/wp-content/uploads/2026/08/134-086_minnanotoreca-10333900.webp,チョロネコ（AR）[{134/086}],,https://dopa-game.jp/pokemon/dp/10333900,,,,10333900,29906,DOPA
{131/086} [SV11W],コジョフー,AR,https://minnano-toreka.com/wp-content/uploads/2026/08/131-086-SV11W_minnanotoreca-10333981.webp,コジョフー（AR）[{131/086} [SV11W]],,https://dopa-game.jp/pokemon/dp/10333981,,,,10333981,29907,DOPA
108/086,バニプッチ,AR,https://minnano-toreka.com/wp-content/uploads/2026/08/108-086_minnanotoreca-10333910.webp,バニプッチ（AR）[108/086],,https://dopa-game.jp/pokemon/dp/10333910,,,,10333910,29908,DOPA
{132/086} [SV11W],コジョンド,AR,https://minnano-toreka.com/wp-content/uploads/2026/08/132-086-SV11W_minnanotoreca-10333985.webp,コジョンド（AR）[{132/086} [SV11W]],,https://dopa-game.jp/pokemon/dp/10333985,,,,10333985,29909,DOPA
151/086,オノンド,AR,https://minnano-toreka.com/wp-content/uploads/2026/08/151-086_minnanotoreca-10334053.webp,オノンド（AR）[151/086],,https://dopa-game.jp/pokemon/dp/10334053,,,,10334053,29910,DOPA
{140/086} [SV11B],ペンドラー,AR,https://minnano-toreka.com/wp-content/uploads/2026/08/140-086-SV11B_minnanotoreca-10334054.webp,ペンドラー（AR）[{140/086} [SV11B]],,https://dopa-game.jp/pokemon/dp/10334054,,,,10334054,29911,DOPA
066/063,シェイミ,AR,https://minnano-toreka.com/wp-content/uploads/2026/08/066-063_minnanotoreca-10327073.webp,シェイミ（AR）[066/063],,https://dopa-game.jp/pokemon/dp/10327073,,,,10327073,29912,DOPA
111/098,さぎょういん,SR,https://minnano-toreka.com/wp-content/uploads/2026/08/111-098_minnanotoreca-10240210.webp,さぎょういん（SR）[111/098],,https://dopa-game.jp/pokemon/dp/10240210,,,,10240210,29913,DOPA
157/086,チラーミィ,AR,https://minnano-toreka.com/wp-content/uploads/2026/08/157-086_minnanotoreca-10334043.webp,チラーミィ（AR）[157/086],,https://dopa-game.jp/pokemon/dp/10334043,,,,10334043,29914,DOPA
101/086,ランプラー,AR,https://minnano-toreka.com/wp-content/uploads/2026/08/101-086_minnanotoreca-10333903.webp,ランプラー（AR）[101/086],,https://dopa-game.jp/pokemon/dp/10333903,,,,10333903,29915,DOPA
{355/190} [SV4a],チオンジェンex,UR,https://minnano-toreka.com/wp-content/uploads/2026/08/355-190-SV4a_minnanotoreca-10344210.webp,チオンジェンex（UR）[{355/190} [SV4a]],,https://dopa-game.jp/pokemon/dp/10344210,,,,10344210,29916,DOPA
072/068,サーナイト,CHR,https://minnano-toreka.com/wp-content/uploads/2026/08/072-068_minnanotoreca-10238865.webp,サーナイト（CHR）[072/068],,https://dopa-game.jp/pokemon/dp/10238865,,,,10238865,29917,DOPA
{103/100},ホエルオー,AR,https://minnano-toreka.com/wp-content/uploads/2026/08/103-100_minnanotoreca-10317165.webp,ホエルオー（AR）[{103/100}],,https://dopa-game.jp/pokemon/dp/10317165,,,,10317165,29918,DOPA
160/165,たべのこし(マスターボールミラー),U,https://minnano-toreka.com/wp-content/uploads/2026/08/160-165_minnanotoreca-10346772.webp,たべのこし(マスターボールミラー)（U）[160/165],,https://dopa-game.jp/pokemon/dp/10346772,,,,10346772,29919,DOPA
091/086,シキジカ,AR,https://minnano-toreka.com/wp-content/uploads/2026/08/091-086_minnanotoreca-10333901.webp,シキジカ（AR）[091/086],,https://dopa-game.jp/pokemon/dp/10333901,,,,10333901,29920,DOPA
{097/071} [SV2D],ディンルーex,UR,https://minnano-toreka.com/wp-content/uploads/2026/08/097-071-SV2D_minnanotoreca-10344211.webp,ディンルーex（UR）[{097/071} [SV2D]],,https://dopa-game.jp/pokemon/dp/10344211,,,,10344211,29921,DOPA
198/165,ナナミ手助け,SR,https://minnano-toreka.com/wp-content/uploads/2026/08/198-165_minnanotoreca-10239900.webp,ナナミ手助け（SR）[198/165],,https://dopa-game.jp/pokemon/dp/10239900,,,,10239900,29922,DOPA
080/071,キャンデラ,SR,https://minnano-toreka.com/wp-content/uploads/2026/08/080-071_minnanotoreca-10332239.webp,キャンデラ（SR）[080/071],,https://dopa-game.jp/pokemon/dp/10332239,,,,10332239,29923,DOPA
{092/070} [S6H],ドータクン,UR,https://minnano-toreka.com/wp-content/uploads/2026/08/092-070-S6H_minnanotoreca-10344212.webp,ドータクン（UR）[{092/070} [S6H]],,https://dopa-game.jp/pokemon/dp/10344212,,,,10344212,29924,DOPA
079/062,サーフゴーex,SR,https://minnano-toreka.com/wp-content/uploads/2026/08/079-062_minnanotoreca-10343965.webp,サーフゴーex（SR）[079/062],,https://dopa-game.jp/pokemon/dp/10343965,,,,10343965,29925,DOPA
106/086,コアルヒー,AR,https://minnano-toreka.com/wp-content/uploads/2026/08/106-086_minnanotoreca-10333974.webp,コアルヒー（AR）[106/086],,https://dopa-game.jp/pokemon/dp/10333974,,,,10333974,29926,DOPA
194/184,モココ,ⅭHR,https://minnano-toreka.com/wp-content/uploads/2026/08/194-184_minnanotoreca-10238925.webp,モココ（ⅭHR）[194/184],,https://dopa-game.jp/pokemon/dp/10238925,,,,10238925,29927,DOPA
{120/086} [SV11B],ボルトロス,AR,https://minnano-toreka.com/wp-content/uploads/2026/08/120-086-SV11B_minnanotoreca-10334058.webp,ボルトロス（AR）[{120/086} [SV11B]],,https://dopa-game.jp/pokemon/dp/10334058,,,,10334058,29928,DOPA
150/086,キバゴ,AR,https://minnano-toreka.com/wp-content/uploads/2026/08/150-086_minnanotoreca-10334059.webp,キバゴ（AR）[150/086],,https://dopa-game.jp/pokemon/dp/10334059,,,,10334059,29929,DOPA
190/184,キングドラ,CHR,https://minnano-toreka.com/wp-content/uploads/2026/08/190-184_minnanotoreca-10239498.webp,キングドラ（CHR）[190/184],,https://dopa-game.jp/pokemon/dp/10239498,,,,10239498,29930,DOPA
093/071,ルアーモジュール,UR,https://minnano-toreka.com/wp-content/uploads/2026/08/093-071_minnanotoreca-10240316.webp,ルアーモジュール（UR）[093/071],,https://dopa-game.jp/pokemon/dp/10240316,,,,10240316,29931,DOPA
098/078,博士の研究/フトゥー博士,SR,https://minnano-toreka.com/wp-content/uploads/2026/08/098-078_minnanotoreca-10331295.webp,博士の研究/フトゥー博士（SR）[098/078],,https://dopa-game.jp/pokemon/dp/10331295,,,,10331295,29932,DOPA
075/049,無人発電所,UR,https://minnano-toreka.com/wp-content/uploads/2026/08/075-049_minnanotoreca-10307231.webp,無人発電所（UR）[075/049],,https://dopa-game.jp/pokemon/dp/10307231,,,,10307231,29933,DOPA
{133/086},テラキオン,AR,https://minnano-toreka.com/wp-content/uploads/2026/08/133-086_minnanotoreca-10333920.webp,テラキオン（AR）[{133/086}],,https://dopa-game.jp/pokemon/dp/10333920,,,,10333920,29934,DOPA
229/193,メガルチャブルex,MA,https://minnano-toreka.com/wp-content/uploads/2026/08/229-193_minnanotoreca-10347455.webp,メガルチャブルex（MA）[229/193],,https://dopa-game.jp/pokemon/dp/10347455,,,,10347455,29935,DOPA
094/066,ゴージャスマント,UR,https://minnano-toreka.com/wp-content/uploads/2026/08/094-066_minnanotoreca-10340793.webp,ゴージャスマント（UR）[094/066],,https://dopa-game.jp/pokemon/dp/10340793,,,,10340793,29936,DOPA
073/066,キョジオーン,AR,https://minnano-toreka.com/wp-content/uploads/2026/08/073-066_minnanotoreca-10340796.webp,キョジオーン（AR）[073/066],,https://dopa-game.jp/pokemon/dp/10340796,,,,10340796,29937,DOPA
070/066,ゴウカザル,AR,https://minnano-toreka.com/wp-content/uploads/2026/08/070-066_minnanotoreca-10263673.webp,ゴウカザル（AR）[070/066],,https://dopa-game.jp/pokemon/dp/10263673,,,,10263673,29938,DOPA
136/086,ズルッグ,AR,https://minnano-toreka.com/wp-content/uploads/2026/08/136-086_minnanotoreca-10333885.webp,ズルッグ（AR）[136/086],,https://dopa-game.jp/pokemon/dp/10333885,,,,10333885,29939,DOPA
064/062,タマンタ,AR,https://minnano-toreka.com/wp-content/uploads/2026/08/064-062_minnanotoreca-10308104.webp,タマンタ（AR）[064/062],,https://dopa-game.jp/pokemon/dp/10308104,,,,10308104,29940,DOPA
075/071,ヒスイウインディ,CHR,https://minnano-toreka.com/wp-content/uploads/2026/08/075-071_minnanotoreca-10304927.webp,ヒスイウインディ（CHR）[075/071],,https://dopa-game.jp/pokemon/dp/10304927,,,,10304927,29941,DOPA
111/086,シママ,AR,https://minnano-toreka.com/wp-content/uploads/2026/08/111-086_minnanotoreca-10333894.webp,シママ（AR）[111/086],,https://dopa-game.jp/pokemon/dp/10333894,,,,10333894,29942,DOPA
110/086,バイバニラ,AR,https://minnano-toreka.com/wp-content/uploads/2026/08/110-086_minnanotoreca-10333882.webp,バイバニラ（AR）[110/086],,https://dopa-game.jp/pokemon/dp/10333882,,,,10333882,29943,DOPA
165/165,サイクリングロード(マスターボールミラー),U,https://minnano-toreka.com/wp-content/uploads/2026/08/165-165_minnanotoreca-10346769.webp,サイクリングロード(マスターボールミラー)（U）[165/165],,https://dopa-game.jp/pokemon/dp/10346769,,,,10346769,29944,DOPA
116/100,ハマナのバックアップ,SR,https://minnano-toreka.com/wp-content/uploads/2026/08/116-100_minnanotoreca-10332223.webp,ハマナのバックアップ（SR）[116/100],,https://dopa-game.jp/pokemon/dp/10332223,,,,10332223,29945,DOPA
{154/086},ハーデリア,AR,https://minnano-toreka.com/wp-content/uploads/2026/08/154-086_minnanotoreca-10333933.webp,ハーデリア（AR）[{154/086}],,https://dopa-game.jp/pokemon/dp/10333933,,,,10333933,29946,DOPA
107/086,スワンナ,AR,https://minnano-toreka.com/wp-content/uploads/2026/08/107-086_minnanotoreca-10333887.webp,スワンナ（AR）[107/086],,https://dopa-game.jp/pokemon/dp/10333887,,,,10333887,29947,DOPA
{114/086},デンチュラ,AR,https://minnano-toreka.com/wp-content/uploads/2026/08/114-086_minnanotoreca-10333923.webp,デンチュラ（AR）[{114/086}],,https://dopa-game.jp/pokemon/dp/10333923,,,,10333923,29948,DOPA
133/086,ローブシン,AR,https://minnano-toreka.com/wp-content/uploads/2026/08/133-086_minnanotoreca-10333915.webp,ローブシン（AR）[133/086],,https://dopa-game.jp/pokemon/dp/10333915,,,,10333915,29949,DOPA
135/086,レパルダス,AR,https://minnano-toreka.com/wp-content/uploads/2026/08/135-086_minnanotoreca-10334026.webp,レパルダス（AR）[135/086],,https://dopa-game.jp/pokemon/dp/10334026,,,,10334026,29950,DOPA
091/086,チュリネ,AR,https://minnano-toreka.com/wp-content/uploads/2026/08/091-086_minnanotoreca-10334037.webp,チュリネ（AR）[091/086],,https://dopa-game.jp/pokemon/dp/10334037,,,,10334037,29951,DOPA
099/071,災いの箱,UR,https://minnano-toreka.com/wp-content/uploads/2026/08/099-071_minnanotoreca-10241009.webp,災いの箱（UR）[099/071],,https://dopa-game.jp/pokemon/dp/10241009,,,,10241009,29952,DOPA
155/086,ムーランド,AR,https://minnano-toreka.com/wp-content/uploads/2026/08/155-086_minnanotoreca-10333995.webp,ムーランド（AR）[155/086],,https://dopa-game.jp/pokemon/dp/10333995,,,,10333995,29953,DOPA
100/086,バオッキー,AR,https://minnano-toreka.com/wp-content/uploads/2026/08/100-086_minnanotoreca-10333886.webp,バオッキー（AR）[100/086],,https://dopa-game.jp/pokemon/dp/10333886,,,,10333886,29954,DOPA
080/067,シマボシ,SR,https://minnano-toreka.com/wp-content/uploads/2026/08/080-067_minnanotoreca-10332227.webp,シマボシ（SR）[080/067],,https://dopa-game.jp/pokemon/dp/10332227,,,,10332227,29955,DOPA
{100/069} [S6a],ターフスタジアム,UR,https://minnano-toreka.com/wp-content/uploads/2026/08/100-069-S6a_minnanotoreca-10344206.webp,ターフスタジアム（UR）[{100/069} [S6a]],,https://dopa-game.jp/pokemon/dp/10344206,,,,10344206,29956,DOPA
080/071,メタグロス,AR,https://minnano-toreka.com/wp-content/uploads/2026/08/080-071_minnanotoreca-10241039.webp,メタグロス（AR）[080/071],,https://dopa-game.jp/pokemon/dp/10241039,,,,10241039,29957,DOPA
100/098,ロケット団のヘルガー,AR,https://minnano-toreka.com/wp-content/uploads/2026/08/100-098_minnanotoreca-10332281.webp,ロケット団のヘルガー（AR）[100/098],,https://dopa-game.jp/pokemon/dp/10332281,,,,10332281,29958,DOPA
149/086,コバルオン,AR,https://minnano-toreka.com/wp-content/uploads/2026/08/149-086_minnanotoreca-10334006.webp,コバルオン（AR）[149/086],,https://dopa-game.jp/pokemon/dp/10334006,,,,10334006,29959,DOPA
132/101,改造ハンマー,UR,https://minnano-toreka.com/wp-content/uploads/2026/08/132-101_minnanotoreca-10276939.webp,改造ハンマー（UR）[132/101],,https://dopa-game.jp/pokemon/dp/10276939,,,,10276939,29960,DOPA
069/063,マーシャドー,AR,https://minnano-toreka.com/wp-content/uploads/2026/08/069-063_minnanotoreca-10336832.webp,マーシャドー（AR）[069/063],,https://dopa-game.jp/pokemon/dp/10336832,,,,10336832,29961,DOPA
089/086,ハハコモリ,AR,https://minnano-toreka.com/wp-content/uploads/2026/08/089-086_minnanotoreca-10333917.webp,ハハコモリ（AR）[089/086],,https://dopa-game.jp/pokemon/dp/10333917,,,,10333917,29962,DOPA
159/165,ガチガチバンド(マスターボールミラー),U,https://minnano-toreka.com/wp-content/uploads/2026/08/159-165_minnanotoreca-10346757.webp,ガチガチバンド(マスターボールミラー)（U）[159/165],,https://dopa-game.jp/pokemon/dp/10346757,,,,10346757,29963,DOPA
100/080,メガミミロップex,SR,https://minnano-toreka.com/wp-content/uploads/2026/08/100-080_minnanotoreca-10345784.webp,メガミミロップex（SR）[100/080],,https://dopa-game.jp/pokemon/dp/10345784,,,,10345784,29964,DOPA
071/064,クレセリア,AR,https://minnano-toreka.com/wp-content/uploads/2026/08/071-064_minnanotoreca-10327098.webp,クレセリア（AR）[071/064],,https://dopa-game.jp/pokemon/dp/10327098,,,,10327098,29965,DOPA
094/068,Vガードエネルギー,UR,https://minnano-toreka.com/wp-content/uploads/2026/08/094-068_minnanotoreca-10344662.webp,Vガードエネルギー（UR）[094/068],,https://dopa-game.jp/pokemon/dp/10344662,,,,10344662,29966,DOPA
{120/086},デスカーン,AR,https://minnano-toreka.com/wp-content/uploads/2026/08/120-086_minnanotoreca-10333907.webp,デスカーン（AR）[{120/086}],,https://dopa-game.jp/pokemon/dp/10333907,,,,10333907,29967,DOPA
126/086,リグレー,AR,https://minnano-toreka.com/wp-content/uploads/2026/08/126-086_minnanotoreca-10333908.webp,リグレー（AR）[126/086],,https://dopa-game.jp/pokemon/dp/10333908,,,,10333908,29968,DOPA
200/SV-P,Nのゾロア(未開封),P,https://minnano-toreka.com/wp-content/uploads/2026/08/200-SV-P_minnanotoreca-10338081.webp,Nのゾロア(未開封)（P）[200/SV-P],,https://dopa-game.jp/pokemon/dp/10338081,,,,10338081,29969,DOPA
096/071,野盗三姉妹,HR,https://minnano-toreka.com/wp-content/uploads/2026/08/096-071_minnanotoreca-10332135.webp,野盗三姉妹（HR）[096/071],,https://dopa-game.jp/pokemon/dp/10332135,,,,10332135,29970,DOPA
017/038,イーブイGX/RR仕様,C,https://minnano-toreka.com/wp-content/uploads/2026/08/017-038_minnanotoreca-10244306.webp,イーブイGX/RR仕様（C）[017/038],,https://dopa-game.jp/pokemon/dp/10244306,,,,10244306,29971,DOPA
116/102,エースバーンex,SR,https://minnano-toreka.com/wp-content/uploads/2026/08/116-102_minnanotoreca-10289332.webp,エースバーンex（SR）[116/102],,https://dopa-game.jp/pokemon/dp/10289332,,,,10289332,29972,DOPA
089/071,ハッサムex,SR,https://minnano-toreka.com/wp-content/uploads/2026/08/089-071_minnanotoreca-10244772.webp,ハッサムex（SR）[089/071],,https://dopa-game.jp/pokemon/dp/10244772,,,,10244772,29973,DOPA
054/054,アセロラ,TR,https://minnano-toreka.com/wp-content/uploads/2026/08/054-054_minnanotoreca-10240435.webp,アセロラ（TR）[054/054],,https://dopa-game.jp/pokemon/dp/10240435,,,,10240435,29974,DOPA
115/098,レジエレキVMAX,HR,https://minnano-toreka.com/wp-content/uploads/2026/08/115-098_minnanotoreca-10240444.webp,レジエレキVMAX（HR）[115/098],,https://dopa-game.jp/pokemon/dp/10240444,,,,10240444,29975,DOPA
{092/071},ふかそうち,UR,https://minnano-toreka.com/wp-content/uploads/2026/08/092-071_minnanotoreca-10279877.webp,ふかそうち（UR）[{092/071}],,https://dopa-game.jp/pokemon/dp/10279877,,,,10279877,29976,DOPA
019/038,イーブイGX/RR仕様,-,https://minnano-toreka.com/wp-content/uploads/2026/08/019-038_minnanotoreca-10241744.webp,イーブイGX/RR仕様（-）[019/038],,https://dopa-game.jp/pokemon/dp/10241744,,,,10241744,29977,DOPA
013/038,サンダースGX,-,https://minnano-toreka.com/wp-content/uploads/2026/08/013-038_minnanotoreca-10241747.webp,サンダースGX（-）[013/038],,https://dopa-game.jp/pokemon/dp/10241747,,,,10241747,29978,DOPA
094/078,ミライドンex,SR,https://minnano-toreka.com/wp-content/uploads/2026/08/094-078_minnanotoreca-10239748.webp,ミライドンex（SR）[094/078],,https://dopa-game.jp/pokemon/dp/10239748,,,,10239748,29979,DOPA
075/127,イーブイV,-,https://minnano-toreka.com/wp-content/uploads/2026/08/075-127_minnanotoreca-10241740.webp,イーブイV（-）[075/127],,https://dopa-game.jp/pokemon/dp/10241740,,,,10241740,29980,DOPA
079/067,ペリーラ,SR,https://minnano-toreka.com/wp-content/uploads/2026/08/079-067_minnanotoreca-10332269.webp,ペリーラ（SR）[079/067],,https://dopa-game.jp/pokemon/dp/10332269,,,,10332269,29981,DOPA
076/066,チルット,AR,https://minnano-toreka.com/wp-content/uploads/2026/08/076-066_minnanotoreca-10239770.webp,チルット（AR）[076/066],,https://dopa-game.jp/pokemon/dp/10239770,,,,10239770,29982,DOPA
077/066,アラブルタケ,AR,https://minnano-toreka.com/wp-content/uploads/2026/08/077-066_minnanotoreca-10240019.webp,アラブルタケ（AR）[077/066],,https://dopa-game.jp/pokemon/dp/10240019,,,,10240019,29983,DOPA
143/086,ジへッド,AR,https://minnano-toreka.com/wp-content/uploads/2026/08/143-086_minnanotoreca-10333898.webp,ジへッド（AR）[143/086],,https://dopa-game.jp/pokemon/dp/10333898,,,,10333898,29984,DOPA
080/078,グレンアルマ,AR,https://minnano-toreka.com/wp-content/uploads/2026/08/080-078_minnanotoreca-10316320.webp,グレンアルマ（AR）[080/078],,https://dopa-game.jp/pokemon/dp/10316320,,,,10316320,29985,DOPA
{085/067} [S10P],タイサイ,HR,https://minnano-toreka.com/wp-content/uploads/2026/08/085-067-S10P_minnanotoreca-10332232.webp,タイサイ（HR）[{085/067} [S10P]],,https://dopa-game.jp/pokemon/dp/10332232,,,,10332232,29986,DOPA
248/172,博士の,SR,https://minnano-toreka.com/wp-content/uploads/2026/08/248-172_minnanotoreca-10331299.webp,博士の（SR）[248/172],,https://dopa-game.jp/pokemon/dp/10331299,,,,10331299,29987,DOPA
{121/100} [S9],キャンプファイヤー,HR,https://minnano-toreka.com/wp-content/uploads/2026/08/121-100-S9_minnanotoreca-10332218.webp,キャンプファイヤー（HR）[{121/100} [S9]],,https://dopa-game.jp/pokemon/dp/10332218,,,,10332218,29988,DOPA
109/102,ゼラオラ,AR,https://minnano-toreka.com/wp-content/uploads/2026/08/109-102_minnanotoreca-10289347.webp,ゼラオラ（AR）[109/102],,https://dopa-game.jp/pokemon/dp/10289347,,,,10289347,29989,DOPA
090/070,ピオニー,HR,https://minnano-toreka.com/wp-content/uploads/2026/08/090-070_minnanotoreca-10332202.webp,ピオニー（HR）[090/070],,https://dopa-game.jp/pokemon/dp/10332202,,,,10332202,29990,DOPA
121/100,カゲツ,HR,https://minnano-toreka.com/wp-content/uploads/2026/08/121-100_minnanotoreca-10332240.webp,カゲツ（HR）[121/100],,https://dopa-game.jp/pokemon/dp/10332240,,,,10332240,29991,DOPA
120/098,ジンダイ,HR,https://minnano-toreka.com/wp-content/uploads/2026/08/120-098_minnanotoreca-10332247.webp,ジンダイ（HR）[120/098],,https://dopa-game.jp/pokemon/dp/10332247,,,,10332247,29992,DOPA
114/098,ワタル,SR,https://minnano-toreka.com/wp-content/uploads/2026/08/114-098_minnanotoreca-10239464.webp,ワタル（SR）[114/098],,https://dopa-game.jp/pokemon/dp/10239464,,,,10239464,29993,DOPA
{072/066} [sm5],ハンサム,SR,https://minnano-toreka.com/wp-content/uploads/2026/08/072-066-sm5_minnanotoreca-10332248.webp,ハンサム（SR）[{072/066} [sm5]],,https://dopa-game.jp/pokemon/dp/10332248,,,,10332248,29994,DOPA
191/187,シュウメイ,SR,https://minnano-toreka.com/wp-content/uploads/2026/08/191-187_minnanotoreca-10317161.webp,シュウメイ（SR）[191/187],,https://dopa-game.jp/pokemon/dp/10317161,,,,10317161,29995,DOPA
068/054,メタルコアバリア,UR,https://minnano-toreka.com/wp-content/uploads/2026/08/068-054_minnanotoreca-10240308.webp,メタルコアバリア（UR）[068/054],,https://dopa-game.jp/pokemon/dp/10240308,,,,10240308,29996,DOPA
082/067,デンボク【SR】,SR,https://minnano-toreka.com/wp-content/uploads/2026/08/082-067_minnanotoreca-10332180.webp,デンボク【SR】（SR）[082/067],,https://dopa-game.jp/pokemon/dp/10332180,,,,10332180,29997,DOPA
084/067,ザクロ,HR,https://minnano-toreka.com/wp-content/uploads/2026/08/084-067_minnanotoreca-10332272.webp,ザクロ（HR）[084/067],,https://dopa-game.jp/pokemon/dp/10332272,,,,10332272,29998,DOPA
110/098,ガルーラ,AR,https://minnano-toreka.com/wp-content/uploads/2026/08/110-098_minnanotoreca-10332289.webp,ガルーラ（AR）[110/098],,https://dopa-game.jp/pokemon/dp/10332289,,,,10332289,29999,DOPA
116/100,メリッサ,SR,https://minnano-toreka.com/wp-content/uploads/2026/08/116-100_minnanotoreca-10332290.webp,メリッサ（SR）[116/100],,https://dopa-game.jp/pokemon/dp/10332290,,,,10332290,30000,DOPA
099/098,ロケット団のワナイダー,AR,https://minnano-toreka.com/wp-content/uploads/2026/08/099-098_minnanotoreca-10332297.webp,ロケット団のワナイダー（AR）[099/098],,https://dopa-game.jp/pokemon/dp/10332297,,,,10332297,30001,DOPA
085/067,スクールボーイ,HR,https://minnano-toreka.com/wp-content/uploads/2026/08/085-067_minnanotoreca-10332144.webp,スクールボーイ（HR）[085/067],,https://dopa-game.jp/pokemon/dp/10332144,,,,10332144,30002,DOPA
079/071,アーボック,AR,https://minnano-toreka.com/wp-content/uploads/2026/08/079-071_minnanotoreca-10244755.webp,アーボック（AR）[079/071],,https://dopa-game.jp/pokemon/dp/10244755,,,,10244755,30003,DOPA
090/071,探検家の先導,SR,https://minnano-toreka.com/wp-content/uploads/2026/08/090-071_minnanotoreca-10244754.webp,探検家の先導（SR）[090/071],,https://dopa-game.jp/pokemon/dp/10244754,,,,10244754,30004,DOPA
064/071,ヒーローマント,ACE,https://minnano-toreka.com/wp-content/uploads/2026/08/064-071_minnanotoreca-10244776.webp,ヒーローマント（ACE）[064/071],,https://dopa-game.jp/pokemon/dp/10244776,,,,10244776,30005,DOPA
091/071,ビワ,SR,https://minnano-toreka.com/wp-content/uploads/2026/08/091-071_minnanotoreca-10241036.webp,ビワ（SR）[091/071],,https://dopa-game.jp/pokemon/dp/10241036,,,,10241036,30006,DOPA
077/064,キングドラex,SR,https://minnano-toreka.com/wp-content/uploads/2026/08/077-064_minnanotoreca-10316546.webp,キングドラex（SR）[077/064],,https://dopa-game.jp/pokemon/dp/10316546,,,,10316546,30007,DOPA
087/071,キャンデラ,HR,https://minnano-toreka.com/wp-content/uploads/2026/08/087-071_minnanotoreca-10332139.webp,キャンデラ（HR）[087/071],,https://dopa-game.jp/pokemon/dp/10332139,,,,10332139,30008,DOPA
114/102,ヨルノズク,AR,https://minnano-toreka.com/wp-content/uploads/2026/08/114-102_minnanotoreca-10308287.webp,ヨルノズク（AR）[114/102],,https://dopa-game.jp/pokemon/dp/10308287,,,,10308287,30009,DOPA
{220/184} [S8b],はくばバドレックスV,CSR,https://minnano-toreka.com/wp-content/uploads/2026/08/220-184-S8b_minnanotoreca-10316347.webp,はくばバドレックスV（CSR）[{220/184} [S8b]],,https://dopa-game.jp/pokemon/dp/10316347,,,,10316347,30010,DOPA
{248/184} [S8b],アーマーガアV,CSR,https://minnano-toreka.com/wp-content/uploads/2026/08/248-184-S8b_minnanotoreca-10330267.webp,アーマーガアV（CSR）[{248/184} [S8b]],,https://dopa-game.jp/pokemon/dp/10330267,,,,10330267,30011,DOPA
086/070,シバ,HR,https://minnano-toreka.com/wp-content/uploads/2026/08/086-070_minnanotoreca-10332137.webp,シバ（HR）[086/070],,https://dopa-game.jp/pokemon/dp/10332137,,,,10332137,30012,DOPA
-,ツールスクラッパー,UR,https://minnano-toreka.com/wp-content/uploads/2026/08/none_minnanotoreca-10305344.webp,ツールスクラッパー（UR）[-],,https://dopa-game.jp/pokemon/dp/10305344,,,,10305344,30013,DOPA
083/071,チラチーノ,AR,https://minnano-toreka.com/wp-content/uploads/2026/08/083-071_minnanotoreca-10241027.webp,チラチーノ（AR）[083/071],,https://dopa-game.jp/pokemon/dp/10241027,,,,10241027,30014,DOPA
090/067,デンボク,HR,https://minnano-toreka.com/wp-content/uploads/2026/08/090-067_minnanotoreca-10332115.webp,デンボク（HR）[090/067],,https://dopa-game.jp/pokemon/dp/10332115,,,,10332115,30015,DOPA
092/070,トウキ,HR,https://minnano-toreka.com/wp-content/uploads/2026/08/092-070_minnanotoreca-10332128.webp,トウキ（HR）[092/070],,https://dopa-game.jp/pokemon/dp/10332128,,,,10332128,30016,DOPA
142/086,ワルビル,AR,https://minnano-toreka.com/wp-content/uploads/2026/08/142-086_minnanotoreca-10333924.webp,ワルビル（AR）[142/086],,https://dopa-game.jp/pokemon/dp/10333924,,,,10333924,30017,DOPA
090/071,ブランシェ,HR,https://minnano-toreka.com/wp-content/uploads/2026/08/090-071_minnanotoreca-10332233.webp,ブランシェ（HR）[090/071],,https://dopa-game.jp/pokemon/dp/10332233,,,,10332233,30018,DOPA
087/070,マスタードのれんげきのかた,HR,https://minnano-toreka.com/wp-content/uploads/2026/08/087-070_minnanotoreca-10332231.webp,マスタードのれんげきのかた（HR）[087/070],,https://dopa-game.jp/pokemon/dp/10332231,,,,10332231,30019,DOPA
091/070,ズミ,HR,https://minnano-toreka.com/wp-content/uploads/2026/08/091-070_minnanotoreca-10332179.webp,ズミ（HR）[091/070],,https://dopa-game.jp/pokemon/dp/10332179,,,,10332179,30020,DOPA
123/100,タケシのスカウト,SR,https://minnano-toreka.com/wp-content/uploads/2026/08/123-100_minnanotoreca-10317157.webp,タケシのスカウト（SR）[123/100],,https://dopa-game.jp/pokemon/dp/10317157,,,,10317157,30021,DOPA
079/064,フライゴンex,SR,https://minnano-toreka.com/wp-content/uploads/2026/08/079-064_minnanotoreca-10315581.webp,フライゴンex（SR）[079/064],,https://dopa-game.jp/pokemon/dp/10315581,,,,10315581,30022,DOPA
{114/100} [S8],ダンサー,SR,https://minnano-toreka.com/wp-content/uploads/2026/08/114-100-S8_minnanotoreca-10332190.webp,ダンサー（SR）[{114/100} [S8]],,https://dopa-game.jp/pokemon/dp/10332190,,,,10332190,30023,DOPA
067/064,タッツー,AR,https://minnano-toreka.com/wp-content/uploads/2026/08/067-064_minnanotoreca-10307877.webp,タッツー（AR）[067/064],,https://dopa-game.jp/pokemon/dp/10307877,,,,10307877,30024,DOPA
118/100,ホップのザシアンex,SR,https://minnano-toreka.com/wp-content/uploads/2026/08/118-100_minnanotoreca-10317137.webp,ホップのザシアンex（SR）[118/100],,https://dopa-game.jp/pokemon/dp/10317137,,,,10317137,30025,DOPA
-,さぎょういん,HR,https://minnano-toreka.com/wp-content/uploads/2026/08/none_minnanotoreca-10307852.webp,さぎょういん（HR）[-],,https://dopa-game.jp/pokemon/dp/10307852,,,,10307852,30026,DOPA
152/S-P,クロバットV(SSR仕様/未開封)【P】,P,https://minnano-toreka.com/wp-content/uploads/2026/08/152-S-P_minnanotoreca-10329573.webp,クロバットV(SSR仕様/未開封)【P】（P）[152/S-P],,https://dopa-game.jp/pokemon/dp/10329573,,,,10329573,30027,DOPA
062/054,マーレイン,SR,https://minnano-toreka.com/wp-content/uploads/2026/08/062-054_minnanotoreca-10332200.webp,マーレイン（SR）[062/054],,https://dopa-game.jp/pokemon/dp/10332200,,,,10332200,30028,DOPA
068/066,ブビィ,AR,https://minnano-toreka.com/wp-content/uploads/2026/08/068-066_minnanotoreca-10240022.webp,ブビィ（AR）[068/066],,https://dopa-game.jp/pokemon/dp/10240022,,,,10240022,30029,DOPA
157/086,ウォーグル,AR,https://minnano-toreka.com/wp-content/uploads/2026/08/157-086_minnanotoreca-10333962.webp,ウォーグル（AR）[157/086],,https://dopa-game.jp/pokemon/dp/10333962,,,,10333962,30030,DOPA
125/102,ハイダイ,SR,https://minnano-toreka.com/wp-content/uploads/2026/08/125-102_minnanotoreca-10316864.webp,ハイダイ（SR）[125/102],,https://dopa-game.jp/pokemon/dp/10316864,,,,10316864,30031,DOPA
081/070,キクコ,SR,https://minnano-toreka.com/wp-content/uploads/2026/08/081-070_minnanotoreca-10332221.webp,キクコ（SR）[081/070],,https://dopa-game.jp/pokemon/dp/10332221,,,,10332221,30032,DOPA
084/066,イッカネズミex,SR,https://minnano-toreka.com/wp-content/uploads/2026/08/084-066_minnanotoreca-10239734.webp,イッカネズミex（SR）[084/066],,https://dopa-game.jp/pokemon/dp/10239734,,,,10239734,30033,DOPA
192/190,ジムトレーナー,SR,https://minnano-toreka.com/wp-content/uploads/2026/08/192-190_minnanotoreca-10343966.webp,ジムトレーナー（SR）[192/190],,https://dopa-game.jp/pokemon/dp/10343966,,,,10343966,30034,DOPA
101/098,バシャーモ,AR,https://minnano-toreka.com/wp-content/uploads/2026/08/101-098_minnanotoreca-10332300.webp,バシャーモ（AR）[101/098],,https://dopa-game.jp/pokemon/dp/10332300,,,,10332300,30035,DOPA
068/063,リオル,AR,https://minnano-toreka.com/wp-content/uploads/2026/08/068-063_minnanotoreca-10336803.webp,リオル（AR）[068/063],,https://dopa-game.jp/pokemon/dp/10336803,,,,10336803,30036,DOPA
211/184,ポワルン,CHR,https://minnano-toreka.com/wp-content/uploads/2026/08/211-184_minnanotoreca-10304935.webp,ポワルン（CHR）[211/184],,https://dopa-game.jp/pokemon/dp/10304935,,,,10304935,30037,DOPA
259/184,キバナ,SR,https://minnano-toreka.com/wp-content/uploads/2026/08/259-184_minnanotoreca-10240263.webp,キバナ（SR）[259/184],,https://dopa-game.jp/pokemon/dp/10240263,,,,10240263,30038,DOPA
090/086,モンメン,AR,https://minnano-toreka.com/wp-content/uploads/2026/08/090-086_minnanotoreca-10334009.webp,モンメン（AR）[090/086],,https://dopa-game.jp/pokemon/dp/10334009,,,,10334009,30039,DOPA
091/070,いちげきエネルギー,UR,https://minnano-toreka.com/wp-content/uploads/2026/08/091-070_minnanotoreca-10346965.webp,いちげきエネルギー（UR）[091/070],,https://dopa-game.jp/pokemon/dp/10346965,,,,10346965,30040,DOPA
086/066,ゴヨウ,SR,https://minnano-toreka.com/wp-content/uploads/2026/08/086-066_minnanotoreca-10263682.webp,ゴヨウ（SR）[086/066],,https://dopa-game.jp/pokemon/dp/10263682,,,,10263682,30041,DOPA
{121/086} [SV11W],ゴチム,AR,https://minnano-toreka.com/wp-content/uploads/2026/08/121-086-SV11W_minnanotoreca-10333993.webp,ゴチム（AR）[{121/086} [SV11W]],,https://dopa-game.jp/pokemon/dp/10333993,,,,10333993,30042,DOPA
077/063,メガライボルトex,SR,https://minnano-toreka.com/wp-content/uploads/2026/08/077-063_minnanotoreca-10336804.webp,メガライボルトex（SR）[077/063],,https://dopa-game.jp/pokemon/dp/10336804,,,,10336804,30043,DOPA
076/063,メガユキノオーex,SR,https://minnano-toreka.com/wp-content/uploads/2026/08/076-063_minnanotoreca-10336806.webp,メガユキノオーex（SR）[076/063],,https://dopa-game.jp/pokemon/dp/10336806,,,,10336806,30044,DOPA
033/087,ピカチュウ,C,https://minnano-toreka.com/wp-content/uploads/2026/08/033-087_minnanotoreca-10346298.webp,ピカチュウ（C）[033/087],,https://dopa-game.jp/pokemon/dp/10346298,,,,10346298,30045,DOPA
082/063,ふしぎなアメ,SR,https://minnano-toreka.com/wp-content/uploads/2026/08/082-063_minnanotoreca-10336808.webp,ふしぎなアメ（SR）[082/063],,https://dopa-game.jp/pokemon/dp/10336808,,,,10336808,30046,DOPA
114/094,ジャイアントボム,UR,https://minnano-toreka.com/wp-content/uploads/2026/08/114-094_minnanotoreca-10344201.webp,ジャイアントボム（UR）[114/094],,https://dopa-game.jp/pokemon/dp/10344201,,,,10344201,30047,DOPA
098/080,メガサメハダーex,SR,https://minnano-toreka.com/wp-content/uploads/2026/08/098-080_minnanotoreca-10345809.webp,メガサメハダーex（SR）[098/080],,https://dopa-game.jp/pokemon/dp/10345809,,,,10345809,30048,DOPA
{081/063} [M1S],なかよしポフィン,SR,https://minnano-toreka.com/wp-content/uploads/2026/08/081-063-M1S_minnanotoreca-10345896.webp,なかよしポフィン（SR）[{081/063} [M1S]],,https://dopa-game.jp/pokemon/dp/10345896,,,,10345896,30049,DOPA
130/086,アーケオス,AR,https://minnano-toreka.com/wp-content/uploads/2026/08/130-086_minnanotoreca-10333925.webp,アーケオス（AR）[130/086],,https://dopa-game.jp/pokemon/dp/10333925,,,,10333925,30050,DOPA
013/025,ロケット団の幹部/25th,-,https://minnano-toreka.com/wp-content/uploads/2026/08/013-025_minnanotoreca-10341066.webp,ロケット団の幹部/25th（-）[013/025],,https://dopa-game.jp/pokemon/dp/10341066,,,,10341066,30051,DOPA
{088/086} [SV11W],クルマユ,AR,https://minnano-toreka.com/wp-content/uploads/2026/08/088-086-SV11W_minnanotoreca-10333960.webp,クルマユ（AR）[{088/086} [SV11W]],,https://dopa-game.jp/pokemon/dp/10333960,,,,10333960,30052,DOPA
{107/080} [M2],ひふきやろう,SR,https://minnano-toreka.com/wp-content/uploads/2026/08/107-080-M2_minnanotoreca-10343951.webp,ひふきやろう（SR）[{107/080} [M2]],,https://dopa-game.jp/pokemon/dp/10343951,,,,10343951,30053,DOPA
080/063,メガクチートex,SR,https://minnano-toreka.com/wp-content/uploads/2026/08/080-063_minnanotoreca-10336820.webp,メガクチートex（SR）[080/063],,https://dopa-game.jp/pokemon/dp/10336820,,,,10336820,30054,DOPA
093/067,コトブキムラ,UR,https://minnano-toreka.com/wp-content/uploads/2026/08/093-067_minnanotoreca-10344199.webp,コトブキムラ（UR）[093/067],,https://dopa-game.jp/pokemon/dp/10344199,,,,10344199,30055,DOPA
095/086,タマゲタケ,AR,https://minnano-toreka.com/wp-content/uploads/2026/08/095-086_minnanotoreca-10334027.webp,タマゲタケ（AR）[095/086],,https://dopa-game.jp/pokemon/dp/10334027,,,,10334027,30056,DOPA
103/098,ロケット団のソーナンス,AR,https://minnano-toreka.com/wp-content/uploads/2026/08/103-098_minnanotoreca-10332302.webp,ロケット団のソーナンス（AR）[103/098],,https://dopa-game.jp/pokemon/dp/10332302,,,,10332302,30057,DOPA
095/086,ビリジオン,AR,https://minnano-toreka.com/wp-content/uploads/2026/08/095-086_minnanotoreca-10333957.webp,ビリジオン（AR）[095/086],,https://dopa-game.jp/pokemon/dp/10333957,,,,10333957,30058,DOPA
013 / 080,メガリザードンXex,RR,https://minnano-toreka.com/wp-content/uploads/2026/08/013-080_minnanotoreca-10345783.webp,メガリザードンXex（RR）[013 / 080],,https://dopa-game.jp/pokemon/dp/10345783,,,,10345783,30059,DOPA
{083/063} [M1L],夜のタンカ,SR,https://minnano-toreka.com/wp-content/uploads/2026/08/083-063-M1L_minnanotoreca-10345894.webp,夜のタンカ（SR）[{083/063} [M1L]],,https://dopa-game.jp/pokemon/dp/10345894,,,,10345894,30060,DOPA
{220/193} [M2a],からておうの稽古,SR,https://minnano-toreka.com/wp-content/uploads/2026/08/220-193-M2a_minnanotoreca-10347062.webp,からておうの稽古（SR）[{220/193} [M2a]],,https://dopa-game.jp/pokemon/dp/10347062,,,,10347062,30061,DOPA
094/070,いかついメット,UR,https://minnano-toreka.com/wp-content/uploads/2026/08/094-070_minnanotoreca-10305315.webp,いかついメット（UR）[094/070],,https://dopa-game.jp/pokemon/dp/10305315,,,,10305315,30062,DOPA
{099/086} [SV11B],ヒヒダルマ,AR,https://minnano-toreka.com/wp-content/uploads/2026/08/099-086-SV11B_minnanotoreca-10334004.webp,ヒヒダルマ（AR）[{099/086} [SV11B]],,https://dopa-game.jp/pokemon/dp/10334004,,,,10334004,30063,DOPA
093/080,メガヘラクロスex,SR,https://minnano-toreka.com/wp-content/uploads/2026/08/093-080_minnanotoreca-10345787.webp,メガヘラクロスex（SR）[093/080],,https://dopa-game.jp/pokemon/dp/10345787,,,,10345787,30064,DOPA
077/063,メガバクーダex,SR,https://minnano-toreka.com/wp-content/uploads/2026/08/077-063_minnanotoreca-10336817.webp,メガバクーダex（SR）[077/063],,https://dopa-game.jp/pokemon/dp/10336817,,,,10336817,30065,DOPA
345/190,パルデアの学生,SR,https://minnano-toreka.com/wp-content/uploads/2026/08/345-190_minnanotoreca-10240078.webp,パルデアの学生（SR）[345/190],,https://dopa-game.jp/pokemon/dp/10240078,,,,10240078,30066,DOPA
116/095,しまめぐりのあかし,UR,https://minnano-toreka.com/wp-content/uploads/2026/08/116-095_minnanotoreca-10347224.webp,しまめぐりのあかし（UR）[116/095],,https://dopa-game.jp/pokemon/dp/10347224,,,,10347224,30067,DOPA
136/086,イワパレス,AR,https://minnano-toreka.com/wp-content/uploads/2026/08/136-086_minnanotoreca-10334036.webp,イワパレス（AR）[136/086],,https://dopa-game.jp/pokemon/dp/10334036,,,,10334036,30068,DOPA
124/108,キラフロルex,SR,https://minnano-toreka.com/wp-content/uploads/2026/08/124-108_minnanotoreca-10343955.webp,キラフロルex（SR）[124/108],,https://dopa-game.jp/pokemon/dp/10343955,,,,10343955,30069,DOPA
092/067,こだわりベルト,UR,https://minnano-toreka.com/wp-content/uploads/2026/08/092-067_minnanotoreca-10344198.webp,こだわりベルト（UR）[092/067],,https://dopa-game.jp/pokemon/dp/10344198,,,,10344198,30070,DOPA
{088/067} [S10P],ダブルターボエネルギー,UR,https://minnano-toreka.com/wp-content/uploads/2026/08/088-067-S10P_minnanotoreca-10344209.webp,ダブルターボエネルギー（UR）[{088/067} [S10P]],,https://dopa-game.jp/pokemon/dp/10344209,,,,10344209,30071,DOPA
080/066,マグカルゴex,SR,https://minnano-toreka.com/wp-content/uploads/2026/08/080-066_minnanotoreca-10260691.webp,マグカルゴex（SR）[080/066],,https://dopa-game.jp/pokemon/dp/10260691,,,,10260691,30072,DOPA
004/025,にせオーキドはかせ/25th,-,https://minnano-toreka.com/wp-content/uploads/2026/08/004-025_minnanotoreca-10341055.webp,にせオーキドはかせ/25th（-）[004/025],,https://dopa-game.jp/pokemon/dp/10341055,,,,10341055,30073,DOPA
108/086,ガマガル,AR,https://minnano-toreka.com/wp-content/uploads/2026/08/108-086_minnanotoreca-10334061.webp,ガマガル（AR）[108/086],,https://dopa-game.jp/pokemon/dp/10334061,,,,10334061,30074,DOPA
123/086,ゴチルゼル,AR,https://minnano-toreka.com/wp-content/uploads/2026/08/123-086_minnanotoreca-10333918.webp,ゴチルゼル（AR）[123/086],,https://dopa-game.jp/pokemon/dp/10333918,,,,10333918,30075,DOPA
016/025,ネンドール/25th,-,https://minnano-toreka.com/wp-content/uploads/2026/08/016-025_minnanotoreca-10341056.webp,ネンドール/25th（-）[016/025],,https://dopa-game.jp/pokemon/dp/10341056,,,,10341056,30076,DOPA
346/190,パルデアの学生,SR,https://minnano-toreka.com/wp-content/uploads/2026/08/346-190_minnanotoreca-10239597.webp,パルデアの学生（SR）[346/190],,https://dopa-game.jp/pokemon/dp/10239597,,,,10239597,30077,DOPA
{150/086} [SV11W],クリムガン,AR,https://minnano-toreka.com/wp-content/uploads/2026/08/150-086-SV11W_minnanotoreca-10333956.webp,クリムガン（AR）[{150/086} [SV11W]],,https://dopa-game.jp/pokemon/dp/10333956,,,,10333956,30078,DOPA
{099/098} [S12],ブリガロンV,SR,https://minnano-toreka.com/wp-content/uploads/2026/08/099-098-S12_minnanotoreca-10343963.webp,ブリガロンV（SR）[{099/098} [S12]],,https://dopa-game.jp/pokemon/dp/10343963,,,,10343963,30079,DOPA
069/067,シャンデラ,CHR,https://minnano-toreka.com/wp-content/uploads/2026/08/069-067_minnanotoreca-10239455.webp,シャンデラ（CHR）[069/067],,https://dopa-game.jp/pokemon/dp/10239455,,,,10239455,30080,DOPA
{096/080} [M2],ロトムex,SR,https://minnano-toreka.com/wp-content/uploads/2026/08/096-080-M2_minnanotoreca-10343958.webp,ロトムex（SR）[{096/080} [M2]],,https://dopa-game.jp/pokemon/dp/10343958,,,,10343958,30081,DOPA
070/068,ミロカロス,CHR,https://minnano-toreka.com/wp-content/uploads/2026/08/070-068_minnanotoreca-10304931.webp,ミロカロス（CHR）[070/068],,https://dopa-game.jp/pokemon/dp/10304931,,,,10304931,30082,DOPA
068/062,コレクレー,AR,https://minnano-toreka.com/wp-content/uploads/2026/08/068-062_minnanotoreca-10306787.webp,コレクレー（AR）[068/062],,https://dopa-game.jp/pokemon/dp/10306787,,,,10306787,30083,DOPA
059/049,ドリュウズ,CHR,https://minnano-toreka.com/wp-content/uploads/2026/08/059-049_minnanotoreca-10304923.webp,ドリュウズ（CHR）[059/049],,https://dopa-game.jp/pokemon/dp/10304923,,,,10304923,30084,DOPA
{076/070} [S2a],ガラルマッギョV,SR,https://minnano-toreka.com/wp-content/uploads/2026/08/076-070-S2a_minnanotoreca-10343947.webp,ガラルマッギョV（SR）[{076/070} [S2a]],,https://dopa-game.jp/pokemon/dp/10343947,,,,10343947,30085,DOPA
{093/070} [S6H],おむかえちょうちん,UR,https://minnano-toreka.com/wp-content/uploads/2026/08/093-070-S6H_minnanotoreca-10344181.webp,おむかえちょうちん（UR）[{093/070} [S6H]],,https://dopa-game.jp/pokemon/dp/10344181,,,,10344181,30086,DOPA
{105/080} [M2],ギーマの一手,SR,https://minnano-toreka.com/wp-content/uploads/2026/08/105-080-M2_minnanotoreca-10343949.webp,ギーマの一手（SR）[{105/080} [M2]],,https://dopa-game.jp/pokemon/dp/10343949,,,,10343949,30087,DOPA
{082/063},ファイトゴング,SR,https://minnano-toreka.com/wp-content/uploads/2026/08/082-063_minnanotoreca-10336791.webp,ファイトゴング（SR）[{082/063}],,https://dopa-game.jp/pokemon/dp/10336791,,,,10336791,30088,DOPA
073/067,ホーホー,CHR,https://minnano-toreka.com/wp-content/uploads/2026/08/073-067_minnanotoreca-10304928.webp,ホーホー（CHR）[073/067],,https://dopa-game.jp/pokemon/dp/10304928,,,,10304928,30089,DOPA
343/190,ネモ,SR,https://minnano-toreka.com/wp-content/uploads/2026/08/343-190_minnanotoreca-10241042.webp,ネモ（SR）[343/190],,https://dopa-game.jp/pokemon/dp/10241042,,,,10241042,30090,DOPA
114/100,ナンジャモのハラバリーex,SR,https://minnano-toreka.com/wp-content/uploads/2026/08/114-100_minnanotoreca-10317143.webp,ナンジャモのハラバリーex（SR）[114/100],,https://dopa-game.jp/pokemon/dp/10317143,,,,10317143,30091,DOPA
083/066,チルタリスex,SR,https://minnano-toreka.com/wp-content/uploads/2026/08/083-066_minnanotoreca-10239903.webp,チルタリスex（SR）[083/066],,https://dopa-game.jp/pokemon/dp/10239903,,,,10239903,30092,DOPA
116/101,イルカマンex,SR,https://minnano-toreka.com/wp-content/uploads/2026/08/116-101_minnanotoreca-10276953.webp,イルカマンex（SR）[116/101],,https://dopa-game.jp/pokemon/dp/10276953,,,,10276953,30093,DOPA
085/071,ウガツホムラex,SR,https://minnano-toreka.com/wp-content/uploads/2026/08/085-071_minnanotoreca-10244753.webp,ウガツホムラex（SR）[085/071],,https://dopa-game.jp/pokemon/dp/10244753,,,,10244753,30094,DOPA
059/066,サバイブギプス,ACE,https://minnano-toreka.com/wp-content/uploads/2026/08/059-066_minnanotoreca-10260670.webp,サバイブギプス（ACE）[059/066],,https://dopa-game.jp/pokemon/dp/10260670,,,,10260670,30095,DOPA
084/071,テツノイサハex,SR,https://minnano-toreka.com/wp-content/uploads/2026/08/084-071_minnanotoreca-10244735.webp,テツノイサハex（SR）[084/071],,https://dopa-game.jp/pokemon/dp/10244735,,,,10244735,30096,DOPA
{010/035},カプ・テテフGX(RR仕様),-,https://minnano-toreka.com/wp-content/uploads/2026/08/010-035_minnanotoreca-10276904.webp,カプ・テテフGX(RR仕様)（-）[{010/035}],,https://dopa-game.jp/pokemon/dp/10276904,,,,10276904,30097,DOPA
077/068,アローラロコンV,SR,https://minnano-toreka.com/wp-content/uploads/2026/08/077-068_minnanotoreca-10239776.webp,アローラロコンV（SR）[077/068],,https://dopa-game.jp/pokemon/dp/10239776,,,,10239776,30098,DOPA
084/066,ガチグマアカツキex,SR,https://minnano-toreka.com/wp-content/uploads/2026/08/084-066_minnanotoreca-10260684.webp,ガチグマアカツキex（SR）[084/066],,https://dopa-game.jp/pokemon/dp/10260684,,,,10260684,30099,DOPA
118/101,レントラーex,SR,https://minnano-toreka.com/wp-content/uploads/2026/08/118-101_minnanotoreca-10276937.webp,レントラーex（SR）[118/101],,https://dopa-game.jp/pokemon/dp/10276937,,,,10276937,30100,DOPA
117/101,オーガポンいどのめんex,SR,https://minnano-toreka.com/wp-content/uploads/2026/08/117-101_minnanotoreca-10276964.webp,オーガポンいどのめんex（SR）[117/101],,https://dopa-game.jp/pokemon/dp/10276964,,,,10276964,30101,DOPA
080/066,テツノブジンex,SR,https://minnano-toreka.com/wp-content/uploads/2026/08/080-066_minnanotoreca-10239908.webp,テツノブジンex（SR）[080/066],,https://dopa-game.jp/pokemon/dp/10239908,,,,10239908,30102,DOPA
131/086,ドッコラー,AR,https://minnano-toreka.com/wp-content/uploads/2026/08/131-086_minnanotoreca-10334066.webp,ドッコラー（AR）[131/086],,https://dopa-game.jp/pokemon/dp/10334066,,,,10334066,30103,DOPA
{117/086} [SV11W],ココロモリ,AR,https://minnano-toreka.com/wp-content/uploads/2026/08/117-086-SV11W_minnanotoreca-10333977.webp,ココロモリ（AR）[{117/086} [SV11W]],,https://dopa-game.jp/pokemon/dp/10333977,,,,10333977,30104,DOPA
090/086,ヤナッキー,AR,https://minnano-toreka.com/wp-content/uploads/2026/08/090-086_minnanotoreca-10333978.webp,ヤナッキー（AR）[090/086],,https://dopa-game.jp/pokemon/dp/10333978,,,,10333978,30105,DOPA
146/086,ギアル,AR,https://minnano-toreka.com/wp-content/uploads/2026/08/146-086_minnanotoreca-10334002.webp,ギアル（AR）[146/086],,https://dopa-game.jp/pokemon/dp/10334002,,,,10334002,30106,DOPA
130/086,モグリュー,AR,https://minnano-toreka.com/wp-content/uploads/2026/08/130-086_minnanotoreca-10333970.webp,モグリュー（AR）[130/086],,https://dopa-game.jp/pokemon/dp/10333970,,,,10333970,30107,DOPA
{139/086} [SV11B],ホイーガ,AR,https://minnano-toreka.com/wp-content/uploads/2026/08/139-086-SV11B_minnanotoreca-10334051.webp,ホイーガ（AR）[{139/086} [SV11B]],,https://dopa-game.jp/pokemon/dp/10334051,,,,10334051,30108,DOPA
129/086,ゴルーグ,AR,https://minnano-toreka.com/wp-content/uploads/2026/08/129-086_minnanotoreca-10334039.webp,ゴルーグ（AR）[129/086],,https://dopa-game.jp/pokemon/dp/10334039,,,,10334039,30109,DOPA
138/086,ヤブクロン,AR,https://minnano-toreka.com/wp-content/uploads/2026/08/138-086_minnanotoreca-10334012.webp,ヤブクロン（AR）[138/086],,https://dopa-game.jp/pokemon/dp/10334012,,,,10334012,30110,DOPA
147/086,ギギアル,AR,https://minnano-toreka.com/wp-content/uploads/2026/08/147-086_minnanotoreca-10334014.webp,ギギアル（AR）[147/086],,https://dopa-game.jp/pokemon/dp/10334014,,,,10334014,30111,DOPA
{115/086} [SV11B],フリージオ,AR,https://minnano-toreka.com/wp-content/uploads/2026/08/115-086-SV11B_minnanotoreca-10334021.webp,フリージオ（AR）[{115/086} [SV11B]],,https://dopa-game.jp/pokemon/dp/10334021,,,,10334021,30112,DOPA
148/086,ギギギアル,AR,https://minnano-toreka.com/wp-content/uploads/2026/08/148-086_minnanotoreca-10334019.webp,ギギギアル（AR）[148/086],,https://dopa-game.jp/pokemon/dp/10334019,,,,10334019,30113,DOPA
094/086,アギルダー,AR,https://minnano-toreka.com/wp-content/uploads/2026/08/094-086_minnanotoreca-10333954.webp,アギルダー（AR）[094/086],,https://dopa-game.jp/pokemon/dp/10333954,,,,10333954,30114,DOPA
126/187,イーブイex,RR,https://minnano-toreka.com/wp-content/uploads/2026/08/126-187_minnanotoreca-10317160.webp,イーブイex（RR）[126/187],,https://dopa-game.jp/pokemon/dp/10317160,,,,10317160,30115,DOPA
188/172,ガラルサンダー,AR,https://minnano-toreka.com/wp-content/uploads/2026/08/188-172_minnanotoreca-10308126.webp,ガラルサンダー（AR）[188/172],,https://dopa-game.jp/pokemon/dp/10308126,,,,10308126,30116,DOPA
{166/086} [SV11B],マコモ,SR,https://minnano-toreka.com/wp-content/uploads/2026/08/166-086-SV11B_minnanotoreca-10334030.webp,マコモ（SR）[{166/086} [SV11B]],,https://dopa-game.jp/pokemon/dp/10334030,,,,10334030,30117,DOPA
141/086,メグロコ,AR,https://minnano-toreka.com/wp-content/uploads/2026/08/141-086_minnanotoreca-10333953.webp,メグロコ（AR）[141/086],,https://dopa-game.jp/pokemon/dp/10333953,,,,10333953,30118,DOPA
{112/086} [SV11B],ママンボウ,AR,https://minnano-toreka.com/wp-content/uploads/2026/08/112-086-SV11B_minnanotoreca-10334032.webp,ママンボウ（AR）[{112/086} [SV11B]],,https://dopa-game.jp/pokemon/dp/10334032,,,,10334032,30119,DOPA
156/086,ワシボン,AR,https://minnano-toreka.com/wp-content/uploads/2026/08/156-086_minnanotoreca-10334040.webp,ワシボン（AR）[156/086],,https://dopa-game.jp/pokemon/dp/10334040,,,,10334040,30120,DOPA
{122/086} [SV11B],ムシャーナ,AR,https://minnano-toreka.com/wp-content/uploads/2026/08/122-086-SV11B_minnanotoreca-10334046.webp,ムシャーナ（AR）[{122/086} [SV11B]],,https://dopa-game.jp/pokemon/dp/10334046,,,,10334046,30121,DOPA
126/086,ガントル,AR,https://minnano-toreka.com/wp-content/uploads/2026/08/126-086_minnanotoreca-10333994.webp,ガントル（AR）[126/086],,https://dopa-game.jp/pokemon/dp/10333994,,,,10333994,30122,DOPA
149/086,アイアント,AR,https://minnano-toreka.com/wp-content/uploads/2026/08/149-086_minnanotoreca-10333951.webp,アイアント（AR）[149/086],,https://dopa-game.jp/pokemon/dp/10333951,,,,10333951,30123,DOPA
123/106,シロデスナex,SR,https://minnano-toreka.com/wp-content/uploads/2026/08/123-106_minnanotoreca-10315913.webp,シロデスナex（SR）[123/106],,https://dopa-game.jp/pokemon/dp/10315913,,,,10315913,30124,DOPA
{101/086} [SV11W],クイタラン,AR,https://minnano-toreka.com/wp-content/uploads/2026/08/101-086-SV11W_minnanotoreca-10333950.webp,クイタラン（AR）[{101/086} [SV11W]],,https://dopa-game.jp/pokemon/dp/10333950,,,,10333950,30125,DOPA
192/187,シュウメイ,SR,https://minnano-toreka.com/wp-content/uploads/2026/08/192-187_minnanotoreca-10317167.webp,シュウメイ（SR）[192/187],,https://dopa-game.jp/pokemon/dp/10317167,,,,10317167,30126,DOPA
084/064,サーファー,SR,https://minnano-toreka.com/wp-content/uploads/2026/08/084-064_minnanotoreca-10315574.webp,サーファー（SR）[084/064],,https://dopa-game.jp/pokemon/dp/10315574,,,,10315574,30127,DOPA
126/106,ケッキングex,SR,https://minnano-toreka.com/wp-content/uploads/2026/08/126-106_minnanotoreca-10315561.webp,ケッキングex（SR）[126/106],,https://dopa-game.jp/pokemon/dp/10315561,,,,10315561,30128,DOPA
189/187,オルティガ,SR,https://minnano-toreka.com/wp-content/uploads/2026/08/189-187_minnanotoreca-10317166.webp,オルティガ（SR）[189/187],,https://dopa-game.jp/pokemon/dp/10317166,,,,10317166,30129,DOPA
108/102,バチュル,AR,https://minnano-toreka.com/wp-content/uploads/2026/08/108-102_minnanotoreca-10317078.webp,バチュル（AR）[108/102],,https://dopa-game.jp/pokemon/dp/10317078,,,,10317078,30130,DOPA
119/102,バウッツェルex,SR,https://minnano-toreka.com/wp-content/uploads/2026/08/119-102_minnanotoreca-10317073.webp,バウッツェルex（SR）[119/102],,https://dopa-game.jp/pokemon/dp/10317073,,,,10317073,30131,DOPA
{119/100,ボーマンダex,SR,https://minnano-toreka.com/wp-content/uploads/2026/08/119-100_minnanotoreca-10317172.webp,ボーマンダex（SR）[{119/100],,https://dopa-game.jp/pokemon/dp/10317172,,,,10317172,30132,DOPA
128/106,シトロンの機転,SR,https://minnano-toreka.com/wp-content/uploads/2026/08/128-106_minnanotoreca-10315571.webp,シトロンの機転（SR）[128/106],,https://dopa-game.jp/pokemon/dp/10315571,,,,10315571,30133,DOPA
194/187,ネリネ,SR,https://minnano-toreka.com/wp-content/uploads/2026/08/194-187_minnanotoreca-10316861.webp,ネリネ（SR）[194/187],,https://dopa-game.jp/pokemon/dp/10316861,,,,10316861,30134,DOPA
079/063,エレキブルex,SR,https://minnano-toreka.com/wp-content/uploads/2026/08/079-063_minnanotoreca-10329311.webp,エレキブルex（SR）[079/063],,https://dopa-game.jp/pokemon/dp/10329311,,,,10329311,30135,DOPA
025/070,クワガノンV,RR,https://minnano-toreka.com/wp-content/uploads/2026/08/025-070_minnanotoreca-10329847.webp,クワガノンV（RR）[025/070],,https://dopa-game.jp/pokemon/dp/10329847,,,,10329847,30136,DOPA
{273/184} [S8b],マスタードれんげきのかた,SR,https://minnano-toreka.com/wp-content/uploads/2026/08/273-184-S8b_minnanotoreca-10332208.webp,マスタードれんげきのかた（SR）[{273/184} [S8b]],,https://dopa-game.jp/pokemon/dp/10332208,,,,10332208,30137,DOPA
081/070,マスタードいちげきのかた,SR,https://minnano-toreka.com/wp-content/uploads/2026/08/081-070_minnanotoreca-10332217.webp,マスタードいちげきのかた（SR）[081/070],,https://dopa-game.jp/pokemon/dp/10332217,,,,10332217,30138,DOPA
193/187,タイム,SR,https://minnano-toreka.com/wp-content/uploads/2026/08/193-187_minnanotoreca-10317178.webp,タイム（SR）[193/187],,https://dopa-game.jp/pokemon/dp/10317178,,,,10317178,30139,DOPA
{118/102},デンチュラex,SR,https://minnano-toreka.com/wp-content/uploads/2026/08/118-102_minnanotoreca-10316933.webp,デンチュラex（SR）[{118/102}],,https://dopa-game.jp/pokemon/dp/10316933,,,,10316933,30140,DOPA
125/106,シャリタツex,SR,https://minnano-toreka.com/wp-content/uploads/2026/08/125-106_minnanotoreca-10315554.webp,シャリタツex（SR）[125/106],,https://dopa-game.jp/pokemon/dp/10315554,,,,10315554,30141,DOPA
063/062,ユキワラシ,AR,https://minnano-toreka.com/wp-content/uploads/2026/08/063-062_minnanotoreca-10308687.webp,ユキワラシ（AR）[063/062],,https://dopa-game.jp/pokemon/dp/10308687,,,,10308687,30142,DOPA
085/064,ドラセナ,SR,https://minnano-toreka.com/wp-content/uploads/2026/08/085-064_minnanotoreca-10315585.webp,ドラセナ（SR）[085/064],,https://dopa-game.jp/pokemon/dp/10315585,,,,10315585,30143,DOPA
076/064,ウォーグル,AR,https://minnano-toreka.com/wp-content/uploads/2026/08/076-064_minnanotoreca-10308610.webp,ウォーグル（AR）[076/064],,https://dopa-game.jp/pokemon/dp/10308610,,,,10308610,30144,DOPA
076/071,セゴール,AR,https://minnano-toreka.com/wp-content/uploads/2026/08/076-071_minnanotoreca-10316310.webp,セゴール（AR）[076/071],,https://dopa-game.jp/pokemon/dp/10316310,,,,10316310,30145,DOPA
114/106,エムリット,AR,https://minnano-toreka.com/wp-content/uploads/2026/08/114-106_minnanotoreca-10306835.webp,エムリット（AR）[114/106],,https://dopa-game.jp/pokemon/dp/10306835,,,,10306835,30146,DOPA
116/086,コロモリ,AR,https://minnano-toreka.com/wp-content/uploads/2026/08/116-086_minnanotoreca-10333913.webp,コロモリ（AR）[116/086],,https://dopa-game.jp/pokemon/dp/10333913,,,,10333913,30147,DOPA
071/066,サケブシッポ,AR,https://minnano-toreka.com/wp-content/uploads/2026/08/071-066_minnanotoreca-10306788.webp,サケブシッポ（AR）[071/066],,https://dopa-game.jp/pokemon/dp/10306788,,,,10306788,30148,DOPA
077/067,セキ,SR,https://minnano-toreka.com/wp-content/uploads/2026/08/077-067_minnanotoreca-10239906.webp,セキ（SR）[077/067],,https://dopa-game.jp/pokemon/dp/10239906,,,,10239906,30149,DOPA
098/078,スター団のしたっぱ,SR,https://minnano-toreka.com/wp-content/uploads/2026/08/098-078_minnanotoreca-10331304.webp,スター団のしたっぱ（SR）[098/078],,https://dopa-game.jp/pokemon/dp/10331304,,,,10331304,30150,DOPA
{076/071} [S10b],ローブシンV(SA),SR,https://minnano-toreka.com/wp-content/uploads/2026/08/076-071-S10b_minnanotoreca-10346291.webp,ローブシンV(SA)（SR）[{076/071} [S10b]],,https://dopa-game.jp/pokemon/dp/10346291,,,,10346291,30151,DOPA
074/071,コオリッポ,AR,https://minnano-toreka.com/wp-content/uploads/2026/08/074-071_minnanotoreca-10240252.webp,コオリッポ（AR）[074/071],,https://dopa-game.jp/pokemon/dp/10240252,,,,10240252,30152,DOPA
074/064,オノンド,AR,https://minnano-toreka.com/wp-content/uploads/2026/08/074-064_minnanotoreca-10316506.webp,オノンド（AR）[074/064],,https://dopa-game.jp/pokemon/dp/10316506,,,,10316506,30153,DOPA
{144/086},テッシード,AR,https://minnano-toreka.com/wp-content/uploads/2026/08/144-086_minnanotoreca-10333916.webp,テッシード（AR）[{144/086}],,https://dopa-game.jp/pokemon/dp/10333916,,,,10333916,30154,DOPA
076/063,メガヤンマex,SR,https://minnano-toreka.com/wp-content/uploads/2026/08/076-063_minnanotoreca-10329315.webp,メガヤンマex（SR）[076/063],,https://dopa-game.jp/pokemon/dp/10329315,,,,10329315,30155,DOPA
{111/098} [SV10],オリーヴァex,SR,https://minnano-toreka.com/wp-content/uploads/2026/08/111-098-SV10_minnanotoreca-10332273.webp,オリーヴァex（SR）[{111/098} [SV10]],,https://dopa-game.jp/pokemon/dp/10332273,,,,10332273,30156,DOPA
{093/086} [SV11W],チョボマキ,AR,https://minnano-toreka.com/wp-content/uploads/2026/08/093-086-SV11W_minnanotoreca-10333890.webp,チョボマキ（AR）[{093/086} [SV11W]],,https://dopa-game.jp/pokemon/dp/10333890,,,,10333890,30157,DOPA
{112/086} [SV11W],ゼブライカ,AR,https://minnano-toreka.com/wp-content/uploads/2026/08/112-086-SV11W_minnanotoreca-10333896.webp,ゼブライカ（AR）[{112/086} [SV11W]],,https://dopa-game.jp/pokemon/dp/10333896,,,,10333896,30158,DOPA
083/071,ブランシェ,SR,https://minnano-toreka.com/wp-content/uploads/2026/08/083-071_minnanotoreca-10347597.webp,ブランシェ（SR）[083/071],,https://dopa-game.jp/pokemon/dp/10332237,,,,10332237,30159,DOPA
123/086,ユニラン,AR,https://minnano-toreka.com/wp-content/uploads/2026/08/123-086_minnanotoreca-10333884.webp,ユニラン（AR）[123/086],,https://dopa-game.jp/pokemon/dp/10333884,,,,10333884,30160,DOPA
{125/086} [SV11W],ダンゴロ,AR,https://minnano-toreka.com/wp-content/uploads/2026/08/125-086-SV11W_minnanotoreca-10333883.webp,ダンゴロ（AR）[{125/086} [SV11W]],,https://dopa-game.jp/pokemon/dp/10333883,,,,10333883,30161,DOPA
70/114,ソルガレオGX,RR,https://minnano-toreka.com/wp-content/uploads/2026/08/70-114_minnanotoreca-10329980.webp,ソルガレオGX（RR）[70/114],,https://dopa-game.jp/pokemon/dp/10329980,,,,10329980,30162,DOPA
078/066,テツノコウベ,AR,https://minnano-toreka.com/wp-content/uploads/2026/08/078-066_minnanotoreca-10240116.webp,テツノコウベ（AR）[078/066],,https://dopa-game.jp/pokemon/dp/10240116,,,,10240116,30163,DOPA
071/066,テツノツツミ,AR,https://minnano-toreka.com/wp-content/uploads/2026/08/071-066_minnanotoreca-10240119.webp,テツノツツミ（AR）[071/066],,https://dopa-game.jp/pokemon/dp/10240119,,,,10240119,30164,DOPA
137/086,ズルズキン,AR,https://minnano-toreka.com/wp-content/uploads/2026/08/137-086_minnanotoreca-10333881.webp,ズルズキン（AR）[137/086],,https://dopa-game.jp/pokemon/dp/10333881,,,,10333881,30165,DOPA
083/070,ズミ,SR,https://minnano-toreka.com/wp-content/uploads/2026/08/083-070_minnanotoreca-10332183.webp,ズミ（SR）[083/070],,https://dopa-game.jp/pokemon/dp/10332183,,,,10332183,30166,DOPA
094/071,ススキ,HR,https://minnano-toreka.com/wp-content/uploads/2026/08/094-071_minnanotoreca-10332127.webp,ススキ（HR）[094/071],,https://dopa-game.jp/pokemon/dp/10332127,,,,10332127,30167,DOPA
094/073,ハヤト【SR】,SR,https://minnano-toreka.com/wp-content/uploads/2026/08/094-073_minnanotoreca-10331302.webp,ハヤト【SR】（SR）[094/073],,https://dopa-game.jp/pokemon/dp/10331302,,,,10331302,30168,DOPA
079/070,シバ,SR,https://minnano-toreka.com/wp-content/uploads/2026/08/079-070_minnanotoreca-10332133.webp,シバ（SR）[079/070],,https://dopa-game.jp/pokemon/dp/10332133,,,,10332133,30169,DOPA
{213/184} [S8b],コロトックV,CSR,https://minnano-toreka.com/wp-content/uploads/2026/08/213-184-S8b_minnanotoreca-10330265.webp,コロトックV（CSR）[{213/184} [S8b]],,https://dopa-game.jp/pokemon/dp/10330265,,,,10330265,30170,DOPA
132/108,ライム,SR,https://minnano-toreka.com/wp-content/uploads/2026/08/132-108_minnanotoreca-10331306.webp,ライム（SR）[132/108],,https://dopa-game.jp/pokemon/dp/10331306,,,,10331306,30171,DOPA
011/066,グレイシアGX,RR,https://minnano-toreka.com/wp-content/uploads/2026/08/011-066_minnanotoreca-10330002.webp,グレイシアGX（RR）[011/066],,https://dopa-game.jp/pokemon/dp/10330002,,,,10330002,30172,DOPA
027/150,グレイシアGX,RR,https://minnano-toreka.com/wp-content/uploads/2026/08/027-150_minnanotoreca-10329842.webp,グレイシアGX（RR）[027/150],,https://dopa-game.jp/pokemon/dp/10329842,,,,10329842,30173,DOPA
{045/066},ボーマンダGX,RR,https://minnano-toreka.com/wp-content/uploads/2026/08/045-066_minnanotoreca-10276906.webp,ボーマンダGX（RR）[{045/066}],,https://dopa-game.jp/pokemon/dp/10276906,,,,10276906,30174,DOPA
124/101,ハッサク,SR,https://minnano-toreka.com/wp-content/uploads/2026/08/124-101_minnanotoreca-10276910.webp,ハッサク（SR）[124/101],,https://dopa-game.jp/pokemon/dp/10276910,,,,10276910,30175,DOPA
{228/S-P},キバナ,P,https://minnano-toreka.com/wp-content/uploads/2026/08/228-S-P_minnanotoreca-10264200.webp,キバナ（P）[{228/S-P}],,https://dopa-game.jp/pokemon/dp/10264200,,,,10264200,30176,DOPA
115/100,ポッドとデントとコーン,SR,https://minnano-toreka.com/wp-content/uploads/2026/08/115-100_minnanotoreca-10240118.webp,ポッドとデントとコーン（SR）[115/100],,https://dopa-game.jp/pokemon/dp/10240118,,,,10240118,30177,DOPA
086/064,クセロシキのたくらみ,SR,https://minnano-toreka.com/wp-content/uploads/2026/08/086-064_minnanotoreca-10316549.webp,クセロシキのたくらみ（SR）[086/064],,https://dopa-game.jp/pokemon/dp/10316549,,,,10316549,30178,DOPA
199/187,レホール,SR,https://minnano-toreka.com/wp-content/uploads/2026/08/199-187_minnanotoreca-10317099.webp,レホール（SR）[199/187],,https://dopa-game.jp/pokemon/dp/10317099,,,,10317099,30179,DOPA
075/071,ニャビー,AR,https://minnano-toreka.com/wp-content/uploads/2026/08/075-071_minnanotoreca-10244769.webp,ニャビー（AR）[075/071],,https://dopa-game.jp/pokemon/dp/10244769,,,,10244769,30180,DOPA
082/071,ベロリンガ,AR,https://minnano-toreka.com/wp-content/uploads/2026/08/082-071_minnanotoreca-10244759.webp,ベロリンガ（AR）[082/071],,https://dopa-game.jp/pokemon/dp/10244759,,,,10244759,30181,DOPA
{260/184} [S8b],コック,SR,https://minnano-toreka.com/wp-content/uploads/2026/08/260-184-S8b_minnanotoreca-10332185.webp,コック（SR）[{260/184} [S8b]],,https://dopa-game.jp/pokemon/dp/10332185,,,,10332185,30182,DOPA
079/064,イイネイヌex,SR,https://minnano-toreka.com/wp-content/uploads/2026/08/079-064_minnanotoreca-10316559.webp,イイネイヌex（SR）[079/064],,https://dopa-game.jp/pokemon/dp/10316559,,,,10316559,30183,DOPA
115/100,ネジキ【SR】,SR,https://minnano-toreka.com/wp-content/uploads/2026/08/115-100_minnanotoreca-10332298.webp,ネジキ【SR】（SR）[115/100],,https://dopa-game.jp/pokemon/dp/10332298,,,,10332298,30184,DOPA
078/067,スクールボーイ,SR,https://minnano-toreka.com/wp-content/uploads/2026/08/078-067_minnanotoreca-10332143.webp,スクールボーイ（SR）[078/067],,https://dopa-game.jp/pokemon/dp/10332143,,,,10332143,30185,DOPA
123/100,ネジキ【HR】,HR,https://minnano-toreka.com/wp-content/uploads/2026/08/123-100_minnanotoreca-10332293.webp,ネジキ【HR】（HR）[123/100],,https://dopa-game.jp/pokemon/dp/10332293,,,,10332293,30186,DOPA
113/098,ハルクジラex,SR,https://minnano-toreka.com/wp-content/uploads/2026/08/113-098_minnanotoreca-10332292.webp,ハルクジラex（SR）[113/098],,https://dopa-game.jp/pokemon/dp/10332292,,,,10332292,30187,DOPA
418/414,ジュン,-,https://minnano-toreka.com/wp-content/uploads/2026/08/418-414_minnanotoreca-10332184.webp,ジュン（-）[418/414],,https://dopa-game.jp/pokemon/dp/10332184,,,,10332184,30188,DOPA
080/064,マシマシラex,SR,https://minnano-toreka.com/wp-content/uploads/2026/08/080-064_minnanotoreca-10316566.webp,マシマシラex（SR）[080/064],,https://dopa-game.jp/pokemon/dp/10316566,,,,10316566,30189,DOPA
084/070,トウキ,SR,https://minnano-toreka.com/wp-content/uploads/2026/08/084-070_minnanotoreca-10332130.webp,トウキ（SR）[084/070],,https://dopa-game.jp/pokemon/dp/10332130,,,,10332130,30190,DOPA
115/098,レジロックex,SR,https://minnano-toreka.com/wp-content/uploads/2026/08/115-098_minnanotoreca-10332288.webp,レジロックex（SR）[115/098],,https://dopa-game.jp/pokemon/dp/10332288,,,,10332288,30191,DOPA
105/098,ロケット団のマタドガス,AR,https://minnano-toreka.com/wp-content/uploads/2026/08/105-098_minnanotoreca-10332285.webp,ロケット団のマタドガス（AR）[105/098],,https://dopa-game.jp/pokemon/dp/10332285,,,,10332285,30192,DOPA
245/172,ウォロ,SR,https://minnano-toreka.com/wp-content/uploads/2026/08/245-172_minnanotoreca-10240265.webp,ウォロ（SR）[245/172],,https://dopa-game.jp/pokemon/dp/10240265,,,,10240265,30193,DOPA
131/108,ポピー,SR,https://minnano-toreka.com/wp-content/uploads/2026/08/131-108_minnanotoreca-10240267.webp,ポピー（SR）[131/108],,https://dopa-game.jp/pokemon/dp/10240267,,,,10240267,30194,DOPA
{057/052} [sm8],クチナシ,SR,https://minnano-toreka.com/wp-content/uploads/2026/08/057-052-sm8_minnanotoreca-10332260.webp,クチナシ（SR）[{057/052} [sm8]],,https://dopa-game.jp/pokemon/dp/10332260,,,,10332260,30195,DOPA
085/066,管理人,SR,https://minnano-toreka.com/wp-content/uploads/2026/08/085-066_minnanotoreca-10331292.webp,管理人（SR）[085/066],,https://dopa-game.jp/pokemon/dp/10331292,,,,10331292,30196,DOPA
085/066,ヒョウタ【SR】,SR,https://minnano-toreka.com/wp-content/uploads/2026/08/085-066_minnanotoreca-10331294.webp,ヒョウタ【SR】（SR）[085/066],,https://dopa-game.jp/pokemon/dp/10331294,,,,10331294,30197,DOPA
083/067,セキ,HR,https://minnano-toreka.com/wp-content/uploads/2026/08/083-067_minnanotoreca-10332250.webp,セキ（HR）[083/067],,https://dopa-game.jp/pokemon/dp/10332250,,,,10332250,30198,DOPA
241/184,れんげきウーラオスVMAX,CSR,https://minnano-toreka.com/wp-content/uploads/2026/08/241-184_minnanotoreca-10239329.webp,れんげきウーラオスVMAX（CSR）[241/184],,https://dopa-game.jp/pokemon/dp/10239329,,,,10239329,30199,DOPA
081/063,ペパーのマフィティフex,SR,https://minnano-toreka.com/wp-content/uploads/2026/08/081-063_minnanotoreca-10329217.webp,ペパーのマフィティフex（SR）[081/063],,https://dopa-game.jp/pokemon/dp/10329217,,,,10329217,30200,DOPA
082/071,博士の研究,SR,https://minnano-toreka.com/wp-content/uploads/2026/08/082-071_minnanotoreca-10331296.webp,博士の研究（SR）[082/071],,https://dopa-game.jp/pokemon/dp/10331296,,,,10331296,30201,DOPA
083/068,ミクリ,SR,https://minnano-toreka.com/wp-content/uploads/2026/08/083-068_minnanotoreca-10332244.webp,ミクリ（SR）[083/068],,https://dopa-game.jp/pokemon/dp/10332244,,,,10332244,30202,DOPA
091/068,ミクリ,HR,https://minnano-toreka.com/wp-content/uploads/2026/08/091-068_minnanotoreca-10332243.webp,ミクリ（HR）[091/068],,https://dopa-game.jp/pokemon/dp/10332243,,,,10332243,30203,DOPA
088/071,スパーク,HR,https://minnano-toreka.com/wp-content/uploads/2026/08/088-071_minnanotoreca-10332241.webp,スパーク（HR）[088/071],,https://dopa-game.jp/pokemon/dp/10332241,,,,10332241,30204,DOPA
123/100,チェレンの気くばり,HR,https://minnano-toreka.com/wp-content/uploads/2026/08/123-100_minnanotoreca-10332219.webp,チェレンの気くばり（HR）[123/100],,https://dopa-game.jp/pokemon/dp/10332219,,,,10332219,30205,DOPA
078/064,ブロロロームex,SR,https://minnano-toreka.com/wp-content/uploads/2026/08/078-064_minnanotoreca-10316557.webp,ブロロロームex（SR）[078/064],,https://dopa-game.jp/pokemon/dp/10316557,,,,10316557,30206,DOPA
083/063,ジャッジマン,SR,https://minnano-toreka.com/wp-content/uploads/2026/08/083-063_minnanotoreca-10329215.webp,ジャッジマン（SR）[083/063],,https://dopa-game.jp/pokemon/dp/10329215,,,,10329215,30207,DOPA
078/063,ヘイラッシャ,SR,https://minnano-toreka.com/wp-content/uploads/2026/08/078-063_minnanotoreca-10329214.webp,ヘイラッシャ（SR）[078/063],,https://dopa-game.jp/pokemon/dp/10329214,,,,10329214,30208,DOPA
069/063,ギャロップ,AR,https://minnano-toreka.com/wp-content/uploads/2026/08/069-063_minnanotoreca-10329212.webp,ギャロップ（AR）[069/063],,https://dopa-game.jp/pokemon/dp/10329212,,,,10329212,30209,DOPA
199/165,マサキの転送,SR,https://minnano-toreka.com/wp-content/uploads/2026/08/199-165_minnanotoreca-10331297.webp,マサキの転送（SR）[199/165],,https://dopa-game.jp/pokemon/dp/10331297,,,,10331297,30210,DOPA
076/070,れんげきウーラオスV,CSR,https://minnano-toreka.com/wp-content/uploads/2026/08/076-070_minnanotoreca-10306576.webp,れんげきウーラオスV（CSR）[076/070],,https://dopa-game.jp/pokemon/dp/10306576,,,,10306576,30211,DOPA
080/070,マスタードのれんげきのかた,SR,https://minnano-toreka.com/wp-content/uploads/2026/08/080-070_minnanotoreca-10332235.webp,マスタードのれんげきのかた（SR）[080/070],,https://dopa-game.jp/pokemon/dp/10332235,,,,10332235,30212,DOPA
112/098,ジンダイ,SR,https://minnano-toreka.com/wp-content/uploads/2026/08/112-098_minnanotoreca-10332249.webp,ジンダイ（SR）[112/098],,https://dopa-game.jp/pokemon/dp/10332249,,,,10332249,30213,DOPA
067/066,カイロス,AR,https://minnano-toreka.com/wp-content/uploads/2026/08/067-066_minnanotoreca-10260668.webp,カイロス（AR）[067/066],,https://dopa-game.jp/pokemon/dp/10260668,,,,10260668,30214,DOPA
091/071,ピーニャ,SR,https://minnano-toreka.com/wp-content/uploads/2026/08/091-071_minnanotoreca-10331300.webp,ピーニャ（SR）[091/071],,https://dopa-game.jp/pokemon/dp/10331300,,,,10331300,30215,DOPA
097/078,カエデ,SR,https://minnano-toreka.com/wp-content/uploads/2026/08/097-078_minnanotoreca-10239724.webp,カエデ（SR）[097/078],,https://dopa-game.jp/pokemon/dp/10239724,,,,10239724,30216,DOPA
088/070,マスタードいちげきのかた,HR,https://minnano-toreka.com/wp-content/uploads/2026/08/088-070_minnanotoreca-10332212.webp,マスタードいちげきのかた（HR）[088/070],,https://dopa-game.jp/pokemon/dp/10332212,,,,10332212,30217,DOPA
{118/102},ピーニャ,SR,https://minnano-toreka.com/wp-content/uploads/2026/08/118-102_minnanotoreca-10316936.webp,ピーニャ（SR）[{118/102}],,https://dopa-game.jp/pokemon/dp/10316936,,,,10316936,30218,DOPA
082/070,ピオニー,SR,https://minnano-toreka.com/wp-content/uploads/2026/08/082-070_minnanotoreca-10332207.webp,ピオニー（SR）[082/070],,https://dopa-game.jp/pokemon/dp/10332207,,,,10332207,30219,DOPA
130/108,オルティガ,SR,https://minnano-toreka.com/wp-content/uploads/2026/08/130-108_minnanotoreca-10331303.webp,オルティガ（SR）[130/108],,https://dopa-game.jp/pokemon/dp/10331303,,,,10331303,30220,DOPA
087/069,マクワ,SR,https://minnano-toreka.com/wp-content/uploads/2026/08/087-069_minnanotoreca-10332186.webp,マクワ（SR）[087/069],,https://dopa-game.jp/pokemon/dp/10332186,,,,10332186,30221,DOPA
085/071,ススキ,SR,https://minnano-toreka.com/wp-content/uploads/2026/08/085-071_minnanotoreca-10332124.webp,ススキ（SR）[085/071],,https://dopa-game.jp/pokemon/dp/10332124,,,,10332124,30222,DOPA
{270/184} [S8b],マクワ,SR,https://minnano-toreka.com/wp-content/uploads/2026/08/270-184-S8b_minnanotoreca-10332199.webp,マクワ（SR）[{270/184} [S8b]],,https://dopa-game.jp/pokemon/dp/10332199,,,,10332199,30223,DOPA
082/064,モモワロウex,SR,https://minnano-toreka.com/wp-content/uploads/2026/08/082-064_minnanotoreca-10316571.webp,モモワロウex（SR）[082/064],,https://dopa-game.jp/pokemon/dp/10316571,,,,10316571,30224,DOPA
164/086,ゲノセクトex,SR,https://minnano-toreka.com/wp-content/uploads/2026/08/164-086_minnanotoreca-10333980.webp,ゲノセクトex（SR）[164/086],,https://dopa-game.jp/pokemon/dp/10333980,,,,10333980,30225,DOPA
072/070,はくばバドレックスV,SR,https://minnano-toreka.com/wp-content/uploads/2026/08/072-070_minnanotoreca-10343896.webp,はくばバドレックスV（SR）[072/070],,https://dopa-game.jp/pokemon/dp/10343896,,,,10343896,30226,DOPA
081/071,スパーク,SR,https://minnano-toreka.com/wp-content/uploads/2026/08/081-071_minnanotoreca-10239909.webp,スパーク（SR）[081/071],,https://dopa-game.jp/pokemon/dp/10239909,,,,10239909,30227,DOPA
067/063,ロコン,AR,https://minnano-toreka.com/wp-content/uploads/2026/08/067-063_minnanotoreca-10336797.webp,ロコン（AR）[067/063],,https://dopa-game.jp/pokemon/dp/10336797,,,,10336797,30228,DOPA
108/100,Nのゾロア,AR,https://minnano-toreka.com/wp-content/uploads/2026/08/108-100_minnanotoreca-10317098.webp,Nのゾロア（AR）[108/100],,https://dopa-game.jp/pokemon/dp/10317098,,,,10317098,30229,DOPA
{079/067} [S10P],タイサイ,SR,https://minnano-toreka.com/wp-content/uploads/2026/08/079-067-S10P_minnanotoreca-10332228.webp,タイサイ（SR）[{079/067} [S10P]],,https://dopa-game.jp/pokemon/dp/10332228,,,,10332228,30230,DOPA
053/173,オーロット＆ヨノワールGX,RR,https://minnano-toreka.com/wp-content/uploads/2026/08/053-173_minnanotoreca-10329992.webp,オーロット＆ヨノワールGX（RR）[053/173],,https://dopa-game.jp/pokemon/dp/10329992,,,,10329992,30231,DOPA
112/100,カゲツ,SR,https://minnano-toreka.com/wp-content/uploads/2026/08/112-100_minnanotoreca-10332245.webp,カゲツ（SR）[112/100],,https://dopa-game.jp/pokemon/dp/10332245,,,,10332245,30232,DOPA
093/187,ブラッキーex,RR,https://minnano-toreka.com/wp-content/uploads/2026/08/093-187_minnanotoreca-10316955.webp,ブラッキーex（RR）[093/187],,https://dopa-game.jp/pokemon/dp/10316955,,,,10316955,30233,DOPA
016/101,オーガポンみどりのめんex,RR,https://minnano-toreka.com/wp-content/uploads/2026/08/016-101_minnanotoreca-10276948.webp,オーガポンみどりのめんex（RR）[016/101],,https://dopa-game.jp/pokemon/dp/10276948,,,,10276948,30234,DOPA
144/086,バルチャイ,AR,https://minnano-toreka.com/wp-content/uploads/2026/08/144-086_minnanotoreca-10334052.webp,バルチャイ（AR）[144/086],,https://dopa-game.jp/pokemon/dp/10334052,,,,10334052,30235,DOPA
{107/098} [SV10],ザマゼンタ,AR,https://minnano-toreka.com/wp-content/uploads/2026/08/107-098-SV10_minnanotoreca-10332295.webp,ザマゼンタ（AR）[{107/098} [SV10]],,https://dopa-game.jp/pokemon/dp/10332295,,,,10332295,30236,DOPA
{097/080} [M2],ムウマージex,SR,https://minnano-toreka.com/wp-content/uploads/2026/08/097-080-M2_minnanotoreca-10343953.webp,ムウマージex（SR）[{097/080} [M2]],,https://dopa-game.jp/pokemon/dp/10343953,,,,10343953,30237,DOPA
099/080,エンペルトex,SR,https://minnano-toreka.com/wp-content/uploads/2026/08/099-080_minnanotoreca-10345790.webp,エンペルトex（SR）[099/080],,https://dopa-game.jp/pokemon/dp/10345790,,,,10345790,30238,DOPA
192/184,モスノウ,CHR,https://minnano-toreka.com/wp-content/uploads/2026/08/192-184_minnanotoreca-10304934.webp,モスノウ（CHR）[192/184],,https://dopa-game.jp/pokemon/dp/10304934,,,,10304934,30239,DOPA
203/184,ナゲツケサル,CHR,https://minnano-toreka.com/wp-content/uploads/2026/08/203-184_minnanotoreca-10305690.webp,ナゲツケサル（CHR）[203/184],,https://dopa-game.jp/pokemon/dp/10305690,,,,10305690,30240,DOPA
084/080,ジュゴン,AR,https://minnano-toreka.com/wp-content/uploads/2026/08/084-080_minnanotoreca-10345802.webp,ジュゴン（AR）[084/080],,https://dopa-game.jp/pokemon/dp/10345802,,,,10345802,30241,DOPA
{145/086} [SV11B],バルジーナ,AR,https://minnano-toreka.com/wp-content/uploads/2026/08/145-086-SV11B_minnanotoreca-10334062.webp,バルジーナ（AR）[{145/086} [SV11B]],,https://dopa-game.jp/pokemon/dp/10334062,,,,10334062,30242,DOPA
134/086,ナゲキ,AR,https://minnano-toreka.com/wp-content/uploads/2026/08/134-086_minnanotoreca-10334067.webp,ナゲキ（AR）[134/086],,https://dopa-game.jp/pokemon/dp/10334067,,,,10334067,30243,DOPA
081/080,ルンパッパ,AR,https://minnano-toreka.com/wp-content/uploads/2026/08/081-080_minnanotoreca-10345797.webp,ルンパッパ（AR）[081/080],,https://dopa-game.jp/pokemon/dp/10345797,,,,10345797,30244,DOPA
{093/086} [SV11B],マラカッチ,AR,https://minnano-toreka.com/wp-content/uploads/2026/08/093-086-SV11B_minnanotoreca-10334042.webp,マラカッチ（AR）[{093/086} [SV11B]],,https://dopa-game.jp/pokemon/dp/10334042,,,,10334042,30245,DOPA
{082/071} [SV2D],カラミンゴ,AR,https://minnano-toreka.com/wp-content/uploads/2026/08/082-071-SV2D_minnanotoreca-10346847.webp,カラミンゴ（AR）[{082/071} [SV2D]],,https://dopa-game.jp/pokemon/dp/10346847,,,,10346847,30246,DOPA
127/086,オーベム,AR,https://minnano-toreka.com/wp-content/uploads/2026/08/127-086_minnanotoreca-10334048.webp,オーベム（AR）[127/086],,https://dopa-game.jp/pokemon/dp/10334048,,,,10334048,30247,DOPA
092/080,エテボース,AR,https://minnano-toreka.com/wp-content/uploads/2026/08/092-080_minnanotoreca-10345793.webp,エテボース（AR）[092/080],,https://dopa-game.jp/pokemon/dp/10345793,,,,10345793,30248,DOPA
084/073,パルデアケンタロス,AR,https://minnano-toreka.com/wp-content/uploads/2026/08/084-073_minnanotoreca-10308420.webp,パルデアケンタロス（AR）[084/073],,https://dopa-game.jp/pokemon/dp/10308420,,,,10308420,30249,DOPA
202/184,イワンコ,CHR,https://minnano-toreka.com/wp-content/uploads/2026/08/202-184_minnanotoreca-10304929.webp,イワンコ（CHR）[202/184],,https://dopa-game.jp/pokemon/dp/10304929,,,,10304929,30250,DOPA
086/080,ワンパチ,AR,https://minnano-toreka.com/wp-content/uploads/2026/08/086-080_minnanotoreca-10345794.webp,ワンパチ（AR）[086/080],,https://dopa-game.jp/pokemon/dp/10345794,,,,10345794,30251,DOPA
208/184,ドータクン,CHR,https://minnano-toreka.com/wp-content/uploads/2026/08/208-184_minnanotoreca-10238957.webp,ドータクン（CHR）[208/184],,https://dopa-game.jp/pokemon/dp/10238957,,,,10238957,30252,DOPA
{139/086} [SV11W],ダストダス,AR,https://minnano-toreka.com/wp-content/uploads/2026/08/139-086-SV11W_minnanotoreca-10333922.webp,ダストダス（AR）[{139/086} [SV11W]],,https://dopa-game.jp/pokemon/dp/10333922,,,,10333922,30253,DOPA
119/101,オーガポンいしずえのめんex,SR,https://minnano-toreka.com/wp-content/uploads/2026/08/119-101_minnanotoreca-10276960.webp,オーガポンいしずえのめんex（SR）[119/101],,https://dopa-game.jp/pokemon/dp/10276960,,,,10276960,30254,DOPA
152/086,ミルホッグ,AR,https://minnano-toreka.com/wp-content/uploads/2026/08/152-086_minnanotoreca-10333991.webp,ミルホッグ（AR）[152/086],,https://dopa-game.jp/pokemon/dp/10333991,,,,10333991,30255,DOPA
073/068,ドーブル,CHR,https://minnano-toreka.com/wp-content/uploads/2026/08/073-068_minnanotoreca-10304930.webp,ドーブル（CHR）[073/068],,https://dopa-game.jp/pokemon/dp/10304930,,,,10304930,30256,DOPA
091/080,プクリン,AR,https://minnano-toreka.com/wp-content/uploads/2026/08/091-080_minnanotoreca-10345782.webp,プクリン（AR）[091/080],,https://dopa-game.jp/pokemon/dp/10345782,,,,10345782,30257,DOPA
{154/086} [SV11B],ハトーボー,AR,https://minnano-toreka.com/wp-content/uploads/2026/08/154-086-SV11B_minnanotoreca-10334065.webp,ハトーボー（AR）[{154/086} [SV11B]],,https://dopa-game.jp/pokemon/dp/10334065,,,,10334065,30258,DOPA
339/190,イルカマン,AR,https://minnano-toreka.com/wp-content/uploads/2026/08/339-190_minnanotoreca-10308982.webp,イルカマン（AR）[339/190],,https://dopa-game.jp/pokemon/dp/10308982,,,,10308982,30259,DOPA
{095/080} [M2],オドリドリex,SR,https://minnano-toreka.com/wp-content/uploads/2026/08/095-080-M2_minnanotoreca-10343948.webp,オドリドリex（SR）[{095/080} [M2]],,https://dopa-game.jp/pokemon/dp/10343948,,,,10343948,30260,DOPA
068/063,ブロスター,AR,https://minnano-toreka.com/wp-content/uploads/2026/08/068-063_minnanotoreca-10336802.webp,ブロスター（AR）[068/063],,https://dopa-game.jp/pokemon/dp/10336802,,,,10336802,30261,DOPA
129/086,アーケン,AR,https://minnano-toreka.com/wp-content/uploads/2026/08/129-086_minnanotoreca-10333926.webp,アーケン（AR）[129/086],,https://dopa-game.jp/pokemon/dp/10333926,,,,10333926,30262,DOPA
178/165,モンジャラ,AR,https://minnano-toreka.com/wp-content/uploads/2026/08/178-165_minnanotoreca-10308125.webp,モンジャラ（AR）[178/165],,https://dopa-game.jp/pokemon/dp/10308125,,,,10308125,30263,DOPA
{122/102} [SV7],テラパゴスex,SR,https://minnano-toreka.com/wp-content/uploads/2026/08/122-102-SV7_minnanotoreca-10345861.webp,テラパゴスex（SR）[{122/102} [SV7]],,https://dopa-game.jp/pokemon/dp/10345861,,,,10345861,30264,DOPA
{106/086} [SV11B],ヒヤッキー,AR,https://minnano-toreka.com/wp-content/uploads/2026/08/106-086-SV11B_minnanotoreca-10334010.webp,ヒヤッキー（AR）[{106/086} [SV11B]],,https://dopa-game.jp/pokemon/dp/10334010,,,,10334010,30265,DOPA
{083/071} [SV2D],リキキリン,AR,https://minnano-toreka.com/wp-content/uploads/2026/08/083-071-SV2D_minnanotoreca-10346848.webp,リキキリン（AR）[{083/071} [SV2D]],,https://dopa-game.jp/pokemon/dp/10346848,,,,10346848,30266,DOPA
018/066,ピカチュウex(ノーマル仕様),-,https://minnano-toreka.com/wp-content/uploads/2026/08/018-066_minnanotoreca-10284725.webp,ピカチュウex(ノーマル仕様)（-）[018/066],,https://dopa-game.jp/pokemon/dp/10284725,,,,10284725,30267,DOPA
071/066,フィオネ,AR,https://minnano-toreka.com/wp-content/uploads/2026/08/071-066_minnanotoreca-10260648.webp,フィオネ（AR）[071/066],,https://dopa-game.jp/pokemon/dp/10260648,,,,10260648,30268,DOPA
201/184,マホイップ,CHR,https://minnano-toreka.com/wp-content/uploads/2026/08/201-184_minnanotoreca-10305615.webp,マホイップ（CHR）[201/184],,https://dopa-game.jp/pokemon/dp/10305615,,,,10305615,30269,DOPA
070/067,アヤシシ,CHR,https://minnano-toreka.com/wp-content/uploads/2026/08/070-067_minnanotoreca-10343897.webp,アヤシシ（CHR）[070/067],,https://dopa-game.jp/pokemon/dp/10343897,,,,10343897,30270,DOPA
132/086,ドテッコツ,AR,https://minnano-toreka.com/wp-content/uploads/2026/08/132-086_minnanotoreca-10334068.webp,ドテッコツ（AR）[132/086],,https://dopa-game.jp/pokemon/dp/10334068,,,,10334068,30271,DOPA
082/080,マメバッタ,AR,https://minnano-toreka.com/wp-content/uploads/2026/08/082-080_minnanotoreca-10345746.webp,マメバッタ（AR）[082/080],,https://dopa-game.jp/pokemon/dp/10345746,,,,10345746,30272,DOPA
072/071,ハヤシガメ,AR,https://minnano-toreka.com/wp-content/uploads/2026/08/072-071_minnanotoreca-10244777.webp,ハヤシガメ（AR）[072/071],,https://dopa-game.jp/pokemon/dp/10244777,,,,10244777,30273,DOPA
209/184,クリムガン,CHR,https://minnano-toreka.com/wp-content/uploads/2026/08/209-184_minnanotoreca-10304937.webp,クリムガン（CHR）[209/184],,https://dopa-game.jp/pokemon/dp/10304937,,,,10304937,30274,DOPA
{074/062} [SV3a],モトトカゲ,AR,https://minnano-toreka.com/wp-content/uploads/2026/08/074-062-SV3a_minnanotoreca-10346849.webp,モトトカゲ（AR）[{074/062} [SV3a]],,https://dopa-game.jp/pokemon/dp/10346849,,,,10346849,30275,DOPA
089/080,ストリンダー,AR,https://minnano-toreka.com/wp-content/uploads/2026/08/089-080_minnanotoreca-10345801.webp,ストリンダー（AR）[089/080],,https://dopa-game.jp/pokemon/dp/10345801,,,,10345801,30276,DOPA
{113/100} [S9],キャンプファイヤー,SR,https://minnano-toreka.com/wp-content/uploads/2026/08/113-100-S9_minnanotoreca-10332215.webp,キャンプファイヤー（SR）[{113/100} [S9]],,https://dopa-game.jp/pokemon/dp/10332215,,,,10332215,30277,DOPA
083/071,ノココッチ,AR,https://minnano-toreka.com/wp-content/uploads/2026/08/083-071_minnanotoreca-10240145.webp,ノココッチ（AR）[083/071],,https://dopa-game.jp/pokemon/dp/10240145,,,,10240145,30278,DOPA
078/067,ザクロ,SR,https://minnano-toreka.com/wp-content/uploads/2026/08/078-067_minnanotoreca-10332274.webp,ザクロ（SR）[078/067],,https://dopa-game.jp/pokemon/dp/10332274,,,,10332274,30279,DOPA
185/184,ユキノオー,CHR,https://minnano-toreka.com/wp-content/uploads/2026/08/185-184_minnanotoreca-10305688.webp,ユキノオー（CHR）[185/184],,https://dopa-game.jp/pokemon/dp/10305688,,,,10305688,30280,DOPA
085/063,マチスの取引,SR,https://minnano-toreka.com/wp-content/uploads/2026/08/085-063_minnanotoreca-10336829.webp,マチスの取引（SR）[085/063],,https://dopa-game.jp/pokemon/dp/10336829,,,,10336829,30281,DOPA
155/086,ケンホロウ,AR,https://minnano-toreka.com/wp-content/uploads/2026/08/155-086_minnanotoreca-10333999.webp,ケンホロウ（AR）[155/086],,https://dopa-game.jp/pokemon/dp/10333999,,,,10333999,30282,DOPA
186/184,アップリュー,CHR,https://minnano-toreka.com/wp-content/uploads/2026/08/186-184_minnanotoreca-10305616.webp,アップリュー（CHR）[186/184],,https://dopa-game.jp/pokemon/dp/10305616,,,,10305616,30283,DOPA
{194/172} [S12a],チルタリス,AR,https://minnano-toreka.com/wp-content/uploads/2026/08/194-172-S12a_minnanotoreca-10341515.webp,チルタリス（AR）[{194/172} [S12a]],,https://dopa-game.jp/pokemon/dp/10341515,,,,10341515,30284,DOPA
082/071,ココガラ,AR,https://minnano-toreka.com/wp-content/uploads/2026/08/082-071_minnanotoreca-10327097.webp,ココガラ（AR）[082/071],,https://dopa-game.jp/pokemon/dp/10327097,,,,10327097,30285,DOPA
083/080,カルボウ,AR,https://minnano-toreka.com/wp-content/uploads/2026/08/083-080_minnanotoreca-10345786.webp,カルボウ（AR）[083/080],,https://dopa-game.jp/pokemon/dp/10345786,,,,10345786,30286,DOPA
118/106,カクレオン,AR,https://minnano-toreka.com/wp-content/uploads/2026/08/118-106_minnanotoreca-10315953.webp,カクレオン（AR）[118/106],,https://dopa-game.jp/pokemon/dp/10315953,,,,10315953,30287,DOPA
119/086,シビルドン,AR,https://minnano-toreka.com/wp-content/uploads/2026/08/119-086_minnanotoreca-10333992.webp,シビルドン（AR）[119/086],,https://dopa-game.jp/pokemon/dp/10333992,,,,10333992,30288,DOPA
079/078,オリーニョ,AR,https://minnano-toreka.com/wp-content/uploads/2026/08/079-078_minnanotoreca-10309013.webp,オリーニョ（AR）[079/078],,https://dopa-game.jp/pokemon/dp/10309013,,,,10309013,30289,DOPA
067/066,レドームシ,AR,https://minnano-toreka.com/wp-content/uploads/2026/08/067-066_minnanotoreca-10327164.webp,レドームシ（AR）[067/066],,https://dopa-game.jp/pokemon/dp/10327164,,,,10327164,30290,DOPA
205/184,アリアドス,CHR,https://minnano-toreka.com/wp-content/uploads/2026/08/205-184_minnanotoreca-10305691.webp,アリアドス（CHR）[205/184],,https://dopa-game.jp/pokemon/dp/10305691,,,,10305691,30291,DOPA
106/098,ロケット団のヤミカラス,AR,https://minnano-toreka.com/wp-content/uploads/2026/08/106-098_minnanotoreca-10332294.webp,ロケット団のヤミカラス（AR）[106/098],,https://dopa-game.jp/pokemon/dp/10332294,,,,10332294,30292,DOPA
072/067,グラエナ,CHR,https://minnano-toreka.com/wp-content/uploads/2026/08/072-067_minnanotoreca-10239067.webp,グラエナ（CHR）[072/067],,https://dopa-game.jp/pokemon/dp/10239067,,,,10239067,30293,DOPA
122/100,怖いお兄さん,SR,https://minnano-toreka.com/wp-content/uploads/2026/08/122-100_minnanotoreca-10317179.webp,怖いお兄さん（SR）[122/100],,https://dopa-game.jp/pokemon/dp/10317179,,,,10317179,30294,DOPA
{097/086} [SV11W],チャオブー,AR,https://minnano-toreka.com/wp-content/uploads/2026/08/097-086-SV11W_minnanotoreca-10333888.webp,チャオブー（AR）[{097/086} [SV11W]],,https://dopa-game.jp/pokemon/dp/10333888,,,,10333888,30295,DOPA
{213/193} [M2a],スピンロトム,AR,https://minnano-toreka.com/wp-content/uploads/2026/08/213-193-M2a_minnanotoreca-10347068.webp,スピンロトム（AR）[{213/193} [M2a]],,https://dopa-game.jp/pokemon/dp/10347068,,,,10347068,30296,DOPA
045/184,ピカチュウV,RR,https://minnano-toreka.com/wp-content/uploads/2026/08/045-184_minnanotoreca-10340486.webp,ピカチュウV（RR）[045/184],,https://dopa-game.jp/pokemon/dp/10340486,,,,10340486,30297,DOPA
{105/086} [SV11B],ヒヤップ,AR,https://minnano-toreka.com/wp-content/uploads/2026/08/105-086-SV11B_minnanotoreca-10334013.webp,ヒヤップ（AR）[{105/086} [SV11B]],,https://dopa-game.jp/pokemon/dp/10334013,,,,10334013,30298,DOPA
065/064,カプ・ブルル,AR,https://minnano-toreka.com/wp-content/uploads/2026/08/065-064_minnanotoreca-10316511.webp,カプ・ブルル（AR）[065/064],,https://dopa-game.jp/pokemon/dp/10316511,,,,10316511,30299,DOPA
204/184,タイレーツ,CHR,https://minnano-toreka.com/wp-content/uploads/2026/08/204-184_minnanotoreca-10239323.webp,タイレーツ（CHR）[204/184],,https://dopa-game.jp/pokemon/dp/10239323,,,,10239323,30300,DOPA
198/184,ヨノワール,CHR,https://minnano-toreka.com/wp-content/uploads/2026/08/198-184_minnanotoreca-10304936.webp,ヨノワール（CHR）[198/184],,https://dopa-game.jp/pokemon/dp/10304936,,,,10304936,30301,DOPA
068/067,ロズレイド,CHR,https://minnano-toreka.com/wp-content/uploads/2026/08/068-067_minnanotoreca-10239065.webp,ロズレイド（CHR）[068/067],,https://dopa-game.jp/pokemon/dp/10239065,,,,10239065,30302,DOPA
206/184,ヘルガー,CHR,https://minnano-toreka.com/wp-content/uploads/2026/08/206-184_minnanotoreca-10239811.webp,ヘルガー（CHR）[206/184],,https://dopa-game.jp/pokemon/dp/10239811,,,,10239811,30303,DOPA
085/063,ミツルの思いやり,SR,https://minnano-toreka.com/wp-content/uploads/2026/08/085-063_minnanotoreca-10336793.webp,ミツルの思いやり（SR）[085/063],,https://dopa-game.jp/pokemon/dp/10336793,,,,10336793,30304,DOPA
148/086,キリキザン,AR,https://minnano-toreka.com/wp-content/uploads/2026/08/148-086_minnanotoreca-10333965.webp,キリキザン（AR）[148/086],,https://dopa-game.jp/pokemon/dp/10333965,,,,10333965,30305,DOPA
079/073,アチゲータ,AR,https://minnano-toreka.com/wp-content/uploads/2026/08/079-073_minnanotoreca-10308419.webp,アチゲータ（AR）[079/073],,https://dopa-game.jp/pokemon/dp/10308419,,,,10308419,30306,DOPA
108/098,ロケット団のラッタ,AR,https://minnano-toreka.com/wp-content/uploads/2026/08/108-098_minnanotoreca-10332291.webp,ロケット団のラッタ（AR）[108/098],,https://dopa-game.jp/pokemon/dp/10332291,,,,10332291,30307,DOPA
137/086,ランドロス,AR,https://minnano-toreka.com/wp-content/uploads/2026/08/137-086_minnanotoreca-10333895.webp,ランドロス（AR）[137/086],,https://dopa-game.jp/pokemon/dp/10333895,,,,10333895,30308,DOPA
006/086,シキジカ/マスターボールミラー,C,https://minnano-toreka.com/wp-content/uploads/2026/08/006-086_minnanotoreca-10346304.webp,シキジカ/マスターボールミラー（C）[006/086],,https://dopa-game.jp/pokemon/dp/10346304,,,,10346304,30309,DOPA
{200/172} [S12a],ビーダル,AR,https://minnano-toreka.com/wp-content/uploads/2026/08/200-172-S12a_minnanotoreca-10346850.webp,ビーダル（AR）[{200/172} [S12a]],,https://dopa-game.jp/pokemon/dp/10346850,,,,10346850,30310,DOPA
074/071,ドーミラー,AR,https://minnano-toreka.com/wp-content/uploads/2026/08/074-071_minnanotoreca-10244773.webp,ドーミラー（AR）[074/071],,https://dopa-game.jp/pokemon/dp/10244773,,,,10244773,30311,DOPA
080/071,ウソッキー,AR,https://minnano-toreka.com/wp-content/uploads/2026/08/080-071_minnanotoreca-10240100.webp,ウソッキー（AR）[080/071],,https://dopa-game.jp/pokemon/dp/10240100,,,,10240100,30312,DOPA
{119/086},デスマス,AR,https://minnano-toreka.com/wp-content/uploads/2026/08/119-086_minnanotoreca-10333911.webp,デスマス（AR）[{119/086}],,https://dopa-game.jp/pokemon/dp/10333911,,,,10333911,30313,DOPA
{032/086} [SV11W],マッギョ(マスターボールミラー),U,https://minnano-toreka.com/wp-content/uploads/2026/08/032-086-SV11W_minnanotoreca-10343945.webp,マッギョ(マスターボールミラー)（U）[{032/086} [SV11W]],,https://dopa-game.jp/pokemon/dp/10343945,,,,10343945,30314,DOPA
147/086,コマタナ,AR,https://minnano-toreka.com/wp-content/uploads/2026/08/147-086_minnanotoreca-10334023.webp,コマタナ（AR）[147/086],,https://dopa-game.jp/pokemon/dp/10334023,,,,10334023,30315,DOPA
{084/063},ふうせん,SR,https://minnano-toreka.com/wp-content/uploads/2026/08/084-063_minnanotoreca-10336790.webp,ふうせん（SR）[{084/063}],,https://dopa-game.jp/pokemon/dp/10336790,,,,10336790,30316,DOPA
{271/184} [S8b],マスター,SR,https://minnano-toreka.com/wp-content/uploads/2026/08/271-184-S8b_minnanotoreca-10332204.webp,マスター（SR）[{271/184} [S8b]],,https://dopa-game.jp/pokemon/dp/10332204,,,,10332204,30317,DOPA
114/086,ツンベアー,AR,https://minnano-toreka.com/wp-content/uploads/2026/08/114-086_minnanotoreca-10334060.webp,ツンベアー（AR）[114/086],,https://dopa-game.jp/pokemon/dp/10334060,,,,10334060,30318,DOPA
{128/086} [SV11W],ダゲキ,AR,https://minnano-toreka.com/wp-content/uploads/2026/08/128-086-SV11W_minnanotoreca-10333921.webp,ダゲキ（AR）[{128/086} [SV11W]],,https://dopa-game.jp/pokemon/dp/10333921,,,,10333921,30319,DOPA
146/086,シュバルゴ,AR,https://minnano-toreka.com/wp-content/uploads/2026/08/146-086_minnanotoreca-10334020.webp,シュバルゴ（AR）[146/086],,https://dopa-game.jp/pokemon/dp/10334020,,,,10334020,30320,DOPA
212/184,ヤレユータン,AR,https://minnano-toreka.com/wp-content/uploads/2026/08/212-184_minnanotoreca-10240017.webp,ヤレユータン（AR）[212/184],,https://dopa-game.jp/pokemon/dp/10240017,,,,10240017,30321,DOPA
{019/053} [SH],ピカチュウV(RR仕様/ピカチュウマーク),-,https://minnano-toreka.com/wp-content/uploads/2026/08/019-053-SH_minnanotoreca-10341443.webp,ピカチュウV(RR仕様/ピカチュウマーク)（-）[{019/053} [SH]],,https://dopa-game.jp/pokemon/dp/10341443,,,,10341443,30322,DOPA
071/067,バサギリ,CHR,https://minnano-toreka.com/wp-content/uploads/2026/08/071-067_minnanotoreca-10304933.webp,バサギリ（CHR）[071/067],,https://dopa-game.jp/pokemon/dp/10304933,,,,10304933,30323,DOPA
064/063,ツボツボ,AR,https://minnano-toreka.com/wp-content/uploads/2026/08/064-063_minnanotoreca-10336830.webp,ツボツボ（AR）[064/063],,https://dopa-game.jp/pokemon/dp/10336830,,,,10336830,30324,DOPA
076/073,ニャローテ,AR,https://minnano-toreka.com/wp-content/uploads/2026/08/076-073_minnanotoreca-10308422.webp,ニャローテ（AR）[076/073],,https://dopa-game.jp/pokemon/dp/10308422,,,,10308422,30325,DOPA
090/078,ムックル,AR,https://minnano-toreka.com/wp-content/uploads/2026/08/090-078_minnanotoreca-10240240.webp,ムックル（AR）[090/078],,https://dopa-game.jp/pokemon/dp/10240240,,,,10240240,30326,DOPA
{209/193} [M2a],ガラルタチフサグマ,AR,https://minnano-toreka.com/wp-content/uploads/2026/08/209-193-M2a_minnanotoreca-10347063.webp,ガラルタチフサグマ（AR）[{209/193} [M2a]],,https://dopa-game.jp/pokemon/dp/10347063,,,,10347063,30327,DOPA
{199/172} [S12a],ミルタンク,AR,https://minnano-toreka.com/wp-content/uploads/2026/08/199-172-S12a_minnanotoreca-10346851.webp,ミルタンク（AR）[{199/172} [S12a]],,https://dopa-game.jp/pokemon/dp/10346851,,,,10346851,30328,DOPA
090/080,トゲデマル,AR,https://minnano-toreka.com/wp-content/uploads/2026/08/090-080_minnanotoreca-10345798.webp,トゲデマル（AR）[090/080],,https://dopa-game.jp/pokemon/dp/10345798,,,,10345798,30329,DOPA
151/086,ミネズミ,AR,https://minnano-toreka.com/wp-content/uploads/2026/08/151-086_minnanotoreca-10333986.webp,ミネズミ（AR）[151/086],,https://dopa-game.jp/pokemon/dp/10333986,,,,10333986,30330,DOPA
207/184,ガラルタチフサグマ,CHR,https://minnano-toreka.com/wp-content/uploads/2026/08/207-184_minnanotoreca-10305686.webp,ガラルタチフサグマ（CHR）[207/184],,https://dopa-game.jp/pokemon/dp/10305686,,,,10305686,30331,DOPA
088/080,フライゴン,AR,https://minnano-toreka.com/wp-content/uploads/2026/08/088-080_minnanotoreca-10345781.webp,フライゴン（AR）[088/080],,https://dopa-game.jp/pokemon/dp/10345781,,,,10345781,30332,DOPA
087/080,ザシアン,AR,https://minnano-toreka.com/wp-content/uploads/2026/08/087-080_minnanotoreca-10345803.webp,ザシアン（AR）[087/080],,https://dopa-game.jp/pokemon/dp/10345803,,,,10345803,30333,DOPA
087/071,ウミトリオex,SR,https://minnano-toreka.com/wp-content/uploads/2026/08/087-071_minnanotoreca-10244758.webp,ウミトリオex（SR）[087/071],,https://dopa-game.jp/pokemon/dp/10244758,,,,10244758,30334,DOPA
088/071,リキキリンex,SR,https://minnano-toreka.com/wp-content/uploads/2026/08/088-071_minnanotoreca-10244765.webp,リキキリンex（SR）[088/071],,https://dopa-game.jp/pokemon/dp/10244765,,,,10244765,30335,DOPA
328/190,サーナイトex,SSR,https://minnano-toreka.com/wp-content/uploads/2026/08/328-190_minnanotoreca-10240084.webp,サーナイトex（SSR）[328/190],,https://dopa-game.jp/pokemon/dp/10240084,,,,10240084,30336,DOPA
017/066,ゲッコウガex,H,https://minnano-toreka.com/wp-content/uploads/2026/08/017-066_minnanotoreca-10263680.webp,ゲッコウガex（H）[017/066],,https://dopa-game.jp/pokemon/dp/10263680,,,,10263680,30337,DOPA
085/071,ガオガエンex,SR,https://minnano-toreka.com/wp-content/uploads/2026/08/085-071_minnanotoreca-10244738.webp,ガオガエンex（SR）[085/071],,https://dopa-game.jp/pokemon/dp/10244738,,,,10244738,30338,DOPA
115/102,カミツオロチex,SR,https://minnano-toreka.com/wp-content/uploads/2026/08/115-102_minnanotoreca-10289336.webp,カミツオロチex（SR）[115/102],,https://dopa-game.jp/pokemon/dp/10289336,,,,10289336,30339,DOPA
003/049,ラフレシアGX,RR,https://minnano-toreka.com/wp-content/uploads/2026/08/003-049_minnanotoreca-10241026.webp,ラフレシアGX（RR）[003/049],,https://dopa-game.jp/pokemon/dp/10241026,,,,10241026,30340,DOPA
087/071,テツノイワオex,SR,https://minnano-toreka.com/wp-content/uploads/2026/08/087-071_minnanotoreca-10244739.webp,テツノイワオex（SR）[087/071],,https://dopa-game.jp/pokemon/dp/10244739,,,,10244739,30341,DOPA
115/101,オーガポンかまどのめんex,SR,https://minnano-toreka.com/wp-content/uploads/2026/08/115-101_minnanotoreca-10276945.webp,オーガポンかまどのめんex（SR）[115/101],,https://dopa-game.jp/pokemon/dp/10276945,,,,10276945,30342,DOPA
029/028,博士の研究/オーキド博士(25th),SR,https://minnano-toreka.com/wp-content/uploads/2026/08/029-028_minnanotoreca-10239756.webp,博士の研究/オーキド博士(25th)（SR）[029/028],,https://dopa-game.jp/pokemon/dp/10239756,,,,10239756,30343,DOPA
120/102,チャーレムex,SR,https://minnano-toreka.com/wp-content/uploads/2026/08/120-102_minnanotoreca-10289355.webp,チャーレムex（SR）[120/102],,https://dopa-game.jp/pokemon/dp/10289355,,,,10289355,30344,DOPA
086/07171,テツノカシラex,SR,https://minnano-toreka.com/wp-content/uploads/2026/08/086-07171_minnanotoreca-10244746.webp,テツノカシラex（SR）[086/07171],,https://dopa-game.jp/pokemon/dp/10244746,,,,10244746,30345,DOPA
084/071,ドダイトスex,SR,https://minnano-toreka.com/wp-content/uploads/2026/08/084-071_minnanotoreca-10244774.webp,ドダイトスex（SR）[084/071],,https://dopa-game.jp/pokemon/dp/10244774,,,,10244774,30346,DOPA
035/053,ホワイトキュレムGX,RR,https://minnano-toreka.com/wp-content/uploads/2026/08/035-053_minnanotoreca-10240237.webp,ホワイトキュレムGX（RR）[035/053],,https://dopa-game.jp/pokemon/dp/10240237,,,,10240237,30347,DOPA
079/066,ヤバソチャex,SR,https://minnano-toreka.com/wp-content/uploads/2026/08/079-066_minnanotoreca-10260694.webp,ヤバソチャex（SR）[079/066],,https://dopa-game.jp/pokemon/dp/10260694,,,,10260694,30348,DOPA
084/078,パチリス,AR,https://minnano-toreka.com/wp-content/uploads/2026/08/084-078_minnanotoreca-10327066.webp,パチリス（AR）[084/078],,https://dopa-game.jp/pokemon/dp/10327066,,,,10327066,30349,DOPA
081/071,メルタン,AR,https://minnano-toreka.com/wp-content/uploads/2026/08/081-071_minnanotoreca-10244764.webp,メルタン（AR）[081/071],,https://dopa-game.jp/pokemon/dp/10244764,,,,10244764,30350,DOPA
065/064,タマタマ,AR,https://minnano-toreka.com/wp-content/uploads/2026/08/065-064_minnanotoreca-10308608.webp,タマタマ（AR）[065/064],,https://dopa-game.jp/pokemon/dp/10308608,,,,10308608,30351,DOPA
076/071,デンヂムシ,AR,https://minnano-toreka.com/wp-content/uploads/2026/08/076-071_minnanotoreca-10244752.webp,デンヂムシ（AR）[076/071],,https://dopa-game.jp/pokemon/dp/10244752,,,,10244752,30352,DOPA
{074/063} [SV9a],ロトム,AR,https://minnano-toreka.com/wp-content/uploads/2026/08/074-063-SV9a_minnanotoreca-10330280.webp,ロトム（AR）[{074/063} [SV9a]],,https://dopa-game.jp/pokemon/dp/10330280,,,,10330280,30353,DOPA
044/063,シロナのガブリアスex,RR,https://minnano-toreka.com/wp-content/uploads/2026/08/044-063_minnanotoreca-10329313.webp,シロナのガブリアスex（RR）[044/063],,https://dopa-game.jp/pokemon/dp/10329313,,,,10329313,30354,DOPA
{102/098} [SV10],パールル,AR,https://minnano-toreka.com/wp-content/uploads/2026/08/102-098-SV10_minnanotoreca-10332286.webp,パールル（AR）[{102/098} [SV10]],,https://dopa-game.jp/pokemon/dp/10332286,,,,10332286,30355,DOPA
{039/098} [SV10],ロケット団のミュウツーex,RR,https://minnano-toreka.com/wp-content/uploads/2026/08/039-098-SV10_minnanotoreca-10332287.webp,ロケット団のミュウツーex（RR）[{039/098} [SV10]],,https://dopa-game.jp/pokemon/dp/10332287,,,,10332287,30356,DOPA
067/064,ポワルンたいようのすがた,AR,https://minnano-toreka.com/wp-content/uploads/2026/08/067-064_minnanotoreca-10315956.webp,ポワルンたいようのすがた（AR）[067/064],,https://dopa-game.jp/pokemon/dp/10315956,,,,10315956,30357,DOPA
073/066,クエスパトラ,AR,https://minnano-toreka.com/wp-content/uploads/2026/08/073-066_minnanotoreca-10240130.webp,クエスパトラ（AR）[073/066],,https://dopa-game.jp/pokemon/dp/10240130,,,,10240130,30358,DOPA
119/108,ピジョン,AR,https://minnano-toreka.com/wp-content/uploads/2026/08/119-108_minnanotoreca-10240227.webp,ピジョン（AR）[119/108],,https://dopa-game.jp/pokemon/dp/10240227,,,,10240227,30359,DOPA
113/100,ボルケニオンex,SR,https://minnano-toreka.com/wp-content/uploads/2026/08/113-100_minnanotoreca-10317083.webp,ボルケニオンex（SR）[113/100],,https://dopa-game.jp/pokemon/dp/10317083,,,,10317083,30360,DOPA
074/064,アップリュー,AR,https://minnano-toreka.com/wp-content/uploads/2026/08/074-064_minnanotoreca-10315961.webp,アップリュー（AR）[074/064],,https://dopa-game.jp/pokemon/dp/10315961,,,,10315961,30361,DOPA
077/066,ポリゴンZ,AR,https://minnano-toreka.com/wp-content/uploads/2026/08/077-066_minnanotoreca-10240250.webp,ポリゴンZ（AR）[077/066],,https://dopa-game.jp/pokemon/dp/10240250,,,,10240250,30362,DOPA
075/066,エイパム,AR,https://minnano-toreka.com/wp-content/uploads/2026/08/075-066_minnanotoreca-10240248.webp,エイパム（AR）[075/066],,https://dopa-game.jp/pokemon/dp/10240248,,,,10240248,30363,DOPA
082/064,モトトカゲex,SR,https://minnano-toreka.com/wp-content/uploads/2026/08/082-064_minnanotoreca-10315958.webp,モトトカゲex（SR）[082/064],,https://dopa-game.jp/pokemon/dp/10315958,,,,10315958,30364,DOPA
083/071,ジジーロン,AR,https://minnano-toreka.com/wp-content/uploads/2026/08/083-071_minnanotoreca-10241000.webp,ジジーロン（AR）[083/071],,https://dopa-game.jp/pokemon/dp/10241000,,,,10241000,30365,DOPA
071/071,ネオアッパーエネルギー,ACE,https://minnano-toreka.com/wp-content/uploads/2026/08/071-071_minnanotoreca-10241004.webp,ネオアッパーエネルギー（ACE）[071/071],,https://dopa-game.jp/pokemon/dp/10241004,,,,10241004,30366,DOPA
070/066,ミガルーサ,AR,https://minnano-toreka.com/wp-content/uploads/2026/08/070-066_minnanotoreca-10240087.webp,ミガルーサ（AR）[070/066],,https://dopa-game.jp/pokemon/dp/10240087,,,,10240087,30367,DOPA
069/064,ハルクジラ,AR,https://minnano-toreka.com/wp-content/uploads/2026/08/069-064_minnanotoreca-10315583.webp,ハルクジラ（AR）[069/064],,https://dopa-game.jp/pokemon/dp/10315583,,,,10315583,30368,DOPA
081/078,ウミディグダ,AR,https://minnano-toreka.com/wp-content/uploads/2026/08/081-078_minnanotoreca-10327130.webp,ウミディグダ（AR）[081/078],,https://dopa-game.jp/pokemon/dp/10327130,,,,10327130,30369,DOPA
081/071,ペラップ,AR,https://minnano-toreka.com/wp-content/uploads/2026/08/081-071_minnanotoreca-10244756.webp,ペラップ（AR）[081/071],,https://dopa-game.jp/pokemon/dp/10244756,,,,10244756,30370,DOPA
068/066,リククラゲ,AR,https://minnano-toreka.com/wp-content/uploads/2026/08/068-066_minnanotoreca-10240107.webp,リククラゲ（AR）[068/066],,https://dopa-game.jp/pokemon/dp/10240107,,,,10240107,30371,DOPA
082/078,ヘイラッシャ,AR,https://minnano-toreka.com/wp-content/uploads/2026/08/082-078_minnanotoreca-10308421.webp,ヘイラッシャ（AR）[082/078],,https://dopa-game.jp/pokemon/dp/10308421,,,,10308421,30372,DOPA
177/165,ゴーリキー,AR,https://minnano-toreka.com/wp-content/uploads/2026/08/177-165_minnanotoreca-10308122.webp,ゴーリキー（AR）[177/165],,https://dopa-game.jp/pokemon/dp/10308122,,,,10308122,30373,DOPA
{078/071} [SV2P],ゴチミル,AR,https://minnano-toreka.com/wp-content/uploads/2026/08/078-071-SV2P_minnanotoreca-10329935.webp,ゴチミル（AR）[{078/071} [SV2P]],,https://dopa-game.jp/pokemon/dp/10329935,,,,10329935,30374,DOPA
162/086,ブルンゲルex,SR,https://minnano-toreka.com/wp-content/uploads/2026/08/162-086_minnanotoreca-10333969.webp,ブルンゲルex（SR）[162/086],,https://dopa-game.jp/pokemon/dp/10333969,,,,10333969,30375,DOPA
164/086,バッフロンex,SR,https://minnano-toreka.com/wp-content/uploads/2026/08/164-086_minnanotoreca-10333902.webp,バッフロンex（SR）[164/086],,https://dopa-game.jp/pokemon/dp/10333902,,,,10333902,30376,DOPA
179/165,バリヤード,AR,https://minnano-toreka.com/wp-content/uploads/2026/08/179-165_minnanotoreca-10240127.webp,バリヤード（AR）[179/165],,https://dopa-game.jp/pokemon/dp/10240127,,,,10240127,30377,DOPA
082/071,チラーミィ,AR,https://minnano-toreka.com/wp-content/uploads/2026/08/082-071_minnanotoreca-10241030.webp,チラーミィ（AR）[082/071],,https://dopa-game.jp/pokemon/dp/10241030,,,,10241030,30378,DOPA
073/071,ユキハミ,AR,https://minnano-toreka.com/wp-content/uploads/2026/08/073-071_minnanotoreca-10241021.webp,ユキハミ（AR）[073/071],,https://dopa-game.jp/pokemon/dp/10241021,,,,10241021,30379,DOPA
117/106,ナマケロ,AR,https://minnano-toreka.com/wp-content/uploads/2026/08/117-106_minnanotoreca-10315952.webp,ナマケロ（AR）[117/106],,https://dopa-game.jp/pokemon/dp/10315952,,,,10315952,30380,DOPA
074/066,チヲハウハネ,AR,https://minnano-toreka.com/wp-content/uploads/2026/08/074-066_minnanotoreca-10240136.webp,チヲハウハネ（AR）[074/066],,https://dopa-game.jp/pokemon/dp/10240136,,,,10240136,30381,DOPA
077/071,テツノイバラ,AR,https://minnano-toreka.com/wp-content/uploads/2026/08/077-071_minnanotoreca-10241018.webp,テツノイバラ（AR）[077/071],,https://dopa-game.jp/pokemon/dp/10241018,,,,10241018,30382,DOPA
182/172,ガラルフリーザー,AR,https://minnano-toreka.com/wp-content/uploads/2026/08/182-172_minnanotoreca-10306792.webp,ガラルフリーザー（AR）[182/172],,https://dopa-game.jp/pokemon/dp/10306792,,,,10306792,30383,DOPA
-,ウェルカモ,AR,https://minnano-toreka.com/wp-content/uploads/2026/08/none_minnanotoreca-10308981.webp,ウェルカモ（AR）[-],,https://dopa-game.jp/pokemon/dp/10308981,,,,10308981,30384,DOPA
110/102,マホミル,AR,https://minnano-toreka.com/wp-content/uploads/2026/08/110-102_minnanotoreca-10308590.webp,マホミル（AR）[110/102],,https://dopa-game.jp/pokemon/dp/10308590,,,,10308590,30385,DOPA
111/100,オンバット,AR,https://minnano-toreka.com/wp-content/uploads/2026/08/111-100_minnanotoreca-10317154.webp,オンバット（AR）[111/100],,https://dopa-game.jp/pokemon/dp/10317154,,,,10317154,30386,DOPA
102/101,キマワリ,AR,https://minnano-toreka.com/wp-content/uploads/2026/08/102-101_minnanotoreca-10276957.webp,キマワリ（AR）[102/101],,https://dopa-game.jp/pokemon/dp/10276957,,,,10276957,30387,DOPA
100/184,ブラッキーV,RR,https://minnano-toreka.com/wp-content/uploads/2026/08/100-184_minnanotoreca-10329869.webp,ブラッキーV（RR）[100/184],,https://dopa-game.jp/pokemon/dp/10329869,,,,10329869,30388,DOPA
163/086,サザンドラex,SR,https://minnano-toreka.com/wp-content/uploads/2026/08/163-086_minnanotoreca-10333909.webp,サザンドラex（SR）[163/086],,https://dopa-game.jp/pokemon/dp/10333909,,,,10333909,30389,DOPA
{161/086} [SV11W],ケルディオEX,SR,https://minnano-toreka.com/wp-content/uploads/2026/08/161-086-SV11W_minnanotoreca-10333967.webp,ケルディオEX（SR）[{161/086} [SV11W]],,https://dopa-game.jp/pokemon/dp/10333967,,,,10333967,30390,DOPA
106/102,ラビフット,AR,https://minnano-toreka.com/wp-content/uploads/2026/08/106-102_minnanotoreca-10315573.webp,ラビフット（AR）[106/102],,https://dopa-game.jp/pokemon/dp/10315573,,,,10315573,30391,DOPA
110/100,オオタチ,AR,https://minnano-toreka.com/wp-content/uploads/2026/08/110-100_minnanotoreca-10317151.webp,オオタチ（AR）[110/100],,https://dopa-game.jp/pokemon/dp/10317151,,,,10317151,30392,DOPA
159/086,ジャローダex,SR,https://minnano-toreka.com/wp-content/uploads/2026/08/159-086_minnanotoreca-10334005.webp,ジャローダex（SR）[159/086],,https://dopa-game.jp/pokemon/dp/10334005,,,,10334005,30393,DOPA
116/100,マンムーex,SR,https://minnano-toreka.com/wp-content/uploads/2026/08/116-100_minnanotoreca-10317163.webp,マンムーex（SR）[116/100],,https://dopa-game.jp/pokemon/dp/10317163,,,,10317163,30394,DOPA
{165/086} [SV11W],クラウン,SR,https://minnano-toreka.com/wp-content/uploads/2026/08/165-086-SV11W_minnanotoreca-10333952.webp,クラウン（SR）[{165/086} [SV11W]],,https://dopa-game.jp/pokemon/dp/10333952,,,,10333952,30395,DOPA
037/064,ブリジュラスex,RR,https://minnano-toreka.com/wp-content/uploads/2026/08/037-064_minnanotoreca-10315949.webp,ブリジュラスex（RR）[037/064],,https://dopa-game.jp/pokemon/dp/10315949,,,,10315949,30396,DOPA
160/086,キュレムex,SR,https://minnano-toreka.com/wp-content/uploads/2026/08/160-086_minnanotoreca-10334063.webp,キュレムex（SR）[160/086],,https://dopa-game.jp/pokemon/dp/10334063,,,,10334063,30397,DOPA
172/165,キャタピー,AR,https://minnano-toreka.com/wp-content/uploads/2026/08/172-165_minnanotoreca-10306869.webp,キャタピー（AR）[172/165],,https://dopa-game.jp/pokemon/dp/10306869,,,,10306869,30398,DOPA
116/106,アローラダグトリオ,AR,https://minnano-toreka.com/wp-content/uploads/2026/08/116-106_minnanotoreca-10308683.webp,アローラダグトリオ（AR）[116/106],,https://dopa-game.jp/pokemon/dp/10308683,,,,10308683,30399,DOPA
338/190,ウミトリオ,AR,https://minnano-toreka.com/wp-content/uploads/2026/08/338-190_minnanotoreca-10308684.webp,ウミトリオ（AR）[338/190],,https://dopa-game.jp/pokemon/dp/10308684,,,,10308684,30400,DOPA
105/102,バクガメス,AR,https://minnano-toreka.com/wp-content/uploads/2026/08/105-102_minnanotoreca-10317076.webp,バクガメス（AR）[105/102],,https://dopa-game.jp/pokemon/dp/10317076,,,,10317076,30401,DOPA
162/086,メロエッタex,SR,https://minnano-toreka.com/wp-content/uploads/2026/08/162-086_minnanotoreca-10333959.webp,メロエッタex（SR）[162/086],,https://dopa-game.jp/pokemon/dp/10333959,,,,10333959,30402,DOPA
086/114,シルヴァディGX,RR,https://minnano-toreka.com/wp-content/uploads/2026/08/086-114_minnanotoreca-10329845.webp,シルヴァディGX（RR）[086/114],,https://dopa-game.jp/pokemon/dp/10329845,,,,10329845,30403,DOPA
087/078,ボチ,AR,https://minnano-toreka.com/wp-content/uploads/2026/08/087-078_minnanotoreca-10327068.webp,ボチ（AR）[087/078],,https://dopa-game.jp/pokemon/dp/10327068,,,,10327068,30404,DOPA
342/190,ジャッジマン,SR,https://minnano-toreka.com/wp-content/uploads/2026/08/342-190_minnanotoreca-10331293.webp,ジャッジマン（SR）[342/190],,https://dopa-game.jp/pokemon/dp/10331293,,,,10331293,30405,DOPA
119/106,アイアントex,SR,https://minnano-toreka.com/wp-content/uploads/2026/08/119-106_minnanotoreca-10315943.webp,アイアントex（SR）[119/106],,https://dopa-game.jp/pokemon/dp/10315943,,,,10315943,30406,DOPA
075/071,ランクルス,AR,https://minnano-toreka.com/wp-content/uploads/2026/08/075-071_minnanotoreca-10244762.webp,ランクルス（AR）[075/071],,https://dopa-game.jp/pokemon/dp/10244762,,,,10244762,30407,DOPA
079/071,ドリュウズ,AR,https://minnano-toreka.com/wp-content/uploads/2026/08/079-071_minnanotoreca-10244767.webp,ドリュウズ（AR）[079/071],,https://dopa-game.jp/pokemon/dp/10244767,,,,10244767,30408,DOPA
078/071,アブリー,AR,https://minnano-toreka.com/wp-content/uploads/2026/08/078-071_minnanotoreca-10244743.webp,アブリー（AR）[078/071],,https://dopa-game.jp/pokemon/dp/10244743,,,,10244743,30409,DOPA
{120/100},ノココッチex,SR,https://minnano-toreka.com/wp-content/uploads/2026/08/120-100_minnanotoreca-10317155.webp,ノココッチex（SR）[{120/100}],,https://dopa-game.jp/pokemon/dp/10317155,,,,10317155,30410,DOPA
159/086,エルフーンex,SR,https://minnano-toreka.com/wp-content/uploads/2026/08/159-086_minnanotoreca-10333968.webp,エルフーンex（SR）[159/086],,https://dopa-game.jp/pokemon/dp/10333968,,,,10333968,30411,DOPA
{194/193} [M2a],アゲハント,AR,https://minnano-toreka.com/wp-content/uploads/2026/08/194-193-M2a_minnanotoreca-10347058.webp,アゲハント（AR）[{194/193} [M2a]],,https://dopa-game.jp/pokemon/dp/10347058,,,,10347058,30412,DOPA
{081/063},パワープロテイン,SR,https://minnano-toreka.com/wp-content/uploads/2026/08/081-063_minnanotoreca-10336792.webp,パワープロテイン（SR）[{081/063}],,https://dopa-game.jp/pokemon/dp/10336792,,,,10336792,30413,DOPA
075/063,ペパーのヨクバリス,AR,https://minnano-toreka.com/wp-content/uploads/2026/08/075-063_minnanotoreca-10329314.webp,ペパーのヨクバリス（AR）[075/063],,https://dopa-game.jp/pokemon/dp/10329314,,,,10329314,30414,DOPA
073/063,ラクライ,AR,https://minnano-toreka.com/wp-content/uploads/2026/08/073-063_minnanotoreca-10329216.webp,ラクライ（AR）[073/063],,https://dopa-game.jp/pokemon/dp/10329216,,,,10329216,30415,DOPA
067/063,イワパレス,AR,https://minnano-toreka.com/wp-content/uploads/2026/08/067-063_minnanotoreca-10327072.webp,イワパレス（AR）[067/063],,https://dopa-game.jp/pokemon/dp/10327072,,,,10327072,30416,DOPA
{104/098} [SV10],ロケット団のイオルブ,AR,https://minnano-toreka.com/wp-content/uploads/2026/08/104-098-SV10_minnanotoreca-10332282.webp,ロケット団のイオルブ（AR）[{104/098} [SV10]],,https://dopa-game.jp/pokemon/dp/10332282,,,,10332282,30417,DOPA
020/187,オーガポンみどりのめんex,RR,https://minnano-toreka.com/wp-content/uploads/2026/08/020-187_minnanotoreca-10329999.webp,オーガポンみどりのめんex（RR）[020/187],,https://dopa-game.jp/pokemon/dp/10329999,,,,10329999,30418,DOPA
081/101,ドラパルトex,RR,https://minnano-toreka.com/wp-content/uploads/2026/08/081-101_minnanotoreca-10276940.webp,ドラパルトex（RR）[081/101],,https://dopa-game.jp/pokemon/dp/10276940,,,,10276940,30419,DOPA
064/063,ヤンヤンマ,AR,https://minnano-toreka.com/wp-content/uploads/2026/08/064-063_minnanotoreca-10329213.webp,ヤンヤンマ（AR）[064/063],,https://dopa-game.jp/pokemon/dp/10329213,,,,10329213,30420,DOPA
148/187,プライムキャッチャー,ACE,https://minnano-toreka.com/wp-content/uploads/2026/08/148-187_minnanotoreca-10331289.webp,プライムキャッチャー（ACE）[148/187],,https://dopa-game.jp/pokemon/dp/10331289,,,,10331289,30421,DOPA
-,ディンルーex,UR,https://minnano-toreka.com/wp-content/uploads/2026/08/097-071-SV2D_minnanotoreca-10344211.webp,ディンルーex（UR）[-],,https://dopa-game.jp/pokemon/dp/10305340,,,,10305340,30422,DOPA
197/184,ジュペッタ,CHR,https://minnano-toreka.com/wp-content/uploads/2026/08/197-184_minnanotoreca-10239460.webp,ジュペッタ（CHR）[197/184],,https://dopa-game.jp/pokemon/dp/10239460,,,,10239460,30423,DOPA
199/184,カラマネロ,CHR,https://minnano-toreka.com/wp-content/uploads/2026/08/199-184_minnanotoreca-10305614.webp,カラマネロ（CHR）[199/184],,https://dopa-game.jp/pokemon/dp/10305614,,,,10305614,30424,DOPA
108/080,バトルコロシアム,SR,https://minnano-toreka.com/wp-content/uploads/2026/08/108-080_minnanotoreca-10345808.webp,バトルコロシアム（SR）[108/080],,https://dopa-game.jp/pokemon/dp/10345808,,,,10345808,30425,DOPA
080/078,ノノクラゲ,AR,https://minnano-toreka.com/wp-content/uploads/2026/08/080-078_minnanotoreca-10327065.webp,ノノクラゲ（AR）[080/078],,https://dopa-game.jp/pokemon/dp/10327065,,,,10327065,30426,DOPA
{201/193} [M2a],エレザード,AR,https://minnano-toreka.com/wp-content/uploads/2026/08/201-193-M2a_minnanotoreca-10347059.webp,エレザード（AR）[{201/193} [M2a]],,https://dopa-game.jp/pokemon/dp/10347059,,,,10347059,30427,DOPA
102/080,ポケモンいれかえ,SR,https://minnano-toreka.com/wp-content/uploads/2026/08/102-080_minnanotoreca-10345780.webp,ポケモンいれかえ（SR）[102/080],,https://dopa-game.jp/pokemon/dp/10345780,,,,10345780,30428,DOPA
071/063,ミカルゲ,AR,https://minnano-toreka.com/wp-content/uploads/2026/08/071-063_minnanotoreca-10336825.webp,ミカルゲ（AR）[071/063],,https://dopa-game.jp/pokemon/dp/10336825,,,,10336825,30429,DOPA
{072/063},シルシュルー,AR,https://minnano-toreka.com/wp-content/uploads/2026/08/072-063_minnanotoreca-10336807.webp,シルシュルー（AR）[{072/063}],,https://dopa-game.jp/pokemon/dp/10336807,,,,10336807,30430,DOPA
070/063,エリキテル,AR,https://minnano-toreka.com/wp-content/uploads/2026/08/070-063_minnanotoreca-10336833.webp,エリキテル（AR）[070/063],,https://dopa-game.jp/pokemon/dp/10336833,,,,10336833,30431,DOPA
115/106,ゴマゾウ,AR,https://minnano-toreka.com/wp-content/uploads/2026/08/115-106_minnanotoreca-10315564.webp,ゴマゾウ（AR）[115/106],,https://dopa-game.jp/pokemon/dp/10315564,,,,10315564,30432,DOPA
{074/063},オニスズメ,AR,https://minnano-toreka.com/wp-content/uploads/2026/08/074-063_minnanotoreca-10336814.webp,オニスズメ（AR）[{074/063}],,https://dopa-game.jp/pokemon/dp/10336814,,,,10336814,30433,DOPA
065/063,テッカニン,AR,https://minnano-toreka.com/wp-content/uploads/2026/08/065-063_minnanotoreca-10336828.webp,テッカニン（AR）[065/063],,https://dopa-game.jp/pokemon/dp/10336828,,,,10336828,30434,DOPA
113/106,マッギョ,AR,https://minnano-toreka.com/wp-content/uploads/2026/08/113-106_minnanotoreca-10308619.webp,マッギョ（AR）[113/106],,https://dopa-game.jp/pokemon/dp/10308619,,,,10308619,30435,DOPA
111/101,コドラ,AR,https://minnano-toreka.com/wp-content/uploads/2026/08/111-101_minnanotoreca-10276958.webp,コドラ（AR）[111/101],,https://dopa-game.jp/pokemon/dp/10276958,,,,10276958,30436,DOPA
074/063,デリバード,AR,https://minnano-toreka.com/wp-content/uploads/2026/08/074-063_minnanotoreca-10336826.webp,デリバード（AR）[074/063],,https://dopa-game.jp/pokemon/dp/10336826,,,,10336826,30437,DOPA
069/063,インテレオン,AR,https://minnano-toreka.com/wp-content/uploads/2026/08/069-063_minnanotoreca-10336795.webp,インテレオン（AR）[069/063],,https://dopa-game.jp/pokemon/dp/10336795,,,,10336795,30438,DOPA
072/063,ヌケニン,AR,https://minnano-toreka.com/wp-content/uploads/2026/08/072-063_minnanotoreca-10336821.webp,ヌケニン（AR）[072/063],,https://dopa-game.jp/pokemon/dp/10336821,,,,10336821,30439,DOPA
109/101,ドッコラー,AR,https://minnano-toreka.com/wp-content/uploads/2026/08/109-101_minnanotoreca-10276916.webp,ドッコラー（AR）[109/101],,https://dopa-game.jp/pokemon/dp/10276916,,,,10276916,30440,DOPA
110/101,イイネイヌ,AR,https://minnano-toreka.com/wp-content/uploads/2026/08/110-101_minnanotoreca-10276949.webp,イイネイヌ（AR）[110/101],,https://dopa-game.jp/pokemon/dp/10276949,,,,10276949,30441,DOPA
076/066,ダイノーズ,AR,https://minnano-toreka.com/wp-content/uploads/2026/08/076-066_minnanotoreca-10260673.webp,ダイノーズ（AR）[076/066],,https://dopa-game.jp/pokemon/dp/10260673,,,,10260673,30442,DOPA
{193/172} [S12a],ジバコイル,AR,https://minnano-toreka.com/wp-content/uploads/2026/08/193-172-S12a_minnanotoreca-10341514.webp,ジバコイル（AR）[{193/172} [S12a]],,https://dopa-game.jp/pokemon/dp/10341514,,,,10341514,30443,DOPA
086/063,ミステリーガーデン,SR,https://minnano-toreka.com/wp-content/uploads/2026/08/086-063_minnanotoreca-10336798.webp,ミステリーガーデン（SR）[086/063],,https://dopa-game.jp/pokemon/dp/10336798,,,,10336798,30444,DOPA
{075/063},デカグース,AR,https://minnano-toreka.com/wp-content/uploads/2026/08/075-063_minnanotoreca-10336805.webp,デカグース（AR）[{075/063}],,https://dopa-game.jp/pokemon/dp/10336805,,,,10336805,30445,DOPA
075/063,ヌイコグマ,AR,https://minnano-toreka.com/wp-content/uploads/2026/08/075-063_minnanotoreca-10336824.webp,ヌイコグマ（AR）[075/063],,https://dopa-game.jp/pokemon/dp/10336824,,,,10336824,30446,DOPA
073/064,ゾウドウ,AR,https://minnano-toreka.com/wp-content/uploads/2026/08/073-064_minnanotoreca-10316550.webp,ゾウドウ（AR）[073/064],,https://dopa-game.jp/pokemon/dp/10316550,,,,10316550,30447,DOPA
111/108,イルカマン,AR,https://minnano-toreka.com/wp-content/uploads/2026/08/111-108_minnanotoreca-10329580.webp,イルカマン（AR）[111/108],,https://dopa-game.jp/pokemon/dp/10329580,,,,10329580,30448,DOPA
083/063,メガシグナル,SR,https://minnano-toreka.com/wp-content/uploads/2026/08/083-063_minnanotoreca-10336811.webp,メガシグナル（SR）[083/063],,https://dopa-game.jp/pokemon/dp/10336811,,,,10336811,30449,DOPA
073/063,ハカドッグ,AR,https://minnano-toreka.com/wp-content/uploads/2026/08/073-063_minnanotoreca-10336818.webp,ハカドッグ（AR）[073/063],,https://dopa-game.jp/pokemon/dp/10336818,,,,10336818,30450,DOPA
067/063,ユキカブリ,AR,https://minnano-toreka.com/wp-content/uploads/2026/08/067-063_minnanotoreca-10336799.webp,ユキカブリ（AR）[067/063],,https://dopa-game.jp/pokemon/dp/10336799,,,,10336799,30451,DOPA
{066/063},ナッシー,AR,https://minnano-toreka.com/wp-content/uploads/2026/08/066-063_minnanotoreca-10336800.webp,ナッシー（AR）[{066/063}],,https://dopa-game.jp/pokemon/dp/10336800,,,,10336800,30452,DOPA
110/106,ヒンバス,AR,https://minnano-toreka.com/wp-content/uploads/2026/08/110-106_minnanotoreca-10347587.webp,ヒンバス（AR）[110/106],,https://dopa-game.jp/pokemon/dp/10308614,,,,10308614,30453,DOPA
066/063,シシコ,AR,https://minnano-toreka.com/wp-content/uploads/2026/08/066-063_minnanotoreca-10336831.webp,シシコ（AR）[066/063],,https://dopa-game.jp/pokemon/dp/10336831,,,,10336831,30454,DOPA
034/066,ダークライex,H,https://minnano-toreka.com/wp-content/uploads/2026/08/034-066_minnanotoreca-10263685.webp,ダークライex（H）[034/066],,https://dopa-game.jp/pokemon/dp/10263685,,,,10263685,30455,DOPA
045/066,パルキアGX,RR,https://minnano-toreka.com/wp-content/uploads/2026/08/045-066_minnanotoreca-10240216.webp,パルキアGX（RR）[045/066],,https://dopa-game.jp/pokemon/dp/10240216,,,,10240216,30456,DOPA
092/101,シークレットボックス,ACE,https://minnano-toreka.com/wp-content/uploads/2026/08/092-101_minnanotoreca-10276959.webp,シークレットボックス（ACE）[092/101],,https://dopa-game.jp/pokemon/dp/10276959,,,,10276959,30457,DOPA
090/078,ホシガリス,AR,https://minnano-toreka.com/wp-content/uploads/2026/08/090-078_minnanotoreca-10327067.webp,ホシガリス（AR）[090/078],,https://dopa-game.jp/pokemon/dp/10327067,,,,10327067,30458,DOPA
077/071,ナカヌチャン,AR,https://minnano-toreka.com/wp-content/uploads/2026/08/077-071_minnanotoreca-10240003.webp,ナカヌチャン（AR）[077/071],,https://dopa-game.jp/pokemon/dp/10240003,,,,10240003,30459,DOPA
072/066,ウッウ,AR,https://minnano-toreka.com/wp-content/uploads/2026/08/072-066_minnanotoreca-10260683.webp,ウッウ（AR）[072/066],,https://dopa-game.jp/pokemon/dp/10260683,,,,10260683,30460,DOPA
075/066,ダストダス,AR,https://minnano-toreka.com/wp-content/uploads/2026/08/075-066_minnanotoreca-10307875.webp,ダストダス（AR）[075/066],,https://dopa-game.jp/pokemon/dp/10307875,,,,10307875,30461,DOPA
027/114,カプ・レヒレGX,RR,https://minnano-toreka.com/wp-content/uploads/2026/08/027-114_minnanotoreca-10329741.webp,カプ・レヒレGX（RR）[027/114],,https://dopa-game.jp/pokemon/dp/10329741,,,,10329741,30462,DOPA
072/064,タタッコ,AR,https://minnano-toreka.com/wp-content/uploads/2026/08/072-064_minnanotoreca-10308685.webp,タタッコ（AR）[072/064],,https://dopa-game.jp/pokemon/dp/10308685,,,,10308685,30463,DOPA
{070/063},キョジオーン,AR,https://minnano-toreka.com/wp-content/uploads/2026/08/070-063_minnanotoreca-10336810.webp,キョジオーン（AR）[{070/063}],,https://dopa-game.jp/pokemon/dp/10336810,,,,10336810,30464,DOPA
075/064,タルップル,AR,https://minnano-toreka.com/wp-content/uploads/2026/08/075-064_minnanotoreca-10315586.webp,タルップル（AR）[075/064],,https://dopa-game.jp/pokemon/dp/10315586,,,,10315586,30465,DOPA
031/187,シャワーズex,RR,https://minnano-toreka.com/wp-content/uploads/2026/08/031-187_minnanotoreca-10317181.webp,シャワーズex（RR）[031/187],,https://dopa-game.jp/pokemon/dp/10317181,,,,10317181,30466,DOPA
053/071,タケルライコex,RR,https://minnano-toreka.com/wp-content/uploads/2026/08/053-071_minnanotoreca-10241008.webp,タケルライコex（RR）[053/071],,https://dopa-game.jp/pokemon/dp/10241008,,,,10241008,30467,DOPA
107/106,ビビヨン,AR,https://minnano-toreka.com/wp-content/uploads/2026/08/107-106_minnanotoreca-10315955.webp,ビビヨン（AR）[107/106],,https://dopa-game.jp/pokemon/dp/10315955,,,,10315955,30468,DOPA
-,クワッス,AR,https://minnano-toreka.com/wp-content/uploads/2026/08/none_minnanotoreca-10316314.webp,クワッス（AR）[-],,https://dopa-game.jp/pokemon/dp/10316314,,,,10316314,30469,DOPA
107/100,ルガルガン,AR,https://minnano-toreka.com/wp-content/uploads/2026/08/107-100_minnanotoreca-10347591.webp,ルガルガン（AR）[107/100],,https://dopa-game.jp/pokemon/dp/10317177,,,,10317177,30470,DOPA
072/066,シママ,AR,https://minnano-toreka.com/wp-content/uploads/2026/08/072-066_minnanotoreca-10240097.webp,シママ（AR）[072/066],,https://dopa-game.jp/pokemon/dp/10240097,,,,10240097,30471,DOPA
{106/101},チリーン,AR,https://minnano-toreka.com/wp-content/uploads/2026/08/106-101_minnanotoreca-10282887.webp,チリーン（AR）[{106/101}],,https://dopa-game.jp/pokemon/dp/10282887,,,,10282887,30472,DOPA
071/064,ビブラーバ,AR,https://minnano-toreka.com/wp-content/uploads/2026/08/071-064_minnanotoreca-10315582.webp,ビブラーバ（AR）[071/064],,https://dopa-game.jp/pokemon/dp/10315582,,,,10315582,31855,DOPA
044/150,カプ・テテフGX,RR,https://minnano-toreka.com/wp-content/uploads/2026/08/044-150_minnanotoreca-10329745.webp,カプ・テテフGX（RR）[044/150],,https://dopa-game.jp/pokemon/dp/10329745,,,,10329745,31856,DOPA
072/071,ダーテング,AR,https://minnano-toreka.com/wp-content/uploads/2026/08/072-071_minnanotoreca-10241040.webp,ダーテング（AR）[072/071],,https://dopa-game.jp/pokemon/dp/10241040,,,,10241040,31857,DOPA
103/102,レディアン,AR,https://minnano-toreka.com/wp-content/uploads/2026/08/103-102_minnanotoreca-10317032.webp,レディアン（AR）[103/102],,https://dopa-game.jp/pokemon/dp/10317032,,,,10317032,31858,DOPA
{033/051} [sm3],アローラベトベトンGX,RR,https://minnano-toreka.com/wp-content/uploads/2026/08/033-051-sm3_minnanotoreca-10330001.webp,アローラベトベトンGX（RR）[{033/051} [sm3]],,https://dopa-game.jp/pokemon/dp/10330001,,,,10330001,31859,DOPA
067/062,バチュル,AR,https://minnano-toreka.com/wp-content/uploads/2026/08/067-062_minnanotoreca-10240140.webp,バチュル（AR）[067/062],,https://dopa-game.jp/pokemon/dp/10240140,,,,10240140,31860,DOPA
111/102,アサナン,AR,https://minnano-toreka.com/wp-content/uploads/2026/08/111-102_minnanotoreca-10289327.webp,アサナン（AR）[111/102],,https://dopa-game.jp/pokemon/dp/10289327,,,,10289327,31861,DOPA
055/068,ホウオウV,RR,https://minnano-toreka.com/wp-content/uploads/2026/08/055-068_minnanotoreca-10329886.webp,ホウオウV（RR）[055/068],,https://dopa-game.jp/pokemon/dp/10329886,,,,10329886,31862,DOPA
112/102,ゴクリン,AR,https://minnano-toreka.com/wp-content/uploads/2026/08/112-102_minnanotoreca-10289344.webp,ゴクリン（AR）[112/102],,https://dopa-game.jp/pokemon/dp/10289344,,,,10289344,31863,DOPA
047/060,ケンタロスGX,RR,https://minnano-toreka.com/wp-content/uploads/2026/08/047-060_minnanotoreca-10329837.webp,ケンタロスGX（RR）[047/060],,https://dopa-game.jp/pokemon/dp/10329837,,,,10329837,31864,DOPA
066/064,マシェード,AR,https://minnano-toreka.com/wp-content/uploads/2026/08/066-064_minnanotoreca-10308612.webp,マシェード（AR）[066/064],,https://dopa-game.jp/pokemon/dp/10308612,,,,10308612,31865,DOPA
074/066,ラブトロス,AR,https://minnano-toreka.com/wp-content/uploads/2026/08/074-066_minnanotoreca-10260644.webp,ラブトロス（AR）[074/066],,https://dopa-game.jp/pokemon/dp/10260644,,,,10260644,31866,DOPA
078/071,コジオ,AR,https://minnano-toreka.com/wp-content/uploads/2026/08/078-071_minnanotoreca-10240006.webp,コジオ（AR）[078/071],,https://dopa-game.jp/pokemon/dp/10240006,,,,10240006,31867,DOPA
{174/172} [S12a],コロトック,AR,https://minnano-toreka.com/wp-content/uploads/2026/08/174-172-S12a_minnanotoreca-10329936.webp,コロトック（AR）[{174/172} [S12a]],,https://dopa-game.jp/pokemon/dp/10329936,,,,10329936,31868,DOPA
069/187,ニンフィアex,RR,https://minnano-toreka.com/wp-content/uploads/2026/08/069-187_minnanotoreca-10316859.webp,ニンフィアex（RR）[069/187],,https://dopa-game.jp/pokemon/dp/10316859,,,,10316859,31869,DOPA
103/101,カミッチュ,AR,https://minnano-toreka.com/wp-content/uploads/2026/08/103-101_minnanotoreca-10276954.webp,カミッチュ（AR）[103/101],,https://dopa-game.jp/pokemon/dp/10276954,,,,10276954,31870,DOPA
077/073,カエンジシ,AR,https://minnano-toreka.com/wp-content/uploads/2026/08/077-073_minnanotoreca-10308386.webp,カエンジシ（AR）[077/073],,https://dopa-game.jp/pokemon/dp/10308386,,,,10308386,31871,DOPA
105/101,カイデン,AR,https://minnano-toreka.com/wp-content/uploads/2026/08/105-101_minnanotoreca-10276952.webp,カイデン（AR）[105/101],,https://dopa-game.jp/pokemon/dp/10276952,,,,10276952,31872,DOPA
078/066,ドゴーム,AR,https://minnano-toreka.com/wp-content/uploads/2026/08/078-066_minnanotoreca-10316273.webp,ドゴーム（AR）[078/066],,https://dopa-game.jp/pokemon/dp/10316273,,,,10316273,31873,DOPA
104/101,ユキメノコ,AR,https://minnano-toreka.com/wp-content/uploads/2026/08/104-101_minnanotoreca-10276938.webp,ユキメノコ（AR）[104/101],,https://dopa-game.jp/pokemon/dp/10276938,,,,10276938,31874,DOPA
076/064,キテルグマ,AR,https://minnano-toreka.com/wp-content/uploads/2026/08/076-064_minnanotoreca-10308686.webp,キテルグマ（AR）[076/064],,https://dopa-game.jp/pokemon/dp/10308686,,,,10308686,31875,DOPA
052/187,サンダースex,RR,https://minnano-toreka.com/wp-content/uploads/2026/08/052-187_minnanotoreca-10317152.webp,サンダースex（RR）[052/187],,https://dopa-game.jp/pokemon/dp/10317152,,,,10317152,31876,DOPA
003/187,リーフィアex,RR,https://minnano-toreka.com/wp-content/uploads/2026/08/003-187_minnanotoreca-10316971.webp,リーフィアex（RR）[003/187],,https://dopa-game.jp/pokemon/dp/10316971,,,,10316971,31877,DOPA
111/106,タマザラシ,AR,https://minnano-toreka.com/wp-content/uploads/2026/08/111-106_minnanotoreca-10308158.webp,タマザラシ（AR）[111/106],,https://dopa-game.jp/pokemon/dp/10308158,,,,10308158,31878,DOPA
094/102,きらめく結晶,ACE,https://minnano-toreka.com/wp-content/uploads/2026/08/094-102_minnanotoreca-10289340.webp,きらめく結晶（ACE）[094/102],,https://dopa-game.jp/pokemon/dp/10289340,,,,10289340,31879,DOPA
068/066,チャデス,AR,https://minnano-toreka.com/wp-content/uploads/2026/08/068-066_minnanotoreca-10260639.webp,チャデス（AR）[068/066],,https://dopa-game.jp/pokemon/dp/10260639,,,,10260639,31880,DOPA
026/106,ミロカロスex,RR,https://minnano-toreka.com/wp-content/uploads/2026/08/026-106_minnanotoreca-10315553.webp,ミロカロスex（RR）[026/106],,https://dopa-game.jp/pokemon/dp/10315553,,,,10315553,31881,DOPA
108/106,メラルバ,AR,https://minnano-toreka.com/wp-content/uploads/2026/08/108-106_minnanotoreca-10315556.webp,メラルバ（AR）[108/106],,https://dopa-game.jp/pokemon/dp/10315556,,,,10315556,31882,DOPA
078/071,バンバドロ,AR,https://minnano-toreka.com/wp-content/uploads/2026/08/078-071_minnanotoreca-10244779.webp,バンバドロ（AR）[078/071],,https://dopa-game.jp/pokemon/dp/10244779,,,,10244779,31883,DOPA
073/066,エレザード,AR,https://minnano-toreka.com/wp-content/uploads/2026/08/073-066-SV5a_minnanotoreca-10347586.webp,エレザード（AR）[073/066],,https://dopa-game.jp/pokemon/dp/10260672,,,,10260672,31884,DOPA
113/102,ブリジュラス,AR,https://minnano-toreka.com/wp-content/uploads/2026/08/113-102_minnanotoreca-10317082.webp,ブリジュラス（AR）[113/102],,https://dopa-game.jp/pokemon/dp/10317082,,,,10317082,31885,DOPA
088/078,マフィティフ,AR,https://minnano-toreka.com/wp-content/uploads/2026/08/088-078_minnanotoreca-10315588.webp,マフィティフ（AR）[088/078],,https://dopa-game.jp/pokemon/dp/10315588,,,,10315588,31886,DOPA
063/187,エーフィex,RR,https://minnano-toreka.com/wp-content/uploads/2026/08/063-187_minnanotoreca-10317164.webp,エーフィex（RR）[063/187],,https://dopa-game.jp/pokemon/dp/10317164,,,,10317164,31887,DOPA
107/102,ケケンカニ,AR,https://minnano-toreka.com/wp-content/uploads/2026/08/107-102_minnanotoreca-10289343.webp,ケケンカニ（AR）[107/102],,https://dopa-game.jp/pokemon/dp/10289343,,,,10289343,31888,DOPA
030/100,ピカチュウV,RR,https://minnano-toreka.com/wp-content/uploads/2026/08/030-100_minnanotoreca-10241752.webp,ピカチュウV（RR）[030/100],,https://dopa-game.jp/pokemon/dp/10241752,,,,10241752,31889,DOPA
{066/098} [SV10],ロケット団のクロバットex,RR,https://minnano-toreka.com/wp-content/uploads/2026/08/066-098-SV10_minnanotoreca-10332279.webp,ロケット団のクロバットex（RR）[{066/098} [SV10]],,https://dopa-game.jp/pokemon/dp/10332279,,,,10332279,31890,DOPA
104/102,リリーラ,AR,https://minnano-toreka.com/wp-content/uploads/2026/08/104-102_minnanotoreca-10308587.webp,リリーラ（AR）[104/102],,https://dopa-game.jp/pokemon/dp/10308587,,,,10308587,31891,DOPA
187/172,キュワワー,AR,https://minnano-toreka.com/wp-content/uploads/2026/08/187-172_minnanotoreca-10327069.webp,キュワワー（AR）[187/172],,https://dopa-game.jp/pokemon/dp/10327069,,,,10327069,31892,DOPA
021/051,クワガノンGX,RR,https://minnano-toreka.com/wp-content/uploads/2026/08/021-051_minnanotoreca-10329843.webp,クワガノンGX（RR）[021/051],,https://dopa-game.jp/pokemon/dp/10329843,,,,10329843,31893,DOPA
120/106,スコヴィランex,SR,https://minnano-toreka.com/wp-content/uploads/2026/08/120-106_minnanotoreca-10315950.webp,スコヴィランex（SR）[120/106],,https://dopa-game.jp/pokemon/dp/10315950,,,,10315950,31894,DOPA
089/078,ドドゲザン,AR,https://minnano-toreka.com/wp-content/uploads/2026/08/089-078_minnanotoreca-10240026.webp,ドドゲザン（AR）[089/078],,https://dopa-game.jp/pokemon/dp/10240026,,,,10240026,31895,DOPA
-,ヒスイヌメルゴン,AR,https://minnano-toreka.com/wp-content/uploads/2026/08/none_minnanotoreca-10308980.webp,ヒスイヌメルゴン（AR）[-],,https://dopa-game.jp/pokemon/dp/10308980,,,,10308980,31896,DOPA
{022/187},ブースターex,RR,https://minnano-toreka.com/wp-content/uploads/2026/08/022-187_minnanotoreca-10316945.webp,ブースターex（RR）[{022/187}],,https://dopa-game.jp/pokemon/dp/10316945,,,,10316945,31897,DOPA
198/172,ノコッチ,AR,https://minnano-toreka.com/wp-content/uploads/2026/08/198-172_minnanotoreca-10327070.webp,ノコッチ（AR）[198/172],,https://dopa-game.jp/pokemon/dp/10327070,,,,10327070,31898,DOPA
041/187,グレイシアex,RR,https://minnano-toreka.com/wp-content/uploads/2026/08/041-187_minnanotoreca-10317140.webp,グレイシアex（RR）[041/187],,https://dopa-game.jp/pokemon/dp/10317140,,,,10317140,31899,DOPA
068/063,カミツオロチ,AR,https://minnano-toreka.com/wp-content/uploads/2026/08/068-063_minnanotoreca-10329310.webp,カミツオロチ（AR）[068/063],,https://dopa-game.jp/pokemon/dp/10329310,,,,10329310,31900,DOPA
079/078,タマンチュラ,AR,https://minnano-toreka.com/wp-content/uploads/2026/08/079-078_minnanotoreca-10327064.webp,タマンチュラ（AR）[079/078],,https://dopa-game.jp/pokemon/dp/10327064,,,,10327064,31901,DOPA
106/100,ウリムー,AR,https://minnano-toreka.com/wp-content/uploads/2026/08/106-100_minnanotoreca-10317147.webp,ウリムー（AR）[106/100],,https://dopa-game.jp/pokemon/dp/10317147,,,,10317147,31902,DOPA
178/172,マナフィ,AR,https://minnano-toreka.com/wp-content/uploads/2026/08/178-172_minnanotoreca-10306208.webp,マナフィ（AR）[178/172],,https://dopa-game.jp/pokemon/dp/10306208,,,,10306208,31903,DOPA
069/066,コータス,AR,https://minnano-toreka.com/wp-content/uploads/2026/08/069-066_minnanotoreca-10263678.webp,コータス（AR）[069/066],,https://dopa-game.jp/pokemon/dp/10263678,,,,10263678,31904,DOPA
088/078,ガケガニ,AR,https://minnano-toreka.com/wp-content/uploads/2026/08/088-078_minnanotoreca-10309048.webp,ガケガニ（AR）[088/078],,https://dopa-game.jp/pokemon/dp/10309048,,,,10309048,31905,DOPA
101/100,マラカッチ,AR,https://minnano-toreka.com/wp-content/uploads/2026/08/101-100_minnanotoreca-10317088.webp,マラカッチ（AR）[101/100],,https://dopa-game.jp/pokemon/dp/10317088,,,,10317088,31906,DOPA
073/062,ギルガルド,AR,https://minnano-toreka.com/wp-content/uploads/2026/08/073-062_minnanotoreca-10308620.webp,ギルガルド（AR）[073/062],,https://dopa-game.jp/pokemon/dp/10308620,,,,10308620,31907,DOPA
020/063,ヒビキのホウオウex,RR,https://minnano-toreka.com/wp-content/uploads/2026/08/020-063_minnanotoreca-10329323.webp,ヒビキのホウオウex（RR）[020/063],,https://dopa-game.jp/pokemon/dp/10329323,,,,10329323,31908,DOPA
073/064,エアームド,AR,https://minnano-toreka.com/wp-content/uploads/2026/08/073-064_minnanotoreca-10306870.webp,エアームド（AR）[073/064],,https://dopa-game.jp/pokemon/dp/10306870,,,,10306870,31909,DOPA
032/066,ルカリオex,[-] (RR仕様),https://minnano-toreka.com/wp-content/uploads/2026/08/032-066_minnanotoreca-10263679.webp,ルカリオex（[-] (RR仕様)）[032/066],,https://dopa-game.jp/pokemon/dp/10263679,,,,10263679,31910,DOPA
077/066,カジッチュ,AR,https://minnano-toreka.com/wp-content/uploads/2026/08/077-066_minnanotoreca-10260677.webp,カジッチュ（AR）[077/066],,https://dopa-game.jp/pokemon/dp/10260677,,,,10260677,31911,DOPA
101/080,ヒートバーナー,SR,https://minnano-toreka.com/wp-content/uploads/2026/08/101-080_minnanotoreca-10345805.webp,ヒートバーナー（SR）[101/080],,https://dopa-game.jp/pokemon/dp/10345805,,,,10345805,31912,DOPA
{218/193} [M2a],カウンターゲイン,SR,https://minnano-toreka.com/wp-content/uploads/2026/08/218-193-M2a_minnanotoreca-10347060.webp,カウンターゲイン（SR）[{218/193} [M2a]],,https://dopa-game.jp/pokemon/dp/10347060,,,,10347060,30474,DOPA
{214/193} [M2a],Nのポイントアップ,SR,https://minnano-toreka.com/wp-content/uploads/2026/08/214-193-M2a_minnanotoreca-10347054.webp,Nのポイントアップ（SR）[{214/193} [M2a]],,https://dopa-game.jp/pokemon/dp/10347054,,,,10347054,30475,DOPA
{215/193} [M2a],ガラスのラッパ,SR,https://minnano-toreka.com/wp-content/uploads/2026/08/215-193-M2a_minnanotoreca-10347061.webp,ガラスのラッパ（SR）[{215/193} [M2a]],,https://dopa-game.jp/pokemon/dp/10347061,,,,10347061,30476,DOPA
{217/193} [M2a],ロケット団のレシーバー,SR,https://minnano-toreka.com/wp-content/uploads/2026/08/217-193-M2a_minnanotoreca-10346959.webp,ロケット団のレシーバー（SR）[{217/193} [M2a]],,https://dopa-game.jp/pokemon/dp/10346959,,,,10346959,30477,DOPA
032/053,マスターボール,H,https://minnano-toreka.com/wp-content/uploads/2026/08/032-053_minnanotoreca-10244750.webp,マスターボール（H）[032/053],,https://dopa-game.jp/pokemon/dp/10244750,,,,10244750,30478,DOPA
066/071,マキシマムベルト,ACE,https://minnano-toreka.com/wp-content/uploads/2026/08/066-071_minnanotoreca-10244757.webp,マキシマムベルト（ACE）[066/071],,https://dopa-game.jp/pokemon/dp/10244757,,,,10244757,30479,DOPA
148/SV-P,オーガポンみどりのめん,P,https://minnano-toreka.com/wp-content/uploads/2026/08/148-SV-P_minnanotoreca-10276941.webp,オーガポンみどりのめん（P）[148/SV-P],,https://dopa-game.jp/pokemon/dp/10276941,,,,10276941,30480,DOPA
019/102,ラプラスex,RR,https://minnano-toreka.com/wp-content/uploads/2026/08/019-102_minnanotoreca-10317067.webp,ラプラスex（RR）[019/102],,https://dopa-game.jp/pokemon/dp/10317067,,,,10317067,30481,DOPA
005/022,ニンフィアex,-,https://minnano-toreka.com/wp-content/uploads/2026/08/005-022_minnanotoreca-10329740.webp,ニンフィアex（-）[005/022],,https://dopa-game.jp/pokemon/dp/10329740,,,,10329740,30482,DOPA
047/071,ゲンガーex,RR,https://minnano-toreka.com/wp-content/uploads/2026/08/047-071_minnanotoreca-10244760.webp,ゲンガーex（RR）[047/071],,https://dopa-game.jp/pokemon/dp/10244760,,,,10244760,30483,DOPA
050/062,サーフゴーex,RR,https://minnano-toreka.com/wp-content/uploads/2026/08/050-062_minnanotoreca-10329748.webp,サーフゴーex（RR）[050/062],,https://dopa-game.jp/pokemon/dp/10329748,,,,10329748,30484,DOPA
069/100,ホップのザシアンex,RR,https://minnano-toreka.com/wp-content/uploads/2026/08/069-100_minnanotoreca-10317132.webp,ホップのザシアンex（RR）[069/100],,https://dopa-game.jp/pokemon/dp/10317132,,,,10317132,30485,DOPA
061/100,Nのゾロアークex,RR,https://minnano-toreka.com/wp-content/uploads/2026/08/061-100_minnanotoreca-10317131.webp,Nのゾロアークex（RR）[061/100],,https://dopa-game.jp/pokemon/dp/10317131,,,,10317131,30486,DOPA
-,『1パック』クリムゾンヘイズ,1パック,https://minnano-toreka.com/wp-content/uploads/2026/08/none_minnanotoreca-10284999.webp,『1パック』クリムゾンヘイズ（1パック）[-],,https://dopa-game.jp/pokemon/dp/10284999,,,,10284999,30487,DOPA
-,『1パック』スカーレットex,1パック,https://minnano-toreka.com/wp-content/uploads/2026/08/none_minnanotoreca-10276114.webp,『1パック』スカーレットex（1パック）[-],,https://dopa-game.jp/pokemon/dp/10276114,,,,10276114,30488,DOPA
-,『1パック』バイオレットex,1パック,https://minnano-toreka.com/wp-content/uploads/2026/08/none_minnanotoreca-10281109.webp,『1パック』バイオレットex（1パック）[-],,https://dopa-game.jp/pokemon/dp/10281109,,,,10281109,30489,DOPA
-,『1パック』楽園ドラゴーナ,1パック,https://minnano-toreka.com/wp-content/uploads/2026/08/none_minnanotoreca-10298046.webp,『1パック』楽園ドラゴーナ（1パック）[-],,https://dopa-game.jp/pokemon/dp/10298046,,,,10298046,30490,DOPA
-,『1パック』レイジングサーフ,1パック,https://minnano-toreka.com/wp-content/uploads/2026/08/none_minnanotoreca-10285001.webp,『1パック』レイジングサーフ（1パック）[-],,https://dopa-game.jp/pokemon/dp/10285001,,,,10285001,30491,DOPA
-,『1パック』ナイトワンダラー,1パック,https://minnano-toreka.com/wp-content/uploads/2026/08/none_minnanotoreca-10284998.webp,『1パック』ナイトワンダラー（1パック）[-],,https://dopa-game.jp/pokemon/dp/10284998,,,,10284998,30492,DOPA
-,『1パック』ステラミラクル,1パック,https://minnano-toreka.com/wp-content/uploads/2026/08/none_minnanotoreca-10288252.webp,『1パック』ステラミラクル（1パック）[-],,https://dopa-game.jp/pokemon/dp/10288252,,,,10288252,30493,DOPA
-,『1パック』超電ブレイカー,パック,https://minnano-toreka.com/wp-content/uploads/2026/08/none_minnanotoreca-10299114.webp,『1パック』超電ブレイカー（パック）[-],,https://dopa-game.jp/pokemon/dp/10299114,,,,10299114,30494,DOPA
-,『1パック』変幻の仮面,1パック,https://minnano-toreka.com/wp-content/uploads/2026/08/none_minnanotoreca-10284997.webp,『1パック』変幻の仮面（1パック）[-],,https://dopa-game.jp/pokemon/dp/10284997,,,,10284997,30495,DOPA
-,『1パック』古代の咆哮,1パック,https://minnano-toreka.com/wp-content/uploads/2026/08/none_minnanotoreca-10285000.webp,『1パック』古代の咆哮（1パック）[-],,https://dopa-game.jp/pokemon/dp/10285000,,,,10285000,30496,DOPA
109/080,イグニッションエネルギー,SR,https://minnano-toreka.com/wp-content/uploads/2026/08/109-080_minnanotoreca-10345795.webp,イグニッションエネルギー（SR）[109/080],,https://dopa-game.jp/pokemon/dp/10345795,,,,10345795,30497,DOPA
104/080,パンクメット,SR,https://minnano-toreka.com/wp-content/uploads/2026/08/104-080_minnanotoreca-10345806.webp,パンクメット（SR）[104/080],,https://dopa-game.jp/pokemon/dp/10345806,,,,10345806,30498,DOPA
{222/193} [M2a],ジャミングタワー,SR,https://minnano-toreka.com/wp-content/uploads/2026/08/222-193-M2a_minnanotoreca-10347066.webp,ジャミングタワー（SR）[{222/193} [M2a]],,https://dopa-game.jp/pokemon/dp/10347066,,,,10347066,30499,DOPA
103/080,せいなるおまもり,SR,https://minnano-toreka.com/wp-content/uploads/2026/08/103-080_minnanotoreca-10345799.webp,せいなるおまもり（SR）[103/080],,https://dopa-game.jp/pokemon/dp/10345799,,,,10345799,30500,DOPA
{126/193} [M2a],メガカイリューex,RR,https://minnano-toreka.com/wp-content/uploads/2026/08/126-193-M2a_minnanotoreca-10346969.webp,メガカイリューex（RR）[{126/193} [M2a]],,https://dopa-game.jp/pokemon/dp/10346969,,,,10346969,30501,DOPA
069/066,コソクムシ,AR,https://minnano-toreka.com/wp-content/uploads/2026/08/069-066_minnanotoreca-10240098.webp,コソクムシ（AR）[069/066],,https://dopa-game.jp/pokemon/dp/10240098,,,,10240098,30502,DOPA
028/066,ハカドッグex(ノーマル仕様),-,https://minnano-toreka.com/wp-content/uploads/2026/08/028-066_minnanotoreca-10263689.webp,ハカドッグex(ノーマル仕様)（-）[028/066],,https://dopa-game.jp/pokemon/dp/10263689,,,,10263689,30503,DOPA
089/078,オトシドリ,AR,https://minnano-toreka.com/wp-content/uploads/2026/08/089-078_minnanotoreca-10240009.webp,オトシドリ（AR）[089/078],,https://dopa-game.jp/pokemon/dp/10240009,,,,10240009,30504,DOPA
028/066,ハカドッグex(RR仕様),-,https://minnano-toreka.com/wp-content/uploads/2026/08/028-066_minnanotoreca-10263687.webp,ハカドッグex(RR仕様)（-）[028/066],,https://dopa-game.jp/pokemon/dp/10263687,,,,10263687,30505,DOPA
009/050,バクガメスＧＸ,RR,https://minnano-toreka.com/wp-content/uploads/2026/08/009-050_minnanotoreca-10329852.webp,バクガメスＧＸ（RR）[009/050],,https://dopa-game.jp/pokemon/dp/10329852,,,,10329852,30506,DOPA
055/066,ハイパーアロマ,ACE,https://minnano-toreka.com/wp-content/uploads/2026/08/055-066_minnanotoreca-10260674.webp,ハイパーアロマ（ACE）[055/066],,https://dopa-game.jp/pokemon/dp/10260674,,,,10260674,30507,DOPA
024/172,スイクンV,RR,https://minnano-toreka.com/wp-content/uploads/2026/08/024-172_minnanotoreca-10329871.webp,スイクンV（RR）[024/172],,https://dopa-game.jp/pokemon/dp/10329871,,,,10329871,30508,DOPA
038/051,サーナイトGX,RR,https://minnano-toreka.com/wp-content/uploads/2026/08/038-051_minnanotoreca-10329752.webp,サーナイトGX（RR）[038/051],,https://dopa-game.jp/pokemon/dp/10329752,,,,10329752,30509,DOPA
110/172,ギラティナV,RR,https://minnano-toreka.com/wp-content/uploads/2026/08/110-172_minnanotoreca-10240007.webp,ギラティナV（RR）[110/172],,https://dopa-game.jp/pokemon/dp/10240007,,,,10240007,30510,DOPA
108/101,キチキギス,AR,https://minnano-toreka.com/wp-content/uploads/2026/08/108-101_minnanotoreca-10276955.webp,キチキギス（AR）[108/101],,https://dopa-game.jp/pokemon/dp/10276955,,,,10276955,30511,DOPA
{045/066} [SV5a],ゲッコウガex,RR,https://minnano-toreka.com/wp-content/uploads/2026/08/045-066-SV5a_minnanotoreca-10263686.webp,ゲッコウガex（RR）[{045/066} [SV5a]],,https://dopa-game.jp/pokemon/dp/10263686,,,,10263686,30512,DOPA
030/100,ナンジャモのハラバリーex,RR,https://minnano-toreka.com/wp-content/uploads/2026/08/030-100_minnanotoreca-10317162.webp,ナンジャモのハラバリーex（RR）[030/100],,https://dopa-game.jp/pokemon/dp/10317162,,,,10317162,30513,DOPA
050/060,デカグースGX,RR,https://minnano-toreka.com/wp-content/uploads/2026/08/050-060_minnanotoreca-10329977.webp,デカグースGX（RR）[050/060],,https://dopa-game.jp/pokemon/dp/10329977,,,,10329977,30514,DOPA
036/067,チャーレムV,RR,https://minnano-toreka.com/wp-content/uploads/2026/08/036-067_minnanotoreca-10329938.webp,チャーレムV（RR）[036/067],,https://dopa-game.jp/pokemon/dp/10329938,,,,10329938,30515,DOPA
070/150,ゾロアークGX,RR,https://minnano-toreka.com/wp-content/uploads/2026/08/070-150_minnanotoreca-10329987.webp,ゾロアークGX（RR）[070/150],,https://dopa-game.jp/pokemon/dp/10329987,,,,10329987,30516,DOPA
-,オドリドリ,AR,https://minnano-toreka.com/wp-content/uploads/2026/08/none_minnanotoreca-10309046.webp,オドリドリ（AR）[-],,https://dopa-game.jp/pokemon/dp/10309046,,,,10309046,30517,DOPA
072/106,サザンドラex,RR,https://minnano-toreka.com/wp-content/uploads/2026/08/072-106_minnanotoreca-10315568.webp,サザンドラex（RR）[072/106],,https://dopa-game.jp/pokemon/dp/10315568,,,,10315568,30518,DOPA
-,『1パック』ワイルドフォース,1パック,https://minnano-toreka.com/wp-content/uploads/2026/08/none_minnanotoreca-10241530.webp,『1パック』ワイルドフォース（1パック）[-],,https://dopa-game.jp/pokemon/dp/10241530,,,,10241530,30519,DOPA
-,『1パック』黒炎の支配者,1パック,https://minnano-toreka.com/wp-content/uploads/2026/08/none_minnanotoreca-10276113.webp,『1パック』黒炎の支配者（1パック）[-],,https://dopa-game.jp/pokemon/dp/10276113,,,,10276113,30520,DOPA
-,『1パック』サイバージャッジ,1パック,https://minnano-toreka.com/wp-content/uploads/2026/08/none_minnanotoreca-10241529.webp,『1パック』サイバージャッジ（1パック）[-],,https://dopa-game.jp/pokemon/dp/10241529,,,,10241529,30521,DOPA
-,『1パック』未来の一閃,1パック,https://minnano-toreka.com/wp-content/uploads/2026/08/none_minnanotoreca-10252055.webp,『1パック』未来の一閃（1パック）[-],,https://dopa-game.jp/pokemon/dp/10252055,,,,10252055,30522,DOPA
012/102,カミツオロチex,RR,https://minnano-toreka.com/wp-content/uploads/2026/08/012-102_minnanotoreca-10289334.webp,カミツオロチex（RR）[012/102],,https://dopa-game.jp/pokemon/dp/10289334,,,,10289334,30523,DOPA
036/071,テツノカシラex,RR,https://minnano-toreka.com/wp-content/uploads/2026/08/036-071_minnanotoreca-10244744.webp,テツノカシラex（RR）[036/071],,https://dopa-game.jp/pokemon/dp/10244744,,,,10244744,30524,DOPA
030/070,サーナイトV,RR,https://minnano-toreka.com/wp-content/uploads/2026/08/030-070_minnanotoreca-10241731.webp,サーナイトV（RR）[030/070],,https://dopa-game.jp/pokemon/dp/10241731,,,,10241731,30525,DOPA
080/100,ギラティナ,RR,https://minnano-toreka.com/wp-content/uploads/2026/08/080-100_minnanotoreca-10240013.webp,ギラティナ（RR）[080/100],,https://dopa-game.jp/pokemon/dp/10240013,,,,10240013,30526,DOPA
{011/066} [SVI],グレンアルマex,[-] (RR仕様),https://minnano-toreka.com/wp-content/uploads/2026/08/011-066-SVI_minnanotoreca-10263683.webp,グレンアルマex（[-] (RR仕様)）[{011/066} [SVI]],,https://dopa-game.jp/pokemon/dp/10263683,,,,10263683,30527,DOPA
(054/066),トドロクツキex,RR,https://minnano-toreka.com/wp-content/uploads/2026/08/054-066_minnanotoreca-10272351.webp,トドロクツキex（RR）[(054/066)],,https://dopa-game.jp/pokemon/dp/10272351,,,,10272351,30528,DOPA
018/102,エースバーンex,RR,https://minnano-toreka.com/wp-content/uploads/2026/08/018-102_minnanotoreca-10289329.webp,エースバーンex（RR）[018/102],,https://dopa-game.jp/pokemon/dp/10289329,,,,10289329,30529,DOPA
092/150,サーナイトGX,RR,https://minnano-toreka.com/wp-content/uploads/2026/08/092-150_minnanotoreca-10241735.webp,サーナイトGX（RR）[092/150],,https://dopa-game.jp/pokemon/dp/10241735,,,,10241735,30530,DOPA
{032/086} [SV11W],マッギョ(モンスターボールミラー),U,https://minnano-toreka.com/wp-content/uploads/2026/08/032-086-SV11W_minnanotoreca-10340797.webp,マッギョ(モンスターボールミラー)（U）[{032/086} [SV11W]],,https://dopa-game.jp/pokemon/dp/10340797,,,,10340797,30531,DOPA
004/060,ダダリンV,RR,https://minnano-toreka.com/wp-content/uploads/2026/08/004-060_minnanotoreca-10329997.webp,ダダリンV（RR）[004/060],,https://dopa-game.jp/pokemon/dp/10329997,,,,10329997,30532,DOPA
052/066,ガチグマアカツキex,RR,https://minnano-toreka.com/wp-content/uploads/2026/08/052-066_minnanotoreca-10260681.webp,ガチグマアカツキex（RR）[052/066],,https://dopa-game.jp/pokemon/dp/10260681,,,,10260681,30533,DOPA
082/184,こくばバドレックスV,RR,https://minnano-toreka.com/wp-content/uploads/2026/08/082-184_minnanotoreca-10329756.webp,こくばバドレックスV（RR）[082/184],,https://dopa-game.jp/pokemon/dp/10329756,,,,10329756,30534,DOPA
011/064,ブラックキュレムex,RR,https://minnano-toreka.com/wp-content/uploads/2026/08/011-064_minnanotoreca-10315951.webp,ブラックキュレムex（RR）[011/064],,https://dopa-game.jp/pokemon/dp/10315951,,,,10315951,30535,DOPA
014/100,シャンデラV,RR,https://minnano-toreka.com/wp-content/uploads/2026/08/014-100_minnanotoreca-10329747.webp,シャンデラV（RR）[014/100],,https://dopa-game.jp/pokemon/dp/10329747,,,,10329747,30536,DOPA
088/102,テラパゴスex,RR,https://minnano-toreka.com/wp-content/uploads/2026/08/088-102_minnanotoreca-10316857.webp,テラパゴスex（RR）[088/102],,https://dopa-game.jp/pokemon/dp/10316857,,,,10316857,30537,DOPA
065/101,オーガポンいしずえのめんex,RR,https://minnano-toreka.com/wp-content/uploads/2026/08/065-101_minnanotoreca-10276956.webp,オーガポンいしずえのめんex（RR）[065/101],,https://dopa-game.jp/pokemon/dp/10276956,,,,10276956,30538,DOPA
038/101,オーガポンいどのめんex,RR,https://minnano-toreka.com/wp-content/uploads/2026/08/038-101_minnanotoreca-10280195.webp,オーガポンいどのめんex（RR）[038/101],,https://dopa-game.jp/pokemon/dp/10280195,,,,10280195,30539,DOPA
054/184,ゼラオラV,RR,https://minnano-toreka.com/wp-content/uploads/2026/08/054-184_minnanotoreca-10329891.webp,ゼラオラV（RR）[054/184],,https://dopa-game.jp/pokemon/dp/10329891,,,,10329891,30540,DOPA
095/106,スクランブルスイッチ,ACE,https://minnano-toreka.com/wp-content/uploads/2026/08/095-106_minnanotoreca-10315944.webp,スクランブルスイッチ（ACE）[095/106],,https://dopa-game.jp/pokemon/dp/10315944,,,,10315944,30541,DOPA
013/095,ウルガモスGX,RR,https://minnano-toreka.com/wp-content/uploads/2026/08/013-095_minnanotoreca-10329937.webp,ウルガモスGX（RR）[013/095],,https://dopa-game.jp/pokemon/dp/10329937,,,,10329937,30542,DOPA
081/106,シャリタツex,RR,https://minnano-toreka.com/wp-content/uploads/2026/08/081-106_minnanotoreca-10315552.webp,シャリタツex（RR）[081/106],,https://dopa-game.jp/pokemon/dp/10315552,,,,10315552,30543,DOPA
040/064,アローラナッシーex,RR,https://minnano-toreka.com/wp-content/uploads/2026/08/040-064_minnanotoreca-10315963.webp,アローラナッシーex（RR）[040/064],,https://dopa-game.jp/pokemon/dp/10315963,,,,10315963,30544,DOPA
154/190,イキリンコex,RR,https://minnano-toreka.com/wp-content/uploads/2026/08/154-190_minnanotoreca-10330003.webp,イキリンコex（RR）[154/190],,https://dopa-game.jp/pokemon/dp/10330003,,,,10330003,30545,DOPA
{022/068} [S11a],アローラロコンV,RR,https://minnano-toreka.com/wp-content/uploads/2026/08/022-068-S11a_minnanotoreca-10329995.webp,アローラロコンV（RR）[{022/068} [S11a]],,https://dopa-game.jp/pokemon/dp/10329995,,,,10329995,30546,DOPA
{019/054} [sm10b],ケルディオGX,RR,https://minnano-toreka.com/wp-content/uploads/2026/08/019-054-sm10b_minnanotoreca-10329866.webp,ケルディオGX（RR）[{019/054} [sm10b]],,https://dopa-game.jp/pokemon/dp/10329866,,,,10329866,30547,DOPA
100/172,オリジンディアルガV,RR,https://minnano-toreka.com/wp-content/uploads/2026/08/100-172_minnanotoreca-10329988.webp,オリジンディアルガV（RR）[100/172],,https://dopa-game.jp/pokemon/dp/10329988,,,,10329988,30548,DOPA
032/052,ガオガエンGX,RR,https://minnano-toreka.com/wp-content/uploads/2026/08/032-052_minnanotoreca-10329750.webp,ガオガエンGX（RR）[032/052],,https://dopa-game.jp/pokemon/dp/10329750,,,,10329750,30549,DOPA
039/064,モモワロウex,RR,https://minnano-toreka.com/wp-content/uploads/2026/08/039-064_minnanotoreca-10316570.webp,モモワロウex（RR）[039/064],,https://dopa-game.jp/pokemon/dp/10316570,,,,10316570,30550,DOPA
041/066,メルメタルex,[-] (RR仕様),https://minnano-toreka.com/wp-content/uploads/2026/08/041-066_minnanotoreca-10263676.webp,メルメタルex（[-] (RR仕様)）[041/066],,https://dopa-game.jp/pokemon/dp/10263676,,,,10263676,30551,DOPA
{015/098} [SV10],ロケット団のファイヤーex,RR,https://minnano-toreka.com/wp-content/uploads/2026/08/015-098-SV10_minnanotoreca-10332276.webp,ロケット団のファイヤーex（RR）[{015/098} [SV10]],,https://dopa-game.jp/pokemon/dp/10332276,,,,10332276,30552,DOPA
{017/067} [S9a],スターミーV,RR,https://minnano-toreka.com/wp-content/uploads/2026/08/017-067-S9a_minnanotoreca-10329862.webp,スターミーV（RR）[{017/067} [S9a]],,https://dopa-game.jp/pokemon/dp/10329862,,,,10329862,30553,DOPA
035/071,デカヌチャンex,RR,https://minnano-toreka.com/wp-content/uploads/2026/08/035-071_minnanotoreca-10329859.webp,デカヌチャンex（RR）[035/071],,https://dopa-game.jp/pokemon/dp/10329859,,,,10329859,30554,DOPA
046/100,マンムーex,RR,https://minnano-toreka.com/wp-content/uploads/2026/08/046-100_minnanotoreca-10317159.webp,マンムーex（RR）[046/100],,https://dopa-game.jp/pokemon/dp/10317159,,,,10317159,30555,DOPA
065/071,イキリンコex,RR,https://minnano-toreka.com/wp-content/uploads/2026/08/065-071_minnanotoreca-10329981.webp,イキリンコex（RR）[065/071],,https://dopa-game.jp/pokemon/dp/10329981,,,,10329981,30556,DOPA
{073/108} [SV3],アブソルex,RR,https://minnano-toreka.com/wp-content/uploads/2026/08/073-108-SV3_minnanotoreca-10329985.webp,アブソルex（RR）[{073/108} [SV3]],,https://dopa-game.jp/pokemon/dp/10329985,,,,10329985,30557,DOPA
051/080,メガサメハダーex,RR,https://minnano-toreka.com/wp-content/uploads/2026/08/051-080_minnanotoreca-10345807.webp,メガサメハダーex（RR）[051/080],,https://dopa-game.jp/pokemon/dp/10345807,,,,10345807,30558,DOPA
054/064,デンジャラス光線,ACE,https://minnano-toreka.com/wp-content/uploads/2026/08/054-064_minnanotoreca-10316553.webp,デンジャラス光線（ACE）[054/064],,https://dopa-game.jp/pokemon/dp/10316553,,,,10316553,30559,DOPA
029/080,ロトムex,RR,https://minnano-toreka.com/wp-content/uploads/2026/08/029-080_minnanotoreca-10345796.webp,ロトムex（RR）[029/080],,https://dopa-game.jp/pokemon/dp/10345796,,,,10345796,30560,DOPA
004/080,メガヘラクロスex,RR,https://minnano-toreka.com/wp-content/uploads/2026/08/004-080_minnanotoreca-10345788.webp,メガヘラクロスex（RR）[004/080],,https://dopa-game.jp/pokemon/dp/10345788,,,,10345788,30561,DOPA
058/080,エンペルトex,RR,https://minnano-toreka.com/wp-content/uploads/2026/08/058-080_minnanotoreca-10345791.webp,エンペルトex（RR）[058/080],,https://dopa-game.jp/pokemon/dp/10345791,,,,10345791,30562,DOPA
072/080,メガミミロップex,RR,https://minnano-toreka.com/wp-content/uploads/2026/08/072-080_minnanotoreca-10345785.webp,メガミミロップex（RR）[072/080],,https://dopa-game.jp/pokemon/dp/10345785,,,,10345785,30563,DOPA
036/080,ムウマージex,RR,https://minnano-toreka.com/wp-content/uploads/2026/08/036-080_minnanotoreca-10345745.webp,ムウマージex（RR）[036/080],,https://dopa-game.jp/pokemon/dp/10345745,,,,10345745,30564,DOPA
055/064,ポケバイタルA,ACE,https://minnano-toreka.com/wp-content/uploads/2026/08/055-064_minnanotoreca-10316563.webp,ポケバイタルA（ACE）[055/064],,https://dopa-game.jp/pokemon/dp/10316563,,,,10316563,30565,DOPA
018/080,オドリドリex,RR,https://minnano-toreka.com/wp-content/uploads/2026/08/018-080_minnanotoreca-10345789.webp,オドリドリex（RR）[018/080],,https://dopa-game.jp/pokemon/dp/10345789,,,,10345789,30566,DOPA
{153/S-P} [S-P],基本悪エネルギー,P,https://minnano-toreka.com/wp-content/uploads/2026/08/153-S-P-S-P_minnanotoreca-10341439.webp,基本悪エネルギー（P）[{153/S-P} [S-P]],,https://dopa-game.jp/pokemon/dp/10341439,,,,10341439,30567,DOPA
024/071,ウネルミナモex,RR,https://minnano-toreka.com/wp-content/uploads/2026/08/024-071_minnanotoreca-10244742.webp,ウネルミナモex（RR）[024/071],,https://dopa-game.jp/pokemon/dp/10244742,,,,10244742,30568,DOPA
009/066,ヤバソチャex,RR,https://minnano-toreka.com/wp-content/uploads/2026/08/009-066_minnanotoreca-10260693.webp,ヤバソチャex（RR）[009/066],,https://dopa-game.jp/pokemon/dp/10260693,,,,10260693,30569,DOPA
025/071,ウミトリオex,RR,https://minnano-toreka.com/wp-content/uploads/2026/08/025-071_minnanotoreca-10241011.webp,ウミトリオex（RR）[025/071],,https://dopa-game.jp/pokemon/dp/10241011,,,,10241011,30570,DOPA
041/101,レントラーex,RR,https://minnano-toreka.com/wp-content/uploads/2026/08/041-101_minnanotoreca-10276917.webp,レントラーex（RR）[041/101],,https://dopa-game.jp/pokemon/dp/10276917,,,,10276917,30571,DOPA
054/102,チャーレムex,RR,https://minnano-toreka.com/wp-content/uploads/2026/08/054-102_minnanotoreca-10289352.webp,チャーレムex（RR）[054/102],,https://dopa-game.jp/pokemon/dp/10289352,,,,10289352,30572,DOPA
036/101,イルカマンex,RR,https://minnano-toreka.com/wp-content/uploads/2026/08/036-101_minnanotoreca-10276951.webp,イルカマンex（RR）[036/101],,https://dopa-game.jp/pokemon/dp/10276951,,,,10276951,30573,DOPA
023/066,マグカルゴex,RR,https://minnano-toreka.com/wp-content/uploads/2026/08/023-066_minnanotoreca-10260690.webp,マグカルゴex（RR）[023/066],,https://dopa-game.jp/pokemon/dp/10260690,,,,10260690,30574,DOPA
022/101,オーガポンかまどのめんex,RR,https://minnano-toreka.com/wp-content/uploads/2026/08/022-101_minnanotoreca-10276944.webp,オーガポンかまどのめんex（RR）[022/101],,https://dopa-game.jp/pokemon/dp/10276944,,,,10276944,30575,DOPA
039/062,イベルタル,R,https://minnano-toreka.com/wp-content/uploads/2026/08/039-062_minnanotoreca-10329984.webp,イベルタル（R）[039/062],,https://dopa-game.jp/pokemon/dp/10329984,,,,10329984,30576,DOPA
149/173,かんこうきゃく,-,https://minnano-toreka.com/wp-content/uploads/2026/08/149-173_minnanotoreca-10329743.webp,かんこうきゃく（-）[149/173],,https://dopa-game.jp/pokemon/dp/10329743,,,,10329743,30577,DOPA
041/071,テツノイワオex,RR,https://minnano-toreka.com/wp-content/uploads/2026/08/041-071_minnanotoreca-10241002.webp,テツノイワオex（RR）[041/071],,https://dopa-game.jp/pokemon/dp/10241002,,,,10241002,30578,DOPA
019/172,エンテイV,RR,https://minnano-toreka.com/wp-content/uploads/2026/08/019-172_minnanotoreca-10329986.webp,エンテイV（RR）[019/172],,https://dopa-game.jp/pokemon/dp/10329986,,,,10329986,30579,DOPA
056/098,スカタンクV,RR,https://minnano-toreka.com/wp-content/uploads/2026/08/056-098_minnanotoreca-10329879.webp,スカタンクV（RR）[056/098],,https://dopa-game.jp/pokemon/dp/10329879,,,,10329879,30580,DOPA
026/070,エンペルト,RR,https://minnano-toreka.com/wp-content/uploads/2026/08/026-070_minnanotoreca-10329990.webp,エンペルト（RR）[026/070],,https://dopa-game.jp/pokemon/dp/10329990,,,,10329990,30581,DOPA
012/064,キングドラex,RR,https://minnano-toreka.com/wp-content/uploads/2026/08/012-064_minnanotoreca-10316541.webp,キングドラex（RR）[012/064],,https://dopa-game.jp/pokemon/dp/10316541,,,,10316541,30582,DOPA
049/100,エルフーンⅤ,RR,https://minnano-toreka.com/wp-content/uploads/2026/08/049-100_minnanotoreca-10329982.webp,エルフーンⅤ（RR）[049/100],,https://dopa-game.jp/pokemon/dp/10329982,,,,10329982,30583,DOPA
051/062,オトシドリ,RR,https://minnano-toreka.com/wp-content/uploads/2026/08/051-062_minnanotoreca-10329994.webp,オトシドリ（RR）[051/062],,https://dopa-game.jp/pokemon/dp/10329994,,,,10329994,30584,DOPA
012/100,シェイミV,RR,https://minnano-toreka.com/wp-content/uploads/2026/08/012-100_minnanotoreca-10329746.webp,シェイミV（RR）[012/100],,https://dopa-game.jp/pokemon/dp/10329746,,,,10329746,30585,DOPA
101/101,レガシーエネルギー,ACE,https://minnano-toreka.com/wp-content/uploads/2026/08/101-101_minnanotoreca-10276915.webp,レガシーエネルギー（ACE）[101/101],,https://dopa-game.jp/pokemon/dp/10276915,,,,10276915,30586,DOPA
015/067,ウルガモスV,RR,https://minnano-toreka.com/wp-content/uploads/2026/08/015-067_minnanotoreca-10329969.webp,ウルガモスV（RR）[015/067],,https://dopa-game.jp/pokemon/dp/10329969,,,,10329969,30587,DOPA
051/064,モトトカゲex,RR,https://minnano-toreka.com/wp-content/uploads/2026/08/051-064_minnanotoreca-10315959.webp,モトトカゲex（RR）[051/064],,https://dopa-game.jp/pokemon/dp/10315959,,,,10315959,30588,DOPA
102/190,タイレーツV,RR,https://minnano-toreka.com/wp-content/uploads/2026/08/102-190_minnanotoreca-10329878.webp,タイレーツV（RR）[102/190],,https://dopa-game.jp/pokemon/dp/10329878,,,,10329878,30589,DOPA
137/190,ザシアンV,RR,https://minnano-toreka.com/wp-content/uploads/2026/08/137-190_minnanotoreca-10329744.webp,ザシアンV（RR）[137/190],,https://dopa-game.jp/pokemon/dp/10329744,,,,10329744,30590,DOPA
040/066,ストリンダーex,RR,https://minnano-toreka.com/wp-content/uploads/2026/08/040-066_minnanotoreca-10329939.webp,ストリンダーex（RR）[040/066],,https://dopa-game.jp/pokemon/dp/10329939,,,,10329939,30591,DOPA
016/071,テツノイサハex,RR,https://minnano-toreka.com/wp-content/uploads/2026/08/016-071_minnanotoreca-10241005.webp,テツノイサハex（RR）[016/071],,https://dopa-game.jp/pokemon/dp/10241005,,,,10241005,30592,DOPA
054/071,ダイオウドウex,RR,https://minnano-toreka.com/wp-content/uploads/2026/08/054-071_minnanotoreca-10329868.webp,ダイオウドウex（RR）[054/071],,https://dopa-game.jp/pokemon/dp/10329868,,,,10329868,30593,DOPA
023/106,スコヴィランex,RR,https://minnano-toreka.com/wp-content/uploads/2026/08/023-106_minnanotoreca-10315948.webp,スコヴィランex（RR）[023/106],,https://dopa-game.jp/pokemon/dp/10315948,,,,10315948,30594,DOPA
039/068,クチートV,RR,https://minnano-toreka.com/wp-content/uploads/2026/08/039-068_minnanotoreca-10329857.webp,クチートV（RR）[039/068],,https://dopa-game.jp/pokemon/dp/10329857,,,,10329857,30595,DOPA
097/106,ミラクルインカム,ACE,https://minnano-toreka.com/wp-content/uploads/2026/08/097-106_minnanotoreca-10315548.webp,ミラクルインカム（ACE）[097/106],,https://dopa-game.jp/pokemon/dp/10315548,,,,10315548,30596,DOPA
{079/098} [SV10],ロケット団のペルシアンex,RR,https://minnano-toreka.com/wp-content/uploads/2026/08/079-098-SV10_minnanotoreca-10332264.webp,ロケット団のペルシアンex（RR）[{079/098} [SV10]],,https://dopa-game.jp/pokemon/dp/10332264,,,,10332264,30597,DOPA
015/071,チオンジェンex,RR,https://minnano-toreka.com/wp-content/uploads/2026/08/015-071_minnanotoreca-10329901.webp,チオンジェンex（RR）[015/071],,https://dopa-game.jp/pokemon/dp/10329901,,,,10329901,30598,DOPA
{079/100},ノココッチex,RR,https://minnano-toreka.com/wp-content/uploads/2026/08/079-100_minnanotoreca-10317150.webp,ノココッチex（RR）[{079/100}],,https://dopa-game.jp/pokemon/dp/10317150,,,,10317150,30599,DOPA
050/078,コライドンex,RR,https://minnano-toreka.com/wp-content/uploads/2026/08/050-078_minnanotoreca-10329753.webp,コライドンex（RR）[050/078],,https://dopa-game.jp/pokemon/dp/10329753,,,,10329753,30600,DOPA
063/064,ニュートラルセンター,ACE,https://minnano-toreka.com/wp-content/uploads/2026/08/063-064_minnanotoreca-10316555.webp,ニュートラルセンター（ACE）[063/064],,https://dopa-game.jp/pokemon/dp/10316555,,,,10316555,30601,DOPA
072/100,フライゴンV,RR,https://minnano-toreka.com/wp-content/uploads/2026/08/072-100_minnanotoreca-10329861.webp,フライゴンV（RR）[072/100],,https://dopa-game.jp/pokemon/dp/10329861,,,,10329861,30602,DOPA
{033/102},デンチュラex,RR,https://minnano-toreka.com/wp-content/uploads/2026/08/033-102_minnanotoreca-10316900.webp,デンチュラex（RR）[{033/102}],,https://dopa-game.jp/pokemon/dp/10316900,,,,10316900,30603,DOPA
065/172,ブリムオンV,RR,https://minnano-toreka.com/wp-content/uploads/2026/08/065-172_minnanotoreca-10329856.webp,ブリムオンV（RR）[065/172],,https://dopa-game.jp/pokemon/dp/10329856,,,,10329856,30604,DOPA
{058/078},テツノワダチex,RR,https://minnano-toreka.com/wp-content/uploads/2026/08/058-078_minnanotoreca-10279867.webp,テツノワダチex（RR）[{058/078}],,https://dopa-game.jp/pokemon/dp/10279867,,,,10279867,30605,DOPA
063/071,リブートポッド,ACE,https://minnano-toreka.com/wp-content/uploads/2026/08/063-071_minnanotoreca-10307287.webp,リブートポッド（ACE）[063/071],,https://dopa-game.jp/pokemon/dp/10307287,,,,10307287,30606,DOPA
009/098,ブリガロンV,RR,https://minnano-toreka.com/wp-content/uploads/2026/08/009-098_minnanotoreca-10329853.webp,ブリガロンV（RR）[009/098],,https://dopa-game.jp/pokemon/dp/10329853,,,,10329853,30607,DOPA
098/106,希望のアミュレット,ACE,https://minnano-toreka.com/wp-content/uploads/2026/08/098-106_minnanotoreca-10317142.webp,希望のアミュレット（ACE）[098/106],,https://dopa-game.jp/pokemon/dp/10317142,,,,10317142,30608,DOPA
036/064,イイネイヌex,RR,https://minnano-toreka.com/wp-content/uploads/2026/08/036-064_minnanotoreca-10316573.webp,イイネイヌex（RR）[036/064],,https://dopa-game.jp/pokemon/dp/10316573,,,,10316573,30609,DOPA
012/071,ウガツホムラex,RR,https://minnano-toreka.com/wp-content/uploads/2026/08/012-071_minnanotoreca-10241013.webp,ウガツホムラex（RR）[012/071],,https://dopa-game.jp/pokemon/dp/10241013,,,,10241013,30610,DOPA
040/066,サケブシッポex,RR,https://minnano-toreka.com/wp-content/uploads/2026/08/040-066_minnanotoreca-10263684.webp,サケブシッポex（RR）[040/066],,https://dopa-game.jp/pokemon/dp/10263684,,,,10263684,30611,DOPA
{063/098} [SV10],ロケット団のニドキングex,RR,https://minnano-toreka.com/wp-content/uploads/2026/08/063-098-SV10_minnanotoreca-10332267.webp,ロケット団のニドキングex（RR）[{063/098} [SV10]],,https://dopa-game.jp/pokemon/dp/10332267,,,,10332267,30612,DOPA
085/108,ブロロロームex,RR,https://minnano-toreka.com/wp-content/uploads/2026/08/085-108_minnanotoreca-10329840.webp,ブロロロームex（RR）[085/108],,https://dopa-game.jp/pokemon/dp/10329840,,,,10329840,30613,DOPA
093/101,ポケモン回収サイクロン,ACE,https://minnano-toreka.com/wp-content/uploads/2026/08/093-101_minnanotoreca-10276127.webp,ポケモン回収サイクロン（ACE）[093/101],,https://dopa-game.jp/pokemon/dp/10276127,,,,10276127,30614,DOPA
159/187,マキシマムベルト,ACE,https://minnano-toreka.com/wp-content/uploads/2026/08/159-187_minnanotoreca-10331290.webp,マキシマムベルト（ACE）[159/187],,https://dopa-game.jp/pokemon/dp/10331290,,,,10331290,30615,DOPA
027/066,テツノカイナex,RR,https://minnano-toreka.com/wp-content/uploads/2026/08/027-066_minnanotoreca-10329900.webp,テツノカイナex（RR）[027/066],,https://dopa-game.jp/pokemon/dp/10329900,,,,10329900,30616,DOPA
017/100,ボルケニオンex,RR,https://minnano-toreka.com/wp-content/uploads/2026/08/017-100_minnanotoreca-10317081.webp,ボルケニオンex（RR）[017/100],,https://dopa-game.jp/pokemon/dp/10317081,,,,10317081,30617,DOPA
{055/098} [SV10],レジロックex,RR,https://minnano-toreka.com/wp-content/uploads/2026/08/055-098-SV10_minnanotoreca-10332270.webp,レジロックex（RR）[{055/098} [SV10]],,https://dopa-game.jp/pokemon/dp/10332270,,,,10332270,30618,DOPA
03/070,セレビィV,RR,https://minnano-toreka.com/wp-content/uploads/2026/08/03-070_minnanotoreca-10329968.webp,セレビィV（RR）[03/070],,https://dopa-game.jp/pokemon/dp/10329968,,,,10329968,30619,DOPA
012/098,オリーヴァex,RR,https://minnano-toreka.com/wp-content/uploads/2026/08/012-098_minnanotoreca-10332296.webp,オリーヴァex（RR）[012/098],,https://dopa-game.jp/pokemon/dp/10332296,,,,10332296,30620,DOPA
096/102,デラックスボム,ACE,https://minnano-toreka.com/wp-content/uploads/2026/08/096-102_minnanotoreca-10289358.webp,デラックスボム（ACE）[096/102],,https://dopa-game.jp/pokemon/dp/10289358,,,,10289358,30621,DOPA
001/067,スピアーV,RR,https://minnano-toreka.com/wp-content/uploads/2026/08/001-067_minnanotoreca-10329865.webp,スピアーV（RR）[001/067],,https://dopa-game.jp/pokemon/dp/10329865,,,,10329865,30622,DOPA
062/071,覚醒のドラム,ACE,https://minnano-toreka.com/wp-content/uploads/2026/08/062-071_minnanotoreca-10241001.webp,覚醒のドラム（ACE）[062/071],,https://dopa-game.jp/pokemon/dp/10241001,,,,10241001,30623,DOPA
{072/100},ボーマンダex,RR,https://minnano-toreka.com/wp-content/uploads/2026/08/072-100_minnanotoreca-10317169.webp,ボーマンダex（RR）[{072/100}],,https://dopa-game.jp/pokemon/dp/10317169,,,,10317169,30624,DOPA
038/066,テツノブジンex,RR,https://minnano-toreka.com/wp-content/uploads/2026/08/038-066_minnanotoreca-10240427.webp,テツノブジンex（RR）[038/066],,https://dopa-game.jp/pokemon/dp/10240427,,,,10240427,30625,DOPA
{058/071} [SV2D],オンバーンex,RR,https://minnano-toreka.com/wp-content/uploads/2026/08/058-071-SV2D_minnanotoreca-10329838.webp,オンバーンex（RR）[{058/071} [SV2D]],,https://dopa-game.jp/pokemon/dp/10329838,,,,10329838,30626,DOPA
{025/071} [SV2D],ハラバリーex,RR,https://minnano-toreka.com/wp-content/uploads/2026/08/025-071-SV2D_minnanotoreca-10329978.webp,ハラバリーex（RR）[{025/071} [SV2D]],,https://dopa-game.jp/pokemon/dp/10329978,,,,10329978,30627,DOPA
074/102,ミミズズex,RR,https://minnano-toreka.com/wp-content/uploads/2026/08/074-102_minnanotoreca-10317086.webp,ミミズズex（RR）[074/102],,https://dopa-game.jp/pokemon/dp/10317086,,,,10317086,30628,DOPA
{032/098} [SV10],ハルクジラ,RR,https://minnano-toreka.com/wp-content/uploads/2026/08/032-098-SV10_minnanotoreca-10332299.webp,ハルクジラ（RR）[{032/098} [SV10]],,https://dopa-game.jp/pokemon/dp/10332299,,,,10332299,30629,DOPA
084/106,ケッキングex,RR,https://minnano-toreka.com/wp-content/uploads/2026/08/084-106_minnanotoreca-10315558.webp,ケッキングex（RR）[084/106],,https://dopa-game.jp/pokemon/dp/10315558,,,,10315558,30630,DOPA
003/106,アイアントex,RR,https://minnano-toreka.com/wp-content/uploads/2026/08/003-106_minnanotoreca-10315912.webp,アイアントex（RR）[003/106],,https://dopa-game.jp/pokemon/dp/10315912,,,,10315912,30631,DOPA
033/066,テツノイバラex,RR,https://minnano-toreka.com/wp-content/uploads/2026/08/033-066_minnanotoreca-10329867.webp,テツノイバラex（RR）[033/066],,https://dopa-game.jp/pokemon/dp/10329867,,,,10329867,30632,DOPA
057/106,シロデスナex,RR,https://minnano-toreka.com/wp-content/uploads/2026/08/057-106_minnanotoreca-10315911.webp,シロデスナex（RR）[057/106],,https://dopa-game.jp/pokemon/dp/10315911,,,,10315911,30633,DOPA
053/100,クロバットV,RR,https://minnano-toreka.com/wp-content/uploads/2026/08/053-100_minnanotoreca-10329841.webp,クロバットV（RR）[053/100],,https://dopa-game.jp/pokemon/dp/10329841,,,,10329841,30634,DOPA
027/064,フライゴンex,RR,https://minnano-toreka.com/wp-content/uploads/2026/08/027-064_minnanotoreca-10315580.webp,フライゴンex（RR）[027/064],,https://dopa-game.jp/pokemon/dp/10315580,,,,10315580,30635,DOPA
020/108,コオリッポex,RR,https://minnano-toreka.com/wp-content/uploads/2026/08/020-108_minnanotoreca-10329839.webp,コオリッポex（RR）[020/108],,https://dopa-game.jp/pokemon/dp/10329839,,,,10329839,30636,DOPA
030/073,ウェーニバルex,RR,https://minnano-toreka.com/wp-content/uploads/2026/08/030-073_minnanotoreca-10329996.webp,ウェーニバルex（RR）[030/073],,https://dopa-game.jp/pokemon/dp/10329996,,,,10329996,30637,DOPA
027/064,フライゴンex,RR,https://minnano-toreka.com/wp-content/uploads/2026/08/027-064_minnanotoreca-10329864.webp,フライゴンex（RR）[027/064],,https://dopa-game.jp/pokemon/dp/10329864,,,,10329864,30638,DOPA
016/071,イーユイex,RR,https://minnano-toreka.com/wp-content/uploads/2026/08/016-071_minnanotoreca-10329976.webp,イーユイex（RR）[016/071],,https://dopa-game.jp/pokemon/dp/10329976,,,,10329976,30639,DOPA
{027/172} [S12a],オリジンパルキアV,RR,https://minnano-toreka.com/wp-content/uploads/2026/08/027-172-S12a_minnanotoreca-10329983.webp,オリジンパルキアV（RR）[{027/172} [S12a]],,https://dopa-game.jp/pokemon/dp/10329983,,,,10329983,30640,DOPA
{068/078} [SV1S],パフュートンex,RR,https://minnano-toreka.com/wp-content/uploads/2026/08/068-078-SV1S_minnanotoreca-10329974.webp,パフュートンex（RR）[{068/078} [SV1S]],,https://dopa-game.jp/pokemon/dp/10329974,,,,10329974,30641,DOPA
046/102,バウッツェルex,RR,https://minnano-toreka.com/wp-content/uploads/2026/08/046-102_minnanotoreca-10317071.webp,バウッツェルex（RR）[046/102],,https://dopa-game.jp/pokemon/dp/10317071,,,,10317071,30642,DOPA
155/190,ウッウV,RR,https://minnano-toreka.com/wp-content/uploads/2026/08/155-190_minnanotoreca-10330000.webp,ウッウV（RR）[155/190],,https://dopa-game.jp/pokemon/dp/10330000,,,,10330000,30643,DOPA
{035/098} [S12],アンノーンV,RR,https://minnano-toreka.com/wp-content/uploads/2026/08/035-098-S12_minnanotoreca-10329998.webp,アンノーンV（RR）[{035/098} [S12]],,https://dopa-game.jp/pokemon/dp/10329998,,,,10329998,30644,DOPA
{083/100} [S9],アルセウスV,RR,https://minnano-toreka.com/wp-content/uploads/2026/08/083-100-S9_minnanotoreca-10329991.webp,アルセウスV（RR）[{083/100} [S9]],,https://dopa-game.jp/pokemon/dp/10329991,,,,10329991,30645,DOPA
040/071,コノヨザルex,RR,https://minnano-toreka.com/wp-content/uploads/2026/08/040-071_minnanotoreca-10329754.webp,コノヨザルex（RR）[040/071],,https://dopa-game.jp/pokemon/dp/10329754,,,,10329754,30646,DOPA
006/062,ガブリアスex,RR,https://minnano-toreka.com/wp-content/uploads/2026/08/006-062_minnanotoreca-10329742.webp,ガブリアスex（RR）[006/062],,https://dopa-game.jp/pokemon/dp/10329742,,,,10329742,30647,DOPA
016/078,ウインディex,RR,https://minnano-toreka.com/wp-content/uploads/2026/08/016-078_minnanotoreca-10329989.webp,ウインディex（RR）[016/078],,https://dopa-game.jp/pokemon/dp/10329989,,,,10329989,30648,DOPA
056/064,メガトンブロアー,ACE,https://minnano-toreka.com/wp-content/uploads/2026/08/056-064_minnanotoreca-10315954.webp,メガトンブロアー（ACE）[056/064],,https://dopa-game.jp/pokemon/dp/10315954,,,,10315954,30649,DOPA
