型番,カード名,レアリティ,画像URL,画像タイトル,参照価格,元URL,カテゴリ,デフォルト動画,デフォルトバッジ,dopaID,wp_id,source
OP04-039,レベッカ(パラレル/illust:Studio Vigor Co.Ltd),L,https://minnano-toreka.com/wp-content/uploads/2026/08/OP04-039_minnanotoreca-10238722-1.webp,レベッカ(パラレル/illust:Studio Vigor Co.Ltd)（L）[OP04-039],,https://dopa-game.jp/one-piece/dp/10238722,,,,10238722,30650,DOPA(ワンピ)
OP01-002,トラファルガー・ロー(パラレル/漫画絵),L,https://minnano-toreka.com/wp-content/uploads/2026/08/OP01-002_minnanotoreca-10238723-1.webp,トラファルガー・ロー(パラレル/漫画絵)（L）[OP01-002],,https://dopa-game.jp/one-piece/dp/10238723,,,,10238723,30651,DOPA(ワンピ)
OP04-044,カイドウ,SR,https://minnano-toreka.com/wp-content/uploads/2026/08/OP04-044_minnanotoreca-10238941-1.webp,カイドウ（SR）[OP04-044],,https://dopa-game.jp/one-piece/dp/10238941,,,,10238941,30652,DOPA(ワンピ)
OP01-078,ボア・ハンコック,SR,https://minnano-toreka.com/wp-content/uploads/2026/08/OP01-078_minnanotoreca-10239039.webp,ボア・ハンコック（SR）[OP01-078],,https://dopa-game.jp/one-piece/dp/10239039,,,,10239039,30653,DOPA(ワンピ)
OP02-120,ウタ,SEC,https://minnano-toreka.com/wp-content/uploads/2026/08/OP02-120_minnanotoreca-10239042.webp,ウタ（SEC）[OP02-120],,https://dopa-game.jp/one-piece/dp/10239042,,,,10239042,30654,DOPA(ワンピ)
OP06-118,ロロノア・ゾロ,SEC,https://minnano-toreka.com/wp-content/uploads/2026/08/OP06-118_minnanotoreca-10239521.webp,ロロノア・ゾロ（SEC）[OP06-118],,https://dopa-game.jp/one-piece/dp/10239521,,,,10239521,30655,DOPA(ワンピ)
OP01-001,ロロノア・ゾロ,L,https://minnano-toreka.com/wp-content/uploads/2026/08/OP01-001_minnanotoreca-10239548.webp,ロロノア・ゾロ（L）[OP01-001],,https://dopa-game.jp/one-piece/dp/10239548,,,,10239548,30656,DOPA(ワンピ)
OP02-120,ウタ(パラレル/和柄/illust:S-KINOKO),SEC,https://minnano-toreka.com/wp-content/uploads/2026/08/OP02-120_minnanotoreca-10239551.webp,ウタ(パラレル/和柄/illust:S-KINOKO)（SEC）[OP02-120],,https://dopa-game.jp/one-piece/dp/10239551,,,,10239551,30657,DOPA(ワンピ)
OP01-006,お玉,UC,https://minnano-toreka.com/wp-content/uploads/2026/08/OP01-006_minnanotoreca-10239587.webp,お玉（UC）[OP01-006],,https://dopa-game.jp/one-piece/dp/10239587,,,,10239587,30658,DOPA(ワンピ)
OP01-077,ペローナ,UC,https://minnano-toreka.com/wp-content/uploads/2026/08/OP01-077_minnanotoreca-10239588.webp,ペローナ（UC）[OP01-077],,https://dopa-game.jp/one-piece/dp/10239588,,,,10239588,30659,DOPA(ワンピ)
OP05-091,レベッカ,SR,https://minnano-toreka.com/wp-content/uploads/2026/08/OP05-091_minnanotoreca-10239593.webp,レベッカ（SR）[OP05-091],,https://dopa-game.jp/one-piece/dp/10239593,,,,10239593,30660,DOPA(ワンピ)
OP04-001,ネフェルタリ・ビビ,L,https://minnano-toreka.com/wp-content/uploads/2026/08/OP04-001_minnanotoreca-10239607.webp,ネフェルタリ・ビビ（L）[OP04-001],,https://dopa-game.jp/one-piece/dp/10239607,,,,10239607,30661,DOPA(ワンピ)
OP01-003,モンキー・D・ルフィ(パラレル/漫画絵),L,https://minnano-toreka.com/wp-content/uploads/2026/08/OP01-003_minnanotoreca-10239615.webp,モンキー・D・ルフィ(パラレル/漫画絵)（L）[OP01-003],,https://dopa-game.jp/one-piece/dp/10239615,,,,10239615,30662,DOPA(ワンピ)
OP01-121,ヤマト,SEC,https://minnano-toreka.com/wp-content/uploads/2026/08/OP01-121_minnanotoreca-10239616.webp,ヤマト（SEC）[OP01-121],,https://dopa-game.jp/one-piece/dp/10239616,,,,10239616,30663,DOPA(ワンピ)
OP02-013,ポートガス・D・エース,SR,https://minnano-toreka.com/wp-content/uploads/2026/08/OP02-013_minnanotoreca-10239619.webp,ポートガス・D・エース（SR）[OP02-013],,https://dopa-game.jp/one-piece/dp/10239619,,,,10239619,30664,DOPA(ワンピ)
OP03-123,シャーロット・カタクリ,SEC,https://minnano-toreka.com/wp-content/uploads/2026/08/OP03-123_minnanotoreca-10239624.webp,シャーロット・カタクリ（SEC）[OP03-123],,https://dopa-game.jp/one-piece/dp/10239624,,,,10239624,30665,DOPA(ワンピ)
OP06-022,ヤマト,L,https://minnano-toreka.com/wp-content/uploads/2026/08/OP06-022_minnanotoreca-10239626.webp,ヤマト（L）[OP06-022],,https://dopa-game.jp/one-piece/dp/10239626,,,,10239626,30666,DOPA(ワンピ)
ST01-007,ナミ,C,https://minnano-toreka.com/wp-content/uploads/2026/08/ST01-007_minnanotoreca-10239627.webp,ナミ（C）[ST01-007],,https://dopa-game.jp/one-piece/dp/10239627,,,,10239627,30667,DOPA(ワンピ)
OP04-019,ドンキホーテ・ドフラミンゴ,L,https://minnano-toreka.com/wp-content/uploads/2026/08/OP04-019_minnanotoreca-10239662.webp,ドンキホーテ・ドフラミンゴ（L）[OP04-019],,https://dopa-game.jp/one-piece/dp/10239662,,,,10239662,30668,DOPA(ワンピ)
OP03-001,ポートガス・D・エース,L,https://minnano-toreka.com/wp-content/uploads/2026/08/OP03-001_minnanotoreca-10239663.webp,ポートガス・D・エース（L）[OP03-001],,https://dopa-game.jp/one-piece/dp/10239663,,,,10239663,30669,DOPA(ワンピ)
OP06-104,菊之丞,R,https://minnano-toreka.com/wp-content/uploads/2026/08/OP06-104_minnanotoreca-10239668.webp,菊之丞（R）[OP06-104],,https://dopa-game.jp/one-piece/dp/10239668,,,,10239668,30670,DOPA(ワンピ)
ST05-004,ウタ,SR,https://minnano-toreka.com/wp-content/uploads/2026/08/ST05-004_minnanotoreca-10239670.webp,ウタ（SR）[ST05-004],,https://dopa-game.jp/one-piece/dp/10239670,,,,10239670,30671,DOPA(ワンピ)
ST06-008,ヒナ,C,https://minnano-toreka.com/wp-content/uploads/2026/08/ST06-008_minnanotoreca-10239672.webp,ヒナ（C）[ST06-008],,https://dopa-game.jp/one-piece/dp/10239672,,,,10239672,30672,DOPA(ワンピ)
ST11-002,ウタ,SR,https://minnano-toreka.com/wp-content/uploads/2026/08/ST11-002_minnanotoreca-10239673.webp,ウタ（SR）[ST11-002],,https://dopa-game.jp/one-piece/dp/10239673,,,,10239673,30673,DOPA(ワンピ)
OP06-086,ゲッコー・モリア,SR,https://minnano-toreka.com/wp-content/uploads/2026/08/OP06-086_minnanotoreca-10239675.webp,ゲッコー・モリア（SR）[OP06-086],,https://dopa-game.jp/one-piece/dp/10239675,,,,10239675,30674,DOPA(ワンピ)
OP06-107,光月モモの助,SR,https://minnano-toreka.com/wp-content/uploads/2026/08/OP06-107_minnanotoreca-10239677.webp,光月モモの助（SR）[OP06-107],,https://dopa-game.jp/one-piece/dp/10239677,,,,10239677,30675,DOPA(ワンピ)
OP06-107,光月モモの助,SR,https://minnano-toreka.com/wp-content/uploads/2026/08/OP06-107_minnanotoreca-10239679.webp,光月モモの助（SR）[OP06-107],,https://dopa-game.jp/one-piece/dp/10239679,,,,10239679,30676,DOPA(ワンピ)
P-058,風のゆくえ,P,https://minnano-toreka.com/wp-content/uploads/2026/08/P-058_minnanotoreca-10239779.webp,風のゆくえ（P）[P-058],,https://dopa-game.jp/one-piece/dp/10239779,,,,10239779,30677,DOPA(ワンピ)
P-031,ウタ,P,https://minnano-toreka.com/wp-content/uploads/2026/08/P-031_minnanotoreca-10239780.webp,ウタ（P）[P-031],,https://dopa-game.jp/one-piece/dp/10239780,,,,10239780,30678,DOPA(ワンピ)
OP05-088,マンシェリー,R★,https://minnano-toreka.com/wp-content/uploads/2026/08/OP05-088_minnanotoreca-10239781.webp,マンシェリー（R★）[OP05-088],,https://dopa-game.jp/one-piece/dp/10239781,,,,10239781,30679,DOPA(ワンピ)
OP05-034,ベビー5,R,https://minnano-toreka.com/wp-content/uploads/2026/08/OP05-034_minnanotoreca-10239782.webp,ベビー5（R）[OP05-034],,https://dopa-game.jp/one-piece/dp/10239782,,,,10239782,30680,DOPA(ワンピ)
OP01-102,ジャック,R,https://minnano-toreka.com/wp-content/uploads/2026/08/OP01-102_minnanotoreca-10239783.webp,ジャック（R）[OP01-102],,https://dopa-game.jp/one-piece/dp/10239783,,,,10239783,30681,DOPA(ワンピ)
OP05-067,ゾロ十郎,R,https://minnano-toreka.com/wp-content/uploads/2026/08/OP05-067_minnanotoreca-10239784.webp,ゾロ十郎（R）[OP05-067],,https://dopa-game.jp/one-piece/dp/10239784,,,,10239784,30682,DOPA(ワンピ)
OP01-016,ナミ,R,https://minnano-toreka.com/wp-content/uploads/2026/08/OP01-016_minnanotoreca-10239785.webp,ナミ（R）[OP01-016],,https://dopa-game.jp/one-piece/dp/10239785,,,,10239785,30683,DOPA(ワンピ)
OP02-018,マルコ,R,https://minnano-toreka.com/wp-content/uploads/2026/08/OP02-018_minnanotoreca-10239786.webp,マルコ（R）[OP02-018],,https://dopa-game.jp/one-piece/dp/10239786,,,,10239786,30684,DOPA(ワンピ)
ST03-008,(未開封)トラファルガー・ロー,C,https://minnano-toreka.com/wp-content/uploads/2026/08/ST03-008_minnanotoreca-10239787.webp,(未開封)トラファルガー・ロー（C）[ST03-008],,https://dopa-game.jp/one-piece/dp/10239787,,,,10239787,30685,DOPA(ワンピ)
P-001,(未開封)モンキー・D・ルフィ,P,https://minnano-toreka.com/wp-content/uploads/2026/08/P-001_minnanotoreca-10239788.webp,(未開封)モンキー・D・ルフィ（P）[P-001],,https://dopa-game.jp/one-piece/dp/10239788,,,,10239788,30686,DOPA(ワンピ)
P-041,(未開封)モンキー・D・ルフィ,P,https://minnano-toreka.com/wp-content/uploads/2026/08/P-041_minnanotoreca-10239789.webp,(未開封)モンキー・D・ルフィ（P）[P-041],,https://dopa-game.jp/one-piece/dp/10239789,,,,10239789,30687,DOPA(ワンピ)
OP03-008,バギー,UC,https://minnano-toreka.com/wp-content/uploads/2026/08/OP03-008_minnanotoreca-10239790.webp,バギー（UC）[OP03-008],,https://dopa-game.jp/one-piece/dp/10239790,,,,10239790,30688,DOPA(ワンピ)
ST01-001,(未開封/金文字)モンキー・D・ルフィ,L,https://minnano-toreka.com/wp-content/uploads/2026/08/ST01-001_minnanotoreca-10239791.webp,(未開封/金文字)モンキー・D・ルフィ（L）[ST01-001],,https://dopa-game.jp/one-piece/dp/10239791,,,,10239791,30689,DOPA(ワンピ)
OP03-009,シャーロット・カタクリ,L,https://minnano-toreka.com/wp-content/uploads/2026/08/OP03-009_minnanotoreca-10239792.webp,シャーロット・カタクリ（L）[OP03-009],,https://dopa-game.jp/one-piece/dp/10239792,,,,10239792,30690,DOPA(ワンピ)
OP06-086,ゲッコー・モリア,SR★,https://minnano-toreka.com/wp-content/uploads/2026/08/OP06-086_minnanotoreca-10239793.webp,ゲッコー・モリア（SR★）[OP06-086],,https://dopa-game.jp/one-piece/dp/10239793,,,,10239793,30691,DOPA(ワンピ)
ST04-005,クイーン,C,https://minnano-toreka.com/wp-content/uploads/2026/08/ST04-005_minnanotoreca-10239794.webp,クイーン（C）[ST04-005],,https://dopa-game.jp/one-piece/dp/10239794,,,,10239794,30692,DOPA(ワンピ)
OP02-085,マゼラン,SR,https://minnano-toreka.com/wp-content/uploads/2026/08/OP02-085_minnanotoreca-10239795.webp,マゼラン（SR）[OP02-085],,https://dopa-game.jp/one-piece/dp/10239795,,,,10239795,30693,DOPA(ワンピ)
OP03-013,マルコ,SR,https://minnano-toreka.com/wp-content/uploads/2026/08/OP03-013_minnanotoreca-10239796.webp,マルコ（SR）[OP03-013],,https://dopa-game.jp/one-piece/dp/10239796,,,,10239796,30694,DOPA(ワンピ)
OP05-093,ロブ・ルッチ,SR,https://minnano-toreka.com/wp-content/uploads/2026/08/OP05-093_minnanotoreca-10239797.webp,ロブ・ルッチ（SR）[OP05-093],,https://dopa-game.jp/one-piece/dp/10239797,,,,10239797,30695,DOPA(ワンピ)
ST10-010,トラファルガー・ロー,SR,https://minnano-toreka.com/wp-content/uploads/2026/08/ST10-010_minnanotoreca-10239798.webp,トラファルガー・ロー（SR）[ST10-010],,https://dopa-game.jp/one-piece/dp/10239798,,,,10239798,30696,DOPA(ワンピ)
P-057,ウタカタララバイ,P,https://minnano-toreka.com/wp-content/uploads/2026/08/P-057_minnanotoreca-10239799.webp,ウタカタララバイ（P）[P-057],,https://dopa-game.jp/one-piece/dp/10239799,,,,10239799,30697,DOPA(ワンピ)
OP05-022,ドンキホーテ・ロシナンテ,L,https://minnano-toreka.com/wp-content/uploads/2026/08/OP05-022_minnanotoreca-10239800.webp,ドンキホーテ・ロシナンテ（L）[OP05-022],,https://dopa-game.jp/one-piece/dp/10239800,,,,10239800,30698,DOPA(ワンピ)
OP01-062,クロコダイル,L,https://minnano-toreka.com/wp-content/uploads/2026/08/OP01-062_minnanotoreca-10239801.webp,クロコダイル（L）[OP01-062],,https://dopa-game.jp/one-piece/dp/10239801,,,,10239801,30699,DOPA(ワンピ)
OP06-042,ヴィンスモーク・レイジュ(パラレル/illust:NIJIMAARC),L,https://minnano-toreka.com/wp-content/uploads/2026/08/OP06-042_minnanotoreca-10239802.webp,ヴィンスモーク・レイジュ(パラレル/illust:NIJIMAARC)（L）[OP06-042],,https://dopa-game.jp/one-piece/dp/10239802,,,,10239802,30700,DOPA(ワンピ)
-,ドン!!カード,-,https://minnano-toreka.com/wp-content/uploads/2026/08/none_minnanotoreca-10239803.webp,ドン!!カード（-）[-],,https://dopa-game.jp/one-piece/dp/10239803,,,,10239803,30701,DOPA(ワンピ)
-,ドン!!カード,-,https://minnano-toreka.com/wp-content/uploads/2026/08/none_minnanotoreca-10239804.webp,ドン!!カード（-）[-],,https://dopa-game.jp/one-piece/dp/10239804,,,,10239804,30702,DOPA(ワンピ)
OP02-002,モンキー・D・ガープ,L,https://minnano-toreka.com/wp-content/uploads/2026/08/OP02-002_minnanotoreca-10239843.webp,モンキー・D・ガープ（L）[OP02-002],,https://dopa-game.jp/one-piece/dp/10239843,,,,10239843,30703,DOPA(ワンピ)
P-003,ユースタス・キッド,P,https://minnano-toreka.com/wp-content/uploads/2026/08/P-003_minnanotoreca-10239845.webp,ユースタス・キッド（P）[P-003],,https://dopa-game.jp/one-piece/dp/10239845,,,,10239845,30704,DOPA(ワンピ)
P-043,モンキー・D・ルフィ,P,https://minnano-toreka.com/wp-content/uploads/2026/08/P-043_minnanotoreca-10239899.webp,モンキー・D・ルフィ（P）[P-043],,https://dopa-game.jp/one-piece/dp/10239899,,,,10239899,30705,DOPA(ワンピ)
ST13-016,ヤマト,C,https://minnano-toreka.com/wp-content/uploads/2026/08/ST13-016_minnanotoreca-10239910.webp,ヤマト（C）[ST13-016],,https://dopa-game.jp/one-piece/dp/10239910,,,,10239910,30706,DOPA(ワンピ)
ST13-015,モンキー・D・ルフィ,SR,https://minnano-toreka.com/wp-content/uploads/2026/08/ST13-015_minnanotoreca-10239911.webp,モンキー・D・ルフィ（SR）[ST13-015],,https://dopa-game.jp/one-piece/dp/10239911,,,,10239911,30707,DOPA(ワンピ)
ST13-014,モンキー・D・ルフィ,C★,https://minnano-toreka.com/wp-content/uploads/2026/08/ST13-014_minnanotoreca-10239912.webp,モンキー・D・ルフィ（C★）[ST13-014],,https://dopa-game.jp/one-piece/dp/10239912,,,,10239912,30708,DOPA(ワンピ)
ST13-012,マキノ,C,https://minnano-toreka.com/wp-content/uploads/2026/08/ST13-012_minnanotoreca-10239914.webp,マキノ（C）[ST13-012],,https://dopa-game.jp/one-piece/dp/10239914,,,,10239914,30709,DOPA(ワンピ)
ST13-011,ポートガス・D・エース,SR★,https://minnano-toreka.com/wp-content/uploads/2026/08/ST13-011_minnanotoreca-10239915.webp,ポートガス・D・エース（SR★）[ST13-011],,https://dopa-game.jp/one-piece/dp/10239915,,,,10239915,30710,DOPA(ワンピ)
ST13-009,シャンクス,C,https://minnano-toreka.com/wp-content/uploads/2026/08/ST13-009_minnanotoreca-10239917.webp,シャンクス（C）[ST13-009],,https://dopa-game.jp/one-piece/dp/10239917,,,,10239917,30711,DOPA(ワンピ)
ST13-004,エドワード・ニューゲート,C,https://minnano-toreka.com/wp-content/uploads/2026/08/ST13-004_minnanotoreca-10239918.webp,エドワード・ニューゲート（C）[ST13-004],,https://dopa-game.jp/one-piece/dp/10239918,,,,10239918,30712,DOPA(ワンピ)
ST13-005,エンポリオ・イワンコフ,R,https://minnano-toreka.com/wp-content/uploads/2026/08/ST13-005_minnanotoreca-10239919.webp,エンポリオ・イワンコフ（R）[ST13-005],,https://dopa-game.jp/one-piece/dp/10239919,,,,10239919,30713,DOPA(ワンピ)
-,ドン!!カード(ピンク/チョッパー),-,https://minnano-toreka.com/wp-content/uploads/2026/08/none_minnanotoreca-10239920.webp,ドン!!カード(ピンク/チョッパー)（-）[-],,https://dopa-game.jp/one-piece/dp/10239920,,,,10239920,30714,DOPA(ワンピ)
-,ドン!!カード,-,https://minnano-toreka.com/wp-content/uploads/2026/08/none_minnanotoreca-10239921.webp,ドン!!カード（-）[-],,https://dopa-game.jp/one-piece/dp/10239921,,,,10239921,30715,DOPA(ワンピ)
-,ドン!!カード,-,https://minnano-toreka.com/wp-content/uploads/2026/08/none_minnanotoreca-10239922.webp,ドン!!カード（-）[-],,https://dopa-game.jp/one-piece/dp/10239922,,,,10239922,30716,DOPA(ワンピ)
-,ドン!!カード,-,https://minnano-toreka.com/wp-content/uploads/2026/08/none_minnanotoreca-10239923.webp,ドン!!カード（-）[-],,https://dopa-game.jp/one-piece/dp/10239923,,,,10239923,30717,DOPA(ワンピ)
-,ドン!!カード,-,https://minnano-toreka.com/wp-content/uploads/2026/08/none_minnanotoreca-10239924.webp,ドン!!カード（-）[-],,https://dopa-game.jp/one-piece/dp/10239924,,,,10239924,30718,DOPA(ワンピ)
-,ドン!!カード,-,https://minnano-toreka.com/wp-content/uploads/2026/08/none_minnanotoreca-10239925.webp,ドン!!カード（-）[-],,https://dopa-game.jp/one-piece/dp/10239925,,,,10239925,30719,DOPA(ワンピ)
OP06-118,ロロノア・ゾロ(パラレル/漫画背景/漫画絵),SEC,https://minnano-toreka.com/wp-content/uploads/2026/08/OP06-118_minnanotoreca-10239962.webp,ロロノア・ゾロ(パラレル/漫画背景/漫画絵)（SEC）[OP06-118],,https://dopa-game.jp/one-piece/dp/10239962,,,,10239962,30720,DOPA(ワンピ)
OP02-013,ポートガス・D・エース(パラレル/漫画背景/漫画絵/左下ロゴ無),SR,https://minnano-toreka.com/wp-content/uploads/2026/08/OP02-013_minnanotoreca-10239968.webp,ポートガス・D・エース(パラレル/漫画背景/漫画絵/左下ロゴ無)（SR）[OP02-013],,https://dopa-game.jp/one-piece/dp/10239968,,,,10239968,30721,DOPA(ワンピ)
OP01-120,シャンクス,SEC,https://minnano-toreka.com/wp-content/uploads/2026/08/OP01-120_minnanotoreca-10239976.webp,シャンクス（SEC）[OP01-120],,https://dopa-game.jp/one-piece/dp/10239976,,,,10239976,30722,DOPA(ワンピ)
OP05-069,トラファルガー・ロー,SR,https://minnano-toreka.com/wp-content/uploads/2026/08/OP05-069_minnanotoreca-10239977.webp,トラファルガー・ロー（SR）[OP05-069],,https://dopa-game.jp/one-piece/dp/10239977,,,,10239977,30723,DOPA(ワンピ)
OP06-101,おナミ,R★,https://minnano-toreka.com/wp-content/uploads/2026/08/OP06-101_minnanotoreca-10239978.webp,おナミ（R★）[OP06-101],,https://dopa-game.jp/one-piece/dp/10239978,,,,10239978,30724,DOPA(ワンピ)
P,モンキー・D・ルフィ,L,https://minnano-toreka.com/wp-content/uploads/2026/08/P_minnanotoreca-10239979.webp,モンキー・D・ルフィ（L）[P],,https://dopa-game.jp/one-piece/dp/10239979,,,,10239979,30725,DOPA(ワンピ)
OP05-041,サカズキ,L,https://minnano-toreka.com/wp-content/uploads/2026/08/OP05-041_minnanotoreca-10239980.webp,サカズキ（L）[OP05-041],,https://dopa-game.jp/one-piece/dp/10239980,,,,10239980,30726,DOPA(ワンピ)
OP06-080,ゲッコー・モリア,L,https://minnano-toreka.com/wp-content/uploads/2026/08/OP06-080_minnanotoreca-10239981.webp,ゲッコー・モリア（L）[OP06-080],,https://dopa-game.jp/one-piece/dp/10239981,,,,10239981,30727,DOPA(ワンピ)
OP01-061,カイドウ,L,https://minnano-toreka.com/wp-content/uploads/2026/08/OP01-061_minnanotoreca-10239982.webp,カイドウ（L）[OP01-061],,https://dopa-game.jp/one-piece/dp/10239982,,,,10239982,30728,DOPA(ワンピ)
OP03-121,雷霆,C,https://minnano-toreka.com/wp-content/uploads/2026/08/OP03-121_minnanotoreca-10239983.webp,雷霆（C）[OP03-121],,https://dopa-game.jp/one-piece/dp/10239983,,,,10239983,30729,DOPA(ワンピ)
ST04-016,熱息,C,https://minnano-toreka.com/wp-content/uploads/2026/08/ST04-016_minnanotoreca-10239984.webp,熱息（C）[ST04-016],,https://dopa-game.jp/one-piece/dp/10239984,,,,10239984,30730,DOPA(ワンピ)
OP04-066,ミス・バレンタイン ミキータ,R,https://minnano-toreka.com/wp-content/uploads/2026/08/OP04-066_minnanotoreca-10239985.webp,ミス・バレンタイン ミキータ（R）[OP04-066],,https://dopa-game.jp/one-piece/dp/10239985,,,,10239985,30731,DOPA(ワンピ)
OP04-039,レベッカ,L,https://minnano-toreka.com/wp-content/uploads/2026/08/OP04-039_minnanotoreca-10239986.webp,レベッカ（L）[OP04-039],,https://dopa-game.jp/one-piece/dp/10239986,,,,10239986,30732,DOPA(ワンピ)
OP06-001,ウタ,L,https://minnano-toreka.com/wp-content/uploads/2026/08/OP06-001_minnanotoreca-10239987.webp,ウタ（L）[OP06-001],,https://dopa-game.jp/one-piece/dp/10239987,,,,10239987,30733,DOPA(ワンピ)
ST13-003,モンキー・D・ルフィ,L,https://minnano-toreka.com/wp-content/uploads/2026/08/ST13-003_minnanotoreca-10239989.webp,モンキー・D・ルフィ（L）[ST13-003],,https://dopa-game.jp/one-piece/dp/10239989,,,,10239989,30734,DOPA(ワンピ)
OP06-021,ペローナ,L,https://minnano-toreka.com/wp-content/uploads/2026/08/OP06-021_minnanotoreca-10240010.webp,ペローナ（L）[OP06-021],,https://dopa-game.jp/one-piece/dp/10240010,,,,10240010,30735,DOPA(ワンピ)
ST13-001,サボ(カラー版),L,https://minnano-toreka.com/wp-content/uploads/2026/08/ST13-001_minnanotoreca-10240011.webp,サボ(カラー版)（L）[ST13-001],,https://dopa-game.jp/one-piece/dp/10240011,,,,10240011,30736,DOPA(ワンピ)
OP05-007,サボ,SR,https://minnano-toreka.com/wp-content/uploads/2026/08/OP05-007_minnanotoreca-10240014.webp,サボ（SR）[OP05-007],,https://dopa-game.jp/one-piece/dp/10240014,,,,10240014,30737,DOPA(ワンピ)
OP06-022,ヤマト,L,https://minnano-toreka.com/wp-content/uploads/2026/08/OP06-022_minnanotoreca-10240016.webp,ヤマト（L）[OP06-022],,https://dopa-game.jp/one-piece/dp/10240016,,,,10240016,30738,DOPA(ワンピ)
P-011,ウタ,L,https://minnano-toreka.com/wp-content/uploads/2026/08/P-011_minnanotoreca-10240020.webp,ウタ（L）[P-011],,https://dopa-game.jp/one-piece/dp/10240020,,,,10240020,30739,DOPA(ワンピ)
ST10-002,モンキー・D・ルフィ,L,https://minnano-toreka.com/wp-content/uploads/2026/08/ST10-002_minnanotoreca-10240021.webp,モンキー・D・ルフィ（L）[ST10-002],,https://dopa-game.jp/one-piece/dp/10240021,,,,10240021,30740,DOPA(ワンピ)
OP01-005,ウタ,R,https://minnano-toreka.com/wp-content/uploads/2026/08/OP01-005_minnanotoreca-10240023.webp,ウタ（R）[OP01-005],,https://dopa-game.jp/one-piece/dp/10240023,,,,10240023,30741,DOPA(ワンピ)
ST13-008,サボ,SR,https://minnano-toreka.com/wp-content/uploads/2026/08/ST13-008_minnanotoreca-10240025.webp,サボ（SR）[ST13-008],,https://dopa-game.jp/one-piece/dp/10240025,,,,10240025,30742,DOPA(ワンピ)
OP06-063,ヴィンスモーク・ソラ,UC,https://minnano-toreka.com/wp-content/uploads/2026/08/OP06-063_minnanotoreca-10240027.webp,ヴィンスモーク・ソラ（UC）[OP06-063],,https://dopa-game.jp/one-piece/dp/10240027,,,,10240027,30743,DOPA(ワンピ)
ST13-015,モンキー・D・ルフィ,SR,https://minnano-toreka.com/wp-content/uploads/2026/08/ST13-015_minnanotoreca-10240028.webp,モンキー・D・ルフィ（SR）[ST13-015],,https://dopa-game.jp/one-piece/dp/10240028,,,,10240028,30744,DOPA(ワンピ)
P06-042,ヴィンスモーク・レイジュ,L,https://minnano-toreka.com/wp-content/uploads/2026/08/P06-042_minnanotoreca-10240030.webp,ヴィンスモーク・レイジュ（L）[P06-042],,https://dopa-game.jp/one-piece/dp/10240030,,,,10240030,30745,DOPA(ワンピ)
ST13-013,モンキー・D・ガープ,SR,https://minnano-toreka.com/wp-content/uploads/2026/08/ST13-013_minnanotoreca-10240031.webp,モンキー・D・ガープ（SR）[ST13-013],,https://dopa-game.jp/one-piece/dp/10240031,,,,10240031,30746,DOPA(ワンピ)
OP05-006,コアラ,SR,https://minnano-toreka.com/wp-content/uploads/2026/08/OP05-006_minnanotoreca-10240032.webp,コアラ（SR）[OP05-006],,https://dopa-game.jp/one-piece/dp/10240032,,,,10240032,30747,DOPA(ワンピ)
OP02-114,ボルサリーノ,SR,https://minnano-toreka.com/wp-content/uploads/2026/08/OP02-114_minnanotoreca-10240033.webp,ボルサリーノ（SR）[OP02-114],,https://dopa-game.jp/one-piece/dp/10240033,,,,10240033,30748,DOPA(ワンピ)
OP06-119,サンジ,SEC,https://minnano-toreka.com/wp-content/uploads/2026/08/OP06-119_minnanotoreca-10240035.webp,サンジ（SEC）[OP06-119],,https://dopa-game.jp/one-piece/dp/10240035,,,,10240035,30749,DOPA(ワンピ)
OP01-005,ウタ,R,https://minnano-toreka.com/wp-content/uploads/2026/08/OP01-005_minnanotoreca-10240036.webp,ウタ（R）[OP01-005],,https://dopa-game.jp/one-piece/dp/10240036,,,,10240036,30750,DOPA(ワンピ)
OP01-094,カイドウ,SR,https://minnano-toreka.com/wp-content/uploads/2026/08/OP01-094_minnanotoreca-10240089.webp,カイドウ（SR）[OP01-094],,https://dopa-game.jp/one-piece/dp/10240089,,,,10240089,30751,DOPA(ワンピ)
OP02-121,クザン,SEC,https://minnano-toreka.com/wp-content/uploads/2026/08/OP02-121_minnanotoreca-10240092.webp,クザン（SEC）[OP02-121],,https://dopa-game.jp/one-piece/dp/10240092,,,,10240092,30752,DOPA(ワンピ)
OP02-004,エドワード・ニューゲート,SR,https://minnano-toreka.com/wp-content/uploads/2026/08/OP02-004_minnanotoreca-10240096.webp,エドワード・ニューゲート（SR）[OP02-004],,https://dopa-game.jp/one-piece/dp/10240096,,,,10240096,30753,DOPA(ワンピ)
ST01-006,トニートニー・チョッパー,C,https://minnano-toreka.com/wp-content/uploads/2026/08/ST01-006_minnanotoreca-10240101.webp,トニートニー・チョッパー（C）[ST01-006],,https://dopa-game.jp/one-piece/dp/10240101,,,,10240101,30754,DOPA(ワンピ)
ST13-011,ポートガス・D・エース,SR,https://minnano-toreka.com/wp-content/uploads/2026/08/ST13-011_minnanotoreca-10240103.webp,ポートガス・D・エース（SR）[ST13-011],,https://dopa-game.jp/one-piece/dp/10240103,,,,10240103,30755,DOPA(ワンピ)
ST13-006,カーリー・ダダン,C,https://minnano-toreka.com/wp-content/uploads/2026/08/ST13-006_minnanotoreca-10240105.webp,カーリー・ダダン（C）[ST13-006],,https://dopa-game.jp/one-piece/dp/10240105,,,,10240105,30756,DOPA(ワンピ)
OP04-105,シャーロット・アマンド,R,https://minnano-toreka.com/wp-content/uploads/2026/08/OP04-105_minnanotoreca-10240109.webp,シャーロット・アマンド（R）[OP04-105],,https://dopa-game.jp/one-piece/dp/10240109,,,,10240109,30757,DOPA(ワンピ)
ST01-007,ナミ,C,https://minnano-toreka.com/wp-content/uploads/2026/08/ST01-007_minnanotoreca-10240112.webp,ナミ（C）[ST01-007],,https://dopa-game.jp/one-piece/dp/10240112,,,,10240112,30758,DOPA(ワンピ)
OP06-035,ホーディ・ジョーンズ,SR,https://minnano-toreka.com/wp-content/uploads/2026/08/OP06-035_minnanotoreca-10240115.webp,ホーディ・ジョーンズ（SR）[OP06-035],,https://dopa-game.jp/one-piece/dp/10240115,,,,10240115,30759,DOPA(ワンピ)
OP02-120,ウタ,SEC,https://minnano-toreka.com/wp-content/uploads/2026/08/OP02-120_minnanotoreca-10240120.webp,ウタ（SEC）[OP02-120],,https://dopa-game.jp/one-piece/dp/10240120,,,,10240120,30760,DOPA(ワンピ)
OP05-118,カイドウ,SEC,https://minnano-toreka.com/wp-content/uploads/2026/08/OP05-118_minnanotoreca-10240123.webp,カイドウ（SEC）[OP05-118],,https://dopa-game.jp/one-piece/dp/10240123,,,,10240123,30761,DOPA(ワンピ)
P-034,サンジ,P,https://minnano-toreka.com/wp-content/uploads/2026/08/P-034_minnanotoreca-10240125.webp,サンジ（P）[P-034],,https://dopa-game.jp/one-piece/dp/10240125,,,,10240125,30762,DOPA(ワンピ)
OP03-044,カヤ,R,https://minnano-toreka.com/wp-content/uploads/2026/08/OP03-044_minnanotoreca-10240128.webp,カヤ（R）[OP03-044],,https://dopa-game.jp/one-piece/dp/10240128,,,,10240128,30763,DOPA(ワンピ)
P-001,モンキー・D・ルフィ(漫画背景),P,https://minnano-toreka.com/wp-content/uploads/2026/08/P-001_minnanotoreca-10240132.webp,モンキー・D・ルフィ(漫画背景)（P）[P-001],,https://dopa-game.jp/one-piece/dp/10240132,,,,10240132,30764,DOPA(ワンピ)
ST01-004,サンジ,C,https://minnano-toreka.com/wp-content/uploads/2026/08/ST01-004_minnanotoreca-10240134.webp,サンジ（C）[ST01-004],,https://dopa-game.jp/one-piece/dp/10240134,,,,10240134,30765,DOPA(ワンピ)
P-059,世界のつづき,P,https://minnano-toreka.com/wp-content/uploads/2026/08/P-059_minnanotoreca-10240137.webp,世界のつづき（P）[P-059],,https://dopa-game.jp/one-piece/dp/10240137,,,,10240137,30766,DOPA(ワンピ)
P-016,シャンクス,P,https://minnano-toreka.com/wp-content/uploads/2026/08/P-016_minnanotoreca-10240141.webp,シャンクス（P）[P-016],,https://dopa-game.jp/one-piece/dp/10240141,,,,10240141,30767,DOPA(ワンピ)
ST01-009,ネフェルタリ・ビビ,C,https://minnano-toreka.com/wp-content/uploads/2026/08/ST01-009_minnanotoreca-10240143.webp,ネフェルタリ・ビビ（C）[ST01-009],,https://dopa-game.jp/one-piece/dp/10240143,,,,10240143,30768,DOPA(ワンピ)
OP03-044,カヤ,R,https://minnano-toreka.com/wp-content/uploads/2026/08/OP03-044_minnanotoreca-10240146.webp,カヤ（R）[OP03-044],,https://dopa-game.jp/one-piece/dp/10240146,,,,10240146,30769,DOPA(ワンピ)
OP05-100,エネル,SR,https://minnano-toreka.com/wp-content/uploads/2026/08/OP05-100_minnanotoreca-10240149.webp,エネル（SR）[OP05-100],,https://dopa-game.jp/one-piece/dp/10240149,,,,10240149,30770,DOPA(ワンピ)
OP04-031,ドンキホーテ・ドフラミンゴ,SR★,https://minnano-toreka.com/wp-content/uploads/2026/08/OP04-031_minnanotoreca-10240152.webp,ドンキホーテ・ドフラミンゴ（SR★）[OP04-031],,https://dopa-game.jp/one-piece/dp/10240152,,,,10240152,30771,DOPA(ワンピ)
OP03-122,そげキング,SEC,https://minnano-toreka.com/wp-content/uploads/2026/08/OP03-122_minnanotoreca-10240154.webp,そげキング（SEC）[OP03-122],,https://dopa-game.jp/one-piece/dp/10240154,,,,10240154,30772,DOPA(ワンピ)
OP03-114,シャーロット・リンリン,SP,https://minnano-toreka.com/wp-content/uploads/2026/08/OP03-114_minnanotoreca-10240158.webp,シャーロット・リンリン（SP）[OP03-114],,https://dopa-game.jp/one-piece/dp/10240158,,,,10240158,30773,DOPA(ワンピ)
OP02-025,錦えもん,L,https://minnano-toreka.com/wp-content/uploads/2026/08/OP02-025_minnanotoreca-10240162.webp,錦えもん（L）[OP02-025],,https://dopa-game.jp/one-piece/dp/10240162,,,,10240162,30774,DOPA(ワンピ)
OP02-099,サカズキ,SR,https://minnano-toreka.com/wp-content/uploads/2026/08/OP02-099_minnanotoreca-10240202.webp,サカズキ（SR）[OP02-099],,https://dopa-game.jp/one-piece/dp/10240202,,,,10240202,30775,DOPA(ワンピ)
OP02-072,ゼット,L,https://minnano-toreka.com/wp-content/uploads/2026/08/OP02-072_minnanotoreca-10240204.webp,ゼット（L）[OP02-072],,https://dopa-game.jp/one-piece/dp/10240204,,,,10240204,30776,DOPA(ワンピ)
-,ドン!!カード,-,https://minnano-toreka.com/wp-content/uploads/2026/08/none_minnanotoreca-10240208.webp,ドン!!カード（-）[-],,https://dopa-game.jp/one-piece/dp/10240208,,,,10240208,30777,DOPA(ワンピ)
P-001,モンキー・D・ルフィ,P,https://minnano-toreka.com/wp-content/uploads/2026/08/P-001_minnanotoreca-10240213.webp,モンキー・D・ルフィ（P）[P-001],,https://dopa-game.jp/one-piece/dp/10240213,,,,10240213,30778,DOPA(ワンピ)
ST01-006,トニートニー・チョッパー,C,https://minnano-toreka.com/wp-content/uploads/2026/08/ST01-006_minnanotoreca-10240214.webp,トニートニー・チョッパー（C）[ST01-006],,https://dopa-game.jp/one-piece/dp/10240214,,,,10240214,30779,DOPA(ワンピ)
ST08-002,ウタ,SR,https://minnano-toreka.com/wp-content/uploads/2026/08/ST08-002_minnanotoreca-10240217.webp,ウタ（SR）[ST08-002],,https://dopa-game.jp/one-piece/dp/10240217,,,,10240217,30780,DOPA(ワンピ)
OP02-029,キャロット,R,https://minnano-toreka.com/wp-content/uploads/2026/08/OP02-029_minnanotoreca-10240220.webp,キャロット（R）[OP02-029],,https://dopa-game.jp/one-piece/dp/10240220,,,,10240220,30781,DOPA(ワンピ)
OP02-004,エドワード・ニューゲート(パラレル/illust:Hayaken-sarena),SP,https://minnano-toreka.com/wp-content/uploads/2026/08/OP02-004_minnanotoreca-10240221.webp,エドワード・ニューゲート(パラレル/illust:Hayaken-sarena)（SP）[OP02-004],,https://dopa-game.jp/one-piece/dp/10240221,,,,10240221,30782,DOPA(ワンピ)
OP01-024,モンキー・D・ルフィ,SR,https://minnano-toreka.com/wp-content/uploads/2026/08/OP01-024_minnanotoreca-10240225.webp,モンキー・D・ルフィ（SR）[OP01-024],,https://dopa-game.jp/one-piece/dp/10240225,,,,10240225,30783,DOPA(ワンピ)
OP01-060,ドンキホーテ・ドフラミンゴ,L,https://minnano-toreka.com/wp-content/uploads/2026/08/OP01-060_minnanotoreca-10240229.webp,ドンキホーテ・ドフラミンゴ（L）[OP01-060],,https://dopa-game.jp/one-piece/dp/10240229,,,,10240229,30784,DOPA(ワンピ)
OP01-013,サンジ,R,https://minnano-toreka.com/wp-content/uploads/2026/08/OP01-013_minnanotoreca-10240231.webp,サンジ（R）[OP01-013],,https://dopa-game.jp/one-piece/dp/10240231,,,,10240231,30785,DOPA(ワンピ)
OP01-013,サンジ,R,https://minnano-toreka.com/wp-content/uploads/2026/08/OP01-013_minnanotoreca-10240234.webp,サンジ（R）[OP01-013],,https://dopa-game.jp/one-piece/dp/10240234,,,,10240234,30786,DOPA(ワンピ)
OP01-031,光月おでん,L,https://minnano-toreka.com/wp-content/uploads/2026/08/OP01-031_minnanotoreca-10240236.webp,光月おでん（L）[OP01-031],,https://dopa-game.jp/one-piece/dp/10240236,,,,10240236,30787,DOPA(ワンピ)
OP01-097,クイーン,R,https://minnano-toreka.com/wp-content/uploads/2026/08/OP01-097_minnanotoreca-10240239.webp,クイーン（R）[OP01-097],,https://dopa-game.jp/one-piece/dp/10240239,,,,10240239,30788,DOPA(ワンピ)
OP01-091,キング,L,https://minnano-toreka.com/wp-content/uploads/2026/08/OP01-091_minnanotoreca-10240242.webp,キング（L）[OP01-091],,https://dopa-game.jp/one-piece/dp/10240242,,,,10240242,30789,DOPA(ワンピ)
OP01-096,キング,SR,https://minnano-toreka.com/wp-content/uploads/2026/08/OP01-096_minnanotoreca-10240245.webp,キング（SR）[OP01-096],,https://dopa-game.jp/one-piece/dp/10240245,,,,10240245,30790,DOPA(ワンピ)
OP01-120,シャンクス,SEC,https://minnano-toreka.com/wp-content/uploads/2026/08/OP01-120_minnanotoreca-10240251.webp,シャンクス（SEC）[OP01-120],,https://dopa-game.jp/one-piece/dp/10240251,,,,10240251,30791,DOPA(ワンピ)
OP05-051,ボルサリーノ,SR★,https://minnano-toreka.com/wp-content/uploads/2026/08/OP05-051_minnanotoreca-10240253.webp,ボルサリーノ（SR★）[OP05-051],,https://dopa-game.jp/one-piece/dp/10240253,,,,10240253,30792,DOPA(ワンピ)
OP06-062,ヴィンスモーク・ジャッジ,SR,https://minnano-toreka.com/wp-content/uploads/2026/08/OP06-062_minnanotoreca-10240271.webp,ヴィンスモーク・ジャッジ（SR）[OP06-062],,https://dopa-game.jp/one-piece/dp/10240271,,,,10240271,30793,DOPA(ワンピ)
OP06-069,ヴィンスモーク・レイジュ,SR★,https://minnano-toreka.com/wp-content/uploads/2026/08/OP06-069_minnanotoreca-10240273.webp,ヴィンスモーク・レイジュ（SR★）[OP06-069],,https://dopa-game.jp/one-piece/dp/10240273,,,,10240273,30794,DOPA(ワンピ)
OP06-050,たしぎ,R,https://minnano-toreka.com/wp-content/uploads/2026/08/OP06-050_minnanotoreca-10240274.webp,たしぎ（R）[OP06-050],,https://dopa-game.jp/one-piece/dp/10240274,,,,10240274,30795,DOPA(ワンピ)
OP02-059,ボア・ハンコック,UC,https://minnano-toreka.com/wp-content/uploads/2026/08/OP02-059_minnanotoreca-10240275.webp,ボア・ハンコック（UC）[OP02-059],,https://dopa-game.jp/one-piece/dp/10240275,,,,10240275,30796,DOPA(ワンピ)
P-065,トニートニー・チョッパー,P,https://minnano-toreka.com/wp-content/uploads/2026/08/P-065_minnanotoreca-10240276.webp,トニートニー・チョッパー（P）[P-065],,https://dopa-game.jp/one-piece/dp/10240276,,,,10240276,30797,DOPA(ワンピ)
OP02-120,ウタ,SEC,https://minnano-toreka.com/wp-content/uploads/2026/08/OP02-120_minnanotoreca-10240277.webp,ウタ（SEC）[OP02-120],,https://dopa-game.jp/one-piece/dp/10240277,,,,10240277,30798,DOPA(ワンピ)
ST01-006,トニートニー・チョッパー,C,https://minnano-toreka.com/wp-content/uploads/2026/08/ST01-006_minnanotoreca-10240279.webp,トニートニー・チョッパー（C）[ST01-006],,https://dopa-game.jp/one-piece/dp/10240279,,,,10240279,30799,DOPA(ワンピ)
-,ドン!!カード(ゾロ十郎と!!!サン五郎だア),-,https://minnano-toreka.com/wp-content/uploads/2026/08/none_minnanotoreca-10240280.webp,ドン!!カード(ゾロ十郎と!!!サン五郎だア)（-）[-],,https://dopa-game.jp/one-piece/dp/10240280,,,,10240280,30800,DOPA(ワンピ)
OP02-034,トニートニー・チョッパー,UC,https://minnano-toreka.com/wp-content/uploads/2026/08/OP02-034_minnanotoreca-10240281.webp,トニートニー・チョッパー（UC）[OP02-034],,https://dopa-game.jp/one-piece/dp/10240281,,,,10240281,30801,DOPA(ワンピ)
OP05-074,ユースタス・キッド(パラレル/漫画背景/漫画絵),SR,https://minnano-toreka.com/wp-content/uploads/2026/08/OP05-074_minnanotoreca-10240282.webp,ユースタス・キッド(パラレル/漫画背景/漫画絵)（SR）[OP05-074],,https://dopa-game.jp/one-piece/dp/10240282,,,,10240282,30802,DOPA(ワンピ)
OP01-029,ラディカルビーーーム!!!!,UC,https://minnano-toreka.com/wp-content/uploads/2026/08/OP01-029_minnanotoreca-10240283.webp,ラディカルビーーーム!!!!（UC）[OP01-029],,https://dopa-game.jp/one-piece/dp/10240283,,,,10240283,30803,DOPA(ワンピ)
OP05-051,ボルサリーノ,SR,https://minnano-toreka.com/wp-content/uploads/2026/08/OP05-051_minnanotoreca-10240284.webp,ボルサリーノ（SR）[OP05-051],,https://dopa-game.jp/one-piece/dp/10240284,,,,10240284,30804,DOPA(ワンピ)
OP06-007,シャンクス,SR,https://minnano-toreka.com/wp-content/uploads/2026/08/OP06-007_minnanotoreca-10240285.webp,シャンクス（SR）[OP06-007],,https://dopa-game.jp/one-piece/dp/10240285,,,,10240285,30805,DOPA(ワンピ)
P-041,モンキー・D・ルフィ,P,https://minnano-toreka.com/wp-content/uploads/2026/08/P-041_minnanotoreca-10240286.webp,モンキー・D・ルフィ（P）[P-041],,https://dopa-game.jp/one-piece/dp/10240286,,,,10240286,30806,DOPA(ワンピ)
OP06-007,シャンクス,SR,https://minnano-toreka.com/wp-content/uploads/2026/08/OP06-007_minnanotoreca-10240287.webp,シャンクス（SR）[OP06-007],,https://dopa-game.jp/one-piece/dp/10240287,,,,10240287,30807,DOPA(ワンピ)
OP06-43,アラマキ,SR,https://minnano-toreka.com/wp-content/uploads/2026/08/OP06-43_minnanotoreca-10240288.webp,アラマキ（SR）[OP06-43],,https://dopa-game.jp/one-piece/dp/10240288,,,,10240288,30808,DOPA(ワンピ)
OP04-083,サボ,SR,https://minnano-toreka.com/wp-content/uploads/2026/08/OP04-083_minnanotoreca-10240289.webp,サボ（SR）[OP04-083],,https://dopa-game.jp/one-piece/dp/10240289,,,,10240289,30809,DOPA(ワンピ)
ST03-008,(未開封)トラファルガー・ロー,C,https://minnano-toreka.com/wp-content/uploads/2026/08/ST03-008_minnanotoreca-10240290.webp,(未開封)トラファルガー・ロー（C）[ST03-008],,https://dopa-game.jp/one-piece/dp/10240290,,,,10240290,30810,DOPA(ワンピ)
OP01-094,(未開封)カイドウ,SR,https://minnano-toreka.com/wp-content/uploads/2026/08/OP01-094_minnanotoreca-10240291.webp,(未開封)カイドウ（SR）[OP01-094],,https://dopa-game.jp/one-piece/dp/10240291,,,,10240291,30811,DOPA(ワンピ)
OP06-047,シャーロット・プリン,R,https://minnano-toreka.com/wp-content/uploads/2026/08/OP06-047_minnanotoreca-10240292.webp,シャーロット・プリン（R）[OP06-047],,https://dopa-game.jp/one-piece/dp/10240292,,,,10240292,30812,DOPA(ワンピ)
ST11-005,私は最強,C,https://minnano-toreka.com/wp-content/uploads/2026/08/ST11-005_minnanotoreca-10240293.webp,私は最強（C）[ST11-005],,https://dopa-game.jp/one-piece/dp/10240293,,,,10240293,30813,DOPA(ワンピ)
ST03-013,ボア・ハンコック,C,https://minnano-toreka.com/wp-content/uploads/2026/08/ST03-013_minnanotoreca-10240294.webp,ボア・ハンコック（C）[ST03-013],,https://dopa-game.jp/one-piece/dp/10240294,,,,10240294,30814,DOPA(ワンピ)
P-003,(未開封)ユースタス・キッド,Ｐ,https://minnano-toreka.com/wp-content/uploads/2026/08/P-003_minnanotoreca-10240295.webp,(未開封)ユースタス・キッド（Ｐ）[P-003],,https://dopa-game.jp/one-piece/dp/10240295,,,,10240295,30815,DOPA(ワンピ)
OP05-119,モンキー・D・ルフィ(パラレル/漫画背景/漫画絵),SEC,https://minnano-toreka.com/wp-content/uploads/2026/08/OP05-119_minnanotoreca-10240413.webp,モンキー・D・ルフィ(パラレル/漫画背景/漫画絵)（SEC）[OP05-119],,https://dopa-game.jp/one-piece/dp/10240413,,,,10240413,30816,DOPA(ワンピ)
ST13-003,モンキー・D・ルフィ,L,https://minnano-toreka.com/wp-content/uploads/2026/08/ST13-003_minnanotoreca-10240414.webp,モンキー・D・ルフィ（L）[ST13-003],,https://dopa-game.jp/one-piece/dp/10240414,,,,10240414,30817,DOPA(ワンピ)
ST13-010,ポートガス・D・エース,C,https://minnano-toreka.com/wp-content/uploads/2026/08/ST13-010_minnanotoreca-10240415.webp,ポートガス・D・エース（C）[ST13-010],,https://dopa-game.jp/one-piece/dp/10240415,,,,10240415,30818,DOPA(ワンピ)
ST13-009,シャンクス,C,https://minnano-toreka.com/wp-content/uploads/2026/08/ST13-009_minnanotoreca-10240416.webp,シャンクス（C）[ST13-009],,https://dopa-game.jp/one-piece/dp/10240416,,,,10240416,30819,DOPA(ワンピ)
ST13-007,サボ,C,https://minnano-toreka.com/wp-content/uploads/2026/08/ST13-007_minnanotoreca-10240418.webp,サボ（C）[ST13-007],,https://dopa-game.jp/one-piece/dp/10240418,,,,10240418,30820,DOPA(ワンピ)
ST13-001,サボ(パラレル/白黒版),L,https://minnano-toreka.com/wp-content/uploads/2026/08/ST13-001_minnanotoreca-10240419.webp,サボ(パラレル/白黒版)（L）[ST13-001],,https://dopa-game.jp/one-piece/dp/10240419,,,,10240419,30821,DOPA(ワンピ)
OP01-111,ブラックマリア,R,https://minnano-toreka.com/wp-content/uploads/2026/08/OP01-111_minnanotoreca-10240420.webp,ブラックマリア（R）[OP01-111],,https://dopa-game.jp/one-piece/dp/10240420,,,,10240420,30822,DOPA(ワンピ)
OP02-096,クザン,SR,https://minnano-toreka.com/wp-content/uploads/2026/08/OP02-096_minnanotoreca-10240421.webp,クザン（SR）[OP02-096],,https://dopa-game.jp/one-piece/dp/10240421,,,,10240421,30823,DOPA(ワンピ)
-,ドン!!カード,-,https://minnano-toreka.com/wp-content/uploads/2026/08/none_minnanotoreca-10240422.webp,ドン!!カード（-）[-],,https://dopa-game.jp/one-piece/dp/10240422,,,,10240422,30824,DOPA(ワンピ)
OP03-116,しらほし,UC,https://minnano-toreka.com/wp-content/uploads/2026/08/OP03-116_minnanotoreca-10240423.webp,しらほし（UC）[OP03-116],,https://dopa-game.jp/one-piece/dp/10240423,,,,10240423,30825,DOPA(ワンピ)
OP06-068,ヴィンスモーク・レイジュ,C,https://minnano-toreka.com/wp-content/uploads/2026/08/OP06-068_minnanotoreca-10240876.webp,ヴィンスモーク・レイジュ（C）[OP06-068],,https://dopa-game.jp/one-piece/dp/10240876,,,,10240876,30826,DOPA(ワンピ)
OP02-031,光月トキ,UC,https://minnano-toreka.com/wp-content/uploads/2026/08/OP02-031_minnanotoreca-10240878.webp,光月トキ（UC）[OP02-031],,https://dopa-game.jp/one-piece/dp/10240878,,,,10240878,30827,DOPA(ワンピ)
ST08-007,ネフェルタリ・ビビ,C,https://minnano-toreka.com/wp-content/uploads/2026/08/ST08-007_minnanotoreca-10240879.webp,ネフェルタリ・ビビ（C）[ST08-007],,https://dopa-game.jp/one-piece/dp/10240879,,,,10240879,30828,DOPA(ワンピ)
ST13-002,ポートガス・D・エース,L,https://minnano-toreka.com/wp-content/uploads/2026/08/ST13-002_minnanotoreca-10240881.webp,ポートガス・D・エース（L）[ST13-002],,https://dopa-game.jp/one-piece/dp/10240881,,,,10240881,30829,DOPA(ワンピ)
OP01-016,ナミ,R,https://minnano-toreka.com/wp-content/uploads/2026/08/OP01-016_minnanotoreca-10240882.webp,ナミ（R）[OP01-016],,https://dopa-game.jp/one-piece/dp/10240882,,,,10240882,30830,DOPA(ワンピ)
ST13-012,マキノ,C,https://minnano-toreka.com/wp-content/uploads/2026/08/ST13-012_minnanotoreca-10240884.webp,マキノ（C）[ST13-012],,https://dopa-game.jp/one-piece/dp/10240884,,,,10240884,30831,DOPA(ワンピ)
OP02-043,ロロノア・ゾロ,C,https://minnano-toreka.com/wp-content/uploads/2026/08/OP02-043_minnanotoreca-10240885.webp,ロロノア・ゾロ（C）[OP02-043],,https://dopa-game.jp/one-piece/dp/10240885,,,,10240885,30832,DOPA(ワンピ)
ST13-013,モンキー・D・ガープ,SR,https://minnano-toreka.com/wp-content/uploads/2026/08/ST13-013_minnanotoreca-10240887.webp,モンキー・D・ガープ（SR）[ST13-013],,https://dopa-game.jp/one-piece/dp/10240887,,,,10240887,30833,DOPA(ワンピ)
OP02-041,モンキー・D・ルフィ,R,https://minnano-toreka.com/wp-content/uploads/2026/08/OP02-041_minnanotoreca-10240888.webp,モンキー・D・ルフィ（R）[OP02-041],,https://dopa-game.jp/one-piece/dp/10240888,,,,10240888,30834,DOPA(ワンピ)
ST13-014,モンキー・D・ルフィ,C,https://minnano-toreka.com/wp-content/uploads/2026/08/ST13-014_minnanotoreca-10240890.webp,モンキー・D・ルフィ（C）[ST13-014],,https://dopa-game.jp/one-piece/dp/10240890,,,,10240890,30835,DOPA(ワンピ)
OP04-011,ナミ,C,https://minnano-toreka.com/wp-content/uploads/2026/08/OP04-011_minnanotoreca-10240891.webp,ナミ（C）[OP04-011],,https://dopa-game.jp/one-piece/dp/10240891,,,,10240891,30836,DOPA(ワンピ)
OP02-013,ポートガス・D・エース,SR,https://minnano-toreka.com/wp-content/uploads/2026/08/OP02-013_minnanotoreca-10240893.webp,ポートガス・D・エース（SR）[OP02-013],,https://dopa-game.jp/one-piece/dp/10240893,,,,10240893,30837,DOPA(ワンピ)
OP05-043,うるティ,SR,https://minnano-toreka.com/wp-content/uploads/2026/08/OP05-043_minnanotoreca-10240894.webp,うるティ（SR）[OP05-043],,https://dopa-game.jp/one-piece/dp/10240894,,,,10240894,30838,DOPA(ワンピ)
OP05-086,ネフェルタリ・ビビ,R,https://minnano-toreka.com/wp-content/uploads/2026/08/OP05-086_minnanotoreca-10240896.webp,ネフェルタリ・ビビ（R）[OP05-086],,https://dopa-game.jp/one-piece/dp/10240896,,,,10240896,30839,DOPA(ワンピ)
OP02-017,マスクド・デュース,R,https://minnano-toreka.com/wp-content/uploads/2026/08/OP02-017_minnanotoreca-10240898.webp,マスクド・デュース（R）[OP02-017],,https://dopa-game.jp/one-piece/dp/10240898,,,,10240898,30840,DOPA(ワンピ)
OP05-002,ベロ・ベティ,L,https://minnano-toreka.com/wp-content/uploads/2026/08/OP05-002_minnanotoreca-10240899.webp,ベロ・ベティ（L）[OP05-002],,https://dopa-game.jp/one-piece/dp/10240899,,,,10240899,30841,DOPA(ワンピ)
ST11-001,ウタ,L,https://minnano-toreka.com/wp-content/uploads/2026/08/ST11-001_minnanotoreca-10240902.webp,ウタ（L）[ST11-001],,https://dopa-game.jp/one-piece/dp/10240902,,,,10240902,30842,DOPA(ワンピ)
EB01-006,トニートニー・チョッパー,SR,https://minnano-toreka.com/wp-content/uploads/2026/08/EB01-006_minnanotoreca-10241020.webp,トニートニー・チョッパー（SR）[EB01-006],,https://dopa-game.jp/one-piece/dp/10241020,,,,10241020,30843,DOPA(ワンピ)
OP04-031,ドンキホーテ・ドフラミンゴ,SR,https://minnano-toreka.com/wp-content/uploads/2026/08/OP04-031_minnanotoreca-10241024.webp,ドンキホーテ・ドフラミンゴ（SR）[OP04-031],,https://dopa-game.jp/one-piece/dp/10241024,,,,10241024,30844,DOPA(ワンピ)
EB01-003,キッド&キラー,R,https://minnano-toreka.com/wp-content/uploads/2026/08/EB01-003_minnanotoreca-10241028.webp,キッド&キラー（R）[EB01-003],,https://dopa-game.jp/one-piece/dp/10241028,,,,10241028,30845,DOPA(ワンピ)
OP01-070,(未開封)ジュラキュール・ミホーク,SR,https://minnano-toreka.com/wp-content/uploads/2026/08/OP01-070_minnanotoreca-10241034.webp,(未開封)ジュラキュール・ミホーク（SR）[OP01-070],,https://dopa-game.jp/one-piece/dp/10241034,,,,10241034,30846,DOPA(ワンピ)
EB01-001,光月おでん,L,https://minnano-toreka.com/wp-content/uploads/2026/08/EB01-001_minnanotoreca-10241035.webp,光月おでん（L）[EB01-001],,https://dopa-game.jp/one-piece/dp/10241035,,,,10241035,30847,DOPA(ワンピ)
EB01-021,ハンニャバル,L,https://minnano-toreka.com/wp-content/uploads/2026/08/EB01-021_minnanotoreca-10241038.webp,ハンニャバル（L）[EB01-021],,https://dopa-game.jp/one-piece/dp/10241038,,,,10241038,30848,DOPA(ワンピ)
EB01-061,Mr.2・ボン・クレー(ベンサム),SEC,https://minnano-toreka.com/wp-content/uploads/2026/08/EB01-061_minnanotoreca-10241041.webp,Mr.2・ボン・クレー(ベンサム)（SEC）[EB01-061],,https://dopa-game.jp/one-piece/dp/10241041,,,,10241041,30849,DOPA(ワンピ)
EB01-048,ラブーン,SR,https://minnano-toreka.com/wp-content/uploads/2026/08/EB01-048_minnanotoreca-10241045.webp,ラブーン（SR）[EB01-048],,https://dopa-game.jp/one-piece/dp/10241045,,,,10241045,30850,DOPA(ワンピ)
EB01-056,シャーロット・フランペ(パラレル/illust:Norikoi),R★,https://minnano-toreka.com/wp-content/uploads/2026/08/EB01-056_minnanotoreca-10241047.webp,シャーロット・フランペ(パラレル/illust:Norikoi)（R★）[EB01-056],,https://dopa-game.jp/one-piece/dp/10241047,,,,10241047,30851,DOPA(ワンピ)
ST13-002,ポートガス・D・エース,L,https://minnano-toreka.com/wp-content/uploads/2026/08/ST13-002_minnanotoreca-10241728.webp,ポートガス・D・エース（L）[ST13-002],,https://dopa-game.jp/one-piece/dp/10241728,,,,10241728,30852,DOPA(ワンピ)
ST10-003,ユースタス・キッド,L,https://minnano-toreka.com/wp-content/uploads/2026/08/ST10-003_minnanotoreca-10241730.webp,ユースタス・キッド（L）[ST10-003],,https://dopa-game.jp/one-piece/dp/10241730,,,,10241730,30853,DOPA(ワンピ)
ST10-001,トラファルガー・ロー,L,https://minnano-toreka.com/wp-content/uploads/2026/08/ST10-001_minnanotoreca-10241732.webp,トラファルガー・ロー（L）[ST10-001],,https://dopa-game.jp/one-piece/dp/10241732,,,,10241732,30854,DOPA(ワンピ)
ST12-001,ロロノア・ゾロ＆サンジ,L,https://minnano-toreka.com/wp-content/uploads/2026/08/ST12-001_minnanotoreca-10241733.webp,ロロノア・ゾロ＆サンジ（L）[ST12-001],,https://dopa-game.jp/one-piece/dp/10241733,,,,10241733,30855,DOPA(ワンピ)
EB01-049,Tボーン,R,https://minnano-toreka.com/wp-content/uploads/2026/08/EB01-049_minnanotoreca-10241736.webp,Tボーン（R）[EB01-049],,https://dopa-game.jp/one-piece/dp/10241736,,,,10241736,30856,DOPA(ワンピ)
EB01-022,イナズマ,SR,https://minnano-toreka.com/wp-content/uploads/2026/08/EB01-022_minnanotoreca-10241738.webp,イナズマ（SR）[EB01-022],,https://dopa-game.jp/one-piece/dp/10241738,,,,10241738,30857,DOPA(ワンピ)
EB01-022,イナズマ,SR,https://minnano-toreka.com/wp-content/uploads/2026/08/EB01-022_minnanotoreca-10241739.webp,イナズマ（SR）[EB01-022],,https://dopa-game.jp/one-piece/dp/10241739,,,,10241739,30858,DOPA(ワンピ)
EB01-056,シャーロット・フランぺ,R,https://minnano-toreka.com/wp-content/uploads/2026/08/EB01-056_minnanotoreca-10241741.webp,シャーロット・フランぺ（R）[EB01-056],,https://dopa-game.jp/one-piece/dp/10241741,,,,10241741,30859,DOPA(ワンピ)
EB01-040,キュロス,L,https://minnano-toreka.com/wp-content/uploads/2026/08/EB01-040_minnanotoreca-10241743.webp,キュロス（L）[EB01-040],,https://dopa-game.jp/one-piece/dp/10241743,,,,10241743,30860,DOPA(ワンピ)
EB01-012,キャベンディッシュ,SR,https://minnano-toreka.com/wp-content/uploads/2026/08/EB01-012_minnanotoreca-10241745.webp,キャベンディッシュ（SR）[EB01-012],,https://dopa-game.jp/one-piece/dp/10241745,,,,10241745,30861,DOPA(ワンピ)
EB01-034,ミス・ウェンズデー,SR,https://minnano-toreka.com/wp-content/uploads/2026/08/EB01-034_minnanotoreca-10241746.webp,ミス・ウェンズデー（SR）[EB01-034],,https://dopa-game.jp/one-piece/dp/10241746,,,,10241746,30862,DOPA(ワンピ)
OP05-036,モネ,UC,https://minnano-toreka.com/wp-content/uploads/2026/08/OP05-036_minnanotoreca-10241748.webp,モネ（UC）[OP05-036],,https://dopa-game.jp/one-piece/dp/10241748,,,,10241748,30863,DOPA(ワンピ)
OP01-009,キャロット,C,https://minnano-toreka.com/wp-content/uploads/2026/08/OP01-009_minnanotoreca-10241749.webp,キャロット（C）[OP01-009],,https://dopa-game.jp/one-piece/dp/10241749,,,,10241749,30864,DOPA(ワンピ)
EB01-057,しらほし,SR,https://minnano-toreka.com/wp-content/uploads/2026/08/EB01-057_minnanotoreca-10241753.webp,しらほし（SR）[EB01-057],,https://dopa-game.jp/one-piece/dp/10241753,,,,10241753,30865,DOPA(ワンピ)
EB01-057,しらほし,SR,https://minnano-toreka.com/wp-content/uploads/2026/08/EB01-057_minnanotoreca-10241755.webp,しらほし（SR）[EB01-057],,https://dopa-game.jp/one-piece/dp/10241755,,,,10241755,30866,DOPA(ワンピ)
EB01-046,ブルック,SR,https://minnano-toreka.com/wp-content/uploads/2026/08/EB01-046_minnanotoreca-10241756.webp,ブルック（SR）[EB01-046],,https://dopa-game.jp/one-piece/dp/10241756,,,,10241756,30867,DOPA(ワンピ)
EB01-061,Mr.2ボン・クレー(ベンサム),SEC,https://minnano-toreka.com/wp-content/uploads/2026/08/EB01-061_minnanotoreca-10241758.webp,Mr.2ボン・クレー(ベンサム)（SEC）[EB01-061],,https://dopa-game.jp/one-piece/dp/10241758,,,,10241758,30868,DOPA(ワンピ)
EB01-006,トニートニー・チョッパー,SR,https://minnano-toreka.com/wp-content/uploads/2026/08/EB01-006_minnanotoreca-10241759.webp,トニートニー・チョッパー（SR）[EB01-006],,https://dopa-game.jp/one-piece/dp/10241759,,,,10241759,30869,DOPA(ワンピ)
OP05-015,ベロ・ベティ,R,https://minnano-toreka.com/wp-content/uploads/2026/08/OP05-015_minnanotoreca-10241760.webp,ベロ・ベティ（R）[OP05-015],,https://dopa-game.jp/one-piece/dp/10241760,,,,10241760,30870,DOPA(ワンピ)
EB01-031,カリファ,R,https://minnano-toreka.com/wp-content/uploads/2026/08/EB01-031_minnanotoreca-10241761.webp,カリファ（R）[EB01-031],,https://dopa-game.jp/one-piece/dp/10241761,,,,10241761,30871,DOPA(ワンピ)
OP02-058,バギー,R,https://minnano-toreka.com/wp-content/uploads/2026/08/OP02-058_minnanotoreca-10241762.webp,バギー（R）[OP02-058],,https://dopa-game.jp/one-piece/dp/10241762,,,,10241762,30872,DOPA(ワンピ)
P-028,ポートガス・D・エース,P,https://minnano-toreka.com/wp-content/uploads/2026/08/P-028_minnanotoreca-10241763.webp,ポートガス・D・エース（P）[P-028],,https://dopa-game.jp/one-piece/dp/10241763,,,,10241763,30873,DOPA(ワンピ)
EB01-052,ヴィオラ,SR,https://minnano-toreka.com/wp-content/uploads/2026/08/EB01-052_minnanotoreca-10241764.webp,ヴィオラ（SR）[EB01-052],,https://dopa-game.jp/one-piece/dp/10241764,,,,10241764,30874,DOPA(ワンピ)
OP03-030,ナミ,R,https://minnano-toreka.com/wp-content/uploads/2026/08/OP03-030_minnanotoreca-10241765.webp,ナミ（R）[OP03-030],,https://dopa-game.jp/one-piece/dp/10241765,,,,10241765,30875,DOPA(ワンピ)
EB01-034,ミス・ウェンズデー,SR,https://minnano-toreka.com/wp-content/uploads/2026/08/EB01-034_minnanotoreca-10241766.webp,ミス・ウェンズデー（SR）[EB01-034],,https://dopa-game.jp/one-piece/dp/10241766,,,,10241766,30876,DOPA(ワンピ)
OP01-077,ペローナ,UC,https://minnano-toreka.com/wp-content/uploads/2026/08/OP01-077_minnanotoreca-10241767.webp,ペローナ（UC）[OP01-077],,https://dopa-game.jp/one-piece/dp/10241767,,,,10241767,30877,DOPA(ワンピ)
ST12-007,リカ,C,https://minnano-toreka.com/wp-content/uploads/2026/08/ST12-007_minnanotoreca-10241768.webp,リカ（C）[ST12-007],,https://dopa-game.jp/one-piece/dp/10241768,,,,10241768,30878,DOPA(ワンピ)
EB01-013,光月日和,R,https://minnano-toreka.com/wp-content/uploads/2026/08/EB01-013_minnanotoreca-10241769.webp,光月日和（R）[EB01-013],,https://dopa-game.jp/one-piece/dp/10241769,,,,10241769,30879,DOPA(ワンピ)
P-001,モンキー・D・ルフィ,P,https://minnano-toreka.com/wp-content/uploads/2026/08/P-001_minnanotoreca-10241770.webp,モンキー・D・ルフィ（P）[P-001],,https://dopa-game.jp/one-piece/dp/10241770,,,,10241770,30880,DOPA(ワンピ)
OP03-048,ノジコ,UC,https://minnano-toreka.com/wp-content/uploads/2026/08/OP03-048_minnanotoreca-10241771.webp,ノジコ（UC）[OP03-048],,https://dopa-game.jp/one-piece/dp/10241771,,,,10241771,30881,DOPA(ワンピ)
EB01-042,スカーレット,R,https://minnano-toreka.com/wp-content/uploads/2026/08/EB01-042_minnanotoreca-10241772.webp,スカーレット（R）[EB01-042],,https://dopa-game.jp/one-piece/dp/10241772,,,,10241772,30882,DOPA(ワンピ)
EB01-013,光月日和,R,https://minnano-toreka.com/wp-content/uploads/2026/08/EB01-013_minnanotoreca-10241774.webp,光月日和（R）[EB01-013],,https://dopa-game.jp/one-piece/dp/10241774,,,,10241774,30883,DOPA(ワンピ)
ST12-003,ジュラキュール・ミホーク,SR,https://minnano-toreka.com/wp-content/uploads/2026/08/ST12-003_minnanotoreca-10241775.webp,ジュラキュール・ミホーク（SR）[ST12-003],,https://dopa-game.jp/one-piece/dp/10241775,,,,10241775,30884,DOPA(ワンピ)
ST02-001,ユースタス・キッド,L,https://minnano-toreka.com/wp-content/uploads/2026/08/ST02-001_minnanotoreca-10244300.webp,ユースタス・キッド（L）[ST02-001],,https://dopa-game.jp/one-piece/dp/10244300,,,,10244300,30885,DOPA(ワンピ)
EB01-006,トニートニー・チョッパー,SR,https://minnano-toreka.com/wp-content/uploads/2026/08/EB01-006_minnanotoreca-10244301.webp,トニートニー・チョッパー（SR）[EB01-006],,https://dopa-game.jp/one-piece/dp/10244301,,,,10244301,30886,DOPA(ワンピ)
OP03-058,アイスバーグ,L,https://minnano-toreka.com/wp-content/uploads/2026/08/OP03-058_minnanotoreca-10244304.webp,アイスバーグ（L）[OP03-058],,https://dopa-game.jp/one-piece/dp/10244304,,,,10244304,30887,DOPA(ワンピ)
OP06-061,ヴィンスモーク・イチジ,R,https://minnano-toreka.com/wp-content/uploads/2026/08/OP06-061_minnanotoreca-10244307.webp,ヴィンスモーク・イチジ（R）[OP06-061],,https://dopa-game.jp/one-piece/dp/10244307,,,,10244307,30888,DOPA(ワンピ)
OP03-021,クロ,L,https://minnano-toreka.com/wp-content/uploads/2026/08/OP03-021_minnanotoreca-10244308.webp,クロ（L）[OP03-021],,https://dopa-game.jp/one-piece/dp/10244308,,,,10244308,30889,DOPA(ワンピ)
P-007,モンキー・D・ルフィ,P,https://minnano-toreka.com/wp-content/uploads/2026/08/P-007_minnanotoreca-10244310.webp,モンキー・D・ルフィ（P）[P-007],,https://dopa-game.jp/one-piece/dp/10244310,,,,10244310,30890,DOPA(ワンピ)
OP02-121,クザン,SEC,https://minnano-toreka.com/wp-content/uploads/2026/08/OP02-121_minnanotoreca-10244311.webp,クザン（SEC）[OP02-121],,https://dopa-game.jp/one-piece/dp/10244311,,,,10244311,30891,DOPA(ワンピ)
ST11-004,新時代(未開封/アンコールパック),SR,https://minnano-toreka.com/wp-content/uploads/2026/08/ST11-004_minnanotoreca-10244312.webp,新時代(未開封/アンコールパック)（SR）[ST11-004],,https://dopa-game.jp/one-piece/dp/10244312,,,,10244312,30892,DOPA(ワンピ)
OP03-114,シャーロット・リンリン,SR,https://minnano-toreka.com/wp-content/uploads/2026/08/OP03-114_minnanotoreca-10244313.webp,シャーロット・リンリン（SR）[OP03-114],,https://dopa-game.jp/one-piece/dp/10244313,,,,10244313,30893,DOPA(ワンピ)
OP04-024,シュガー,SR,https://minnano-toreka.com/wp-content/uploads/2026/08/OP04-024_minnanotoreca-10244315.webp,シュガー（SR）[OP04-024],,https://dopa-game.jp/one-piece/dp/10244315,,,,10244315,30894,DOPA(ワンピ)
OP05-093,ロブ・ルッチ,SR,https://minnano-toreka.com/wp-content/uploads/2026/08/OP05-093_minnanotoreca-10244316.webp,ロブ・ルッチ（SR）[OP05-093],,https://dopa-game.jp/one-piece/dp/10244316,,,,10244316,30895,DOPA(ワンピ)
P-050,サンジ(実写),P,https://minnano-toreka.com/wp-content/uploads/2026/08/P-050_minnanotoreca-10244730.webp,サンジ(実写)（P）[P-050],,https://dopa-game.jp/one-piece/dp/10244730,,,,10244730,30896,DOPA(ワンピ)
P-048,アーロン(実写),P,https://minnano-toreka.com/wp-content/uploads/2026/08/P-048_minnanotoreca-10244733.webp,アーロン(実写)（P）[P-048],,https://dopa-game.jp/one-piece/dp/10244733,,,,10244733,30897,DOPA(ワンピ)
P-052,ジュラキュール・ミホーク(実写),P,https://minnano-toreka.com/wp-content/uploads/2026/08/P-052_minnanotoreca-10244736.webp,ジュラキュール・ミホーク(実写)（P）[P-052],,https://dopa-game.jp/one-piece/dp/10244736,,,,10244736,30898,DOPA(ワンピ)
P-051,シャンクス(実写),P,https://minnano-toreka.com/wp-content/uploads/2026/08/P-051_minnanotoreca-10244740.webp,シャンクス(実写)（P）[P-051],,https://dopa-game.jp/one-piece/dp/10244740,,,,10244740,30899,DOPA(ワンピ)
P-053,ナミ(実写),P,https://minnano-toreka.com/wp-content/uploads/2026/08/P-053_minnanotoreca-10244747.webp,ナミ(実写)（P）[P-053],,https://dopa-game.jp/one-piece/dp/10244747,,,,10244747,30900,DOPA(ワンピ)
P-049,ウソップ(実写),P,https://minnano-toreka.com/wp-content/uploads/2026/08/P-049_minnanotoreca-10244751.webp,ウソップ(実写)（P）[P-049],,https://dopa-game.jp/one-piece/dp/10244751,,,,10244751,30901,DOPA(ワンピ)
OP07-045,ジンベエ,SR★,https://minnano-toreka.com/wp-content/uploads/2026/08/OP07-045_minnanotoreca-10251593.webp,ジンベエ（SR★）[OP07-045],,https://dopa-game.jp/one-piece/dp/10251593,,,,10251593,30902,DOPA(ワンピ)
OP07-085,ステューシー,SR★,https://minnano-toreka.com/wp-content/uploads/2026/08/OP07-085_minnanotoreca-10251626.webp,ステューシー（SR★）[OP07-085],,https://dopa-game.jp/one-piece/dp/10251626,,,,10251626,30903,DOPA(ワンピ)
OP07-029,バジル・ホーキンス,SR,https://minnano-toreka.com/wp-content/uploads/2026/08/OP07-029_minnanotoreca-10251627.webp,バジル・ホーキンス（SR）[OP07-029],,https://dopa-game.jp/one-piece/dp/10251627,,,,10251627,30904,DOPA(ワンピ)
OP07-104,ニコ・ロビン,UC,https://minnano-toreka.com/wp-content/uploads/2026/08/OP07-104_minnanotoreca-10251628.webp,ニコ・ロビン（UC）[OP07-104],,https://dopa-game.jp/one-piece/dp/10251628,,,,10251628,30905,DOPA(ワンピ)
OP07-047,トラファルガー・ロー,R★,https://minnano-toreka.com/wp-content/uploads/2026/08/OP07-047_minnanotoreca-10251629.webp,トラファルガー・ロー（R★）[OP07-047],,https://dopa-game.jp/one-piece/dp/10251629,,,,10251629,30906,DOPA(ワンピ)
OP07-046,センゴク,R,https://minnano-toreka.com/wp-content/uploads/2026/08/OP07-046_minnanotoreca-10251630.webp,センゴク（R）[OP07-046],,https://dopa-game.jp/one-piece/dp/10251630,,,,10251630,30907,DOPA(ワンピ)
OP07-045,ジンベエ,SR,https://minnano-toreka.com/wp-content/uploads/2026/08/OP07-045_minnanotoreca-10251725.webp,ジンベエ（SR）[OP07-045],,https://dopa-game.jp/one-piece/dp/10251725,,,,10251725,30908,DOPA(ワンピ)
op07-38,ボア・ハンコック,L,https://minnano-toreka.com/wp-content/uploads/2026/08/op07-38_minnanotoreca-10251758.webp,ボア・ハンコック（L）[op07-38],,https://dopa-game.jp/one-piece/dp/10251758,,,,10251758,30909,DOPA(ワンピ)
OP07-051,ボア・ハンコック,SR,https://minnano-toreka.com/wp-content/uploads/2026/08/OP07-051_minnanotoreca-10251759.webp,ボア・ハンコック（SR）[OP07-051],,https://dopa-game.jp/one-piece/dp/10251759,,,,10251759,30910,DOPA(ワンピ)
P-066,ボア・ハンコック,P,https://minnano-toreka.com/wp-content/uploads/2026/08/P-066_minnanotoreca-10251760.webp,ボア・ハンコック（P）[P-066],,https://dopa-game.jp/one-piece/dp/10251760,,,,10251760,30911,DOPA(ワンピ)
OP07-079,ロブ・ルッチ,L,https://minnano-toreka.com/wp-content/uploads/2026/08/OP07-079_minnanotoreca-10251791.webp,ロブ・ルッチ（L）[OP07-079],,https://dopa-game.jp/one-piece/dp/10251791,,,,10251791,30912,DOPA(ワンピ)
OP01-078,ボア・ハンコック,SP,https://minnano-toreka.com/wp-content/uploads/2026/08/OP01-078_minnanotoreca-10251792.webp,ボア・ハンコック（SP）[OP01-078],,https://dopa-game.jp/one-piece/dp/10251792,,,,10251792,30913,DOPA(ワンピ)
OP07-051,ボア・ハンコック(パラレル/漫画背景/漫画絵),SR,https://minnano-toreka.com/wp-content/uploads/2026/08/OP07-051_minnanotoreca-10251793.webp,ボア・ハンコック(パラレル/漫画背景/漫画絵)（SR）[OP07-051],,https://dopa-game.jp/one-piece/dp/10251793,,,,10251793,30914,DOPA(ワンピ)
OP07-051,お菊(パラレル/SP/illust:Denim2),R,https://minnano-toreka.com/wp-content/uploads/2026/08/OP07-051_minnanotoreca-10251824.webp,お菊(パラレル/SP/illust:Denim2)（R）[OP07-051],,https://dopa-game.jp/one-piece/dp/10251824,,,,10251824,30915,DOPA(ワンピ)
OP07-111,リリス,SR,https://minnano-toreka.com/wp-content/uploads/2026/08/OP07-111_minnanotoreca-10251825.webp,リリス（SR）[OP07-111],,https://dopa-game.jp/one-piece/dp/10251825,,,,10251825,30916,DOPA(ワンピ)
OP07-038,ボア・ハンコック,L,https://minnano-toreka.com/wp-content/uploads/2026/08/OP07-038_minnanotoreca-10251826.webp,ボア・ハンコック（L）[OP07-038],,https://dopa-game.jp/one-piece/dp/10251826,,,,10251826,30917,DOPA(ワンピ)
OP07-051,ボア・ハンコック,SR,https://minnano-toreka.com/wp-content/uploads/2026/08/OP07-051_minnanotoreca-10251827.webp,ボア・ハンコック（SR）[OP07-051],,https://dopa-game.jp/one-piece/dp/10251827,,,,10251827,30918,DOPA(ワンピ)
OP07-109,モンキー・D・ルフィ,SR,https://minnano-toreka.com/wp-content/uploads/2026/08/OP07-109_minnanotoreca-10251828.webp,モンキー・D・ルフィ（SR）[OP07-109],,https://dopa-game.jp/one-piece/dp/10251828,,,,10251828,30919,DOPA(ワンピ)
OP01-073,ドンキホーテ・ドフラミンゴ,R,https://minnano-toreka.com/wp-content/uploads/2026/08/OP01-073_minnanotoreca-10251829.webp,ドンキホーテ・ドフラミンゴ（R）[OP01-073],,https://dopa-game.jp/one-piece/dp/10251829,,,,10251829,30920,DOPA(ワンピ)
OP07-026,ジュエリー・ボニー,SR,https://minnano-toreka.com/wp-content/uploads/2026/08/OP07-026_minnanotoreca-10251830.webp,ジュエリー・ボニー（SR）[OP07-026],,https://dopa-game.jp/one-piece/dp/10251830,,,,10251830,30921,DOPA(ワンピ)
OP07-015,モンキー・D・ドラゴン,SR,https://minnano-toreka.com/wp-content/uploads/2026/08/OP07-015_minnanotoreca-10251831.webp,モンキー・D・ドラゴン（SR）[OP07-015],,https://dopa-game.jp/one-piece/dp/10251831,,,,10251831,30922,DOPA(ワンピ)
OP07-019,ジュエリー・ボニー,L★,https://minnano-toreka.com/wp-content/uploads/2026/08/OP07-019_minnanotoreca-10251832.webp,ジュエリー・ボニー（L★）[OP07-019],,https://dopa-game.jp/one-piece/dp/10251832,,,,10251832,30923,DOPA(ワンピ)
OP07-085,ステューシー,SR,https://minnano-toreka.com/wp-content/uploads/2026/08/OP07-085_minnanotoreca-10251833.webp,ステューシー（SR）[OP07-085],,https://dopa-game.jp/one-piece/dp/10251833,,,,10251833,30924,DOPA(ワンピ)
OP07-005,カリーナ,R★,https://minnano-toreka.com/wp-content/uploads/2026/08/OP07-005_minnanotoreca-10251834.webp,カリーナ（R★）[OP07-005],,https://dopa-game.jp/one-piece/dp/10251834,,,,10251834,30925,DOPA(ワンピ)
OP07-019,ジュエリー・ボニー,L,https://minnano-toreka.com/wp-content/uploads/2026/08/OP07-019_minnanotoreca-10251835.webp,ジュエリー・ボニー（L）[OP07-019],,https://dopa-game.jp/one-piece/dp/10251835,,,,10251835,30926,DOPA(ワンピ)
OP07-026,ジュエリー・ボニー,SR★,https://minnano-toreka.com/wp-content/uploads/2026/08/OP07-026_minnanotoreca-10251836.webp,ジュエリー・ボニー（SR★）[OP07-026],,https://dopa-game.jp/one-piece/dp/10251836,,,,10251836,30927,DOPA(ワンピ)
OP07-072,ポルチェ,SR,https://minnano-toreka.com/wp-content/uploads/2026/08/OP07-072_minnanotoreca-10251837.webp,ポルチェ（SR）[OP07-072],,https://dopa-game.jp/one-piece/dp/10251837,,,,10251837,30928,DOPA(ワンピ)
OP07-072,ポルチェ,SR,https://minnano-toreka.com/wp-content/uploads/2026/08/OP07-072_minnanotoreca-10251838.webp,ポルチェ（SR）[OP07-072],,https://dopa-game.jp/one-piece/dp/10251838,,,,10251838,30929,DOPA(ワンピ)
OP07-118,サボ,SEC,https://minnano-toreka.com/wp-content/uploads/2026/08/OP07-118_minnanotoreca-10251839.webp,サボ（SEC）[OP07-118],,https://dopa-game.jp/one-piece/dp/10251839,,,,10251839,30930,DOPA(ワンピ)
OP07-097,ベガパンク,L,https://minnano-toreka.com/wp-content/uploads/2026/08/OP07-097_minnanotoreca-10251840.webp,ベガパンク（L）[OP07-097],,https://dopa-game.jp/one-piece/dp/10251840,,,,10251840,30931,DOPA(ワンピ)
OP07-118,サボ,SEC,https://minnano-toreka.com/wp-content/uploads/2026/08/OP07-118_minnanotoreca-10251841.webp,サボ（SEC）[OP07-118],,https://dopa-game.jp/one-piece/dp/10251841,,,,10251841,30932,DOPA(ワンピ)
OP07-119,ポートガス・D・エース,SEC,https://minnano-toreka.com/wp-content/uploads/2026/08/OP07-119_minnanotoreca-10251842.webp,ポートガス・D・エース（SEC）[OP07-119],,https://dopa-game.jp/one-piece/dp/10251842,,,,10251842,30933,DOPA(ワンピ)
OP07-107,フランキー,R,https://minnano-toreka.com/wp-content/uploads/2026/08/OP07-107_minnanotoreca-10251843.webp,フランキー（R）[OP07-107],,https://dopa-game.jp/one-piece/dp/10251843,,,,10251843,30934,DOPA(ワンピ)
OP07-064,サンジ,SR,https://minnano-toreka.com/wp-content/uploads/2026/08/OP07-064_minnanotoreca-10251844.webp,サンジ（SR）[OP07-064],,https://dopa-game.jp/one-piece/dp/10251844,,,,10251844,30935,DOPA(ワンピ)
OP07-059,フォクシー,L,https://minnano-toreka.com/wp-content/uploads/2026/08/OP07-059_minnanotoreca-10251845.webp,フォクシー（L）[OP07-059],,https://dopa-game.jp/one-piece/dp/10251845,,,,10251845,30936,DOPA(ワンピ)
OP07-064,サンジ,SR★,https://minnano-toreka.com/wp-content/uploads/2026/08/OP07-064_minnanotoreca-10251846.webp,サンジ（SR★）[OP07-064],,https://dopa-game.jp/one-piece/dp/10251846,,,,10251846,30937,DOPA(ワンピ)
OP07-029,バジル・ホーキンス,SR,https://minnano-toreka.com/wp-content/uploads/2026/08/OP07-029_minnanotoreca-10251847.webp,バジル・ホーキンス（SR）[OP07-029],,https://dopa-game.jp/one-piece/dp/10251847,,,,10251847,30938,DOPA(ワンピ)
OP07-109,モンキー・D・ルフィ,SR,https://minnano-toreka.com/wp-content/uploads/2026/08/OP07-109_minnanotoreca-10251849.webp,モンキー・D・ルフィ（SR）[OP07-109],,https://dopa-game.jp/one-piece/dp/10251849,,,,10251849,30939,DOPA(ワンピ)
OP07-062,ヴィンスモーク・レイジュ,C,https://minnano-toreka.com/wp-content/uploads/2026/08/OP07-062_minnanotoreca-10251850.webp,ヴィンスモーク・レイジュ（C）[OP07-062],,https://dopa-game.jp/one-piece/dp/10251850,,,,10251850,30940,DOPA(ワンピ)
OP07-005,カリーナ,R,https://minnano-toreka.com/wp-content/uploads/2026/08/OP07-005_minnanotoreca-10251851.webp,カリーナ（R）[OP07-005],,https://dopa-game.jp/one-piece/dp/10251851,,,,10251851,30941,DOPA(ワンピ)
OP05-074,ユースタス・キッド,SR★/パラレル,https://minnano-toreka.com/wp-content/uploads/2026/08/OP05-074_minnanotoreca-10251852.webp,ユースタス・キッド（SR★/パラレル）[OP05-074],,https://dopa-game.jp/one-piece/dp/10251852,,,,10251852,30942,DOPA(ワンピ)
OP03-116,しらほし　フルアート,UC,https://minnano-toreka.com/wp-content/uploads/2026/08/OP03-116_minnanotoreca-10251853.webp,しらほし　フルアート（UC）[OP03-116],,https://dopa-game.jp/one-piece/dp/10251853,,,,10251853,30943,DOPA(ワンピ)
P-001,モンキー・D・ルフィ(フルアート/foil/漫画絵),P,https://minnano-toreka.com/wp-content/uploads/2026/08/P-001_minnanotoreca-10251854.webp,モンキー・D・ルフィ(フルアート/foil/漫画絵)（P）[P-001],,https://dopa-game.jp/one-piece/dp/10251854,,,,10251854,30944,DOPA(ワンピ)
OP07-022,お玉,R,https://minnano-toreka.com/wp-content/uploads/2026/08/OP07-022_minnanotoreca-10251855.webp,お玉（R）[OP07-022],,https://dopa-game.jp/one-piece/dp/10251855,,,,10251855,30945,DOPA(ワンピ)
OP07-111,リリス,SR,https://minnano-toreka.com/wp-content/uploads/2026/08/OP07-111_minnanotoreca-10251856.webp,リリス（SR）[OP07-111],,https://dopa-game.jp/one-piece/dp/10251856,,,,10251856,30946,DOPA(ワンピ)
OP03-003,イゾウ,R,https://minnano-toreka.com/wp-content/uploads/2026/08/OP03-003_minnanotoreca-10251857.webp,イゾウ（R）[OP03-003],,https://dopa-game.jp/one-piece/dp/10251857,,,,10251857,30947,DOPA(ワンピ)
ST02-001,ユースタス・キッド,L,https://minnano-toreka.com/wp-content/uploads/2026/08/ST02-001_minnanotoreca-10251858.webp,ユースタス・キッド（L）[ST02-001],,https://dopa-game.jp/one-piece/dp/10251858,,,,10251858,30948,DOPA(ワンピ)
-,ドン!!カード(海賊王下七武海),-,https://minnano-toreka.com/wp-content/uploads/2026/08/none_minnanotoreca-10251859.webp,ドン!!カード(海賊王下七武海)（-）[-],,https://dopa-game.jp/one-piece/dp/10251859,,,,10251859,30949,DOPA(ワンピ)
OP03-078,イッショウ,SP,https://minnano-toreka.com/wp-content/uploads/2026/08/OP03-078_minnanotoreca-10251860.webp,イッショウ（SP）[OP03-078],,https://dopa-game.jp/one-piece/dp/10251860,,,,10251860,30950,DOPA(ワンピ)
OP07-119,ポートガス・D・エース,SEC,https://minnano-toreka.com/wp-content/uploads/2026/08/OP07-119_minnanotoreca-10251861.webp,ポートガス・D・エース（SEC）[OP07-119],,https://dopa-game.jp/one-piece/dp/10251861,,,,10251861,30951,DOPA(ワンピ)
-,ドン!!カード(お前ら下がってていいぞ),-,https://minnano-toreka.com/wp-content/uploads/2026/08/none_minnanotoreca-10251862.webp,ドン!!カード(お前ら下がってていいぞ)（-）[-],,https://dopa-game.jp/one-piece/dp/10251862,,,,10251862,30952,DOPA(ワンピ)
-,何が届くかドキドキオリパ21,-,https://minnano-toreka.com/wp-content/uploads/2026/08/none_minnanotoreca-10252187.webp,何が届くかドキドキオリパ21（-）[-],,https://dopa-game.jp/one-piece/dp/10252187,,,,10252187,30953,DOPA(ワンピ)
{OP01-079},ミス・オールサンデー,R,https://minnano-toreka.com/wp-content/uploads/2026/08/OP01-079_minnanotoreca-10257203.webp,ミス・オールサンデー（R）[{OP01-079}],,https://dopa-game.jp/one-piece/dp/10257203,,,,10257203,30954,DOPA(ワンピ)
{P-063},ジンベエ,P,https://minnano-toreka.com/wp-content/uploads/2026/08/P-063_minnanotoreca-10257236.webp,ジンベエ（P）[{P-063}],,https://dopa-game.jp/one-piece/dp/10257236,,,,10257236,30955,DOPA(ワンピ)
P-068,サンジ,P,https://minnano-toreka.com/wp-content/uploads/2026/08/P-068_minnanotoreca-10260643.webp,サンジ（P）[P-068],,https://dopa-game.jp/one-piece/dp/10260643,,,,10260643,30956,DOPA(ワンピ)
ST06-001,サカズキ,L,https://minnano-toreka.com/wp-content/uploads/2026/08/ST06-001_minnanotoreca-10260647.webp,サカズキ（L）[ST06-001],,https://dopa-game.jp/one-piece/dp/10260647,,,,10260647,30957,DOPA(ワンピ)
P-061,モンキー・D・ルフィ,P,https://minnano-toreka.com/wp-content/uploads/2026/08/P-061_minnanotoreca-10260671.webp,モンキー・D・ルフィ（P）[P-061],,https://dopa-game.jp/one-piece/dp/10260671,,,,10260671,30958,DOPA(ワンピ)
OP03-102,サンジ,R,https://minnano-toreka.com/wp-content/uploads/2026/08/OP03-102_minnanotoreca-10260675.webp,サンジ（R）[OP03-102],,https://dopa-game.jp/one-piece/dp/10260675,,,,10260675,30959,DOPA(ワンピ)
OP04-104,サンジ,SR,https://minnano-toreka.com/wp-content/uploads/2026/08/OP04-104_minnanotoreca-10260678.webp,サンジ（SR）[OP04-104],,https://dopa-game.jp/one-piece/dp/10260678,,,,10260678,30960,DOPA(ワンピ)
-,ドン!!カード,-,https://minnano-toreka.com/wp-content/uploads/2026/08/none_minnanotoreca-10260679.webp,ドン!!カード（-）[-],,https://dopa-game.jp/one-piece/dp/10260679,,,,10260679,30961,DOPA(ワンピ)
P-036,モンキー・D・ルフィ,P,https://minnano-toreka.com/wp-content/uploads/2026/08/P-036_minnanotoreca-10260682.webp,モンキー・D・ルフィ（P）[P-036],,https://dopa-game.jp/one-piece/dp/10260682,,,,10260682,30962,DOPA(ワンピ)
P-047,モンキー・D・ルフィ,P,https://minnano-toreka.com/wp-content/uploads/2026/08/P-047_minnanotoreca-10260685.webp,モンキー・D・ルフィ（P）[P-047],,https://dopa-game.jp/one-piece/dp/10260685,,,,10260685,30963,DOPA(ワンピ)
ST13-019,3兄弟の絆,C,https://minnano-toreka.com/wp-content/uploads/2026/08/ST13-019_minnanotoreca-10260686.webp,3兄弟の絆（C）[ST13-019],,https://dopa-game.jp/one-piece/dp/10260686,,,,10260686,30964,DOPA(ワンピ)
P-017,トラファルガー・ロー,P,https://minnano-toreka.com/wp-content/uploads/2026/08/P-017_minnanotoreca-10260688.webp,トラファルガー・ロー（P）[P-017],,https://dopa-game.jp/one-piece/dp/10260688,,,,10260688,30965,DOPA(ワンピ)
P-055,モンキー・D・ルフィ(実写),P,https://minnano-toreka.com/wp-content/uploads/2026/08/P-055_minnanotoreca-10260689.webp,モンキー・D・ルフィ(実写)（P）[P-055],,https://dopa-game.jp/one-piece/dp/10260689,,,,10260689,30966,DOPA(ワンピ)
OP04-083,サボ(illust:Yosuke Adachi),SR,https://minnano-toreka.com/wp-content/uploads/2026/08/OP04-083_minnanotoreca-10260692.webp,サボ(illust:Yosuke Adachi)（SR）[OP04-083],,https://dopa-game.jp/one-piece/dp/10260692,,,,10260692,30967,DOPA(ワンピ)
ST14-005,トニートニー・チョッパー,C,https://minnano-toreka.com/wp-content/uploads/2026/08/ST14-005_minnanotoreca-10263672.webp,トニートニー・チョッパー（C）[ST14-005],,https://dopa-game.jp/one-piece/dp/10263672,,,,10263672,30968,DOPA(ワンピ)
ST14-006,ナミ,SR,https://minnano-toreka.com/wp-content/uploads/2026/08/ST14-006_minnanotoreca-10263675.webp,ナミ（SR）[ST14-006],,https://dopa-game.jp/one-piece/dp/10263675,,,,10263675,30969,DOPA(ワンピ)
ST14-001,モンキー・D・ルフィ,L,https://minnano-toreka.com/wp-content/uploads/2026/08/ST14-001_minnanotoreca-10263677.webp,モンキー・D・ルフィ（L）[ST14-001],,https://dopa-game.jp/one-piece/dp/10263677,,,,10263677,30970,DOPA(ワンピ)
ST14-013,ロロノア・ゾロ,C,https://minnano-toreka.com/wp-content/uploads/2026/08/ST14-013_minnanotoreca-10263681.webp,ロロノア・ゾロ（C）[ST14-013],,https://dopa-game.jp/one-piece/dp/10263681,,,,10263681,30971,DOPA(ワンピ)
ST01-001,モンキー・D・ルフィ,L,https://minnano-toreka.com/wp-content/uploads/2026/08/ST01-001_minnanotoreca-10263693.webp,モンキー・D・ルフィ（L）[ST01-001],,https://dopa-game.jp/one-piece/dp/10263693,,,,10263693,30972,DOPA(ワンピ)
-,ドン!!カード(黒背景/金文字),-,https://minnano-toreka.com/wp-content/uploads/2026/08/none_minnanotoreca-10266476.webp,ドン!!カード(黒背景/金文字)（-）[-],,https://dopa-game.jp/one-piece/dp/10266476,,,,10266476,30973,DOPA(ワンピ)
OP06-104,菊之丞,R,https://minnano-toreka.com/wp-content/uploads/2026/08/OP06-104_minnanotoreca-10269843.webp,菊之丞（R）[OP06-104],,https://dopa-game.jp/one-piece/dp/10269843,,,,10269843,30974,DOPA(ワンピ)
OP05-114,神の裁き,UC,https://minnano-toreka.com/wp-content/uploads/2026/08/OP05-114_minnanotoreca-10269875.webp,神の裁き（UC）[OP05-114],,https://dopa-game.jp/one-piece/dp/10269875,,,,10269875,30975,DOPA(ワンピ)
ST01-008,ニコ・ロビン,Ｃ,https://minnano-toreka.com/wp-content/uploads/2026/08/ST01-008_minnanotoreca-10276046.webp,ニコ・ロビン（Ｃ）[ST01-008],,https://dopa-game.jp/one-piece/dp/10276046,,,,10276046,30976,DOPA(ワンピ)
OP08-105,ジュエリー・ボニー,SR,https://minnano-toreka.com/wp-content/uploads/2026/08/OP08-105_minnanotoreca-10276079.webp,ジュエリー・ボニー（SR）[OP08-105],,https://dopa-game.jp/one-piece/dp/10276079,,,,10276079,30977,DOPA(ワンピ)
EB01-012,キャベンディッシュ,SR,https://minnano-toreka.com/wp-content/uploads/2026/08/EB01-012_minnanotoreca-10276080.webp,キャベンディッシュ（SR）[EB01-012],,https://dopa-game.jp/one-piece/dp/10276080,,,,10276080,30978,DOPA(ワンピ)
OP08-021,キャロット,L,https://minnano-toreka.com/wp-content/uploads/2026/08/OP08-021_minnanotoreca-10276081.webp,キャロット（L）[OP08-021],,https://dopa-game.jp/one-piece/dp/10276081,,,,10276081,30979,DOPA(ワンピ)
OP08-118,シルバーズ・レイリー,SEC,https://minnano-toreka.com/wp-content/uploads/2026/08/OP08-118_minnanotoreca-10276082.webp,シルバーズ・レイリー（SEC）[OP08-118],,https://dopa-game.jp/one-piece/dp/10276082,,,,10276082,30980,DOPA(ワンピ)
OP08-021,キャロット,L,https://minnano-toreka.com/wp-content/uploads/2026/08/OP08-021_minnanotoreca-10276083.webp,キャロット（L）[OP08-021],,https://dopa-game.jp/one-piece/dp/10276083,,,,10276083,30981,DOPA(ワンピ)
OP08-118,シルバーズ・レイリー,SEC,https://minnano-toreka.com/wp-content/uploads/2026/08/OP08-118_minnanotoreca-10276084.webp,シルバーズ・レイリー（SEC）[OP08-118],,https://dopa-game.jp/one-piece/dp/10276084,,,,10276084,30982,DOPA(ワンピ)
OP08-023,キャロット,SR,https://minnano-toreka.com/wp-content/uploads/2026/08/OP08-023_minnanotoreca-10276086.webp,キャロット（SR）[OP08-023],,https://dopa-game.jp/one-piece/dp/10276086,,,,10276086,30983,DOPA(ワンピ)
OP08-007,トニートニー・チョッパー,SR,https://minnano-toreka.com/wp-content/uploads/2026/08/OP08-007_minnanotoreca-10276087.webp,トニートニー・チョッパー（SR）[OP08-007],,https://dopa-game.jp/one-piece/dp/10276087,,,,10276087,30984,DOPA(ワンピ)
OP08-023,キャロット,SR,https://minnano-toreka.com/wp-content/uploads/2026/08/OP08-023_minnanotoreca-10276088.webp,キャロット（SR）[OP08-023],,https://dopa-game.jp/one-piece/dp/10276088,,,,10276088,30985,DOPA(ワンピ)
OP08-057,キング,L,https://minnano-toreka.com/wp-content/uploads/2026/08/OP08-057_minnanotoreca-10276089.webp,キング（L）[OP08-057],,https://dopa-game.jp/one-piece/dp/10276089,,,,10276089,30986,DOPA(ワンピ)
OP08-001,トニートニー・チョッパー,L★,https://minnano-toreka.com/wp-content/uploads/2026/08/OP08-001_minnanotoreca-10276091.webp,トニートニー・チョッパー（L★）[OP08-001],,https://dopa-game.jp/one-piece/dp/10276091,,,,10276091,30987,DOPA(ワンピ)
OP08-015,Dr.くれは,R,https://minnano-toreka.com/wp-content/uploads/2026/08/OP08-015_minnanotoreca-10276092.webp,Dr.くれは（R）[OP08-015],,https://dopa-game.jp/one-piece/dp/10276092,,,,10276092,30988,DOPA(ワンピ)
OP08-080,クイーン,R,https://minnano-toreka.com/wp-content/uploads/2026/08/OP08-080_minnanotoreca-10276093.webp,クイーン（R）[OP08-080],,https://dopa-game.jp/one-piece/dp/10276093,,,,10276093,30989,DOPA(ワンピ)
OP03-055,ゴムゴムの大槌,C,https://minnano-toreka.com/wp-content/uploads/2026/08/OP03-055_minnanotoreca-10276094.webp,ゴムゴムの大槌（C）[OP03-055],,https://dopa-game.jp/one-piece/dp/10276094,,,,10276094,30990,DOPA(ワンピ)
OP08-106,ナミ,SR,https://minnano-toreka.com/wp-content/uploads/2026/08/OP08-106_minnanotoreca-10276096.webp,ナミ（SR）[OP08-106],,https://dopa-game.jp/one-piece/dp/10276096,,,,10276096,30991,DOPA(ワンピ)
OP08-067,シャーロット・プリン,R,https://minnano-toreka.com/wp-content/uploads/2026/08/OP08-067_minnanotoreca-10276097.webp,シャーロット・プリン（R）[OP08-067],,https://dopa-game.jp/one-piece/dp/10276097,,,,10276097,30992,DOPA(ワンピ)
ST06-008,ヒナ,C,https://minnano-toreka.com/wp-content/uploads/2026/08/ST06-008_minnanotoreca-10276112.webp,ヒナ（C）[ST06-008],,https://dopa-game.jp/one-piece/dp/10276112,,,,10276112,30993,DOPA(ワンピ)
OP08-074,ブラックマリア,SR,https://minnano-toreka.com/wp-content/uploads/2026/08/OP08-074_minnanotoreca-10276115.webp,ブラックマリア（SR）[OP08-074],,https://dopa-game.jp/one-piece/dp/10276115,,,,10276115,30994,DOPA(ワンピ)
OP08-058,シャーロット・プリン,L,https://minnano-toreka.com/wp-content/uploads/2026/08/OP08-058_minnanotoreca-10276116.webp,シャーロット・プリン（L）[OP08-058],,https://dopa-game.jp/one-piece/dp/10276116,,,,10276116,30995,DOPA(ワンピ)
OP08-074,ブラックマリア,SR★,https://minnano-toreka.com/wp-content/uploads/2026/08/OP08-074_minnanotoreca-10276119.webp,ブラックマリア（SR★）[OP08-074],,https://dopa-game.jp/one-piece/dp/10276119,,,,10276119,30996,DOPA(ワンピ)
OP08-058,シャーロット・プリン,L,https://minnano-toreka.com/wp-content/uploads/2026/08/OP08-058_minnanotoreca-10276120.webp,シャーロット・プリン（L）[OP08-058],,https://dopa-game.jp/one-piece/dp/10276120,,,,10276120,30997,DOPA(ワンピ)
ST06-006,たしぎ,C,https://minnano-toreka.com/wp-content/uploads/2026/08/ST06-006_minnanotoreca-10276121.webp,たしぎ（C）[ST06-006],,https://dopa-game.jp/one-piece/dp/10276121,,,,10276121,30998,DOPA(ワンピ)
OP08-030,ペドロ,R★,https://minnano-toreka.com/wp-content/uploads/2026/08/OP08-030_minnanotoreca-10276122.webp,ペドロ（R★）[OP08-030],,https://dopa-game.jp/one-piece/dp/10276122,,,,10276122,30999,DOPA(ワンピ)
OP08-067,シャーロット・プリン,R★,https://minnano-toreka.com/wp-content/uploads/2026/08/OP08-067_minnanotoreca-10276123.webp,シャーロット・プリン（R★）[OP08-067],,https://dopa-game.jp/one-piece/dp/10276123,,,,10276123,31000,DOPA(ワンピ)
OP08-002,マルコ,L★,https://minnano-toreka.com/wp-content/uploads/2026/08/OP08-002_minnanotoreca-10276124.webp,マルコ（L★）[OP08-002],,https://dopa-game.jp/one-piece/dp/10276124,,,,10276124,31001,DOPA(ワンピ)
ST04-005,クイーン,C,https://minnano-toreka.com/wp-content/uploads/2026/08/ST04-005_minnanotoreca-10276125.webp,クイーン（C）[ST04-005],,https://dopa-game.jp/one-piece/dp/10276125,,,,10276125,31002,DOPA(ワンピ)
P-069,コアラ,P,https://minnano-toreka.com/wp-content/uploads/2026/08/P-069_minnanotoreca-10276126.webp,コアラ（P）[P-069],,https://dopa-game.jp/one-piece/dp/10276126,,,,10276126,31003,DOPA(ワンピ)
OP08-069,シャーロット・リンリン,SR★,https://minnano-toreka.com/wp-content/uploads/2026/08/OP08-069_minnanotoreca-10276128.webp,シャーロット・リンリン（SR★）[OP08-069],,https://dopa-game.jp/one-piece/dp/10276128,,,,10276128,31004,DOPA(ワンピ)
OP08-110,ワイパー,R,https://minnano-toreka.com/wp-content/uploads/2026/08/OP08-110_minnanotoreca-10276129.webp,ワイパー（R）[OP08-110],,https://dopa-game.jp/one-piece/dp/10276129,,,,10276129,31005,DOPA(ワンピ)
OP08-119,カイドウ＆リンリン,SEC,https://minnano-toreka.com/wp-content/uploads/2026/08/OP08-119_minnanotoreca-10276130.webp,カイドウ＆リンリン（SEC）[OP08-119],,https://dopa-game.jp/one-piece/dp/10276130,,,,10276130,31006,DOPA(ワンピ)
OP08-069,シャーロット・リンリン,SR,https://minnano-toreka.com/wp-content/uploads/2026/08/OP08-069_minnanotoreca-10276131.webp,シャーロット・リンリン（SR）[OP08-069],,https://dopa-game.jp/one-piece/dp/10276131,,,,10276131,31007,DOPA(ワンピ)
OP08-119,カイドウ＆リンリン,SEC,https://minnano-toreka.com/wp-content/uploads/2026/08/OP08-119_minnanotoreca-10276965.webp,カイドウ＆リンリン（SEC）[OP08-119],,https://dopa-game.jp/one-piece/dp/10276965,,,,10276965,31008,DOPA(ワンピ)
OP08-098,カルガラ,L,https://minnano-toreka.com/wp-content/uploads/2026/08/OP08-098_minnanotoreca-10276966.webp,カルガラ（L）[OP08-098],,https://dopa-game.jp/one-piece/dp/10276966,,,,10276966,31009,DOPA(ワンピ)
ST03-008,トラファルガーロー,C,https://minnano-toreka.com/wp-content/uploads/2026/08/ST03-008_minnanotoreca-10276967.webp,トラファルガーロー（C）[ST03-008],,https://dopa-game.jp/one-piece/dp/10276967,,,,10276967,31010,DOPA(ワンピ)
ST06-006,たしぎ(フルアート),C,https://minnano-toreka.com/wp-content/uploads/2026/08/ST06-006_minnanotoreca-10276968.webp,たしぎ(フルアート)（C）[ST06-006],,https://dopa-game.jp/one-piece/dp/10276968,,,,10276968,31011,DOPA(ワンピ)
P-076,サカズキ,P,https://minnano-toreka.com/wp-content/uploads/2026/08/P-076_minnanotoreca-10276969.webp,サカズキ（P）[P-076],,https://dopa-game.jp/one-piece/dp/10276969,,,,10276969,31012,DOPA(ワンピ)
ST03-013,ボア・ハンコック,C,https://minnano-toreka.com/wp-content/uploads/2026/08/ST03-013_minnanotoreca-10276970.webp,ボア・ハンコック（C）[ST03-013],,https://dopa-game.jp/one-piece/dp/10276970,,,,10276970,31013,DOPA(ワンピ)
OP08-106,ナミ,SR,https://minnano-toreka.com/wp-content/uploads/2026/08/OP08-106_minnanotoreca-10276971.webp,ナミ（SR）[OP08-106],,https://dopa-game.jp/one-piece/dp/10276971,,,,10276971,31014,DOPA(ワンピ)
OP05-091,レベッカ(パラレル,SR,https://minnano-toreka.com/wp-content/uploads/2026/08/OP05-091_minnanotoreca-10280173.webp,レベッカ(パラレル（SR）[OP05-091],,https://dopa-game.jp/one-piece/dp/10280173,,,,10280173,31015,DOPA(ワンピ)
OP02-013,ポートガス・D・エース,SR,https://minnano-toreka.com/wp-content/uploads/2026/08/OP02-013_minnanotoreca-10280175.webp,ポートガス・D・エース（SR）[OP02-013],,https://dopa-game.jp/one-piece/dp/10280175,,,,10280175,31016,DOPA(ワンピ)
OP03-112,シャーロット・プリン,R,https://minnano-toreka.com/wp-content/uploads/2026/08/OP03-112_minnanotoreca-10280177.webp,シャーロット・プリン（R）[OP03-112],,https://dopa-game.jp/one-piece/dp/10280177,,,,10280177,31017,DOPA(ワンピ)
ST02-007,ジュエリー・ボニー,C,https://minnano-toreka.com/wp-content/uploads/2026/08/ST02-007_minnanotoreca-10280180.webp,ジュエリー・ボニー（C）[ST02-007],,https://dopa-game.jp/one-piece/dp/10280180,,,,10280180,31018,DOPA(ワンピ)
OP08-112,S-スネーク,SR,https://minnano-toreka.com/wp-content/uploads/2026/08/OP08-112_minnanotoreca-10280181.webp,S-スネーク（SR）[OP08-112],,https://dopa-game.jp/one-piece/dp/10280181,,,,10280181,31019,DOPA(ワンピ)
OP08-112,S-スネーク,SR,https://minnano-toreka.com/wp-content/uploads/2026/08/OP08-112_minnanotoreca-10280184.webp,S-スネーク（SR）[OP08-112],,https://dopa-game.jp/one-piece/dp/10280184,,,,10280184,31020,DOPA(ワンピ)
OP08-079,カイドウ,SR,https://minnano-toreka.com/wp-content/uploads/2026/08/OP08-079_minnanotoreca-10280187.webp,カイドウ（SR）[OP08-079],,https://dopa-game.jp/one-piece/dp/10280187,,,,10280187,31021,DOPA(ワンピ)
OP08-043,エドワード・ニューゲート(パラレル/illust:DAI-XT.),SR,https://minnano-toreka.com/wp-content/uploads/2026/08/OP08-043_minnanotoreca-10280188.webp,エドワード・ニューゲート(パラレル/illust:DAI-XT.)（SR）[OP08-043],,https://dopa-game.jp/one-piece/dp/10280188,,,,10280188,31022,DOPA(ワンピ)
OP08-079,カイドウ,SR,https://minnano-toreka.com/wp-content/uploads/2026/08/OP08-079_minnanotoreca-10280189.webp,カイドウ（SR）[OP08-079],,https://dopa-game.jp/one-piece/dp/10280189,,,,10280189,31023,DOPA(ワンピ)
OP02-004,エドワード・ニューゲート(illust:tasaka),SR,https://minnano-toreka.com/wp-content/uploads/2026/08/OP02-004_minnanotoreca-10280190.webp,エドワード・ニューゲート(illust:tasaka)（SR）[OP02-004],,https://dopa-game.jp/one-piece/dp/10280190,,,,10280190,31024,DOPA(ワンピ)
OP08-118,シルバーズ・レイリー,SEC,https://minnano-toreka.com/wp-content/uploads/2026/08/OP08-118_minnanotoreca-10280191.webp,シルバーズ・レイリー（SEC）[OP08-118],,https://dopa-game.jp/one-piece/dp/10280191,,,,10280191,31025,DOPA(ワンピ)
OP06-069,(未開封)ヴィンスモーク・レイジュ,SR,https://minnano-toreka.com/wp-content/uploads/2026/08/OP06-069_minnanotoreca-10280193-1.webp,(未開封)ヴィンスモーク・レイジュ（SR）[OP06-069],,https://dopa-game.jp/one-piece/dp/10280193,,,,10280193,31028,DOPA(ワンピ)
-,最強の3兄弟PACK,-,https://minnano-toreka.com/wp-content/uploads/2026/08/none_minnanotoreca-10281368.webp,最強の3兄弟PACK（-）[-],,https://dopa-game.jp/one-piece/dp/10281368,,,,10281368,31027,DOPA(ワンピ)
{OP06-069},ヴィンスモーク・レイジュ(illust:tokisimashikuka),SR,https://minnano-toreka.com/wp-content/uploads/2026/08/OP06-069_minnanotoreca-10280193-1.webp,ヴィンスモーク・レイジュ(illust:tokisimashikuka)（SR）[{OP06-069}],,https://dopa-game.jp/one-piece/dp/10282780,,,,10282780,31028,DOPA(ワンピ)
-,プロモーションパックEX Vol.1【未開封パック】,-,https://minnano-toreka.com/wp-content/uploads/2026/08/none_minnanotoreca-10283067.webp,プロモーションパックEX Vol.1【未開封パック】（-）[-],,https://dopa-game.jp/one-piece/dp/10283067,,,,10283067,31029,DOPA(ワンピ)
ST15-002,エドワード・ニューゲート,SR,https://minnano-toreka.com/wp-content/uploads/2026/08/ST15-002_minnanotoreca-10284073.webp,エドワード・ニューゲート（SR）[ST15-002],,https://dopa-game.jp/one-piece/dp/10284073,,,,10284073,31030,DOPA(ワンピ)
ST09-012,ヤマト,C,https://minnano-toreka.com/wp-content/uploads/2026/08/ST09-012_minnanotoreca-10284076.webp,ヤマト（C）[ST09-012],,https://dopa-game.jp/one-piece/dp/10284076,,,,10284076,31031,DOPA(ワンピ)
OP01-004,ウソップ,R,https://minnano-toreka.com/wp-content/uploads/2026/08/OP01-004_minnanotoreca-10284077.webp,ウソップ（R）[OP01-004],,https://dopa-game.jp/one-piece/dp/10284077,,,,10284077,31032,DOPA(ワンピ)
P-073,サボ,P,https://minnano-toreka.com/wp-content/uploads/2026/08/P-073_minnanotoreca-10284079.webp,サボ（P）[P-073],,https://dopa-game.jp/one-piece/dp/10284079,,,,10284079,31033,DOPA(ワンピ)
OP06-101,おナミ,R,https://minnano-toreka.com/wp-content/uploads/2026/08/OP06-101_minnanotoreca-10284081.webp,おナミ（R）[OP06-101],,https://dopa-game.jp/one-piece/dp/10284081,,,,10284081,31034,DOPA(ワンピ)
OP08-105,ジュエリー・ボニー,SR,https://minnano-toreka.com/wp-content/uploads/2026/08/OP08-105_minnanotoreca-10284083.webp,ジュエリー・ボニー（SR）[OP08-105],,https://dopa-game.jp/one-piece/dp/10284083,,,,10284083,31035,DOPA(ワンピ)
ST17-004,ボア・ハンコック,SR,https://minnano-toreka.com/wp-content/uploads/2026/08/ST17-004_minnanotoreca-10284085.webp,ボア・ハンコック（SR）[ST17-004],,https://dopa-game.jp/one-piece/dp/10284085,,,,10284085,31036,DOPA(ワンピ)
OP04-084,ステューシー,C,https://minnano-toreka.com/wp-content/uploads/2026/08/OP04-084_minnanotoreca-10284086.webp,ステューシー（C）[OP04-084],,https://dopa-game.jp/one-piece/dp/10284086,,,,10284086,31037,DOPA(ワンピ)
ST19-003,たしぎ,SR,https://minnano-toreka.com/wp-content/uploads/2026/08/ST19-003_minnanotoreca-10284088.webp,たしぎ（SR）[ST19-003],,https://dopa-game.jp/one-piece/dp/10284088,,,,10284088,31038,DOPA(ワンピ)
ST20-005,シャーロット・リンリン,SR,https://minnano-toreka.com/wp-content/uploads/2026/08/ST20-005_minnanotoreca-10284089.webp,シャーロット・リンリン（SR）[ST20-005],,https://dopa-game.jp/one-piece/dp/10284089,,,,10284089,31039,DOPA(ワンピ)
ST19-004,ヒナ,SR,https://minnano-toreka.com/wp-content/uploads/2026/08/ST19-004_minnanotoreca-10284090.webp,ヒナ（SR）[ST19-004],,https://dopa-game.jp/one-piece/dp/10284090,,,,10284090,31040,DOPA(ワンピ)
ST20-001,シャーロット・カタクリ,SR,https://minnano-toreka.com/wp-content/uploads/2026/08/ST20-001_minnanotoreca-10284091.webp,シャーロット・カタクリ（SR）[ST20-001],,https://dopa-game.jp/one-piece/dp/10284091,,,,10284091,31041,DOPA(ワンピ)
OP08-084,ジャック,SR,https://minnano-toreka.com/wp-content/uploads/2026/08/OP08-084_minnanotoreca-10284092.webp,ジャック（SR）[OP08-084],,https://dopa-game.jp/one-piece/dp/10284092,,,,10284092,31042,DOPA(ワンピ)
OP02-034,トニートニー・チョッパー,UC,https://minnano-toreka.com/wp-content/uploads/2026/08/OP02-034_minnanotoreca-10284094.webp,トニートニー・チョッパー（UC）[OP02-034],,https://dopa-game.jp/one-piece/dp/10284094,,,,10284094,31043,DOPA(ワンピ)
OP08-084,ジャック,SR★,https://minnano-toreka.com/wp-content/uploads/2026/08/OP08-084_minnanotoreca-10284096.webp,ジャック（SR★）[OP08-084],,https://dopa-game.jp/one-piece/dp/10284096,,,,10284096,31044,DOPA(ワンピ)
ST16-001,ウタ,SR,https://minnano-toreka.com/wp-content/uploads/2026/08/ST16-001_minnanotoreca-10284097.webp,ウタ（SR）[ST16-001],,https://dopa-game.jp/one-piece/dp/10284097,,,,10284097,31045,DOPA(ワンピ)
P-058,風のゆくえ(アニメイラスト),P,https://minnano-toreka.com/wp-content/uploads/2026/08/P-058_minnanotoreca-10284099.webp,風のゆくえ(アニメイラスト)（P）[P-058],,https://dopa-game.jp/one-piece/dp/10284099,,,,10284099,31046,DOPA(ワンピ)
OP07-053,ポートガス・D・エース,R,https://minnano-toreka.com/wp-content/uploads/2026/08/OP07-053_minnanotoreca-10284100.webp,ポートガス・D・エース（R）[OP07-053],,https://dopa-game.jp/one-piece/dp/10284100,,,,10284100,31047,DOPA(ワンピ)
P-074,ポートガス・D・エース,P,https://minnano-toreka.com/wp-content/uploads/2026/08/P-074_minnanotoreca-10284102.webp,ポートガス・D・エース（P）[P-074],,https://dopa-game.jp/one-piece/dp/10284102,,,,10284102,31048,DOPA(ワンピ)
P-057,ウタカタララバイ(アニメイラスト),P,https://minnano-toreka.com/wp-content/uploads/2026/08/P-057_minnanotoreca-10284103.webp,ウタカタララバイ(アニメイラスト)（P）[P-057],,https://dopa-game.jp/one-piece/dp/10284103,,,,10284103,31049,DOPA(ワンピ)
ST15-005,ポートガス・D・エース,SR,https://minnano-toreka.com/wp-content/uploads/2026/08/ST15-005_minnanotoreca-10284104.webp,ポートガス・D・エース（SR）[ST15-005],,https://dopa-game.jp/one-piece/dp/10284104,,,,10284104,31050,DOPA(ワンピ)
P-059,世界のつづき(アニメイラスト),P,https://minnano-toreka.com/wp-content/uploads/2026/08/P-059_minnanotoreca-10284106.webp,世界のつづき(アニメイラスト)（P）[P-059],,https://dopa-game.jp/one-piece/dp/10284106,,,,10284106,31051,DOPA(ワンピ)
OP08-052,ポートガス・D・エース,R★,https://minnano-toreka.com/wp-content/uploads/2026/08/OP08-052_minnanotoreca-10284107.webp,ポートガス・D・エース（R★）[OP08-052],,https://dopa-game.jp/one-piece/dp/10284107,,,,10284107,31052,DOPA(ワンピ)
ST11-005,私は最強(アニメイラスト),C,https://minnano-toreka.com/wp-content/uploads/2026/08/ST11-005_minnanotoreca-10284108.webp,私は最強(アニメイラスト)（C）[ST11-005],,https://dopa-game.jp/one-piece/dp/10284108,,,,10284108,31053,DOPA(ワンピ)
OP05-060,モンキー・D・ルフィ,L,https://minnano-toreka.com/wp-content/uploads/2026/08/OP05-060_minnanotoreca-10284109.webp,モンキー・D・ルフィ（L）[OP05-060],,https://dopa-game.jp/one-piece/dp/10284109,,,,10284109,31054,DOPA(ワンピ)
ST11-004,新時代(アニメイラスト),SR,https://minnano-toreka.com/wp-content/uploads/2026/08/ST11-004_minnanotoreca-10284110.webp,新時代(アニメイラスト)（SR）[ST11-004],,https://dopa-game.jp/one-piece/dp/10284110,,,,10284110,31055,DOPA(ワンピ)
P-037,モンキー・D・ルフィ,P,https://minnano-toreka.com/wp-content/uploads/2026/08/P-037_minnanotoreca-10284111.webp,モンキー・D・ルフィ（P）[P-037],,https://dopa-game.jp/one-piece/dp/10284111,,,,10284111,31056,DOPA(ワンピ)
ST11-003,逆光(アニメイラスト),C,https://minnano-toreka.com/wp-content/uploads/2026/08/ST11-003_minnanotoreca-10284112.webp,逆光(アニメイラスト)（C）[ST11-003],,https://dopa-game.jp/one-piece/dp/10284112,,,,10284112,31057,DOPA(ワンピ)
P-075,モンキー・D・ルフィ,P,https://minnano-toreka.com/wp-content/uploads/2026/08/P-075_minnanotoreca-10284113.webp,モンキー・D・ルフィ（P）[P-075],,https://dopa-game.jp/one-piece/dp/10284113,,,,10284113,31058,DOPA(ワンピ)
P-060,Tot Musica(アニメイラスト),P,https://minnano-toreka.com/wp-content/uploads/2026/08/P-060_minnanotoreca-10284114.webp,Tot Musica(アニメイラスト)（P）[P-060],,https://dopa-game.jp/one-piece/dp/10284114,,,,10284114,31059,DOPA(ワンピ)
ST18-005,ルフィ太郎,SR,https://minnano-toreka.com/wp-content/uploads/2026/08/ST18-005_minnanotoreca-10284115.webp,ルフィ太郎（SR）[ST18-005],,https://dopa-game.jp/one-piece/dp/10284115,,,,10284115,31060,DOPA(ワンピ)
OP07-109,モンキー・D・ルフィ,SR,https://minnano-toreka.com/wp-content/uploads/2026/08/OP07-109_minnanotoreca-10285439.webp,モンキー・D・ルフィ（SR）[OP07-109],,https://dopa-game.jp/one-piece/dp/10285439,,,,10285439,31061,DOPA(ワンピ)
-,ドン!!カード(未開封/GRe4N BOYZ),-,https://minnano-toreka.com/wp-content/uploads/2026/08/none_minnanotoreca-10285442.webp,ドン!!カード(未開封/GRe4N BOYZ)（-）[-],,https://dopa-game.jp/one-piece/dp/10285442,,,,10285442,31062,DOPA(ワンピ)
ST10-006,(未開封)モンキー・D・ルフィ,SR,https://minnano-toreka.com/wp-content/uploads/2026/08/ST10-006_minnanotoreca-10285445.webp,(未開封)モンキー・D・ルフィ（SR）[ST10-006],,https://dopa-game.jp/one-piece/dp/10285445,,,,10285445,31063,DOPA(ワンピ)
OP04-112,(未開封)ヤマト,SR,https://minnano-toreka.com/wp-content/uploads/2026/08/OP04-112_minnanotoreca-10285446.webp,(未開封)ヤマト（SR）[OP04-112],,https://dopa-game.jp/one-piece/dp/10285446,,,,10285446,31064,DOPA(ワンピ)
OP01-016,ナミ,R,https://minnano-toreka.com/wp-content/uploads/2026/08/OP01-016_minnanotoreca-10285452.webp,ナミ（R）[OP01-016],,https://dopa-game.jp/one-piece/dp/10285452,,,,10285452,31065,DOPA(ワンピ)
-,ドン!!カード(金枠/ゾロ),-,https://minnano-toreka.com/wp-content/uploads/2026/08/none_minnanotoreca-10285465.webp,ドン!!カード(金枠/ゾロ)（-）[-],,https://dopa-game.jp/one-piece/dp/10285465,,,,10285465,31066,DOPA(ワンピ)
-,ドン!!カード(金枠/ヤマト),-,https://minnano-toreka.com/wp-content/uploads/2026/08/none_minnanotoreca-10285466.webp,ドン!!カード(金枠/ヤマト)（-）[-],,https://dopa-game.jp/one-piece/dp/10285466,,,,10285466,31067,DOPA(ワンピ)
P-041,(未開封/ONE PIECE EMOTION)モンキー・D・ルフィ,P,https://minnano-toreka.com/wp-content/uploads/2026/08/P-041_minnanotoreca-10285469.webp,(未開封/ONE PIECE EMOTION)モンキー・D・ルフィ（P）[P-041],,https://dopa-game.jp/one-piece/dp/10285469,,,,10285469,31068,DOPA(ワンピ)
ST13-003,(未開封)モンキー・D・ルフィ,L,https://minnano-toreka.com/wp-content/uploads/2026/08/ST13-003_minnanotoreca-10285470.webp,(未開封)モンキー・D・ルフィ（L）[ST13-003],,https://dopa-game.jp/one-piece/dp/10285470,,,,10285470,31069,DOPA(ワンピ)
ST13-002,(未開封)ポートガス・D・エース,L,https://minnano-toreka.com/wp-content/uploads/2026/08/ST13-002_minnanotoreca-10285472.webp,(未開封)ポートガス・D・エース（L）[ST13-002],,https://dopa-game.jp/one-piece/dp/10285472,,,,10285472,31070,DOPA(ワンピ)
-,ドン!!カード(金枠/ウタ),-,https://minnano-toreka.com/wp-content/uploads/2026/08/none_minnanotoreca-10289246.webp,ドン!!カード(金枠/ウタ)（-）[-],,https://dopa-game.jp/one-piece/dp/10289246,,,,10289246,31071,DOPA(ワンピ)
-,ドン!!カード(金枠/アイスバーグ),-,https://minnano-toreka.com/wp-content/uploads/2026/08/none_minnanotoreca-10289326.webp,ドン!!カード(金枠/アイスバーグ)（-）[-],,https://dopa-game.jp/one-piece/dp/10289326,,,,10289326,31072,DOPA(ワンピ)
OP01-051,ユースタス・キッド(パラレル/illust:Katsuo Tadano),SR,https://minnano-toreka.com/wp-content/uploads/2026/08/OP01-051_minnanotoreca-10289328.webp,ユースタス・キッド(パラレル/illust:Katsuo Tadano)（SR）[OP01-051],,https://dopa-game.jp/one-piece/dp/10289328,,,,10289328,31073,DOPA(ワンピ)
OP01-078,ボア・ハンコック(パラレル/illust:SHINRA AGENY Co.Ltd.),SR,https://minnano-toreka.com/wp-content/uploads/2026/08/OP01-078_minnanotoreca-10289331.webp,ボア・ハンコック(パラレル/illust:SHINRA AGENY Co.Ltd.)（SR）[OP01-078],,https://dopa-game.jp/one-piece/dp/10289331,,,,10289331,31074,DOPA(ワンピ)
-,ドン!!カード(金枠/カイドウ),-,https://minnano-toreka.com/wp-content/uploads/2026/08/none_minnanotoreca-10289333.webp,ドン!!カード(金枠/カイドウ)（-）[-],,https://dopa-game.jp/one-piece/dp/10289333,,,,10289333,31075,DOPA(ワンピ)
OP01-024,モンキー・D・ルフィ(パラレル/illust:TAPIOCA),SR,https://minnano-toreka.com/wp-content/uploads/2026/08/OP01-024_minnanotoreca-10289335.webp,モンキー・D・ルフィ(パラレル/illust:TAPIOCA)（SR）[OP01-024],,https://dopa-game.jp/one-piece/dp/10289335,,,,10289335,31076,DOPA(ワンピ)
OP01-121,ヤマト(パラレル),SEC/パラレル,https://minnano-toreka.com/wp-content/uploads/2026/08/OP01-121_minnanotoreca-10289339.webp,ヤマト(パラレル)（SEC/パラレル）[OP01-121],,https://dopa-game.jp/one-piece/dp/10289339,,,,10289339,31077,DOPA(ワンピ)
OP01-041,光月モモの助(パラレル/illust:SOWSOW),R,https://minnano-toreka.com/wp-content/uploads/2026/08/OP01-041_minnanotoreca-10289345.webp,光月モモの助(パラレル/illust:SOWSOW)（R）[OP01-041],,https://dopa-game.jp/one-piece/dp/10289345,,,,10289345,31078,DOPA(ワンピ)
OP01-120,シャンクス(パラレル/illust:lack),SEC/パラレル,https://minnano-toreka.com/wp-content/uploads/2026/08/OP01-120_minnanotoreca-10289350.webp,シャンクス(パラレル/illust:lack)（SEC/パラレル）[OP01-120],,https://dopa-game.jp/one-piece/dp/10289350,,,,10289350,31079,DOPA(ワンピ)
-,ドン!!カード(金枠/カタクリ),-,https://minnano-toreka.com/wp-content/uploads/2026/08/none_minnanotoreca-10289354.webp,ドン!!カード(金枠/カタクリ)（-）[-],,https://dopa-game.jp/one-piece/dp/10289354,,,,10289354,31080,DOPA(ワンピ)
-,ドン!!カード(金枠/サカズキ),-,https://minnano-toreka.com/wp-content/uploads/2026/08/none_minnanotoreca-10289356.webp,ドン!!カード(金枠/サカズキ)（-）[-],,https://dopa-game.jp/one-piece/dp/10289356,,,,10289356,31081,DOPA(ワンピ)
OP01-033,イゾウ(パラレル/illust:Hatori Kyoka),UC,https://minnano-toreka.com/wp-content/uploads/2026/08/OP01-033_minnanotoreca-10289357.webp,イゾウ(パラレル/illust:Hatori Kyoka)（UC）[OP01-033],,https://dopa-game.jp/one-piece/dp/10289357,,,,10289357,31082,DOPA(ワンピ)
OP03-112,シャーロット・プリン(未開封/CS2024),R,https://minnano-toreka.com/wp-content/uploads/2026/08/OP03-112_minnanotoreca-10289962.webp,シャーロット・プリン(未開封/CS2024)（R）[OP03-112],,https://dopa-game.jp/one-piece/dp/10289962,,,,10289962,31083,DOPA(ワンピ)
OP07-119,ポートガス・D・エース(未開封/Japan/シリアル),SEC,https://minnano-toreka.com/wp-content/uploads/2026/08/OP07-119_minnanotoreca-10289964.webp,ポートガス・D・エース(未開封/Japan/シリアル)（SEC）[OP07-119],,https://dopa-game.jp/one-piece/dp/10289964,,,,10289964,31084,DOPA(ワンピ)
-,ドン!!カード(日本語/CS2023ワールドファイナル/モンキー・D・ルフィ),-,https://minnano-toreka.com/wp-content/uploads/2026/08/none_minnanotoreca-10289965.webp,ドン!!カード(日本語/CS2023ワールドファイナル/モンキー・D・ルフィ)（-）[-],,https://dopa-game.jp/one-piece/dp/10289965,,,,10289965,31085,DOPA(ワンピ)
-,プレイマット『ナミ(中国版)』,-,https://minnano-toreka.com/wp-content/uploads/2026/08/none_minnanotoreca-10291391.webp,プレイマット『ナミ(中国版)』（-）[-],,https://dopa-game.jp/one-piece/dp/10291391,,,,10291391,31086,DOPA(ワンピ)
OP09-002,(未開封)ウタ,R,https://minnano-toreka.com/wp-content/uploads/2026/08/OP09-002_minnanotoreca-10296341.webp,(未開封)ウタ（R）[OP09-002],,https://dopa-game.jp/one-piece/dp/10296341,,,,10296341,31087,DOPA(ワンピ)
OP07-051[OP09],ボア・ハンコック,SR,https://minnano-toreka.com/wp-content/uploads/2026/08/OP07-051-OP09_minnanotoreca-10296374.webp,ボア・ハンコック（SR）[OP07-051[OP09]],,https://dopa-game.jp/one-piece/dp/10296374,,,,10296374,31088,DOPA(ワンピ)
OP06-093,ペローナ(未開封),SR,https://minnano-toreka.com/wp-content/uploads/2026/08/OP06-093_minnanotoreca-10296375.webp,ペローナ(未開封)（SR）[OP06-093],,https://dopa-game.jp/one-piece/dp/10296375,,,,10296375,31089,DOPA(ワンピ)
OP09-118,ゴール・D・ロジャー(パラレル/金色漫画背景/漫画絵),SEC/パラレル,https://minnano-toreka.com/wp-content/uploads/2026/08/OP09-118_minnanotoreca-10296539.webp,ゴール・D・ロジャー(パラレル/金色漫画背景/漫画絵)（SEC/パラレル）[OP09-118],,https://dopa-game.jp/one-piece/dp/10296539,,,,10296539,31090,DOPA(ワンピ)
OP02-117,氷河時代,UC,https://minnano-toreka.com/wp-content/uploads/2026/08/OP02-117_minnanotoreca-10296540.webp,氷河時代（UC）[OP02-117],,https://dopa-game.jp/one-piece/dp/10296540,,,,10296540,31091,DOPA(ワンピ)
ST13-003,モンキー・D・ルフィ,L,https://minnano-toreka.com/wp-content/uploads/2026/08/ST13-003_minnanotoreca-10296542.webp,モンキー・D・ルフィ（L）[ST13-003],,https://dopa-game.jp/one-piece/dp/10296542,,,,10296542,31092,DOPA(ワンピ)
ST10-006,モンキー・D・ルフィ(中国版/illust:Rotta),SR,https://minnano-toreka.com/wp-content/uploads/2026/08/ST10-006_minnanotoreca-10296543.webp,モンキー・D・ルフィ(中国版/illust:Rotta)（SR）[ST10-006],,https://dopa-game.jp/one-piece/dp/10296543,,,,10296543,31093,DOPA(ワンピ)
OP05-067,ゾロ十郎(パラレル/SP/和柄/illust:otton),R,https://minnano-toreka.com/wp-content/uploads/2026/08/OP05-067_minnanotoreca-10296572.webp,ゾロ十郎(パラレル/SP/和柄/illust:otton)（R）[OP05-067],,https://dopa-game.jp/one-piece/dp/10296572,,,,10296572,31094,DOPA(ワンピ)
OP09-119,モンキー・D・ルフィ,SEC,https://minnano-toreka.com/wp-content/uploads/2026/08/OP09-119_minnanotoreca-10297133.webp,モンキー・D・ルフィ（SEC）[OP09-119],,https://dopa-game.jp/one-piece/dp/10297133,,,,10297133,31095,DOPA(ワンピ)
OP09-004,シャンクス,SR,https://minnano-toreka.com/wp-content/uploads/2026/08/OP09-004_minnanotoreca-10297134.webp,シャンクス（SR）[OP09-004],,https://dopa-game.jp/one-piece/dp/10297134,,,,10297134,31096,DOPA(ワンピ)
OP09-093,マーシャル・D・ティーチ,SR,https://minnano-toreka.com/wp-content/uploads/2026/08/OP09-093_minnanotoreca-10297135.webp,マーシャル・D・ティーチ（SR）[OP09-093],,https://dopa-game.jp/one-piece/dp/10297135,,,,10297135,31097,DOPA(ワンピ)
OP09-051,バギー,R,https://minnano-toreka.com/wp-content/uploads/2026/08/OP09-051_minnanotoreca-10297136.webp,バギー（R）[OP09-051],,https://dopa-game.jp/one-piece/dp/10297136,,,,10297136,31098,DOPA(ワンピ)
OP02-114,ボルサリーノ,SR,https://minnano-toreka.com/wp-content/uploads/2026/08/OP02-114_minnanotoreca-10297137.webp,ボルサリーノ（SR）[OP02-114],,https://dopa-game.jp/one-piece/dp/10297137,,,,10297137,31099,DOPA(ワンピ)
ST10-013,ユースタス・キッド,SR,https://minnano-toreka.com/wp-content/uploads/2026/08/ST10-013_minnanotoreca-10297138.webp,ユースタス・キッド（SR）[ST10-013],,https://dopa-game.jp/one-piece/dp/10297138,,,,10297138,31100,DOPA(ワンピ)
-,未開封ドン!!カード(Ado&ウタ),-,https://minnano-toreka.com/wp-content/uploads/2026/08/none_minnanotoreca-10297141.webp,未開封ドン!!カード(Ado&ウタ)（-）[-],,https://dopa-game.jp/one-piece/dp/10297141,,,,10297141,31101,DOPA(ワンピ)
OP01-121,ヤマト(パラレル/和柄/illust:S-KINOKO),SP,https://minnano-toreka.com/wp-content/uploads/2026/08/OP01-121_minnanotoreca-10297168.webp,ヤマト(パラレル/和柄/illust:S-KINOKO)（SP）[OP01-121],,https://dopa-game.jp/one-piece/dp/10297168,,,,10297168,31102,DOPA(ワンピ)
P-017,トラファルガー・ロー,P,https://minnano-toreka.com/wp-content/uploads/2026/08/P-017_minnanotoreca-10297199.webp,トラファルガー・ロー（P）[P-017],,https://dopa-game.jp/one-piece/dp/10297199,,,,10297199,31103,DOPA(ワンピ)
OP08-084,ジャック(未開封),SR,https://minnano-toreka.com/wp-content/uploads/2026/08/OP08-084_minnanotoreca-10297265.webp,ジャック(未開封)（SR）[OP08-084],,https://dopa-game.jp/one-piece/dp/10297265,,,,10297265,31104,DOPA(ワンピ)
OP01-016[OP05],ナミ,SP,https://minnano-toreka.com/wp-content/uploads/2026/08/OP01-016-OP05_minnanotoreca-10297270.webp,ナミ（SP）[OP01-016[OP05]],,https://dopa-game.jp/one-piece/dp/10297270,,,,10297270,31105,DOPA(ワンピ)
OP08-106[OP09],ナミ,SR,https://minnano-toreka.com/wp-content/uploads/2026/08/OP08-106-OP09_minnanotoreca-10297271.webp,ナミ（SR）[OP08-106[OP09]],,https://dopa-game.jp/one-piece/dp/10297271,,,,10297271,31106,DOPA(ワンピ)
ST03-013,ボア・ハンコック(中国版/TR/illust:otton),C,https://minnano-toreka.com/wp-content/uploads/2026/08/ST03-013_minnanotoreca-10297628.webp,ボア・ハンコック(中国版/TR/illust:otton)（C）[ST03-013],,https://dopa-game.jp/one-piece/dp/10297628,,,,10297628,31107,DOPA(ワンピ)
ST10-004,サンジ(illust:AKIRA EGAWA),C,https://minnano-toreka.com/wp-content/uploads/2026/08/ST10-004_minnanotoreca-10297671.webp,サンジ(illust:AKIRA EGAWA)（C）[ST10-004],,https://dopa-game.jp/one-piece/dp/10297671,,,,10297671,31108,DOPA(ワンピ)
OP06-001,ウタ(パラレル/illust:Sunohara),L,https://minnano-toreka.com/wp-content/uploads/2026/08/OP06-001_minnanotoreca-10297694.webp,ウタ(パラレル/illust:Sunohara)（L）[OP06-001],,https://dopa-game.jp/one-piece/dp/10297694,,,,10297694,31109,DOPA(ワンピ)
OP09-04,シャンクス(パラレル/手配書),SR,https://minnano-toreka.com/wp-content/uploads/2026/08/OP09-04_minnanotoreca-10298797.webp,シャンクス(パラレル/手配書)（SR）[OP09-04],,https://dopa-game.jp/one-piece/dp/10298797,,,,10298797,31110,DOPA(ワンピ)
-,ドン!!カード(金枠/ロー),-,https://minnano-toreka.com/wp-content/uploads/2026/08/none_minnanotoreca-10298798.webp,ドン!!カード(金枠/ロー)（-）[-],,https://dopa-game.jp/one-piece/dp/10298798,,,,10298798,31111,DOPA(ワンピ)
OP04-092,レベッカ,R,https://minnano-toreka.com/wp-content/uploads/2026/08/OP04-092_minnanotoreca-10298811.webp,レベッカ（R）[OP04-092],,https://dopa-game.jp/one-piece/dp/10298811,,,,10298811,31112,DOPA(ワンピ)
OP06-038,一大・三千・大千・世界(illust:Katsuo Tadano),UC,https://minnano-toreka.com/wp-content/uploads/2026/08/OP06-038_minnanotoreca-10298813.webp,一大・三千・大千・世界(illust:Katsuo Tadano)（UC）[OP06-038],,https://dopa-game.jp/one-piece/dp/10298813,,,,10298813,31113,DOPA(ワンピ)
OP09-051,バギー(パラレル/手配書),R,https://minnano-toreka.com/wp-content/uploads/2026/08/OP09-051_minnanotoreca-10298814.webp,バギー(パラレル/手配書)（R）[OP09-051],,https://dopa-game.jp/one-piece/dp/10298814,,,,10298814,31114,DOPA(ワンピ)
-,ドン!!カード(金枠/ドフラミンゴ),-,https://minnano-toreka.com/wp-content/uploads/2026/08/none_minnanotoreca-10298815.webp,ドン!!カード(金枠/ドフラミンゴ)（-）[-],,https://dopa-game.jp/one-piece/dp/10298815,,,,10298815,31115,DOPA(ワンピ)
-,ドン!!カード(金枠/ルフィ),-,https://minnano-toreka.com/wp-content/uploads/2026/08/none_minnanotoreca-10298816.webp,ドン!!カード(金枠/ルフィ)（-）[-],,https://dopa-game.jp/one-piece/dp/10298816,,,,10298816,31116,DOPA(ワンピ)
OP05-098,(未開封)エネル,L,https://minnano-toreka.com/wp-content/uploads/2026/08/OP05-098_minnanotoreca-10298817.webp,(未開封)エネル（L）[OP05-098],,https://dopa-game.jp/one-piece/dp/10298817,,,,10298817,31117,DOPA(ワンピ)
OP05-119[OP09],モンキー・D・ルフィ(パラレル/手配書),SEC,https://minnano-toreka.com/wp-content/uploads/2026/08/OP05-119-OP09_minnanotoreca-10299212.webp,モンキー・D・ルフィ(パラレル/手配書)（SEC）[OP05-119[OP09]],,https://dopa-game.jp/one-piece/dp/10299212,,,,10299212,31118,DOPA(ワンピ)
-,ドン!!カード(英語/CS2023ワールドファイナル/モンキー・D・ルフィ),-,https://minnano-toreka.com/wp-content/uploads/2026/08/none_minnanotoreca-10299221.webp,ドン!!カード(英語/CS2023ワールドファイナル/モンキー・D・ルフィ)（-）[-],,https://dopa-game.jp/one-piece/dp/10299221,,,,10299221,31119,DOPA(ワンピ)
-,プロモーションパック Vol.5【未開封パック】,-,https://minnano-toreka.com/wp-content/uploads/2026/08/none_minnanotoreca-10299281.webp,プロモーションパック Vol.5【未開封パック】（-）[-],,https://dopa-game.jp/one-piece/dp/10299281,,,,10299281,31120,DOPA(ワンピ)
-,ドン!!カード(金枠/ペローナ),-,https://minnano-toreka.com/wp-content/uploads/2026/08/none_minnanotoreca-10299285.webp,ドン!!カード(金枠/ペローナ)（-）[-],,https://dopa-game.jp/one-piece/dp/10299285,,,,10299285,31121,DOPA(ワンピ)
-,ドン!!カード(金枠/エネル),-,https://minnano-toreka.com/wp-content/uploads/2026/08/none_minnanotoreca-10299286.webp,ドン!!カード(金枠/エネル)（-）[-],,https://dopa-game.jp/one-piece/dp/10299286,,,,10299286,31122,DOPA(ワンピ)
-,ドン!!カード(金枠/サボ/帽子&パイプ),-,https://minnano-toreka.com/wp-content/uploads/2026/08/none_minnanotoreca-10299287.webp,ドン!!カード(金枠/サボ/帽子&パイプ)（-）[-],,https://dopa-game.jp/one-piece/dp/10299287,,,,10299287,31123,DOPA(ワンピ)
-,ドン!!カード(金枠/ビビ),-,https://minnano-toreka.com/wp-content/uploads/2026/08/none_minnanotoreca-10300796.webp,ドン!!カード(金枠/ビビ)（-）[-],,https://dopa-game.jp/one-piece/dp/10300796,,,,10300796,31124,DOPA(ワンピ)
OP08-067,シャーロット・プリン(未開封),R,https://minnano-toreka.com/wp-content/uploads/2026/08/OP08-067_minnanotoreca-10304297-1.webp,シャーロット・プリン(未開封)（R）[OP08-067],,https://dopa-game.jp/one-piece/dp/10304297,,,,10304297,31163,DOPA(ワンピ)
OP01-030,2年後に!!!シャボンディ諸島で!!!(コンパス背景),UC,https://minnano-toreka.com/wp-content/uploads/2026/08/OP01-030_minnanotoreca-10304393.webp,2年後に!!!シャボンディ諸島で!!!(コンパス背景)（UC）[OP01-030],,https://dopa-game.jp/one-piece/dp/10304393,,,,10304393,31126,DOPA(ワンピ)
ST21-009,ナミ,C,https://minnano-toreka.com/wp-content/uploads/2026/08/ST21-009_minnanotoreca-10304394.webp,ナミ（C）[ST21-009],,https://dopa-game.jp/one-piece/dp/10304394,,,,10304394,31127,DOPA(ワンピ)
OP04-092,レベッカ,R,https://minnano-toreka.com/wp-content/uploads/2026/08/OP04-092_minnanotoreca-10304395.webp,レベッカ（R）[OP04-092],,https://dopa-game.jp/one-piece/dp/10304395,,,,10304395,31128,DOPA(ワンピ)
ST21-001,モンキー・D・ルフィ,L,https://minnano-toreka.com/wp-content/uploads/2026/08/ST21-001_minnanotoreca-10304426.webp,モンキー・D・ルフィ（L）[ST21-001],,https://dopa-game.jp/one-piece/dp/10304426,,,,10304426,31129,DOPA(ワンピ)
ST01-007,ナミ,C,https://minnano-toreka.com/wp-content/uploads/2026/08/ST01-007_minnanotoreca-10304427.webp,ナミ（C）[ST01-007],,https://dopa-game.jp/one-piece/dp/10304427,,,,10304427,31130,DOPA(ワンピ)
ST16-001,ウタ,SR,https://minnano-toreka.com/wp-content/uploads/2026/08/ST16-001_minnanotoreca-10304459.webp,ウタ（SR）[ST16-001],,https://dopa-game.jp/one-piece/dp/10304459,,,,10304459,31131,DOPA(ワンピ)
OP08-105,ジュエリー・ボニー,SR,https://minnano-toreka.com/wp-content/uploads/2026/08/OP08-105_minnanotoreca-10304460.webp,ジュエリー・ボニー（SR）[OP08-105],,https://dopa-game.jp/one-piece/dp/10304460,,,,10304460,31132,DOPA(ワンピ)
OP05-093,ロブ・ルッチ,SR,https://minnano-toreka.com/wp-content/uploads/2026/08/OP05-093_minnanotoreca-10304461.webp,ロブ・ルッチ（SR）[OP05-093],,https://dopa-game.jp/one-piece/dp/10304461,,,,10304461,31133,DOPA(ワンピ)
ST10-013,ユースタス・キッド(パラレル/コンパス背景/illust:toshiaki takayama),SR,https://minnano-toreka.com/wp-content/uploads/2026/08/ST10-013_minnanotoreca-10304463.webp,ユースタス・キッド(パラレル/コンパス背景/illust:toshiaki takayama)（SR）[ST10-013],,https://dopa-game.jp/one-piece/dp/10304463,,,,10304463,31134,DOPA(ワンピ)
OP04-083,サボ(コンパス背景),SR,https://minnano-toreka.com/wp-content/uploads/2026/08/OP04-083_minnanotoreca-10304464.webp,サボ(コンパス背景)（SR）[OP04-083],,https://dopa-game.jp/one-piece/dp/10304464,,,,10304464,31135,DOPA(ワンピ)
OP06-118,ロロノア・ゾロ(コンパス背景),SEC,https://minnano-toreka.com/wp-content/uploads/2026/08/OP06-118_minnanotoreca-10304571.webp,ロロノア・ゾロ(コンパス背景)（SEC）[OP06-118],,https://dopa-game.jp/one-piece/dp/10304571,,,,10304571,31136,DOPA(ワンピ)
OP03-044,カヤ(コンパス背景),R,https://minnano-toreka.com/wp-content/uploads/2026/08/OP03-044_minnanotoreca-10304591.webp,カヤ(コンパス背景)（R）[OP03-044],,https://dopa-game.jp/one-piece/dp/10304591,,,,10304591,31137,DOPA(ワンピ)
OP02-013,ポートガス・D・エース(コンパス背景/漫画絵),SR,https://minnano-toreka.com/wp-content/uploads/2026/08/OP02-013_minnanotoreca-10304592.webp,ポートガス・D・エース(コンパス背景/漫画絵)（SR）[OP02-013],,https://dopa-game.jp/one-piece/dp/10304592,,,,10304592,31138,DOPA(ワンピ)
ST13-015,モンキー・D・ルフィ(コンパス背景),SR,https://minnano-toreka.com/wp-content/uploads/2026/08/ST13-015_minnanotoreca-10304593.webp,モンキー・D・ルフィ(コンパス背景)（SR）[ST13-015],,https://dopa-game.jp/one-piece/dp/10304593,,,,10304593,31139,DOPA(ワンピ)
OP07-064,サンジ(コンパス背景),SR,https://minnano-toreka.com/wp-content/uploads/2026/08/OP07-064_minnanotoreca-10304594.webp,サンジ(コンパス背景)（SR）[OP07-064],,https://dopa-game.jp/one-piece/dp/10304594,,,,10304594,31140,DOPA(ワンピ)
ST17-004,ボア・ハンコック(パラレル),SR★,https://minnano-toreka.com/wp-content/uploads/2026/08/ST17-004_minnanotoreca-10309607.webp,ボア・ハンコック(パラレル)（SR★）[ST17-004],,https://dopa-game.jp/one-piece/dp/10309607,,,,10309607,31141,DOPA(ワンピ)
OP10-119,トラファルガー・ロー,SEC,https://minnano-toreka.com/wp-content/uploads/2026/08/OP10-119_minnanotoreca-10309706.webp,トラファルガー・ロー（SEC）[OP10-119],,https://dopa-game.jp/one-piece/dp/10309706,,,,10309706,31142,DOPA(ワンピ)
OP03-116,しらほし(未開封/CS2024),UC,https://minnano-toreka.com/wp-content/uploads/2026/08/OP03-116_minnanotoreca-10309707.webp,しらほし(未開封/CS2024)（UC）[OP03-116],,https://dopa-game.jp/one-piece/dp/10309707,,,,10309707,31143,DOPA(ワンピ)
ST01-007,ナミ,Ｃ,https://minnano-toreka.com/wp-content/uploads/2026/08/ST01-007_minnanotoreca-10313006.webp,ナミ（Ｃ）[ST01-007],,https://dopa-game.jp/one-piece/dp/10313006,,,,10313006,31144,DOPA(ワンピ)
OP04-056,ゴムゴムの業火拳銃,R,https://minnano-toreka.com/wp-content/uploads/2026/08/OP04-056_minnanotoreca-10313008.webp,ゴムゴムの業火拳銃（R）[OP04-056],,https://dopa-game.jp/one-piece/dp/10313008,,,,10313008,31145,DOPA(ワンピ)
ST10-013,ユースタス・キッド,SR,https://minnano-toreka.com/wp-content/uploads/2026/08/ST10-013_minnanotoreca-10313039.webp,ユースタス・キッド（SR）[ST10-013],,https://dopa-game.jp/one-piece/dp/10313039,,,,10313039,31146,DOPA(ワンピ)
OP05-093,ロブ・ルッチ,SR,https://minnano-toreka.com/wp-content/uploads/2026/08/OP05-093_minnanotoreca-10313040.webp,ロブ・ルッチ（SR）[OP05-093],,https://dopa-game.jp/one-piece/dp/10313040,,,,10313040,31147,DOPA(ワンピ)
ST16-001,ウタ(illust:Samei Ikusa),SR,https://minnano-toreka.com/wp-content/uploads/2026/08/ST16-001_minnanotoreca-10313072.webp,ウタ(illust:Samei Ikusa)（SR）[ST16-001],,https://dopa-game.jp/one-piece/dp/10313072,,,,10313072,31148,DOPA(ワンピ)
EB01-043,スパンダイン,R,https://minnano-toreka.com/wp-content/uploads/2026/08/EB01-043_minnanotoreca-10313105.webp,スパンダイン（R）[EB01-043],,https://dopa-game.jp/one-piece/dp/10313105,,,,10313105,31149,DOPA(ワンピ)
OP03-081,カリファ,R,https://minnano-toreka.com/wp-content/uploads/2026/08/OP03-081_minnanotoreca-10313106.webp,カリファ（R）[OP03-081],,https://dopa-game.jp/one-piece/dp/10313106,,,,10313106,31150,DOPA(ワンピ)
ST17-004,ボア・ハンコック,SR,https://minnano-toreka.com/wp-content/uploads/2026/08/ST17-004_minnanotoreca-10313138.webp,ボア・ハンコック（SR）[ST17-004],,https://dopa-game.jp/one-piece/dp/10313138,,,,10313138,31151,DOPA(ワンピ)
OP10-019,神避(パラレル/漫画絵),R★,https://minnano-toreka.com/wp-content/uploads/2026/08/OP10-019_minnanotoreca-10313205.webp,神避(パラレル/漫画絵)（R★）[OP10-019],,https://dopa-game.jp/one-piece/dp/10313205,,,,10313205,31152,DOPA(ワンピ)
OP01-025,ロロノア・ゾロ,SR,https://minnano-toreka.com/wp-content/uploads/2026/08/OP01-025_minnanotoreca-10313238.webp,ロロノア・ゾロ（SR）[OP01-025],,https://dopa-game.jp/one-piece/dp/10313238,,,,10313238,31153,DOPA(ワンピ)
OP05-030,ドンキホーテ・ロシナンテ(コンパス背景),R,https://minnano-toreka.com/wp-content/uploads/2026/08/OP05-030_minnanotoreca-10313239.webp,ドンキホーテ・ロシナンテ(コンパス背景)（R）[OP05-030],,https://dopa-game.jp/one-piece/dp/10313239,,,,10313239,31154,DOPA(ワンピ)
ST21-015,ロロノア・ゾロ(パラレル/フルアート),SR,https://minnano-toreka.com/wp-content/uploads/2026/08/ST21-015_minnanotoreca-10313244.webp,ロロノア・ゾロ(パラレル/フルアート)（SR）[ST21-015],,https://dopa-game.jp/one-piece/dp/10313244,,,,10313244,31155,DOPA(ワンピ)
ST21-001,モンキー・D・ルフィ,L,https://minnano-toreka.com/wp-content/uploads/2026/08/ST21-001_minnanotoreca-10313254.webp,モンキー・D・ルフィ（L）[ST21-001],,https://dopa-game.jp/one-piece/dp/10313254,,,,10313254,31156,DOPA(ワンピ)
ST21-008,トニートニー・チョッパー,C,https://minnano-toreka.com/wp-content/uploads/2026/08/ST21-008_minnanotoreca-10313257.webp,トニートニー・チョッパー（C）[ST21-008],,https://dopa-game.jp/one-piece/dp/10313257,,,,10313257,31157,DOPA(ワンピ)
ST21-006,ステューシー,C,https://minnano-toreka.com/wp-content/uploads/2026/08/ST21-006_minnanotoreca-10313258.webp,ステューシー（C）[ST21-006],,https://dopa-game.jp/one-piece/dp/10313258,,,,10313258,31158,DOPA(ワンピ)
{OP06-118},ロロノア・ゾロ,SEC,https://minnano-toreka.com/wp-content/uploads/2026/08/OP06-118_minnanotoreca-10313699.webp,ロロノア・ゾロ（SEC）[{OP06-118}],,https://dopa-game.jp/one-piece/dp/10313699,,,,10313699,31159,DOPA(ワンピ)
ST21-003,サンジ(パラレル/フルアート),C,https://minnano-toreka.com/wp-content/uploads/2026/08/ST21-003_minnanotoreca-10313700.webp,サンジ(パラレル/フルアート)（C）[ST21-003],,https://dopa-game.jp/one-piece/dp/10313700,,,,10313700,31160,DOPA(ワンピ)
OP06-021,ペローナ,L,https://minnano-toreka.com/wp-content/uploads/2026/08/OP06-021_minnanotoreca-10313732.webp,ペローナ（L）[OP06-021],,https://dopa-game.jp/one-piece/dp/10313732,,,,10313732,31161,DOPA(ワンピ)
{OP08-069},シャーロット・リンリン(コンパス背景),SR,https://minnano-toreka.com/wp-content/uploads/2026/08/OP08-069_minnanotoreca-10313733.webp,シャーロット・リンリン(コンパス背景)（SR）[{OP08-069}],,https://dopa-game.jp/one-piece/dp/10313733,,,,10313733,31162,DOPA(ワンピ)
OP08-067,シヤーロット・プリン,R★,https://minnano-toreka.com/wp-content/uploads/2026/08/OP08-067_minnanotoreca-10304297-1.webp,シヤーロット・プリン（R★）[OP08-067],,https://dopa-game.jp/one-piece/dp/10313776,,,,10313776,31163,DOPA(ワンピ)
OP04-100,カポネ・ベッジ(パラレル/illust:tasaka),R,https://minnano-toreka.com/wp-content/uploads/2026/08/OP04-100_minnanotoreca-10313864.webp,カポネ・ベッジ(パラレル/illust:tasaka)（R）[OP04-100],,https://dopa-game.jp/one-piece/dp/10313864,,,,10313864,31164,DOPA(ワンピ)
OP03-089,ブランニュー(パラレル/illust:Akihiro MIYANO),R★,https://minnano-toreka.com/wp-content/uploads/2026/08/OP03-089_minnanotoreca-10313897.webp,ブランニュー(パラレル/illust:Akihiro MIYANO)（R★）[OP03-089],,https://dopa-game.jp/one-piece/dp/10313897,,,,10313897,31165,DOPA(ワンピ)
OP03-116,しらほし(フルアート/foil/illust:nuisuke),UC,https://minnano-toreka.com/wp-content/uploads/2026/08/OP03-116_minnanotoreca-10313930.webp,しらほし(フルアート/foil/illust:nuisuke)（UC）[OP03-116],,https://dopa-game.jp/one-piece/dp/10313930,,,,10313930,31166,DOPA(ワンピ)
03-056,サンジのピラフ,UC,https://minnano-toreka.com/wp-content/uploads/2026/08/03-056_minnanotoreca-10313931.webp,サンジのピラフ（UC）[03-056],,https://dopa-game.jp/one-piece/dp/10313931,,,,10313931,31167,DOPA(ワンピ)
{OP03-003},イゾウ,R,https://minnano-toreka.com/wp-content/uploads/2026/08/OP03-003_minnanotoreca-10313932.webp,イゾウ（R）[{OP03-003}],,https://dopa-game.jp/one-piece/dp/10313932,,,,10313932,31168,DOPA(ワンピ)
OP09-069,トラファルガー・ロー(未開封),R,https://minnano-toreka.com/wp-content/uploads/2026/08/OP09-069_minnanotoreca-10314062.webp,トラファルガー・ロー(未開封)（R）[OP09-069],,https://dopa-game.jp/one-piece/dp/10314062,,,,10314062,31169,DOPA(ワンピ)
OP01-077,ペローナ(パラレル/フルアート/illust:Misa Matoki),UC,https://minnano-toreka.com/wp-content/uploads/2026/08/OP01-077_minnanotoreca-10314095.webp,ペローナ(パラレル/フルアート/illust:Misa Matoki)（UC）[OP01-077],,https://dopa-game.jp/one-piece/dp/10314095,,,,10314095,31170,DOPA(ワンピ)
OP09-106,ニコ・オルビア(パラレル/フルアート/illust:Nico-Tine),C,https://minnano-toreka.com/wp-content/uploads/2026/08/OP09-106_minnanotoreca-10314097.webp,ニコ・オルビア(パラレル/フルアート/illust:Nico-Tine)（C）[OP09-106],,https://dopa-game.jp/one-piece/dp/10314097,,,,10314097,31171,DOPA(ワンピ)
EB01-006,トニートニー・チョッパー(パラレル/フルアート/illust:Misa Matoki),SR,https://minnano-toreka.com/wp-content/uploads/2026/08/EB01-006_minnanotoreca-10314098.webp,トニートニー・チョッパー(パラレル/フルアート/illust:Misa Matoki)（SR）[EB01-006],,https://dopa-game.jp/one-piece/dp/10314098,,,,10314098,31172,DOPA(ワンピ)
OP08-074,ブラックマリア(パラレル/フルアート/illust:Peach Momoko),SR,https://minnano-toreka.com/wp-content/uploads/2026/08/OP08-074_minnanotoreca-10314099.webp,ブラックマリア(パラレル/フルアート/illust:Peach Momoko)（SR）[OP08-074],,https://dopa-game.jp/one-piece/dp/10314099,,,,10314099,31173,DOPA(ワンピ)
EB01-046,ブルック(パラレル/フルアート/illust:Sumi-e Artist OKAZU),SR,https://minnano-toreka.com/wp-content/uploads/2026/08/EB01-046_minnanotoreca-10314100.webp,ブルック(パラレル/フルアート/illust:Sumi-e Artist OKAZU)（SR）[EB01-046],,https://dopa-game.jp/one-piece/dp/10314100,,,,10314100,31174,DOPA(ワンピ)
EB02-061,モンキー・D・ルフィ(パラレル/漫画背景/漫画絵),SEC,https://minnano-toreka.com/wp-content/uploads/2026/08/EB02-061_minnanotoreca-10314128.webp,モンキー・D・ルフィ(パラレル/漫画背景/漫画絵)（SEC）[EB02-061],,https://dopa-game.jp/one-piece/dp/10314128,,,,10314128,31175,DOPA(ワンピ)
OP07-038,ボア・ハンコック(金文字/アニメイラスト),L,https://minnano-toreka.com/wp-content/uploads/2026/08/OP07-038_minnanotoreca-10314129.webp,ボア・ハンコック(金文字/アニメイラスト)（L）[OP07-038],,https://dopa-game.jp/one-piece/dp/10314129,,,,10314129,31176,DOPA(ワンピ)
OP05-060,モンキー・D・ルフィ(金文字/アニメイラスト),L,https://minnano-toreka.com/wp-content/uploads/2026/08/OP05-060_minnanotoreca-10314130.webp,モンキー・D・ルフィ(金文字/アニメイラスト)（L）[OP05-060],,https://dopa-game.jp/one-piece/dp/10314130,,,,10314130,31177,DOPA(ワンピ)
OP05-098,エネル(金文字/アニメイラスト),L,https://minnano-toreka.com/wp-content/uploads/2026/08/OP05-098_minnanotoreca-10314131.webp,エネル(金文字/アニメイラスト)（L）[OP05-098],,https://dopa-game.jp/one-piece/dp/10314131,,,,10314131,31178,DOPA(ワンピ)
OP07-019,ジュエリー・ボニー(金文字/アニメイラスト),L,https://minnano-toreka.com/wp-content/uploads/2026/08/OP07-019_minnanotoreca-10314132.webp,ジュエリー・ボニー(金文字/アニメイラスト)（L）[OP07-019],,https://dopa-game.jp/one-piece/dp/10314132,,,,10314132,31179,DOPA(ワンピ)
OP06-001,ウタ(金文字/アニメイラスト),L,https://minnano-toreka.com/wp-content/uploads/2026/08/OP06-001_minnanotoreca-10314133.webp,ウタ(金文字/アニメイラスト)（L）[OP06-001],,https://dopa-game.jp/one-piece/dp/10314133,,,,10314133,31180,DOPA(ワンピ)
EB02-010,モンキー・D・ルフィ(パラレル/illust:Katsumi Ishizuka),L,https://minnano-toreka.com/wp-content/uploads/2026/08/EB02-010_minnanotoreca-10314134.webp,モンキー・D・ルフィ(パラレル/illust:Katsumi Ishizuka)（L）[EB02-010],,https://dopa-game.jp/one-piece/dp/10314134,,,,10314134,31181,DOPA(ワンピ)
OP06-042,ヴィンスモーク・レイジュ(金文字/アニメイラスト),L,https://minnano-toreka.com/wp-content/uploads/2026/08/OP06-042_minnanotoreca-10314135.webp,ヴィンスモーク・レイジュ(金文字/アニメイラスト)（L）[OP06-042],,https://dopa-game.jp/one-piece/dp/10314135,,,,10314135,31182,DOPA(ワンピ)
OP10-045,キャベンディッシュ,R,https://minnano-toreka.com/wp-content/uploads/2026/08/OP10-045_minnanotoreca-10315382.webp,キャベンディッシュ（R）[OP10-045],,https://dopa-game.jp/one-piece/dp/10315382,,,,10315382,31183,DOPA(ワンピ)
OP10-046,キュロス,SRパラレル,https://minnano-toreka.com/wp-content/uploads/2026/08/OP10-046_minnanotoreca-10315383.webp,キュロス（SRパラレル）[OP10-046],,https://dopa-game.jp/one-piece/dp/10315383,,,,10315383,31184,DOPA(ワンピ)
OP09-107,ニコ・ロビン,R★,https://minnano-toreka.com/wp-content/uploads/2026/08/OP09-107_minnanotoreca-10315384.webp,ニコ・ロビン（R★）[OP09-107],,https://dopa-game.jp/one-piece/dp/10315384,,,,10315384,31185,DOPA(ワンピ)
OP10-082,クザン,SR,https://minnano-toreka.com/wp-content/uploads/2026/08/OP10-082_minnanotoreca-10315385.webp,クザン（SR）[OP10-082],,https://dopa-game.jp/one-piece/dp/10315385,,,,10315385,31186,DOPA(ワンピ)
{OP10-016},モネ,SR★,https://minnano-toreka.com/wp-content/uploads/2026/08/OP10-016_minnanotoreca-10315386.webp,モネ（SR★）[{OP10-016}],,https://dopa-game.jp/one-piece/dp/10315386,,,,10315386,31187,DOPA(ワンピ)
OP09-042,バギー,L★,https://minnano-toreka.com/wp-content/uploads/2026/08/OP09-042_minnanotoreca-10315387.webp,バギー（L★）[OP09-042],,https://dopa-game.jp/one-piece/dp/10315387,,,,10315387,31188,DOPA(ワンピ)
OP10-082,クザン,SR★/パラレル,https://minnano-toreka.com/wp-content/uploads/2026/08/OP10-082_minnanotoreca-10315388.webp,クザン（SR★/パラレル）[OP10-082],,https://dopa-game.jp/one-piece/dp/10315388,,,,10315388,31189,DOPA(ワンピ)
OP09-051,バギー,R★,https://minnano-toreka.com/wp-content/uploads/2026/08/OP09-051_minnanotoreca-10315389.webp,バギー（R★）[OP09-051],,https://dopa-game.jp/one-piece/dp/10315389,,,,10315389,31190,DOPA(ワンピ)
OP10-005,サンジ,SR,https://minnano-toreka.com/wp-content/uploads/2026/08/OP10-005_minnanotoreca-10315390.webp,サンジ（SR）[OP10-005],,https://dopa-game.jp/one-piece/dp/10315390,,,,10315390,31191,DOPA(ワンピ)
OP10-005,サンジ,SRパラレル,https://minnano-toreka.com/wp-content/uploads/2026/08/OP10-005_minnanotoreca-10315415.webp,サンジ（SRパラレル）[OP10-005],,https://dopa-game.jp/one-piece/dp/10315415,,,,10315415,31192,DOPA(ワンピ)
OP10-003,シュガー,L★,https://minnano-toreka.com/wp-content/uploads/2026/08/OP10-003_minnanotoreca-10315416.webp,シュガー（L★）[OP10-003],,https://dopa-game.jp/one-piece/dp/10315416,,,,10315416,31193,DOPA(ワンピ)
OP10-001,スモーカー,L★,https://minnano-toreka.com/wp-content/uploads/2026/08/OP10-001_minnanotoreca-10315417.webp,スモーカー（L★）[OP10-001],,https://dopa-game.jp/one-piece/dp/10315417,,,,10315417,31194,DOPA(ワンピ)
OP10-030,スモーカー,SR,https://minnano-toreka.com/wp-content/uploads/2026/08/OP10-030_minnanotoreca-10315418.webp,スモーカー（SR）[OP10-030],,https://dopa-game.jp/one-piece/dp/10315418,,,,10315418,31195,DOPA(ワンピ)
OP09-072,フランキー,SR★,https://minnano-toreka.com/wp-content/uploads/2026/08/OP09-072_minnanotoreca-10315419.webp,フランキー（SR★）[OP09-072],,https://dopa-game.jp/one-piece/dp/10315419,,,,10315419,31196,DOPA(ワンピ)
OP09-034,ペローナ,R,https://minnano-toreka.com/wp-content/uploads/2026/08/OP09-034_minnanotoreca-10315448.webp,ペローナ（R）[OP09-034],,https://dopa-game.jp/one-piece/dp/10315448,,,,10315448,31197,DOPA(ワンピ)
OP10-030,スモーカー,SR★/パラレル,https://minnano-toreka.com/wp-content/uploads/2026/08/OP10-030_minnanotoreca-10315449.webp,スモーカー（SR★/パラレル）[OP10-030],,https://dopa-game.jp/one-piece/dp/10315449,,,,10315449,31198,DOPA(ワンピ)
OP10-067,セニョール・ピンク,R★,https://minnano-toreka.com/wp-content/uploads/2026/08/OP10-067_minnanotoreca-10315450.webp,セニョール・ピンク（R★）[OP10-067],,https://dopa-game.jp/one-piece/dp/10315450,,,,10315450,31199,DOPA(ワンピ)
OP10-032,たしぎ,SR,https://minnano-toreka.com/wp-content/uploads/2026/08/OP10-032_minnanotoreca-10315451.webp,たしぎ（SR）[OP10-032],,https://dopa-game.jp/one-piece/dp/10315451,,,,10315451,31200,DOPA(ワンピ)
OP09-004,シャンクス,SR,https://minnano-toreka.com/wp-content/uploads/2026/08/OP09-004_minnanotoreca-10315452.webp,シャンクス（SR）[OP09-004],,https://dopa-game.jp/one-piece/dp/10315452,,,,10315452,31201,DOPA(ワンピ)
OP09-004,シャンクス,SR★,https://minnano-toreka.com/wp-content/uploads/2026/08/OP09-004_minnanotoreca-10315453.webp,シャンクス（SR★）[OP09-004],,https://dopa-game.jp/one-piece/dp/10315453,,,,10315453,31202,DOPA(ワンピ)
OP09-048,ジュラキュール・ミホーク,SR★,https://minnano-toreka.com/wp-content/uploads/2026/08/OP09-048_minnanotoreca-10315454.webp,ジュラキュール・ミホーク（SR★）[OP09-048],,https://dopa-game.jp/one-piece/dp/10315454,,,,10315454,31203,DOPA(ワンピ)
OP10-111,モンキー・D・ルフィ,R★,https://minnano-toreka.com/wp-content/uploads/2026/08/OP10-111_minnanotoreca-10315456.webp,モンキー・D・ルフィ（R★）[OP10-111],,https://dopa-game.jp/one-piece/dp/10315456,,,,10315456,31204,DOPA(ワンピ)
OP09-069,トラファルガー・ロー,R★,https://minnano-toreka.com/wp-content/uploads/2026/08/OP09-069_minnanotoreca-10315457.webp,トラファルガー・ロー（R★）[OP09-069],,https://dopa-game.jp/one-piece/dp/10315457,,,,10315457,31205,DOPA(ワンピ)
OP09-050,ナミ,R★,https://minnano-toreka.com/wp-content/uploads/2026/08/OP09-050_minnanotoreca-10315460.webp,ナミ（R★）[OP09-050],,https://dopa-game.jp/one-piece/dp/10315460,,,,10315460,31206,DOPA(ワンピ)
OP09-009,ベン・ベックマン,SR,https://minnano-toreka.com/wp-content/uploads/2026/08/OP09-009_minnanotoreca-10315461.webp,ベン・ベックマン（SR）[OP09-009],,https://dopa-game.jp/one-piece/dp/10315461,,,,10315461,31207,DOPA(ワンピ)
OP10-118,モンキー・D・ルフィ,SEC,https://minnano-toreka.com/wp-content/uploads/2026/08/OP10-118_minnanotoreca-10315462.webp,モンキー・D・ルフィ（SEC）[OP10-118],,https://dopa-game.jp/one-piece/dp/10315462,,,,10315462,31208,DOPA(ワンピ)
OP09-062,ニコ・ロビン(パラレル/漫画絵),L★,https://minnano-toreka.com/wp-content/uploads/2026/08/OP09-062_minnanotoreca-10315463.webp,ニコ・ロビン(パラレル/漫画絵)（L★）[OP09-062],,https://dopa-game.jp/one-piece/dp/10315463,,,,10315463,31209,DOPA(ワンピ)
OP09-009,ベン・ベックマン,SR,https://minnano-toreka.com/wp-content/uploads/2026/08/OP09-009_minnanotoreca-10315464.webp,ベン・ベックマン（SR）[OP09-009],,https://dopa-game.jp/one-piece/dp/10315464,,,,10315464,31210,DOPA(ワンピ)
EB02-035,サンジ&プリン,SR,https://minnano-toreka.com/wp-content/uploads/2026/08/EB02-035_minnanotoreca-10315465.webp,サンジ&プリン（SR）[EB02-035],,https://dopa-game.jp/one-piece/dp/10315465,,,,10315465,31211,DOPA(ワンピ)
EB02-035,サンジ&プリン,SR★,https://minnano-toreka.com/wp-content/uploads/2026/08/EB02-035_minnanotoreca-10315466.webp,サンジ&プリン（SR★）[EB02-035],,https://dopa-game.jp/one-piece/dp/10315466,,,,10315466,31212,DOPA(ワンピ)
OP10-118,モンキー・D・ルフィ,SEC,https://minnano-toreka.com/wp-content/uploads/2026/08/OP10-118_minnanotoreca-10315468.webp,モンキー・D・ルフィ（SEC）[OP10-118],,https://dopa-game.jp/one-piece/dp/10315468,,,,10315468,31213,DOPA(ワンピ)
EB02-015,ジュエリー・ボニー,SR,https://minnano-toreka.com/wp-content/uploads/2026/08/EB02-015_minnanotoreca-10315470.webp,ジュエリー・ボニー（SR）[EB02-015],,https://dopa-game.jp/one-piece/dp/10315470,,,,10315470,31214,DOPA(ワンピ)
EB02-015,ジュエリー・ボニー,SR★,https://minnano-toreka.com/wp-content/uploads/2026/08/EB02-015_minnanotoreca-10315472.webp,ジュエリー・ボニー（SR★）[EB02-015],,https://dopa-game.jp/one-piece/dp/10315472,,,,10315472,31215,DOPA(ワンピ)
OP09-093,マーシャル・D・ティーチ,SR★,https://minnano-toreka.com/wp-content/uploads/2026/08/OP09-093_minnanotoreca-10315473.webp,マーシャル・D・ティーチ（SR★）[OP09-093],,https://dopa-game.jp/one-piece/dp/10315473,,,,10315473,31216,DOPA(ワンピ)
EB02-044,センゴク,SR,https://minnano-toreka.com/wp-content/uploads/2026/08/EB02-044_minnanotoreca-10315474.webp,センゴク（SR）[EB02-044],,https://dopa-game.jp/one-piece/dp/10315474,,,,10315474,31217,DOPA(ワンピ)
EB02-044,センゴク,SR★,https://minnano-toreka.com/wp-content/uploads/2026/08/EB02-044_minnanotoreca-10315475.webp,センゴク（SR★）[EB02-044],,https://dopa-game.jp/one-piece/dp/10315475,,,,10315475,31218,DOPA(ワンピ)
EB02-003,トニートニー・チョッパー,R★,https://minnano-toreka.com/wp-content/uploads/2026/08/EB02-003_minnanotoreca-10315476.webp,トニートニー・チョッパー（R★）[EB02-003],,https://dopa-game.jp/one-piece/dp/10315476,,,,10315476,31219,DOPA(ワンピ)
OP09-061,モンキー・D・ルフィ(パラレル/漫画絵),L,https://minnano-toreka.com/wp-content/uploads/2026/08/OP09-061_minnanotoreca-10315477.webp,モンキー・D・ルフィ(パラレル/漫画絵)（L）[OP09-061],,https://dopa-game.jp/one-piece/dp/10315477,,,,10315477,31220,DOPA(ワンピ)
EB02-045,トラファルガー・ロー,SR,https://minnano-toreka.com/wp-content/uploads/2026/08/EB02-045_minnanotoreca-10315478.webp,トラファルガー・ロー（SR）[EB02-045],,https://dopa-game.jp/one-piece/dp/10315478,,,,10315478,31221,DOPA(ワンピ)
EB02-045,トラファルガー・ロー,SR★,https://minnano-toreka.com/wp-content/uploads/2026/08/EB02-045_minnanotoreca-10315479.webp,トラファルガー・ロー（SR★）[EB02-045],,https://dopa-game.jp/one-piece/dp/10315479,,,,10315479,31222,DOPA(ワンピ)
OP07-097,ベガパンク(金文字/アニメイラスト),L,https://minnano-toreka.com/wp-content/uploads/2026/08/OP07-097_minnanotoreca-10315480.webp,ベガパンク(金文字/アニメイラスト)（L）[OP07-097],,https://dopa-game.jp/one-piece/dp/10315480,,,,10315480,31223,DOPA(ワンピ)
EB02-017,ナミ,R★,https://minnano-toreka.com/wp-content/uploads/2026/08/EB02-017_minnanotoreca-10315481.webp,ナミ（R★）[EB02-017],,https://dopa-game.jp/one-piece/dp/10315481,,,,10315481,31224,DOPA(ワンピ)
OP07-001,モンキー・D・ドラゴン(金文字/アニメイラスト),L,https://minnano-toreka.com/wp-content/uploads/2026/08/OP07-001_minnanotoreca-10315482.webp,モンキー・D・ドラゴン(金文字/アニメイラスト)（L）[OP07-001],,https://dopa-game.jp/one-piece/dp/10315482,,,,10315482,31225,DOPA(ワンピ)
OP10-022,トラファルガー・ロー,L★,https://minnano-toreka.com/wp-content/uploads/2026/08/OP10-022_minnanotoreca-10315483.webp,トラファルガー・ロー（L★）[OP10-022],,https://dopa-game.jp/one-piece/dp/10315483,,,,10315483,31226,DOPA(ワンピ)
OP10-119,トラファルガー・ロー,SEC,https://minnano-toreka.com/wp-content/uploads/2026/08/OP10-119_minnanotoreca-10315485.webp,トラファルガー・ロー（SEC）[OP10-119],,https://dopa-game.jp/one-piece/dp/10315485,,,,10315485,31227,DOPA(ワンピ)
OP10-099,ユースタス・キッド,L,https://minnano-toreka.com/wp-content/uploads/2026/08/OP10-099_minnanotoreca-10315486.webp,ユースタス・キッド（L）[OP10-099],,https://dopa-game.jp/one-piece/dp/10315486,,,,10315486,31228,DOPA(ワンピ)
OP10-119,トラファルガー・ロー(パラレル/海賊旗背景/漫画絵),SEC,https://minnano-toreka.com/wp-content/uploads/2026/08/OP10-119_minnanotoreca-10315487.webp,トラファルガー・ロー(パラレル/海賊旗背景/漫画絵)（SEC）[OP10-119],,https://dopa-game.jp/one-piece/dp/10315487,,,,10315487,31229,DOPA(ワンピ)
OP10-071,ドンキホーテ・ドフラミンゴ,SR★,https://minnano-toreka.com/wp-content/uploads/2026/08/OP10-071_minnanotoreca-10315514.webp,ドンキホーテ・ドフラミンゴ（SR★）[OP10-071],,https://dopa-game.jp/one-piece/dp/10315514,,,,10315514,31230,DOPA(ワンピ)
OP10-112,ユースタス・キッド,SR,https://minnano-toreka.com/wp-content/uploads/2026/08/OP10-112_minnanotoreca-10315515.webp,ユースタス・キッド（SR）[OP10-112],,https://dopa-game.jp/one-piece/dp/10315515,,,,10315515,31231,DOPA(ワンピ)
OP10-071,ドンキホーテ・ドフラミンゴ,SR,https://minnano-toreka.com/wp-content/uploads/2026/08/OP10-071_minnanotoreca-10315516.webp,ドンキホーテ・ドフラミンゴ（SR）[OP10-071],,https://dopa-game.jp/one-piece/dp/10315516,,,,10315516,31232,DOPA(ワンピ)
OP10-072,ドンキホーテ・ロシナンテ,SR★,https://minnano-toreka.com/wp-content/uploads/2026/08/OP10-072_minnanotoreca-10315519.webp,ドンキホーテ・ロシナンテ（SR★）[OP10-072],,https://dopa-game.jp/one-piece/dp/10315519,,,,10315519,31233,DOPA(ワンピ)
OP10-072,ドンキホーテ・ロシナンテ,SR,https://minnano-toreka.com/wp-content/uploads/2026/08/OP10-072_minnanotoreca-10315521.webp,ドンキホーテ・ロシナンテ（SR）[OP10-072],,https://dopa-game.jp/one-piece/dp/10315521,,,,10315521,31234,DOPA(ワンピ)
OP10-112,ユースタス・キッド,SR★,https://minnano-toreka.com/wp-content/uploads/2026/08/OP10-112_minnanotoreca-10315522-1.webp,ユースタス・キッド（SR★）[OP10-112],,https://dopa-game.jp/one-piece/dp/10315522,,,,10315522,31330,DOPA(ワンピ)
OP10-090,フランキー,R★,https://minnano-toreka.com/wp-content/uploads/2026/08/OP10-090_minnanotoreca-10315523.webp,フランキー（R★）[OP10-090],,https://dopa-game.jp/one-piece/dp/10315523,,,,10315523,31236,DOPA(ワンピ)
OP10-016,モネ,SR,https://minnano-toreka.com/wp-content/uploads/2026/08/OP10-016_minnanotoreca-10315524.webp,モネ（SR）[OP10-016],,https://dopa-game.jp/one-piece/dp/10315524,,,,10315524,31237,DOPA(ワンピ)
OP09-119,モンキー・D・ルフィ,SEC,https://minnano-toreka.com/wp-content/uploads/2026/08/OP09-119_minnanotoreca-10315525.webp,モンキー・D・ルフィ（SEC）[OP09-119],,https://dopa-game.jp/one-piece/dp/10315525,,,,10315525,31238,DOPA(ワンピ)
OP09-119,モンキー・D・ルフィ,SEC,https://minnano-toreka.com/wp-content/uploads/2026/08/OP09-119_minnanotoreca-10315529.webp,モンキー・D・ルフィ（SEC）[OP09-119],,https://dopa-game.jp/one-piece/dp/10315529,,,,10315529,31239,DOPA(ワンピ)
OP09-022,リム(パラレル/漫画絵),L,https://minnano-toreka.com/wp-content/uploads/2026/08/OP09-022_minnanotoreca-10315530.webp,リム(パラレル/漫画絵)（L）[OP09-022],,https://dopa-game.jp/one-piece/dp/10315530,,,,10315530,31240,DOPA(ワンピ)
OP09-037,リム,SR★,https://minnano-toreka.com/wp-content/uploads/2026/08/OP09-037_minnanotoreca-10315531.webp,リム（SR★）[OP09-037],,https://dopa-game.jp/one-piece/dp/10315531,,,,10315531,31241,DOPA(ワンピ)
OP10-042,ウソップ,L★,https://minnano-toreka.com/wp-content/uploads/2026/08/OP10-042_minnanotoreca-10315532.webp,ウソップ（L★）[OP10-042],,https://dopa-game.jp/one-piece/dp/10315532,,,,10315532,31242,DOPA(ワンピ)
OP02-001,エドワード・ニューゲート,L,https://minnano-toreka.com/wp-content/uploads/2026/08/OP02-001_minnanotoreca-10316603.webp,エドワード・ニューゲート（L）[OP02-001],,https://dopa-game.jp/one-piece/dp/10316603,,,,10316603,31243,DOPA(ワンピ)
P-067,ユースタス・キッド,P,https://minnano-toreka.com/wp-content/uploads/2026/08/P-067_minnanotoreca-10316636.webp,ユースタス・キッド（P）[P-067],,https://dopa-game.jp/one-piece/dp/10316636,,,,10316636,31244,DOPA(ワンピ)
OP02-121,クザン,SEC,https://minnano-toreka.com/wp-content/uploads/2026/08/OP02-121_minnanotoreca-10316639.webp,クザン（SEC）[OP02-121],,https://dopa-game.jp/one-piece/dp/10316639,,,,10316639,31245,DOPA(ワンピ)
P-053,ナミ(フルアート/foil),P,https://minnano-toreka.com/wp-content/uploads/2026/08/P-053_minnanotoreca-10316641.webp,ナミ(フルアート/foil)（P）[P-053],,https://dopa-game.jp/one-piece/dp/10316641,,,,10316641,31246,DOPA(ワンピ)
ST18-002,おナミ,C,https://minnano-toreka.com/wp-content/uploads/2026/08/ST18-002_minnanotoreca-10316642.webp,おナミ（C）[ST18-002],,https://dopa-game.jp/one-piece/dp/10316642,,,,10316642,31247,DOPA(ワンピ)
OP02-096,クザン,SR★,https://minnano-toreka.com/wp-content/uploads/2026/08/OP02-096_minnanotoreca-10316643.webp,クザン（SR★）[OP02-096],,https://dopa-game.jp/one-piece/dp/10316643,,,,10316643,31248,DOPA(ワンピ)
ST03-013,ボア・ハンコック(フルアート/foil),C★,https://minnano-toreka.com/wp-content/uploads/2026/08/ST03-013_minnanotoreca-10316644.webp,ボア・ハンコック(フルアート/foil)（C★）[ST03-013],,https://dopa-game.jp/one-piece/dp/10316644,,,,10316644,31249,DOPA(ワンピ)
ST08-009,マキノ,C,https://minnano-toreka.com/wp-content/uploads/2026/08/ST08-009_minnanotoreca-10316647.webp,マキノ（C）[ST08-009],,https://dopa-game.jp/one-piece/dp/10316647,,,,10316647,31250,DOPA(ワンピ)
-,ドン!!カード(金枠/モリア),-,https://minnano-toreka.com/wp-content/uploads/2026/08/none_minnanotoreca-10316649.webp,ドン!!カード(金枠/モリア)（-）[-],,https://dopa-game.jp/one-piece/dp/10316649,,,,10316649,31251,DOPA(ワンピ)
OP02-004,エドワード・ニューゲート,SR★,https://minnano-toreka.com/wp-content/uploads/2026/08/OP02-004_minnanotoreca-10316702.webp,エドワード・ニューゲート（SR★）[OP02-004],,https://dopa-game.jp/one-piece/dp/10316702,,,,10316702,31252,DOPA(ワンピ)
OP05-006,コアラ,SR★,https://minnano-toreka.com/wp-content/uploads/2026/08/OP05-006_minnanotoreca-10316703.webp,コアラ（SR★）[OP05-006],,https://dopa-game.jp/one-piece/dp/10316703,,,,10316703,31253,DOPA(ワンピ)
OP05-081,片足の兵隊,UC★,https://minnano-toreka.com/wp-content/uploads/2026/08/OP05-081_minnanotoreca-10316704.webp,片足の兵隊（UC★）[OP05-081],,https://dopa-game.jp/one-piece/dp/10316704,,,,10316704,31254,DOPA(ワンピ)
OP05-043,うるティ,SR★,https://minnano-toreka.com/wp-content/uploads/2026/08/OP05-043_minnanotoreca-10316735.webp,うるティ（SR★）[OP05-043],,https://dopa-game.jp/one-piece/dp/10316735,,,,10316735,31255,DOPA(ワンピ)
OP05-117,アッパーヤード,UC★,https://minnano-toreka.com/wp-content/uploads/2026/08/OP05-117_minnanotoreca-10316768.webp,アッパーヤード（UC★）[OP05-117],,https://dopa-game.jp/one-piece/dp/10316768,,,,10316768,31256,DOPA(ワンピ)
OP08-021,キャロット(金文字/アニメイラスト),L,https://minnano-toreka.com/wp-content/uploads/2026/08/OP08-021_minnanotoreca-10316801.webp,キャロット(金文字/アニメイラスト)（L）[OP08-021],,https://dopa-game.jp/one-piece/dp/10316801,,,,10316801,31257,DOPA(ワンピ)
OP05-115,2億V雷神,R★,https://minnano-toreka.com/wp-content/uploads/2026/08/OP05-115_minnanotoreca-10316802.webp,2億V雷神（R★）[OP05-115],,https://dopa-game.jp/one-piece/dp/10316802,,,,10316802,31258,DOPA(ワンピ)
OP08-057,キング(金文字/アニメイラスト),L,https://minnano-toreka.com/wp-content/uploads/2026/08/OP08-057_minnanotoreca-10316804.webp,キング(金文字/アニメイラスト)（L）[OP08-057],,https://dopa-game.jp/one-piece/dp/10316804,,,,10316804,31259,DOPA(ワンピ)
OP04-112,ヤマト,SR★,https://minnano-toreka.com/wp-content/uploads/2026/08/OP04-112_minnanotoreca-10316834.webp,ヤマト（SR★）[OP04-112],,https://dopa-game.jp/one-piece/dp/10316834,,,,10316834,31260,DOPA(ワンピ)
OP08-058,シャーロット・プリン(金文字/アニメイラスト),L,https://minnano-toreka.com/wp-content/uploads/2026/08/OP08-058_minnanotoreca-10316835.webp,シャーロット・プリン(金文字/アニメイラスト)（L）[OP08-058],,https://dopa-game.jp/one-piece/dp/10316835,,,,10316835,31261,DOPA(ワンピ)
EB02-022,ウソップ,R★,https://minnano-toreka.com/wp-content/uploads/2026/08/EB02-022_minnanotoreca-10316836.webp,ウソップ（R★）[EB02-022],,https://dopa-game.jp/one-piece/dp/10316836,,,,10316836,31262,DOPA(ワンピ)
OP08-001,トニートニー・チョッパー(金文字/アニメイラスト),L,https://minnano-toreka.com/wp-content/uploads/2026/08/OP08-001_minnanotoreca-10316837.webp,トニートニー・チョッパー(金文字/アニメイラスト)（L）[OP08-001],,https://dopa-game.jp/one-piece/dp/10316837,,,,10316837,31263,DOPA(ワンピ)
OP08-002,マルコ(金文字/アニメイラスト),L,https://minnano-toreka.com/wp-content/uploads/2026/08/OP08-002_minnanotoreca-10316838.webp,マルコ(金文字/アニメイラスト)（L）[OP08-002],,https://dopa-game.jp/one-piece/dp/10316838,,,,10316838,31264,DOPA(ワンピ)
EB02-052,エネル,SR,https://minnano-toreka.com/wp-content/uploads/2026/08/EB02-052_minnanotoreca-10316839.webp,エネル（SR）[EB02-052],,https://dopa-game.jp/one-piece/dp/10316839,,,,10316839,31265,DOPA(ワンピ)
EB02-052,エネル,SR★,https://minnano-toreka.com/wp-content/uploads/2026/08/EB02-052_minnanotoreca-10316840.webp,エネル（SR★）[EB02-052],,https://dopa-game.jp/one-piece/dp/10316840,,,,10316840,31266,DOPA(ワンピ)
OP09-002,ウタ,R★,https://minnano-toreka.com/wp-content/uploads/2026/08/OP09-002_minnanotoreca-10316841.webp,ウタ（R★）[OP09-002],,https://dopa-game.jp/one-piece/dp/10316841,,,,10316841,31267,DOPA(ワンピ)
-,ドン!!カード(金枠/ルッチ),-,https://minnano-toreka.com/wp-content/uploads/2026/08/none_minnanotoreca-10316842.webp,ドン!!カード(金枠/ルッチ)（-）[-],,https://dopa-game.jp/one-piece/dp/10316842,,,,10316842,31268,DOPA(ワンピ)
EB01-021,ハンニャバル(金文字/アニメイラスト),L,https://minnano-toreka.com/wp-content/uploads/2026/08/EB01-021_minnanotoreca-10316843.webp,ハンニャバル(金文字/アニメイラスト)（L）[EB01-021],,https://dopa-game.jp/one-piece/dp/10316843,,,,10316843,31269,DOPA(ワンピ)
EB02-054,サンジ,R★,https://minnano-toreka.com/wp-content/uploads/2026/08/EB02-054_minnanotoreca-10316844.webp,サンジ（R★）[EB02-054],,https://dopa-game.jp/one-piece/dp/10316844,,,,10316844,31270,DOPA(ワンピ)
-,ドン!!カード(金枠/マゼラン),-,https://minnano-toreka.com/wp-content/uploads/2026/08/none_minnanotoreca-10316845.webp,ドン!!カード(金枠/マゼラン)（-）[-],,https://dopa-game.jp/one-piece/dp/10316845,,,,10316845,31271,DOPA(ワンピ)
EB02-011,アーロン,SR,https://minnano-toreka.com/wp-content/uploads/2026/08/EB02-011_minnanotoreca-10316846.webp,アーロン（SR）[EB02-011],,https://dopa-game.jp/one-piece/dp/10316846,,,,10316846,31272,DOPA(ワンピ)
EB02-011,アーロン,SR★,https://minnano-toreka.com/wp-content/uploads/2026/08/EB02-011_minnanotoreca-10316847.webp,アーロン（SR★）[EB02-011],,https://dopa-game.jp/one-piece/dp/10316847,,,,10316847,31273,DOPA(ワンピ)
-,ドン!!カード(金枠/レベッカ),-,https://minnano-toreka.com/wp-content/uploads/2026/08/none_minnanotoreca-10316848.webp,ドン!!カード(金枠/レベッカ)（-）[-],,https://dopa-game.jp/one-piece/dp/10316848,,,,10316848,31274,DOPA(ワンピ)
OP09-065,サンジ,SR,https://minnano-toreka.com/wp-content/uploads/2026/08/OP09-065_minnanotoreca-10316849.webp,サンジ（SR）[OP09-065],,https://dopa-game.jp/one-piece/dp/10316849,,,,10316849,31275,DOPA(ワンピ)
OP07-019,ジュエリー・ボニー(未開封),L,https://minnano-toreka.com/wp-content/uploads/2026/08/OP07-019_minnanotoreca-10316850.webp,ジュエリー・ボニー(未開封)（L）[OP07-019],,https://dopa-game.jp/one-piece/dp/10316850,,,,10316850,31276,DOPA(ワンピ)
OP09-065,サンジ,SR★,https://minnano-toreka.com/wp-content/uploads/2026/08/OP09-065_minnanotoreca-10316851.webp,サンジ（SR★）[OP09-065],,https://dopa-game.jp/one-piece/dp/10316851,,,,10316851,31277,DOPA(ワンピ)
-,ドン!!カード(金枠/ホーディ),-,https://minnano-toreka.com/wp-content/uploads/2026/08/none_minnanotoreca-10316852.webp,ドン!!カード(金枠/ホーディ)（-）[-],,https://dopa-game.jp/one-piece/dp/10316852,,,,10316852,31278,DOPA(ワンピ)
OP09-001,シャンクス(パラレル/漫画絵),L★,https://minnano-toreka.com/wp-content/uploads/2026/08/OP09-001_minnanotoreca-10316853.webp,シャンクス(パラレル/漫画絵)（L★）[OP09-001],,https://dopa-game.jp/one-piece/dp/10316853,,,,10316853,31279,DOPA(ワンピ)
-,ドン!!カード(金枠/ニューゲート),-,https://minnano-toreka.com/wp-content/uploads/2026/08/none_minnanotoreca-10316854.webp,ドン!!カード(金枠/ニューゲート)（-）[-],,https://dopa-game.jp/one-piece/dp/10316854,,,,10316854,31280,DOPA(ワンピ)
EB01-040,キュロス,L,https://minnano-toreka.com/wp-content/uploads/2026/08/EB01-040_minnanotoreca-10316856.webp,キュロス（L）[EB01-040],,https://dopa-game.jp/one-piece/dp/10316856,,,,10316856,31281,DOPA(ワンピ)
OP02-018,マルコ,R★,https://minnano-toreka.com/wp-content/uploads/2026/08/OP02-018_minnanotoreca-10316858.webp,マルコ（R★）[OP02-018],,https://dopa-game.jp/one-piece/dp/10316858,,,,10316858,31282,DOPA(ワンピ)
EB01-001,光月おでん,L,https://minnano-toreka.com/wp-content/uploads/2026/08/EB01-001_minnanotoreca-10316860.webp,光月おでん（L）[EB01-001],,https://dopa-game.jp/one-piece/dp/10316860,,,,10316860,31283,DOPA(ワンピ)
OP02-114,ボルサリーノ,SR★,https://minnano-toreka.com/wp-content/uploads/2026/08/OP02-114_minnanotoreca-10316934.webp,ボルサリーノ（SR★）[OP02-114],,https://dopa-game.jp/one-piece/dp/10316934,,,,10316934,31284,DOPA(ワンピ)
OP02-106,つる,UC★,https://minnano-toreka.com/wp-content/uploads/2026/08/OP02-106_minnanotoreca-10316935.webp,つる（UC★）[OP02-106],,https://dopa-game.jp/one-piece/dp/10316935,,,,10316935,31285,DOPA(ワンピ)
OP03-113,シャーロット・ペロスペロー,SR★,https://minnano-toreka.com/wp-content/uploads/2026/08/OP03-113_minnanotoreca-10316941.webp,シャーロット・ペロスペロー（SR★）[OP03-113],,https://dopa-game.jp/one-piece/dp/10316941,,,,10316941,31286,DOPA(ワンピ)
OP03-123,シャーロット・カタクリ,SEC,https://minnano-toreka.com/wp-content/uploads/2026/08/OP03-123_minnanotoreca-10316953.webp,シャーロット・カタクリ（SEC）[OP03-123],,https://dopa-game.jp/one-piece/dp/10316953,,,,10316953,31287,DOPA(ワンピ)
OP04-032,ベビー5,UC★,https://minnano-toreka.com/wp-content/uploads/2026/08/OP04-032_minnanotoreca-10316958.webp,ベビー5（UC★）[OP04-032],,https://dopa-game.jp/one-piece/dp/10316958,,,,10316958,31288,DOPA(ワンピ)
OP04-031,ドンキホーテ・ドフラミンゴ,SR★,https://minnano-toreka.com/wp-content/uploads/2026/08/OP04-031_minnanotoreca-10316967.webp,ドンキホーテ・ドフラミンゴ（SR★）[OP04-031],,https://dopa-game.jp/one-piece/dp/10316967,,,,10316967,31289,DOPA(ワンピ)
OP04-104,サンジ,SR★,https://minnano-toreka.com/wp-content/uploads/2026/08/OP04-104_minnanotoreca-10316972.webp,サンジ（SR★）[OP04-104],,https://dopa-game.jp/one-piece/dp/10316972,,,,10316972,31290,DOPA(ワンピ)
OP04-029,デリンジャー,C★,https://minnano-toreka.com/wp-content/uploads/2026/08/OP04-029_minnanotoreca-10316975.webp,デリンジャー（C★）[OP04-029],,https://dopa-game.jp/one-piece/dp/10316975,,,,10316975,31291,DOPA(ワンピ)
OP07-015,モンキー・D・ドラゴン,SR★,https://minnano-toreka.com/wp-content/uploads/2026/08/OP07-015_minnanotoreca-10316999.webp,モンキー・D・ドラゴン（SR★）[OP07-015],,https://dopa-game.jp/one-piece/dp/10316999,,,,10316999,31292,DOPA(ワンピ)
OP08-098,カルガラ,L,https://minnano-toreka.com/wp-content/uploads/2026/08/OP08-098_minnanotoreca-10317069.webp,カルガラ（L）[OP08-098],,https://dopa-game.jp/one-piece/dp/10317069,,,,10317069,31293,DOPA(ワンピ)
OP09-046,クロコダイル,SR★,https://minnano-toreka.com/wp-content/uploads/2026/08/OP09-046_minnanotoreca-10317070.webp,クロコダイル（SR★）[OP09-046],,https://dopa-game.jp/one-piece/dp/10317070,,,,10317070,31294,DOPA(ワンピ)
OP09-103,コアラ,SR★,https://minnano-toreka.com/wp-content/uploads/2026/08/OP09-103_minnanotoreca-10317072.webp,コアラ（SR★）[OP09-103],,https://dopa-game.jp/one-piece/dp/10317072,,,,10317072,31295,DOPA(ワンピ)
OP09-118,ゴール・D・ロジャー,SEC,https://minnano-toreka.com/wp-content/uploads/2026/08/OP09-118_minnanotoreca-10317075.webp,ゴール・D・ロジャー（SEC）[OP09-118],,https://dopa-game.jp/one-piece/dp/10317075,,,,10317075,31296,DOPA(ワンピ)
OP09-118,ゴール・D・ロジャー,SEC,https://minnano-toreka.com/wp-content/uploads/2026/08/OP09-118_minnanotoreca-10317077.webp,ゴール・D・ロジャー（SEC）[OP09-118],,https://dopa-game.jp/one-piece/dp/10317077,,,,10317077,31297,DOPA(ワンピ)
OP05-001,サボ(金文字/アニメイラスト),L,https://minnano-toreka.com/wp-content/uploads/2026/08/OP05-001_minnanotoreca-10317182.webp,サボ(金文字/アニメイラスト)（L）[OP05-001],,https://dopa-game.jp/one-piece/dp/10317182,,,,10317182,31298,DOPA(ワンピ)
ST12-012,シャーロット・プリン,SP,https://minnano-toreka.com/wp-content/uploads/2026/08/ST12-012_minnanotoreca-10317183.webp,シャーロット・プリン（SP）[ST12-012],,https://dopa-game.jp/one-piece/dp/10317183,,,,10317183,31299,DOPA(ワンピ)
ST04-003,カイドウ(パラレル/illust:Studio Vigor Co.Ltd),SR★,https://minnano-toreka.com/wp-content/uploads/2026/08/ST04-003_minnanotoreca-10317184.webp,カイドウ(パラレル/illust:Studio Vigor Co.Ltd)（SR★）[ST04-003],,https://dopa-game.jp/one-piece/dp/10317184,,,,10317184,31300,DOPA(ワンピ)
OP06-065,ヴィンスモーク・ニジ,R,https://minnano-toreka.com/wp-content/uploads/2026/08/OP06-065_minnanotoreca-10317185.webp,ヴィンスモーク・ニジ（R）[OP06-065],,https://dopa-game.jp/one-piece/dp/10317185,,,,10317185,31301,DOPA(ワンピ)
ST10-010,トラファルガー・ロー,SR★,https://minnano-toreka.com/wp-content/uploads/2026/08/ST10-010_minnanotoreca-10317186.webp,トラファルガー・ロー（SR★）[ST10-010],,https://dopa-game.jp/one-piece/dp/10317186,,,,10317186,31302,DOPA(ワンピ)
ST06-010,ヘルメッポ(フルアート/foil),C,https://minnano-toreka.com/wp-content/uploads/2026/08/ST06-010_minnanotoreca-10317187.webp,ヘルメッポ(フルアート/foil)（C）[ST06-010],,https://dopa-game.jp/one-piece/dp/10317187,,,,10317187,31303,DOPA(ワンピ)
ST21-002,ウソップ,C★,https://minnano-toreka.com/wp-content/uploads/2026/08/ST21-002_minnanotoreca-10317188.webp,ウソップ（C★）[ST21-002],,https://dopa-game.jp/one-piece/dp/10317188,,,,10317188,31304,DOPA(ワンピ)
OP05-022,ドンキホーテ・ロシナンテ(金文字/アニメイラスト),L,https://minnano-toreka.com/wp-content/uploads/2026/08/OP05-022_minnanotoreca-10317191.webp,ドンキホーテ・ロシナンテ(金文字/アニメイラスト)（L）[OP05-022],,https://dopa-game.jp/one-piece/dp/10317191,,,,10317191,31305,DOPA(ワンピ)
P06-067,ヴィンスモーク・ヨンジ,R,https://minnano-toreka.com/wp-content/uploads/2026/08/P06-067_minnanotoreca-10317193.webp,ヴィンスモーク・ヨンジ（R）[P06-067],,https://dopa-game.jp/one-piece/dp/10317193,,,,10317193,31306,DOPA(ワンピ)
OP05-002,ベロ・ベティ(金文字/アニメイラスト),L,https://minnano-toreka.com/wp-content/uploads/2026/08/OP05-002_minnanotoreca-10317195.webp,ベロ・ベティ(金文字/アニメイラスト)（L）[OP05-002],,https://dopa-game.jp/one-piece/dp/10317195,,,,10317195,31307,DOPA(ワンピ)
OP05-034,ベビー5,R★,https://minnano-toreka.com/wp-content/uploads/2026/08/OP05-034_minnanotoreca-10317196.webp,ベビー5（R★）[OP05-034],,https://dopa-game.jp/one-piece/dp/10317196,,,,10317196,31308,DOPA(ワンピ)
ST21-004,ジュエリー・ボニー,C★,https://minnano-toreka.com/wp-content/uploads/2026/08/ST21-004_minnanotoreca-10317198.webp,ジュエリー・ボニー（C★）[ST21-004],,https://dopa-game.jp/one-piece/dp/10317198,,,,10317198,31309,DOPA(ワンピ)
OP06-066,ヴィンスモーク・ヨンジ,C,https://minnano-toreka.com/wp-content/uploads/2026/08/OP06-066_minnanotoreca-10317199.webp,ヴィンスモーク・ヨンジ（C）[OP06-066],,https://dopa-game.jp/one-piece/dp/10317199,,,,10317199,31310,DOPA(ワンピ)
OP05-093,ロブ・ルッチ(パラレル/SP/和柄/illust:Anderson),SR,https://minnano-toreka.com/wp-content/uploads/2026/08/OP05-093_minnanotoreca-10317201.webp,ロブ・ルッチ(パラレル/SP/和柄/illust:Anderson)（SR）[OP05-093],,https://dopa-game.jp/one-piece/dp/10317201,,,,10317201,31311,DOPA(ワンピ)
ST21-005,ジンベエ,C,https://minnano-toreka.com/wp-content/uploads/2026/08/ST21-005_minnanotoreca-10317204.webp,ジンベエ（C）[ST21-005],,https://dopa-game.jp/one-piece/dp/10317204,,,,10317204,31312,DOPA(ワンピ)
OP05-015,ベロ・ベティ,R★,https://minnano-toreka.com/wp-content/uploads/2026/08/OP05-015_minnanotoreca-10317206.webp,ベロ・ベティ（R★）[OP05-015],,https://dopa-game.jp/one-piece/dp/10317206,,,,10317206,31313,DOPA(ワンピ)
OP06-114,ワイパー(フルアート/foil),UC,https://minnano-toreka.com/wp-content/uploads/2026/08/OP06-114_minnanotoreca-10317207.webp,ワイパー(フルアート/foil)（UC）[OP06-114],,https://dopa-game.jp/one-piece/dp/10317207,,,,10317207,31314,DOPA(ワンピ)
OP06-080,ゲッコー・モリア(金文字/アニメイラスト),L,https://minnano-toreka.com/wp-content/uploads/2026/08/OP06-080_minnanotoreca-10317208.webp,ゲッコー・モリア(金文字/アニメイラスト)（L）[OP06-080],,https://dopa-game.jp/one-piece/dp/10317208,,,,10317208,31315,DOPA(ワンピ)
OP06-069,ヴィンスモーク・レイジュ,SR,https://minnano-toreka.com/wp-content/uploads/2026/08/OP06-069_minnanotoreca-10317209.webp,ヴィンスモーク・レイジュ（SR）[OP06-069],,https://dopa-game.jp/one-piece/dp/10317209,,,,10317209,31316,DOPA(ワンピ)
OP06-021,ペローナ(金文字),L,https://minnano-toreka.com/wp-content/uploads/2026/08/OP06-021_minnanotoreca-10317210.webp,ペローナ(金文字)（L）[OP06-021],,https://dopa-game.jp/one-piece/dp/10317210,,,,10317210,31317,DOPA(ワンピ)
OP06-036,リューマ(パラレル/illust:nukadokomogera),R★,https://minnano-toreka.com/wp-content/uploads/2026/08/OP06-036_minnanotoreca-10317211.webp,リューマ(パラレル/illust:nukadokomogera)（R★）[OP06-036],,https://dopa-game.jp/one-piece/dp/10317211,,,,10317211,31318,DOPA(ワンピ)
OP06-020,ホーディ・ジョーンズ(金文字/アニメイラスト),L,https://minnano-toreka.com/wp-content/uploads/2026/08/OP06-020_minnanotoreca-10317212.webp,ホーディ・ジョーンズ(金文字/アニメイラスト)（L）[OP06-020],,https://dopa-game.jp/one-piece/dp/10317212,,,,10317212,31319,DOPA(ワンピ)
ST21-007,戦桃丸,C,https://minnano-toreka.com/wp-content/uploads/2026/08/ST21-007_minnanotoreca-10317213.webp,戦桃丸（C）[ST21-007],,https://dopa-game.jp/one-piece/dp/10317213,,,,10317213,31320,DOPA(ワンピ)
OP06-091,ビクトリア・シンドリー(フルアート/foil),UC,https://minnano-toreka.com/wp-content/uploads/2026/08/OP06-091_minnanotoreca-10317214.webp,ビクトリア・シンドリー(フルアート/foil)（UC）[OP06-091],,https://dopa-game.jp/one-piece/dp/10317214,,,,10317214,31321,DOPA(ワンピ)
EB02-026,ネフエルタリ・ビビ,SR,https://minnano-toreka.com/wp-content/uploads/2026/08/EB02-026_minnanotoreca-10317215.webp,ネフエルタリ・ビビ（SR）[EB02-026],,https://dopa-game.jp/one-piece/dp/10317215,,,,10317215,31322,DOPA(ワンピ)
OP06-079,ジェルマ王国(パラレル/illust:S-KINOKO),C★,https://minnano-toreka.com/wp-content/uploads/2026/08/OP06-079_minnanotoreca-10317216.webp,ジェルマ王国(パラレル/illust:S-KINOKO)（C★）[OP06-079],,https://dopa-game.jp/one-piece/dp/10317216,,,,10317216,31323,DOPA(ワンピ)
OP06-022,ヤマト(金文字/アニメイラスト),L,https://minnano-toreka.com/wp-content/uploads/2026/08/OP06-022_minnanotoreca-10317217.webp,ヤマト(金文字/アニメイラスト)（L）[OP06-022],,https://dopa-game.jp/one-piece/dp/10317217,,,,10317217,31324,DOPA(ワンピ)
OP06-106,光月日和(パラレル/illust:SHIE NANAHARA),SR,https://minnano-toreka.com/wp-content/uploads/2026/08/OP06-106_minnanotoreca-10317219.webp,光月日和(パラレル/illust:SHIE NANAHARA)（SR）[OP06-106],,https://dopa-game.jp/one-piece/dp/10317219,,,,10317219,31325,DOPA(ワンピ)
OP07-059,フォクシー(金文字/アニメイラスト),L,https://minnano-toreka.com/wp-content/uploads/2026/08/OP07-059_minnanotoreca-10317220.webp,フォクシー(金文字/アニメイラスト)（L）[OP07-059],,https://dopa-game.jp/one-piece/dp/10317220,,,,10317220,31326,DOPA(ワンピ)
OP06-068,ヴィンスモーク・レイジュ,C,https://minnano-toreka.com/wp-content/uploads/2026/08/OP06-068_minnanotoreca-10317221.webp,ヴィンスモーク・レイジュ（C）[OP06-068],,https://dopa-game.jp/one-piece/dp/10317221,,,,10317221,31327,DOPA(ワンピ)
EB02-026,ネフェルタリ・ビビ,SR★,https://minnano-toreka.com/wp-content/uploads/2026/08/EB02-026_minnanotoreca-10317222-1.webp,ネフェルタリ・ビビ（SR★）[EB02-026],,https://dopa-game.jp/one-piece/dp/10317222,,,,10317222,31411,DOPA(ワンピ)
OP06-003,エンポリオ・イワンコフ(フルアート/foil),UC,https://minnano-toreka.com/wp-content/uploads/2026/08/OP06-003_minnanotoreca-10317223.webp,エンポリオ・イワンコフ(フルアート/foil)（UC）[OP06-003],,https://dopa-game.jp/one-piece/dp/10317223,,,,10317223,31329,DOPA(ワンピ)
OP10-112,ユースタス・キッド(パラレル/illust:SENNSU),SR,https://minnano-toreka.com/wp-content/uploads/2026/08/OP10-112_minnanotoreca-10315522-1.webp,ユースタス・キッド(パラレル/illust:SENNSU)（SR）[OP10-112],,https://dopa-game.jp/one-piece/dp/10317224,,,,10317224,31330,DOPA(ワンピ)
ST21-010,ニコ・ロビン,C★,https://minnano-toreka.com/wp-content/uploads/2026/08/ST21-010_minnanotoreca-10317225.webp,ニコ・ロビン（C★）[ST21-010],,https://dopa-game.jp/one-piece/dp/10317225,,,,10317225,31331,DOPA(ワンピ)
OP06-060,ヴィンスモーク・イチジ(フルアート/foil),C,https://minnano-toreka.com/wp-content/uploads/2026/08/OP06-060_minnanotoreca-10317226.webp,ヴィンスモーク・イチジ(フルアート/foil)（C）[OP06-060],,https://dopa-game.jp/one-piece/dp/10317226,,,,10317226,31332,DOPA(ワンピ)
OP10-037,リム(パラレル/Koushi Rokushiro),R,https://minnano-toreka.com/wp-content/uploads/2026/08/OP10-037_minnanotoreca-10317227.webp,リム(パラレル/Koushi Rokushiro)（R）[OP10-037],,https://dopa-game.jp/one-piece/dp/10317227,,,,10317227,31333,DOPA(ワンピ)
{OP05-074},ユースタス・キッド,SR,https://minnano-toreka.com/wp-content/uploads/2026/08/OP05-074_minnanotoreca-10317228-1.webp,ユースタス・キッド（SR）[{OP05-074}],,https://dopa-game.jp/one-piece/dp/10317228,,,,10317228,31410,DOPA(ワンピ)
EB02-048,ブルック,R★,https://minnano-toreka.com/wp-content/uploads/2026/08/EB02-048_minnanotoreca-10317229.webp,ブルック（R★）[EB02-048],,https://dopa-game.jp/one-piece/dp/10317229,,,,10317229,31335,DOPA(ワンピ)
OP10-058,レベッカ,SR,https://minnano-toreka.com/wp-content/uploads/2026/08/OP10-058_minnanotoreca-10317230.webp,レベッカ（SR）[OP10-058],,https://dopa-game.jp/one-piece/dp/10317230,,,,10317230,31336,DOPA(ワンピ)
ST21-011,フランキー,C,https://minnano-toreka.com/wp-content/uploads/2026/08/ST21-011_minnanotoreca-10317231.webp,フランキー（C）[ST21-011],,https://dopa-game.jp/one-piece/dp/10317231,,,,10317231,31337,DOPA(ワンピ)
ST03-013,ボア・ハンコック(パラレル/illust:Pisuke),C★,https://minnano-toreka.com/wp-content/uploads/2026/08/ST03-013_minnanotoreca-10317232.webp,ボア・ハンコック(パラレル/illust:Pisuke)（C★）[ST03-013],,https://dopa-game.jp/one-piece/dp/10317232,,,,10317232,31338,DOPA(ワンピ)
OP10-058,レベッカ(パラレル/illust:otton),SR,https://minnano-toreka.com/wp-content/uploads/2026/08/OP10-058_minnanotoreca-10317233.webp,レベッカ(パラレル/illust:otton)（SR）[OP10-058],,https://dopa-game.jp/one-piece/dp/10317233,,,,10317233,31339,DOPA(ワンピ)
EB02-056,ベガパンク,SR★,https://minnano-toreka.com/wp-content/uploads/2026/08/EB02-056_minnanotoreca-10317234.webp,ベガパンク（SR★）[EB02-056],,https://dopa-game.jp/one-piece/dp/10317234,,,,10317234,31340,DOPA(ワンピ)
{OP05-119},モンキー・D・ルフィ,SEC,https://minnano-toreka.com/wp-content/uploads/2026/08/OP05-119_minnanotoreca-10317235.webp,モンキー・D・ルフィ（SEC）[{OP05-119}],,https://dopa-game.jp/one-piece/dp/10317235,,,,10317235,31341,DOPA(ワンピ)
ST21-012,ブルック,C,https://minnano-toreka.com/wp-content/uploads/2026/08/ST21-012_minnanotoreca-10317236.webp,ブルック（C）[ST21-012],,https://dopa-game.jp/one-piece/dp/10317236,,,,10317236,31342,DOPA(ワンピ)
ST21-013,ベガパンク,C★,https://minnano-toreka.com/wp-content/uploads/2026/08/ST21-013_minnanotoreca-10317237.webp,ベガパンク（C★）[ST21-013],,https://dopa-game.jp/one-piece/dp/10317237,,,,10317237,31343,DOPA(ワンピ)
{OP05-105},サトリ,R,https://minnano-toreka.com/wp-content/uploads/2026/08/OP05-105_minnanotoreca-10317238.webp,サトリ（R）[{OP05-105}],,https://dopa-game.jp/one-piece/dp/10317238,,,,10317238,31344,DOPA(ワンピ)
ST01-006,トニートニー・チョッパー(パラレル/手に瓶/illust:TAPIOCA),C,https://minnano-toreka.com/wp-content/uploads/2026/08/ST01-006_minnanotoreca-10317239.webp,トニートニー・チョッパー(パラレル/手に瓶/illust:TAPIOCA)（C）[ST01-006],,https://dopa-game.jp/one-piece/dp/10317239,,,,10317239,31345,DOPA(ワンピ)
ST21-014,モンキー・D・ルフィ,SR,https://minnano-toreka.com/wp-content/uploads/2026/08/ST21-014_minnanotoreca-10317240.webp,モンキー・D・ルフィ（SR）[ST21-014],,https://dopa-game.jp/one-piece/dp/10317240,,,,10317240,31346,DOPA(ワンピ)
{OP05-105},サトリ,R,https://minnano-toreka.com/wp-content/uploads/2026/08/OP05-105_minnanotoreca-10317263.webp,サトリ（R）[{OP05-105}],,https://dopa-game.jp/one-piece/dp/10317263,,,,10317263,31347,DOPA(ワンピ)
{OP05-082},しらほし,R,https://minnano-toreka.com/wp-content/uploads/2026/08/OP05-082_minnanotoreca-10317264.webp,しらほし（R）[{OP05-082}],,https://dopa-game.jp/one-piece/dp/10317264,,,,10317264,31348,DOPA(ワンピ)
EB02-006,ヤマト,SR,https://minnano-toreka.com/wp-content/uploads/2026/08/EB02-006_minnanotoreca-10317265.webp,ヤマト（SR）[EB02-006],,https://dopa-game.jp/one-piece/dp/10317265,,,,10317265,31349,DOPA(ワンピ)
EB02-006,ヤマト,SR★,https://minnano-toreka.com/wp-content/uploads/2026/08/EB02-006_minnanotoreca-10317296.webp,ヤマト（SR★）[EB02-006],,https://dopa-game.jp/one-piece/dp/10317296,,,,10317296,31350,DOPA(ワンピ)
{OP05-010},ニコ・ロビン,UC,https://minnano-toreka.com/wp-content/uploads/2026/08/OP05-010_minnanotoreca-10317297.webp,ニコ・ロビン（UC）[{OP05-010}],,https://dopa-game.jp/one-piece/dp/10317297,,,,10317297,31351,DOPA(ワンピ)
OP07-021,ウルージ,R★,https://minnano-toreka.com/wp-content/uploads/2026/08/OP07-021_minnanotoreca-10317298.webp,ウルージ（R★）[OP07-021],,https://dopa-game.jp/one-piece/dp/10317298,,,,10317298,31352,DOPA(ワンピ)
EB02-061,モンキ－・D・ルフィ,SEC,https://minnano-toreka.com/wp-content/uploads/2026/08/EB02-061_minnanotoreca-10317362.webp,モンキ－・D・ルフィ（SEC）[EB02-061],,https://dopa-game.jp/one-piece/dp/10317362,,,,10317362,31353,DOPA(ワンピ)
ST18-001[OP10],ウソ八(パラレル/SP/illust:Hashimoto Q),C,https://minnano-toreka.com/wp-content/uploads/2026/08/ST18-001-OP10_minnanotoreca-10317923.webp,ウソ八(パラレル/SP/illust:Hashimoto Q)（C）[ST18-001[OP10]],,https://dopa-game.jp/one-piece/dp/10317923,,,,10317923,31354,DOPA(ワンピ)
ST15-002[OP10],エドワード・ニューゲート(パラレル/SP/illust:Bashikou),SR,https://minnano-toreka.com/wp-content/uploads/2026/08/ST15-002-OP10_minnanotoreca-10317956.webp,エドワード・ニューゲート(パラレル/SP/illust:Bashikou)（SR）[ST15-002[OP10]],,https://dopa-game.jp/one-piece/dp/10317956,,,,10317956,31355,DOPA(ワンピ)
OP02-030,光月おでん,SR,https://minnano-toreka.com/wp-content/uploads/2026/08/OP02-030_minnanotoreca-10318616.webp,光月おでん（SR）[OP02-030],,https://dopa-game.jp/one-piece/dp/10318616,,,,10318616,31356,DOPA(ワンピ)
OP01-024,モンキー・D・ルフィ(パラレル),SR,https://minnano-toreka.com/wp-content/uploads/2026/08/OP01-024_minnanotoreca-10318618.webp,モンキー・D・ルフィ(パラレル)（SR）[OP01-024],,https://dopa-game.jp/one-piece/dp/10318618,,,,10318618,31357,DOPA(ワンピ)
OP07-071,フォクシー,R,https://minnano-toreka.com/wp-content/uploads/2026/08/OP07-071_minnanotoreca-10318619.webp,フォクシー（R）[OP07-071],,https://dopa-game.jp/one-piece/dp/10318619,,,,10318619,31358,DOPA(ワンピ)
OP02-049,エンポリオ・イワンコフ,L,https://minnano-toreka.com/wp-content/uploads/2026/08/OP02-049_minnanotoreca-10318620.webp,エンポリオ・イワンコフ（L）[OP02-049],,https://dopa-game.jp/one-piece/dp/10318620,,,,10318620,31359,DOPA(ワンピ)
OP02-051,エンポリオ・イワンコフ,SR,https://minnano-toreka.com/wp-content/uploads/2026/08/OP02-051_minnanotoreca-10318621.webp,エンポリオ・イワンコフ（SR）[OP02-051],,https://dopa-game.jp/one-piece/dp/10318621,,,,10318621,31360,DOPA(ワンピ)
OP02-004,エドワード・ニューゲート,SR,https://minnano-toreka.com/wp-content/uploads/2026/08/OP02-004_minnanotoreca-10318622.webp,エドワード・ニューゲート（SR）[OP02-004],,https://dopa-game.jp/one-piece/dp/10318622,,,,10318622,31361,DOPA(ワンピ)
OP01-051,ユースタス・キッド,SR,https://minnano-toreka.com/wp-content/uploads/2026/08/OP01-051_minnanotoreca-10318624.webp,ユースタス・キッド（SR）[OP01-051],,https://dopa-game.jp/one-piece/dp/10318624,,,,10318624,31362,DOPA(ワンピ)
OP01-073,ドンキホーテ・ドフラミンゴ,R,https://minnano-toreka.com/wp-content/uploads/2026/08/OP01-073_minnanotoreca-10318625.webp,ドンキホーテ・ドフラミンゴ（R）[OP01-073],,https://dopa-game.jp/one-piece/dp/10318625,,,,10318625,31363,DOPA(ワンピ)
OP02-089,地獄の審判,R,https://minnano-toreka.com/wp-content/uploads/2026/08/OP02-089_minnanotoreca-10318626.webp,地獄の審判（R）[OP02-089],,https://dopa-game.jp/one-piece/dp/10318626,,,,10318626,31364,DOPA(ワンピ)
OP01-047,トラファルガー・ロー(パラレル/illust:Bashikou),SR★,https://minnano-toreka.com/wp-content/uploads/2026/08/OP01-047_minnanotoreca-10318627.webp,トラファルガー・ロー(パラレル/illust:Bashikou)（SR★）[OP01-047],,https://dopa-game.jp/one-piece/dp/10318627,,,,10318627,31365,DOPA(ワンピ)
OP02-026,サンジ,L,https://minnano-toreka.com/wp-content/uploads/2026/08/OP02-026_minnanotoreca-10318628.webp,サンジ（L）[OP02-026],,https://dopa-game.jp/one-piece/dp/10318628,,,,10318628,31366,DOPA(ワンピ)
OP01-047,トラファルガー・ロー(パラレル/illust:Makitoshi),SR,https://minnano-toreka.com/wp-content/uploads/2026/08/OP01-047_minnanotoreca-10318629.webp,トラファルガー・ロー(パラレル/illust:Makitoshi)（SR）[OP01-047],,https://dopa-game.jp/one-piece/dp/10318629,,,,10318629,31367,DOPA(ワンピ)
OP09-050,ナミ,R★,https://minnano-toreka.com/wp-content/uploads/2026/08/OP09-050_minnanotoreca-10315460.webp,ナミ（R★）[OP09-050],,https://dopa-game.jp/one-piece/dp/10318630,,,,10318630,31206,DOPA(ワンピ)
OP01-070,ジュラキュール・ミホーク(パラレル/illust:Sunohara),SR★,https://minnano-toreka.com/wp-content/uploads/2026/08/OP01-070_minnanotoreca-10318631.webp,ジュラキュール・ミホーク(パラレル/illust:Sunohara)（SR★）[OP01-070],,https://dopa-game.jp/one-piece/dp/10318631,,,,10318631,31368,DOPA(ワンピ)
OP02-073,サディちゃん,R,https://minnano-toreka.com/wp-content/uploads/2026/08/OP02-073_minnanotoreca-10318632.webp,サディちゃん（R）[OP02-073],,https://dopa-game.jp/one-piece/dp/10318632,,,,10318632,31369,DOPA(ワンピ)
OP01-070,ジュラキュール・ミホーク,SR,https://minnano-toreka.com/wp-content/uploads/2026/08/OP01-070_minnanotoreca-10318633.webp,ジュラキュール・ミホーク（SR）[OP01-070],,https://dopa-game.jp/one-piece/dp/10318633,,,,10318633,31370,DOPA(ワンピ)
OP02-099,サカズキ,SR,https://minnano-toreka.com/wp-content/uploads/2026/08/OP02-099_minnanotoreca-10318634.webp,サカズキ（SR）[OP02-099],,https://dopa-game.jp/one-piece/dp/10318634,,,,10318634,31371,DOPA(ワンピ)
OP07-001,モンキー・D・ドラゴン,L★,https://minnano-toreka.com/wp-content/uploads/2026/08/OP07-001_minnanotoreca-10318635.webp,モンキー・D・ドラゴン（L★）[OP07-001],,https://dopa-game.jp/one-piece/dp/10318635,,,,10318635,31372,DOPA(ワンピ)
ST03-009[OP03],ドンキホーテ・ドフラミンゴ(パラレル/手配書),SR,https://minnano-toreka.com/wp-content/uploads/2026/08/ST03-009-OP03_minnanotoreca-10318636.webp,ドンキホーテ・ドフラミンゴ(パラレル/手配書)（SR）[ST03-009[OP03]],,https://dopa-game.jp/one-piece/dp/10318636,,,,10318636,31373,DOPA(ワンピ)
ST02-004,カポネ・ベッジ(パラレル/illust:funbolt),C★,https://minnano-toreka.com/wp-content/uploads/2026/08/ST02-004_minnanotoreca-10318638.webp,カポネ・ベッジ(パラレル/illust:funbolt)（C★）[ST02-004],,https://dopa-game.jp/one-piece/dp/10318638,,,,10318638,31374,DOPA(ワンピ)
OP10-002,シーザー・クラウン,L★,https://minnano-toreka.com/wp-content/uploads/2026/08/OP10-002_minnanotoreca-10318640.webp,シーザー・クラウン（L★）[OP10-002],,https://dopa-game.jp/one-piece/dp/10318640,,,,10318640,31375,DOPA(ワンピ)
OP07-015,モンキー・D・ドラゴン,SR★,https://minnano-toreka.com/wp-content/uploads/2026/08/OP07-015_minnanotoreca-10318641.webp,モンキー・D・ドラゴン（SR★）[OP07-015],,https://dopa-game.jp/one-piece/dp/10318641,,,,10318641,31376,DOPA(ワンピ)
OP09-023,アディオ,SR★,https://minnano-toreka.com/wp-content/uploads/2026/08/OP09-023_minnanotoreca-10318642.webp,アディオ（SR★）[OP09-023],,https://dopa-game.jp/one-piece/dp/10318642,,,,10318642,31377,DOPA(ワンピ)
OP10-032,たしぎ(パラレル/illust:Daisuke izuka),SR★,https://minnano-toreka.com/wp-content/uploads/2026/08/OP10-032_minnanotoreca-10318649.webp,たしぎ(パラレル/illust:Daisuke izuka)（SR★）[OP10-032],,https://dopa-game.jp/one-piece/dp/10318649,,,,10318649,31378,DOPA(ワンピ)
OP08-007,トニートニーチョッパー,SR★,https://minnano-toreka.com/wp-content/uploads/2026/08/OP08-007_minnanotoreca-10318650.webp,トニートニーチョッパー（SR★）[OP08-007],,https://dopa-game.jp/one-piece/dp/10318650,,,,10318650,31379,DOPA(ワンピ)
ST13-008,サボ(パラレル/白黒版),SR,https://minnano-toreka.com/wp-content/uploads/2026/08/ST13-008_minnanotoreca-10318651.webp,サボ(パラレル/白黒版)（SR）[ST13-008],,https://dopa-game.jp/one-piece/dp/10318651,,,,10318651,31380,DOPA(ワンピ)
OP02-085,マゼラン(パラレル/illust:Studio Vigor Co.Ltd),SR,https://minnano-toreka.com/wp-content/uploads/2026/08/OP02-085_minnanotoreca-10318652.webp,マゼラン(パラレル/illust:Studio Vigor Co.Ltd)（SR）[OP02-085],,https://dopa-game.jp/one-piece/dp/10318652,,,,10318652,31381,DOPA(ワンピ)
OP09-081,マーシャル・Ｄ・ティーチ,L★,https://minnano-toreka.com/wp-content/uploads/2026/08/OP09-081_minnanotoreca-10318655.webp,マーシャル・Ｄ・ティーチ（L★）[OP09-081],,https://dopa-game.jp/one-piece/dp/10318655,,,,10318655,31382,DOPA(ワンピ)
OP02-115,モンキー・D・ガープ,R,https://minnano-toreka.com/wp-content/uploads/2026/08/OP02-115_minnanotoreca-10318656.webp,モンキー・D・ガープ（R）[OP02-115],,https://dopa-game.jp/one-piece/dp/10318656,,,,10318656,31383,DOPA(ワンピ)
ST04-003,カイドウ,SP,https://minnano-toreka.com/wp-content/uploads/2026/08/ST04-003_minnanotoreca-10318715.webp,カイドウ（SP）[ST04-003],,https://dopa-game.jp/one-piece/dp/10318715,,,,10318715,31384,DOPA(ワンピ)
OP03-080,カク,SR,https://minnano-toreka.com/wp-content/uploads/2026/08/OP03-080_minnanotoreca-10319310.webp,カク（SR）[OP03-080],,https://dopa-game.jp/one-piece/dp/10319310,,,,10319310,31385,DOPA(ワンピ)
OP03-001,ポートガス・D・エース,L,https://minnano-toreka.com/wp-content/uploads/2026/08/OP03-001_minnanotoreca-10319342.webp,ポートガス・D・エース（L）[OP03-001],,https://dopa-game.jp/one-piece/dp/10319342,,,,10319342,31386,DOPA(ワンピ)
OP03-041,ウソップ,SR,https://minnano-toreka.com/wp-content/uploads/2026/08/OP03-041_minnanotoreca-10319343.webp,ウソップ（SR）[OP03-041],,https://dopa-game.jp/one-piece/dp/10319343,,,,10319343,31387,DOPA(ワンピ)
OP03-078,イッショウ,SR,https://minnano-toreka.com/wp-content/uploads/2026/08/OP03-078_minnanotoreca-10319375.webp,イッショウ（SR）[OP03-078],,https://dopa-game.jp/one-piece/dp/10319375,,,,10319375,31388,DOPA(ワンピ)
OP03-018,火拳,R,https://minnano-toreka.com/wp-content/uploads/2026/08/OP03-018_minnanotoreca-10319376.webp,火拳（R）[OP03-018],,https://dopa-game.jp/one-piece/dp/10319376,,,,10319376,31389,DOPA(ワンピ)
OP03-066,パウリー,SR,https://minnano-toreka.com/wp-content/uploads/2026/08/OP03-066_minnanotoreca-10319377.webp,パウリー（SR）[OP03-066],,https://dopa-game.jp/one-piece/dp/10319377,,,,10319377,31390,DOPA(ワンピ)
OP03-022,アーロン,L,https://minnano-toreka.com/wp-content/uploads/2026/08/OP03-022_minnanotoreca-10319408.webp,アーロン（L）[OP03-022],,https://dopa-game.jp/one-piece/dp/10319408,,,,10319408,31391,DOPA(ワンピ)
OP03-047,ゼフ,R,https://minnano-toreka.com/wp-content/uploads/2026/08/OP03-047_minnanotoreca-10319409.webp,ゼフ（R）[OP03-047],,https://dopa-game.jp/one-piece/dp/10319409,,,,10319409,31392,DOPA(ワンピ)
OP04-020,イッショウ(パラレル/illust:Anderson),L★,https://minnano-toreka.com/wp-content/uploads/2026/08/OP04-020_minnanotoreca-10319418.webp,イッショウ(パラレル/illust:Anderson)（L★）[OP04-020],,https://dopa-game.jp/one-piece/dp/10319418,,,,10319418,31393,DOPA(ワンピ)
OP04-072,Mr.5 ジェム (パラレル/illust:Ryuda),R★,https://minnano-toreka.com/wp-content/uploads/2026/08/OP04-072_minnanotoreca-10319421.webp,Mr.5 ジェム (パラレル/illust:Ryuda)（R★）[OP04-072],,https://dopa-game.jp/one-piece/dp/10319421,,,,10319421,31394,DOPA(ワンピ)
P-066,ボア・ハンコック(未開封/中国版),P,https://minnano-toreka.com/wp-content/uploads/2026/08/P-066_minnanotoreca-10322279-1.webp,ボア・ハンコック(未開封/中国版)（P）[P-066],,https://dopa-game.jp/one-piece/dp/10322279,,,,10322279,31504,DOPA(ワンピ)
OP05-060,モンキー・D・ルフィ(未開封/英語版/illust:tatsuya),L,https://minnano-toreka.com/wp-content/uploads/2026/08/OP05-060_minnanotoreca-10322346.webp,モンキー・D・ルフィ(未開封/英語版/illust:tatsuya)（L）[OP05-060],,https://dopa-game.jp/one-piece/dp/10322346,,,,10322346,31396,DOPA(ワンピ)
-,ドン!!カード(英語版/YES...BECAUSE I'M BEAUTIFUL!/ハンコック),-,https://minnano-toreka.com/wp-content/uploads/2026/08/none_minnanotoreca-10322350.webp,ドン!!カード(英語版/YES...BECAUSE I'M BEAUTIFUL!/ハンコック)（-）[-],,https://dopa-game.jp/one-piece/dp/10322350,,,,10322350,31397,DOPA(ワンピ)
-,ドン!!カード(英語版/…WILL YOUR CEILING GO?!!/ルフィVSカイドウ),-,https://minnano-toreka.com/wp-content/uploads/2026/08/none_minnanotoreca-10322351.webp,ドン!!カード(英語版/…WILL YOUR CEILING GO?!!/ルフィVSカイドウ)（-）[-],,https://dopa-game.jp/one-piece/dp/10322351,,,,10322351,31398,DOPA(ワンピ)
-,ドン!!カード(英語版/I ACCEPT YOUR CHALLENGE!!!/サンジ&イワンコフ),-,https://minnano-toreka.com/wp-content/uploads/2026/08/none_minnanotoreca-10322352.webp,ドン!!カード(英語版/I ACCEPT YOUR CHALLENGE!!!/サンジ&イワンコフ)（-）[-],,https://dopa-game.jp/one-piece/dp/10322352,,,,10322352,31399,DOPA(ワンピ)
-,ドン!!カード(英語版/…REALLY WAS UP THERE. /空島ルフィ),-,https://minnano-toreka.com/wp-content/uploads/2026/08/none_minnanotoreca-10322354.webp,ドン!!カード(英語版/…REALLY WAS UP THERE. /空島ルフィ)（-）[-],,https://dopa-game.jp/one-piece/dp/10322354,,,,10322354,31400,DOPA(ワンピ)
ST01-010,フランキー(英語版/illust:Ono Tako),C,https://minnano-toreka.com/wp-content/uploads/2026/08/ST01-010_minnanotoreca-10322355.webp,フランキー(英語版/illust:Ono Tako)（C）[ST01-010],,https://dopa-game.jp/one-piece/dp/10322355,,,,10322355,31401,DOPA(ワンピ)
ST01-011,ブルック(英語版/illust:Ono Tako),C,https://minnano-toreka.com/wp-content/uploads/2026/08/ST01-011_minnanotoreca-10322356.webp,ブルック(英語版/illust:Ono Tako)（C）[ST01-011],,https://dopa-game.jp/one-piece/dp/10322356,,,,10322356,31402,DOPA(ワンピ)
ST10-005,ジンベエ(英語版/illust:Ono Tako),C,https://minnano-toreka.com/wp-content/uploads/2026/08/ST10-005_minnanotoreca-10322358.webp,ジンベエ(英語版/illust:Ono Tako)（C）[ST10-005],,https://dopa-game.jp/one-piece/dp/10322358,,,,10322358,31403,DOPA(ワンピ)
ST10-006,モンキー・D・ルフィ(英語版/illust:Ono Tako),SR,https://minnano-toreka.com/wp-content/uploads/2026/08/ST10-006_minnanotoreca-10322378.webp,モンキー・D・ルフィ(英語版/illust:Ono Tako)（SR）[ST10-006],,https://dopa-game.jp/one-piece/dp/10322378,,,,10322378,31404,DOPA(ワンピ)
OP01-004,ウソップ(英語版/illust:Ono Tako),R,https://minnano-toreka.com/wp-content/uploads/2026/08/OP01-004_minnanotoreca-10322411.webp,ウソップ(英語版/illust:Ono Tako)（R）[OP01-004],,https://dopa-game.jp/one-piece/dp/10322411,,,,10322411,31405,DOPA(ワンピ)
OP01-016,ナミ(英語版),R,https://minnano-toreka.com/wp-content/uploads/2026/08/OP01-016_minnanotoreca-10322412.webp,ナミ(英語版)（R）[OP01-016],,https://dopa-game.jp/one-piece/dp/10322412,,,,10322412,31406,DOPA(ワンピ)
OP01-017,ニコ・ロビン(英語版/illust:Ono Tako),R,https://minnano-toreka.com/wp-content/uploads/2026/08/OP01-017_minnanotoreca-10322413.webp,ニコ・ロビン(英語版/illust:Ono Tako)（R）[OP01-017],,https://dopa-game.jp/one-piece/dp/10322413,,,,10322413,31407,DOPA(ワンピ)
OP01-025,ロロノア・ゾロ(英語版/illust:Ono Tako),SR,https://minnano-toreka.com/wp-content/uploads/2026/08/OP01-025_minnanotoreca-10322414.webp,ロロノア・ゾロ(英語版/illust:Ono Tako)（SR）[OP01-025],,https://dopa-game.jp/one-piece/dp/10322414,,,,10322414,31408,DOPA(ワンピ)
ST01-006,トニートニー・チョッパー(英語版/illust:Ono Tako),C,https://minnano-toreka.com/wp-content/uploads/2026/08/ST01-006_minnanotoreca-10322415.webp,トニートニー・チョッパー(英語版/illust:Ono Tako)（C）[ST01-006],,https://dopa-game.jp/one-piece/dp/10322415,,,,10322415,31409,DOPA(ワンピ)
OP05-074,ユースタス・キッド,SR★/パラレル,https://minnano-toreka.com/wp-content/uploads/2026/08/OP05-074_minnanotoreca-10317228-1.webp,ユースタス・キッド（SR★/パラレル）[OP05-074],,https://dopa-game.jp/one-piece/dp/10325777,,,,10325777,31410,DOPA(ワンピ)
EB02-026,ネフェルタリ・ビビ(パラレル/illust:Shinnosuke Tanaka),SR★,https://minnano-toreka.com/wp-content/uploads/2026/08/EB02-026_minnanotoreca-10317222-1.webp,ネフェルタリ・ビビ(パラレル/illust:Shinnosuke Tanaka)（SR★）[EB02-026],,https://dopa-game.jp/one-piece/dp/10325810,,,,10325810,31411,DOPA(ワンピ)
EB02-036,ニコ・ロビン,R★,https://minnano-toreka.com/wp-content/uploads/2026/08/EB02-036_minnanotoreca-10325843.webp,ニコ・ロビン（R★）[EB02-036],,https://dopa-game.jp/one-piece/dp/10325843,,,,10325843,31412,DOPA(ワンピ)
OP06-025,ケイミー,R,https://minnano-toreka.com/wp-content/uploads/2026/08/OP06-025_minnanotoreca-10325975-1.webp,ケイミー（R）[OP06-025],,https://dopa-game.jp/one-piece/dp/10325975,,,,10325975,31429,DOPA(ワンピ)
OP06-093,ペローナ,SR,https://minnano-toreka.com/wp-content/uploads/2026/08/OP06-093_minnanotoreca-10326008.webp,ペローナ（SR）[OP06-093],,https://dopa-game.jp/one-piece/dp/10326008,,,,10326008,31414,DOPA(ワンピ)
{EB02-017},ナミ,R,https://minnano-toreka.com/wp-content/uploads/2026/08/EB02-017_minnanotoreca-10315481.webp,ナミ（R）[{EB02-017}],,https://dopa-game.jp/one-piece/dp/10326009,,,,10326009,31224,DOPA(ワンピ)
OP01-040,錦えもん(パラレル/illust:touge369),SR,https://minnano-toreka.com/wp-content/uploads/2026/08/OP01-040_minnanotoreca-10326010.webp,錦えもん(パラレル/illust:touge369)（SR）[OP01-040],,https://dopa-game.jp/one-piece/dp/10326010,,,,10326010,31415,DOPA(ワンピ)
OP07-022,お玉,R,https://minnano-toreka.com/wp-content/uploads/2026/08/OP07-022_minnanotoreca-10326011.webp,お玉（R）[OP07-022],,https://dopa-game.jp/one-piece/dp/10326011,,,,10326011,31416,DOPA(ワンピ)
{EB02-045},トラファルガー・ロー,SR,https://minnano-toreka.com/wp-content/uploads/2026/08/EB02-045_minnanotoreca-10315479.webp,トラファルガー・ロー（SR）[{EB02-045}],,https://dopa-game.jp/one-piece/dp/10326012,,,,10326012,31222,DOPA(ワンピ)
OP06-009,シュライヤ,SR,https://minnano-toreka.com/wp-content/uploads/2026/08/OP06-009_minnanotoreca-10326013.webp,シュライヤ（SR）[OP06-009],,https://dopa-game.jp/one-piece/dp/10326013,,,,10326013,31417,DOPA(ワンピ)
OP06-013,モンキー・D・ルフィ,R,https://minnano-toreka.com/wp-content/uploads/2026/08/OP06-013_minnanotoreca-10326014.webp,モンキー・D・ルフィ（R）[OP06-013],,https://dopa-game.jp/one-piece/dp/10326014,,,,10326014,31418,DOPA(ワンピ)
{EB02-003},トニートニー・チョッパー,R,https://minnano-toreka.com/wp-content/uploads/2026/08/EB02-003_minnanotoreca-10315476.webp,トニートニー・チョッパー（R）[{EB02-003}],,https://dopa-game.jp/one-piece/dp/10326015,,,,10326015,31219,DOPA(ワンピ)
OP01-006,お玉(パラレル),UC,https://minnano-toreka.com/wp-content/uploads/2026/08/OP01-006_minnanotoreca-10326016.webp,お玉(パラレル)（UC）[OP01-006],,https://dopa-game.jp/one-piece/dp/10326016,,,,10326016,31419,DOPA(ワンピ)
OP06-035,ホーディ・ジョーンズ,SR★,https://minnano-toreka.com/wp-content/uploads/2026/08/OP06-035_minnanotoreca-10326017.webp,ホーディ・ジョーンズ（SR★）[OP06-035],,https://dopa-game.jp/one-piece/dp/10326017,,,,10326017,31420,DOPA(ワンピ)
OP06-020,ホーディ・ジョーンズ,L,https://minnano-toreka.com/wp-content/uploads/2026/08/OP06-020_minnanotoreca-10326019.webp,ホーディ・ジョーンズ（L）[OP06-020],,https://dopa-game.jp/one-piece/dp/10326019,,,,10326019,31421,DOPA(ワンピ)
EB01-027,Mr.1 ダズ・ボーネス (パラレル/illust:eiji kaneda),R★,https://minnano-toreka.com/wp-content/uploads/2026/08/EB01-027_minnanotoreca-10326020.webp,Mr.1 ダズ・ボーネス (パラレル/illust:eiji kaneda)（R★）[EB01-027],,https://dopa-game.jp/one-piece/dp/10326020,,,,10326020,31422,DOPA(ワンピ)
OP01-093,うるティ(パラレル/illust:NIJIMAARC),R,https://minnano-toreka.com/wp-content/uploads/2026/08/OP01-093_minnanotoreca-10326021.webp,うるティ(パラレル/illust:NIJIMAARC)（R）[OP01-093],,https://dopa-game.jp/one-piece/dp/10326021,,,,10326021,31423,DOPA(ワンピ)
OP04-090,モンキー・D・ルフィ(パラレル/illust:Hokuyuu),SR★,https://minnano-toreka.com/wp-content/uploads/2026/08/OP04-090_minnanotoreca-10326022.webp,モンキー・D・ルフィ(パラレル/illust:Hokuyuu)（SR★）[OP04-090],,https://dopa-game.jp/one-piece/dp/10326022,,,,10326022,31424,DOPA(ワンピ)
OP04-118,ネフェルタリ・ビビ,SEC★,https://minnano-toreka.com/wp-content/uploads/2026/08/OP04-118_minnanotoreca-10326023.webp,ネフェルタリ・ビビ（SEC★）[OP04-118],,https://dopa-game.jp/one-piece/dp/10326023,,,,10326023,31425,DOPA(ワンピ)
OP04-119,ドンキホーテ・ロシナンテ,SEC,https://minnano-toreka.com/wp-content/uploads/2026/08/OP04-119_minnanotoreca-10326024.webp,ドンキホーテ・ロシナンテ（SEC）[OP04-119],,https://dopa-game.jp/one-piece/dp/10326024,,,,10326024,31426,DOPA(ワンピ)
OP06-086,ゲッコー・モリア,SR,https://minnano-toreka.com/wp-content/uploads/2026/08/OP06-086_minnanotoreca-10326025.webp,ゲッコー・モリア（SR）[OP06-086],,https://dopa-game.jp/one-piece/dp/10326025,,,,10326025,31427,DOPA(ワンピ)
OP04-119,ドンキホーテ・ロシナンテ,SEC+,https://minnano-toreka.com/wp-content/uploads/2026/08/OP04-119_minnanotoreca-10326026.webp,ドンキホーテ・ロシナンテ（SEC+）[OP04-119],,https://dopa-game.jp/one-piece/dp/10326026,,,,10326026,31428,DOPA(ワンピ)
OP06-025,ケイミ―(パラレル/illust:Kaito Shibano),R,https://minnano-toreka.com/wp-content/uploads/2026/08/OP06-025_minnanotoreca-10325975-1.webp,ケイミ―(パラレル/illust:Kaito Shibano)（R）[OP06-025],,https://dopa-game.jp/one-piece/dp/10326027,,,,10326027,31429,DOPA(ワンピ)
OP04-051,フーズ・フー,R★,https://minnano-toreka.com/wp-content/uploads/2026/08/OP04-051_minnanotoreca-10326028.webp,フーズ・フー（R★）[OP04-051],,https://dopa-game.jp/one-piece/dp/10326028,,,,10326028,31430,DOPA(ワンピ)
{OP01-067},クロコダイル,SR,https://minnano-toreka.com/wp-content/uploads/2026/08/OP01-067_minnanotoreca-10326029.webp,クロコダイル（SR）[{OP01-067}],,https://dopa-game.jp/one-piece/dp/10326029,,,,10326029,31431,DOPA(ワンピ)
OP04-089,バルトロメオ(パラレル/illust:SENNSU),R★,https://minnano-toreka.com/wp-content/uploads/2026/08/OP04-089_minnanotoreca-10326030.webp,バルトロメオ(パラレル/illust:SENNSU)（R★）[OP04-089],,https://dopa-game.jp/one-piece/dp/10326030,,,,10326030,31432,DOPA(ワンピ)
OP04-028,ディアマンテ,R★,https://minnano-toreka.com/wp-content/uploads/2026/08/OP04-028_minnanotoreca-10326031.webp,ディアマンテ（R★）[OP04-028],,https://dopa-game.jp/one-piece/dp/10326031,,,,10326031,31433,DOPA(ワンピ)
OP04-082,キュロス(パラレル/illust:DAI-XT.),R,https://minnano-toreka.com/wp-content/uploads/2026/08/OP04-082_minnanotoreca-10326033.webp,キュロス(パラレル/illust:DAI-XT.)（R）[OP04-082],,https://dopa-game.jp/one-piece/dp/10326033,,,,10326033,31434,DOPA(ワンピ)
{OP03-025},クリーク,SR,https://minnano-toreka.com/wp-content/uploads/2026/08/OP03-025_minnanotoreca-10326034.webp,クリーク（SR）[{OP03-025}],,https://dopa-game.jp/one-piece/dp/10326034,,,,10326034,31435,DOPA(ワンピ)
OP04-024,シュガー,SR★,https://minnano-toreka.com/wp-content/uploads/2026/08/OP04-024_minnanotoreca-10326035.webp,シュガー（SR★）[OP04-024],,https://dopa-game.jp/one-piece/dp/10326035,,,,10326035,31436,DOPA(ワンピ)
OP03-113,シャーロット・ペロスペロー(パラレル/illust:BISAI),SR,https://minnano-toreka.com/wp-content/uploads/2026/08/OP03-113_minnanotoreca-10326036.webp,シャーロット・ペロスペロー(パラレル/illust:BISAI)（SR）[OP03-113],,https://dopa-game.jp/one-piece/dp/10326036,,,,10326036,31437,DOPA(ワンピ)
OP02-062,モンキー・D・ルフィー,SR,https://minnano-toreka.com/wp-content/uploads/2026/08/OP02-062_minnanotoreca-10326037.webp,モンキー・D・ルフィー（SR）[OP02-062],,https://dopa-game.jp/one-piece/dp/10326037,,,,10326037,31438,DOPA(ワンピ)
OP04-058,クロコダイル,L,https://minnano-toreka.com/wp-content/uploads/2026/08/OP04-058_minnanotoreca-10326038.webp,クロコダイル（L）[OP04-058],,https://dopa-game.jp/one-piece/dp/10326038,,,,10326038,31439,DOPA(ワンピ)
OP04-060,クロコダイル,SR★,https://minnano-toreka.com/wp-content/uploads/2026/08/OP04-060_minnanotoreca-10326039.webp,クロコダイル（SR★）[OP04-060],,https://dopa-game.jp/one-piece/dp/10326039,,,,10326039,31440,DOPA(ワンピ)
OP03-110,シャーロット・スムージー(パラレル/illust:Hashimoto Q),R,https://minnano-toreka.com/wp-content/uploads/2026/08/OP03-110_minnanotoreca-10326041.webp,シャーロット・スムージー(パラレル/illust:Hashimoto Q)（R）[OP03-110],,https://dopa-game.jp/one-piece/dp/10326041,,,,10326041,31441,DOPA(ワンピ)
OP04-044,カイドウ(パラレル/illust:funbolt),SR,https://minnano-toreka.com/wp-content/uploads/2026/08/OP04-044_minnanotoreca-10326042.webp,カイドウ(パラレル/illust:funbolt)（SR）[OP04-044],,https://dopa-game.jp/one-piece/dp/10326042,,,,10326042,31442,DOPA(ワンピ)
OP05-032,ピーカ,SR★,https://minnano-toreka.com/wp-content/uploads/2026/08/OP05-032_minnanotoreca-10326043.webp,ピーカ（SR★）[OP05-032],,https://dopa-game.jp/one-piece/dp/10326043,,,,10326043,31443,DOPA(ワンピ)
OP04-044,カイドウ,SR,https://minnano-toreka.com/wp-content/uploads/2026/08/OP04-044_minnanotoreca-10326044.webp,カイドウ（SR）[OP04-044],,https://dopa-game.jp/one-piece/dp/10326044,,,,10326044,31444,DOPA(ワンピ)
OP03-108,シャーロット・クラッカー(パラレル/illust:Koushi Rokushiro),SR,https://minnano-toreka.com/wp-content/uploads/2026/08/OP03-108_minnanotoreca-10326107.webp,シャーロット・クラッカー(パラレル/illust:Koushi Rokushiro)（SR）[OP03-108],,https://dopa-game.jp/one-piece/dp/10326107,,,,10326107,31445,DOPA(ワンピ)
OP05-001,サボ,L,https://minnano-toreka.com/wp-content/uploads/2026/08/OP05-001_minnanotoreca-10326108.webp,サボ（L）[OP05-001],,https://dopa-game.jp/one-piece/dp/10326108,,,,10326108,31446,DOPA(ワンピ)
OP03-092[OP05],ロブ・ルッチ(パラレル/和柄/illust:S-KINOKO),SP,https://minnano-toreka.com/wp-content/uploads/2026/08/OP03-092-OP05_minnanotoreca-10326109.webp,ロブ・ルッチ(パラレル/和柄/illust:S-KINOKO)（SP）[OP03-092[OP05]],,https://dopa-game.jp/one-piece/dp/10326109,,,,10326109,31447,DOPA(ワンピ)
OP05-007,サボ,SR★,https://minnano-toreka.com/wp-content/uploads/2026/08/OP05-007_minnanotoreca-10326110.webp,サボ（SR★）[OP05-007],,https://dopa-game.jp/one-piece/dp/10326110,,,,10326110,31448,DOPA(ワンピ)
OP05-007,サボ,SR★,https://minnano-toreka.com/wp-content/uploads/2026/08/OP05-007_minnanotoreca-10326140.webp,サボ（SR★）[OP05-007],,https://dopa-game.jp/one-piece/dp/10326140,,,,10326140,31449,DOPA(ワンピ)
OP03-092,ロブ・ルッチ(パラレル/illust:AKIRA EGAWA),SR,https://minnano-toreka.com/wp-content/uploads/2026/08/OP03-092_minnanotoreca-10326173.webp,ロブ・ルッチ(パラレル/illust:AKIRA EGAWA)（SR）[OP03-092],,https://dopa-game.jp/one-piece/dp/10326173,,,,10326173,31450,DOPA(ワンピ)
OP03-057,三・千・世・界(パラレル/illust:Studio Vigor Co.Ltd),R,https://minnano-toreka.com/wp-content/uploads/2026/08/OP03-057_minnanotoreca-10326174.webp,三・千・世・界(パラレル/illust:Studio Vigor Co.Ltd)（R）[OP03-057],,https://dopa-game.jp/one-piece/dp/10326174,,,,10326174,31451,DOPA(ワンピ)
OP05-006,コアラ,SR★,https://minnano-toreka.com/wp-content/uploads/2026/08/OP05-006_minnanotoreca-10326176.webp,コアラ（SR★）[OP05-006],,https://dopa-game.jp/one-piece/dp/10326176,,,,10326176,31452,DOPA(ワンピ)
{OP02-041},モンキー・D・ルフィ,R,https://minnano-toreka.com/wp-content/uploads/2026/08/OP02-041_minnanotoreca-10326177.webp,モンキー・D・ルフィ（R）[{OP02-041}],,https://dopa-game.jp/one-piece/dp/10326177,,,,10326177,31453,DOPA(ワンピ)
{ST21-008},トニートニー・チョッパー,C,https://minnano-toreka.com/wp-content/uploads/2026/08/ST21-008_minnanotoreca-10313257.webp,トニートニー・チョッパー（C）[{ST21-008}],,https://dopa-game.jp/one-piece/dp/10326178,,,,10326178,31157,DOPA(ワンピ)
OP05-034,ベビー5(パラレル/illust:Hagane Tsurugi),R,https://minnano-toreka.com/wp-content/uploads/2026/08/OP05-034_minnanotoreca-10239782.webp,ベビー5(パラレル/illust:Hagane Tsurugi)（R）[OP05-034],,https://dopa-game.jp/one-piece/dp/10326179,,,,10326179,30680,DOPA(ワンピ)
OP06-043,アラマキ,SR★,https://minnano-toreka.com/wp-content/uploads/2026/08/OP06-043_minnanotoreca-10326180.webp,アラマキ（SR★）[OP06-043],,https://dopa-game.jp/one-piece/dp/10326180,,,,10326180,31454,DOPA(ワンピ)
OP05-069,トラファルガー・ロー(パラレル/illust:AKIRA EGAWA),SR,https://minnano-toreka.com/wp-content/uploads/2026/08/OP05-069_minnanotoreca-10326181.webp,トラファルガー・ロー(パラレル/illust:AKIRA EGAWA)（SR）[OP05-069],,https://dopa-game.jp/one-piece/dp/10326181,,,,10326181,31455,DOPA(ワンピ)
OP06-023,アーロン,R★,https://minnano-toreka.com/wp-content/uploads/2026/08/OP06-023_minnanotoreca-10326182.webp,アーロン（R★）[OP06-023],,https://dopa-game.jp/one-piece/dp/10326182,,,,10326182,31456,DOPA(ワンピ)
OP05-102,ゲダツ,R★,https://minnano-toreka.com/wp-content/uploads/2026/08/OP05-102_minnanotoreca-10326206.webp,ゲダツ（R★）[OP05-102],,https://dopa-game.jp/one-piece/dp/10326206,,,,10326206,31457,DOPA(ワンピ)
OP05-043,うるティ,SR★,https://minnano-toreka.com/wp-content/uploads/2026/08/OP05-043_minnanotoreca-10326239.webp,うるティ（SR★）[OP05-043],,https://dopa-game.jp/one-piece/dp/10326239,,,,10326239,31458,DOPA(ワンピ)
OP05-057,犬噛紅蓮,R★,https://minnano-toreka.com/wp-content/uploads/2026/08/OP05-057_minnanotoreca-10326240.webp,犬噛紅蓮（R★）[OP05-057],,https://dopa-game.jp/one-piece/dp/10326240,,,,10326240,31459,DOPA(ワンピ)
OP05-055,X・ドレーク,R★,https://minnano-toreka.com/wp-content/uploads/2026/08/OP05-055_minnanotoreca-10326272.webp,X・ドレーク（R★）[OP05-055],,https://dopa-game.jp/one-piece/dp/10326272,,,,10326272,31460,DOPA(ワンピ)
OP05-118,カイドウ,SEC,https://minnano-toreka.com/wp-content/uploads/2026/08/OP05-118_minnanotoreca-10326273.webp,カイドウ（SEC）[OP05-118],,https://dopa-game.jp/one-piece/dp/10326273,,,,10326273,31461,DOPA(ワンピ)
OP04-112,ヤマト,SR★,https://minnano-toreka.com/wp-content/uploads/2026/08/OP04-112_minnanotoreca-10326274.webp,ヤマト（SR★）[OP04-112],,https://dopa-game.jp/one-piece/dp/10326274,,,,10326274,31462,DOPA(ワンピ)
{OP05-100},エネル,SR,https://minnano-toreka.com/wp-content/uploads/2026/08/OP05-100_minnanotoreca-10326276.webp,エネル（SR）[{OP05-100}],,https://dopa-game.jp/one-piece/dp/10326276,,,,10326276,31463,DOPA(ワンピ)
ST03-004,ゲッコー・モリア(パラレル/SP/和柄),C,https://minnano-toreka.com/wp-content/uploads/2026/08/ST03-004_minnanotoreca-10326965.webp,ゲッコー・モリア(パラレル/SP/和柄)（C）[ST03-004],,https://dopa-game.jp/one-piece/dp/10326965,,,,10326965,31464,DOPA(ワンピ)
ST21-014,モンキー・D・ルフィ(パラレル/フルアート),SR★,https://minnano-toreka.com/wp-content/uploads/2026/08/ST21-014_minnanotoreca-10327000.webp,モンキー・D・ルフィ(パラレル/フルアート)（SR★）[ST21-014],,https://dopa-game.jp/one-piece/dp/10327000,,,,10327000,31465,DOPA(ワンピ)
ST14-003,サンジ(パラレル),SR,https://minnano-toreka.com/wp-content/uploads/2026/08/ST14-003_minnanotoreca-10327001.webp,サンジ(パラレル)（SR）[ST14-003],,https://dopa-game.jp/one-piece/dp/10327001,,,,10327001,31466,DOPA(ワンピ)
OP01-051,ユースタス・キッド(パラレル/手配書),SP,https://minnano-toreka.com/wp-content/uploads/2026/08/OP01-051_minnanotoreca-10327004.webp,ユースタス・キッド(パラレル/手配書)（SP）[OP01-051],,https://dopa-game.jp/one-piece/dp/10327004,,,,10327004,31467,DOPA(ワンピ)
OP01-047,トラファルガー・,SR,https://minnano-toreka.com/wp-content/uploads/2026/08/OP01-047_minnanotoreca-10327005.webp,トラファルガー・（SR）[OP01-047],,https://dopa-game.jp/one-piece/dp/10327005,,,,10327005,31468,DOPA(ワンピ)
OP02-001,(未開封/illust:Anderson)エドワード・ニューゲート,L,https://minnano-toreka.com/wp-content/uploads/2026/08/OP02-001_minnanotoreca-10327006.webp,(未開封/illust:Anderson)エドワード・ニューゲート（L）[OP02-001],,https://dopa-game.jp/one-piece/dp/10327006,,,,10327006,31469,DOPA(ワンピ)
OP01-001,ロロノア・ゾロ(未開封/金文字/漫画絵),L,https://minnano-toreka.com/wp-content/uploads/2026/08/OP01-001_minnanotoreca-10327007.webp,ロロノア・ゾロ(未開封/金文字/漫画絵)（L）[OP01-001],,https://dopa-game.jp/one-piece/dp/10327007,,,,10327007,31470,DOPA(ワンピ)
OP01-120,シャンクス(未開封/Asia/シリアル),SEC,https://minnano-toreka.com/wp-content/uploads/2026/08/OP01-120_minnanotoreca-10329341.webp,シャンクス(未開封/Asia/シリアル)（SEC）[OP01-120],,https://dopa-game.jp/one-piece/dp/10329341,,,,10329341,31471,DOPA(ワンピ)
-,チャンピオンシップセット2022(トラファルガー・ロー),-,https://minnano-toreka.com/wp-content/uploads/2026/08/none_minnanotoreca-10333331.webp,チャンピオンシップセット2022(トラファルガー・ロー)（-）[-],,https://dopa-game.jp/one-piece/dp/10333331,,,,10333331,31472,DOPA(ワンピ)
ST-01-011,ブルック,C,https://minnano-toreka.com/wp-content/uploads/2026/08/ST-01-011_minnanotoreca-10334478.webp,ブルック（C）[ST-01-011],,https://dopa-game.jp/one-piece/dp/10334478,,,,10334478,31473,DOPA(ワンピ)
OP-01-035,お菊,R,https://minnano-toreka.com/wp-content/uploads/2026/08/OP-01-035_minnanotoreca-10334479.webp,お菊（R）[OP-01-035],,https://dopa-game.jp/one-piece/dp/10334479,,,,10334479,31474,DOPA(ワンピ)
ST03-007,戦桃丸,C,https://minnano-toreka.com/wp-content/uploads/2026/08/ST03-007_minnanotoreca-10334481.webp,戦桃丸（C）[ST03-007],,https://dopa-game.jp/one-piece/dp/10334481,,,,10334481,31475,DOPA(ワンピ)
OP03-0888,フクロウ,UC,https://minnano-toreka.com/wp-content/uploads/2026/08/OP03-0888_minnanotoreca-10334484.webp,フクロウ（UC）[OP03-0888],,https://dopa-game.jp/one-piece/dp/10334484,,,,10334484,31476,DOPA(ワンピ)
ST04-011,ブラックマリア,C,https://minnano-toreka.com/wp-content/uploads/2026/08/ST04-011_minnanotoreca-10334485.webp,ブラックマリア（C）[ST04-011],,https://dopa-game.jp/one-piece/dp/10334485,,,,10334485,31477,DOPA(ワンピ)
P-030,ジンベエ,P,https://minnano-toreka.com/wp-content/uploads/2026/08/P-030_minnanotoreca-10334486.webp,ジンベエ（P）[P-030],,https://dopa-game.jp/one-piece/dp/10334486,,,,10334486,31478,DOPA(ワンピ)
OP01-033,イゾウ,UC,https://minnano-toreka.com/wp-content/uploads/2026/08/OP01-033_minnanotoreca-10334487.webp,イゾウ（UC）[OP01-033],,https://dopa-game.jp/one-piece/dp/10334487,,,,10334487,31479,DOPA(ワンピ)
ST04-008,ジャック,C,https://minnano-toreka.com/wp-content/uploads/2026/08/ST04-008_minnanotoreca-10334489.webp,ジャック（C）[ST04-008],,https://dopa-game.jp/one-piece/dp/10334489,,,,10334489,31480,DOPA(ワンピ)
ST01-011,ブルック,C,https://minnano-toreka.com/wp-content/uploads/2026/08/ST01-011_minnanotoreca-10334490.webp,ブルック（C）[ST01-011],,https://dopa-game.jp/one-piece/dp/10334490,,,,10334490,31481,DOPA(ワンピ)
OP01-021,フランキー,UC,https://minnano-toreka.com/wp-content/uploads/2026/08/OP01-021_minnanotoreca-10334491.webp,フランキー（UC）[OP01-021],,https://dopa-game.jp/one-piece/dp/10334491,,,,10334491,31482,DOPA(ワンピ)
OP01-014,ジンベエ,UC,https://minnano-toreka.com/wp-content/uploads/2026/08/OP01-014_minnanotoreca-10334492.webp,ジンベエ（UC）[OP01-014],,https://dopa-game.jp/one-piece/dp/10334492,,,,10334492,31483,DOPA(ワンピ)
ST01-013,ロロノア,SR,https://minnano-toreka.com/wp-content/uploads/2026/08/ST01-013_minnanotoreca-10334493.webp,ロロノア（SR）[ST01-013],,https://dopa-game.jp/one-piece/dp/10334493,,,,10334493,31484,DOPA(ワンピ)
P-022,モンキー・D・ルフィ,P,https://minnano-toreka.com/wp-content/uploads/2026/08/P-022_minnanotoreca-10334494.webp,モンキー・D・ルフィ（P）[P-022],,https://dopa-game.jp/one-piece/dp/10334494,,,,10334494,31485,DOPA(ワンピ)
OP01-017,ニコ・ロビン,R,https://minnano-toreka.com/wp-content/uploads/2026/08/OP01-017_minnanotoreca-10334496.webp,ニコ・ロビン（R）[OP01-017],,https://dopa-game.jp/one-piece/dp/10334496,,,,10334496,31486,DOPA(ワンピ)
ST01-006,トニートニーチョッパー,C,https://minnano-toreka.com/wp-content/uploads/2026/08/ST01-006_minnanotoreca-10240101.webp,トニートニーチョッパー（C）[ST01-006],,https://dopa-game.jp/one-piece/dp/10334497,,,,10334497,30754,DOPA(ワンピ)
ST01-002,ウソップ,C,https://minnano-toreka.com/wp-content/uploads/2026/08/ST01-002_minnanotoreca-10334498.webp,ウソップ（C）[ST01-002],,https://dopa-game.jp/one-piece/dp/10334498,,,,10334498,31487,DOPA(ワンピ)
ST01-007,ナミ,C,https://minnano-toreka.com/wp-content/uploads/2026/08/ST01-007_minnanotoreca-10334499.webp,ナミ（C）[ST01-007],,https://dopa-game.jp/one-piece/dp/10334499,,,,10334499,31488,DOPA(ワンピ)
ST01-006,トニートニー・チョッパー(甲冑/漫画背景),C,https://minnano-toreka.com/wp-content/uploads/2026/08/ST01-006_minnanotoreca-10334500.webp,トニートニー・チョッパー(甲冑/漫画背景)（C）[ST01-006],,https://dopa-game.jp/one-piece/dp/10334500,,,,10334500,31489,DOPA(ワンピ)
ST01-002,ウソップ(漫画背景),C,https://minnano-toreka.com/wp-content/uploads/2026/08/ST01-002_minnanotoreca-10334501.webp,ウソップ(漫画背景)（C）[ST01-002],,https://dopa-game.jp/one-piece/dp/10334501,,,,10334501,31490,DOPA(ワンピ)
ST01-008,ニコ・ロビン(漫画背景),C,https://minnano-toreka.com/wp-content/uploads/2026/08/ST01-008_minnanotoreca-10334502.webp,ニコ・ロビン(漫画背景)（C）[ST01-008],,https://dopa-game.jp/one-piece/dp/10334502,,,,10334502,31491,DOPA(ワンピ)
ST01-010,フランキー(漫画背景),C,https://minnano-toreka.com/wp-content/uploads/2026/08/ST01-010_minnanotoreca-10334503.webp,フランキー(漫画背景)（C）[ST01-010],,https://dopa-game.jp/one-piece/dp/10334503,,,,10334503,31492,DOPA(ワンピ)
OP01-022,ブルック(漫画背景),UC,https://minnano-toreka.com/wp-content/uploads/2026/08/OP01-022_minnanotoreca-10334505.webp,ブルック(漫画背景)（UC）[OP01-022],,https://dopa-game.jp/one-piece/dp/10334505,,,,10334505,31493,DOPA(ワンピ)
OP01-013,サンジ(漫画背景),R,https://minnano-toreka.com/wp-content/uploads/2026/08/OP01-013_minnanotoreca-10334506.webp,サンジ(漫画背景)（R）[OP01-013],,https://dopa-game.jp/one-piece/dp/10334506,,,,10334506,31494,DOPA(ワンピ)
OP01-001,ロロノア・ゾロ(漫画背景/漫画絵),L,https://minnano-toreka.com/wp-content/uploads/2026/08/OP01-001_minnanotoreca-10334507.webp,ロロノア・ゾロ(漫画背景/漫画絵)（L）[OP01-001],,https://dopa-game.jp/one-piece/dp/10334507,,,,10334507,31495,DOPA(ワンピ)
OP06-119,サンジ,SEC,https://minnano-toreka.com/wp-content/uploads/2026/08/OP06-119_minnanotoreca-10336006.webp,サンジ（SEC）[OP06-119],,https://dopa-game.jp/one-piece/dp/10336006,,,,10336006,31496,DOPA(ワンピ)
-,未開封　ONE PIECE CARD GAME English Version 1st Anniversary Set,-,https://minnano-toreka.com/wp-content/uploads/2026/08/none_minnanotoreca-10338044.webp,未開封　ONE PIECE CARD GAME English Version 1st Anniversary Set（-）[-],,https://dopa-game.jp/one-piece/dp/10338044,,,,10338044,31497,DOPA(ワンピ)
OP02-098,コビー(未開封),R,https://minnano-toreka.com/wp-content/uploads/2026/08/OP02-098_minnanotoreca-10339603.webp,コビー(未開封)（R）[OP02-098],,https://dopa-game.jp/one-piece/dp/10339603,,,,10339603,31498,DOPA(ワンピ)
-,カードケース『1st ANNIVERSARY SET』,-,https://minnano-toreka.com/wp-content/uploads/2026/08/none_minnanotoreca-10339681.webp,カードケース『1st ANNIVERSARY SET』（-）[-],,https://dopa-game.jp/one-piece/dp/10339681,,,,10339681,31499,DOPA(ワンピ)
-,プレイマット『1st ANNIVERSARY SET』,-,https://minnano-toreka.com/wp-content/uploads/2026/08/none_minnanotoreca-10339682.webp,プレイマット『1st ANNIVERSARY SET』（-）[-],,https://dopa-game.jp/one-piece/dp/10339682,,,,10339682,31500,DOPA(ワンピ)
OP05-091,レベッカ,SR,https://minnano-toreka.com/wp-content/uploads/2026/08/OP05-091_minnanotoreca-10340497.webp,レベッカ（SR）[OP05-091],,https://dopa-game.jp/one-piece/dp/10340497,,,,10340497,31501,DOPA(ワンピ)
-,ドン!!カード(foil/リム),-,https://minnano-toreka.com/wp-content/uploads/2026/08/none_minnanotoreca-10340530.webp,ドン!!カード(foil/リム)（-）[-],,https://dopa-game.jp/one-piece/dp/10340530,,,,10340530,31502,DOPA(ワンピ)
P-009,トラファルガー・ロー,P,https://minnano-toreka.com/wp-content/uploads/2026/08/P-009_minnanotoreca-10340531.webp,トラファルガー・ロー（P）[P-009],,https://dopa-game.jp/one-piece/dp/10340531,,,,10340531,31503,DOPA(ワンピ)
{P-066},ボア・ハンコック(中国版/illust:nuisuke),P,https://minnano-toreka.com/wp-content/uploads/2026/08/P-066_minnanotoreca-10322279-1.webp,ボア・ハンコック(中国版/illust:nuisuke)（P）[{P-066}],,https://dopa-game.jp/one-piece/dp/10340597,,,,10340597,31504,DOPA(ワンピ)
{EB01-009},うるせェ!!!いこう!!!!(foil仕様),C,https://minnano-toreka.com/wp-content/uploads/2026/08/EB01-009_minnanotoreca-10340598.webp,うるせェ!!!いこう!!!!(foil仕様)（C）[{EB01-009}],,https://dopa-game.jp/one-piece/dp/10340598,,,,10340598,31505,DOPA(ワンピ)
-,ドン!!カード(サンジ),-,https://minnano-toreka.com/wp-content/uploads/2026/08/none_minnanotoreca-10340599.webp,ドン!!カード(サンジ)（-）[-],,https://dopa-game.jp/one-piece/dp/10340599,,,,10340599,31506,DOPA(ワンピ)
{ST04-003},カイドウ(TREASURECRUISE),SR,https://minnano-toreka.com/wp-content/uploads/2026/08/ST04-003_minnanotoreca-10340602.webp,カイドウ(TREASURECRUISE)（SR）[{ST04-003}],,https://dopa-game.jp/one-piece/dp/10340602,,,,10340602,31507,DOPA(ワンピ)
{OP02-005},カーリー・ダダン(illust:Studio Vigor Co.Ltd),UC,https://minnano-toreka.com/wp-content/uploads/2026/08/OP02-005_minnanotoreca-10340603.webp,カーリー・ダダン(illust:Studio Vigor Co.Ltd)（UC）[{OP02-005}],,https://dopa-game.jp/one-piece/dp/10340603,,,,10340603,31508,DOPA(ワンピ)
OP02-098,コビー,R,https://minnano-toreka.com/wp-content/uploads/2026/08/OP02-098_minnanotoreca-10340605.webp,コビー（R）[OP02-098],,https://dopa-game.jp/one-piece/dp/10340605,,,,10340605,31509,DOPA(ワンピ)
{OP02-099},サカズキ,SR★,https://minnano-toreka.com/wp-content/uploads/2026/08/OP02-099_minnanotoreca-10340606.webp,サカズキ（SR★）[{OP02-099}],,https://dopa-game.jp/one-piece/dp/10340606,,,,10340606,31510,DOPA(ワンピ)
ST07-010,シャーロット・リンリン(未開封/illust:Hatori Kyoka),SR,https://minnano-toreka.com/wp-content/uploads/2026/08/ST07-010_minnanotoreca-10340607.webp,シャーロット・リンリン(未開封/illust:Hatori Kyoka)（SR）[ST07-010],,https://dopa-game.jp/one-piece/dp/10340607,,,,10340607,31511,DOPA(ワンピ)
{ST01-005},ジンベエ(漫画背景),C,https://minnano-toreka.com/wp-content/uploads/2026/08/ST01-005_minnanotoreca-10340706.webp,ジンベエ(漫画背景)（C）[{ST01-005}],,https://dopa-game.jp/one-piece/dp/10340706,,,,10340706,31512,DOPA(ワンピ)
{OP10-114},X・ドレーク(foil仕様),UC,https://minnano-toreka.com/wp-content/uploads/2026/08/OP10-114_minnanotoreca-10340799.webp,X・ドレーク(foil仕様)（UC）[{OP10-114}],,https://dopa-game.jp/one-piece/dp/10340799,,,,10340799,31513,DOPA(ワンピ)
{OP09-048},ジュラキュール・ミホーク,SR,https://minnano-toreka.com/wp-content/uploads/2026/08/OP09-048_minnanotoreca-10341005.webp,ジュラキュール・ミホーク（SR）[{OP09-048}],,https://dopa-game.jp/one-piece/dp/10341005,,,,10341005,31514,DOPA(ワンピ)
{OP10-049},サボ(赤白版),R,https://minnano-toreka.com/wp-content/uploads/2026/08/OP10-049_minnanotoreca-10341386.webp,サボ(赤白版)（R）[{OP10-049}],,https://dopa-game.jp/one-piece/dp/10341386,,,,10341386,31515,DOPA(ワンピ)
{OP13-002},ポートガス・Ｄ・エース,L,https://minnano-toreka.com/wp-content/uploads/2026/08/OP13-002_minnanotoreca-10341387.webp,ポートガス・Ｄ・エース（L）[{OP13-002}],,https://dopa-game.jp/one-piece/dp/10341387,,,,10341387,31516,DOPA(ワンピ)
-,ドン!!カード(会ってみてぇもんだ!!),-,https://minnano-toreka.com/wp-content/uploads/2026/08/none_minnanotoreca-10341388.webp,ドン!!カード(会ってみてぇもんだ!!)（-）[-],,https://dopa-game.jp/one-piece/dp/10341388,,,,10341388,31517,DOPA(ワンピ)
{OP13-119},ポートガス・Ｄ・エース(パラレル/海賊旗背景/漫画絵),SEC/パラレル,https://minnano-toreka.com/wp-content/uploads/2026/08/OP13-119_minnanotoreca-10343481.webp,ポートガス・Ｄ・エース(パラレル/海賊旗背景/漫画絵)（SEC/パラレル）[{OP13-119}],,https://dopa-game.jp/one-piece/dp/10343481,,,,10343481,31518,DOPA(ワンピ)
-,ドン!!カード(英語版/CS2023/ドン赤文字/黒背景),-,https://minnano-toreka.com/wp-content/uploads/2026/08/none_minnanotoreca-10343937.webp,ドン!!カード(英語版/CS2023/ドン赤文字/黒背景)（-）[-],,https://dopa-game.jp/one-piece/dp/10343937,,,,10343937,31519,DOPA(ワンピ)
-,ドン!!カード(金枠/キッド),-,https://minnano-toreka.com/wp-content/uploads/2026/08/none_minnanotoreca-10343938.webp,ドン!!カード(金枠/キッド)（-）[-],,https://dopa-game.jp/one-piece/dp/10343938,,,,10343938,31520,DOPA(ワンピ)
-,ドン!!カード(金枠/キング),-,https://minnano-toreka.com/wp-content/uploads/2026/08/none_minnanotoreca-10343939.webp,ドン!!カード(金枠/キング)（-）[-],,https://dopa-game.jp/one-piece/dp/10343939,,,,10343939,31521,DOPA(ワンピ)
OP09-069,(未開封/Asia)トラファルガー・ロー,R,https://minnano-toreka.com/wp-content/uploads/2026/08/OP09-069_minnanotoreca-10343940.webp,(未開封/Asia)トラファルガー・ロー（R）[OP09-069],,https://dopa-game.jp/one-piece/dp/10343940,,,,10343940,31522,DOPA(ワンピ)
-,ドン!!カード(金枠/クロコダイル),-,https://minnano-toreka.com/wp-content/uploads/2026/08/none_minnanotoreca-10343941.webp,ドン!!カード(金枠/クロコダイル)（-）[-],,https://dopa-game.jp/one-piece/dp/10343941,,,,10343941,31523,DOPA(ワンピ)
-,ドン!!カード(金枠/ロシナンテ),-,https://minnano-toreka.com/wp-content/uploads/2026/08/none_minnanotoreca-10343942.webp,ドン!!カード(金枠/ロシナンテ)（-）[-],,https://dopa-game.jp/one-piece/dp/10343942,,,,10343942,31524,DOPA(ワンピ)
{OP11-041},ナミ(パラレル/illust:otton),L★,https://minnano-toreka.com/wp-content/uploads/2026/08/OP11-041_minnanotoreca-10344493.webp,ナミ(パラレル/illust:otton)（L★）[{OP11-041}],,https://dopa-game.jp/one-piece/dp/10344493,,,,10344493,31525,DOPA(ワンピ)
{OP06-022},ヤマト(未開封/金文字/漫画絵),L,https://minnano-toreka.com/wp-content/uploads/2026/08/OP06-022_minnanotoreca-10344494.webp,ヤマト(未開封/金文字/漫画絵)（L）[{OP06-022}],,https://dopa-game.jp/one-piece/dp/10344494,,,,10344494,31526,DOPA(ワンピ)
{P-074},ポートガス・D・エース(未開封/SOUTHEAST ASIAN CHAMPION CHAMPIONSHIP2023),P,https://minnano-toreka.com/wp-content/uploads/2026/08/P-074_minnanotoreca-10344496-1.webp,ポートガス・D・エース(未開封/SOUTHEAST ASIAN CHAMPION CHAMPIONSHIP2023)（P）[{P-074}],,https://dopa-game.jp/one-piece/dp/10344496,,,,10344496,31613,DOPA(ワンピ)
{P-075},モンキー・D・ルフィ(未開封/SOUTHEAST ASIAN CHAMPION CHAMPIONSHIP2023),P,https://minnano-toreka.com/wp-content/uploads/2026/08/P-075_minnanotoreca-10344497.webp,モンキー・D・ルフィ(未開封/SOUTHEAST ASIAN CHAMPION CHAMPIONSHIP2023)（P）[{P-075}],,https://dopa-game.jp/one-piece/dp/10344497,,,,10344497,31528,DOPA(ワンピ)
{OP05-051[OP06]},ボルサリーノ(パラレル/SP/illust:Ryuda){OP05-051[OP06]},SP,https://minnano-toreka.com/wp-content/uploads/2026/08/OP05-051-OP06_minnanotoreca-10344498.webp,ボルサリーノ(パラレル/SP/illust:Ryuda){OP05-051[OP06]}（SP）[{OP05-051[OP06]}],,https://dopa-game.jp/one-piece/dp/10344498,,,,10344498,31529,DOPA(ワンピ)
{OP06-035},ホーディ・ジョーンズ(パラレル/illust:SENNSU),SR★,https://minnano-toreka.com/wp-content/uploads/2026/08/OP06-035_minnanotoreca-10344499.webp,ホーディ・ジョーンズ(パラレル/illust:SENNSU)（SR★）[{OP06-035}],,https://dopa-game.jp/one-piece/dp/10344499,,,,10344499,31530,DOPA(ワンピ)
{OP07-051},ボア・ハンコック(中国版/シリアル/illust:Hashimoto Q),SR,https://minnano-toreka.com/wp-content/uploads/2026/08/OP07-051_minnanotoreca-10344500.webp,ボア・ハンコック(中国版/シリアル/illust:Hashimoto Q)（SR）[{OP07-051}],,https://dopa-game.jp/one-piece/dp/10344500,,,,10344500,31531,DOPA(ワンピ)
{OP06-093},(未開封/Asia)ペローナ,SR,https://minnano-toreka.com/wp-content/uploads/2026/08/OP06-093_minnanotoreca-10344501-1.webp,(未開封/Asia)ペローナ（SR）[{OP06-093}],,https://dopa-game.jp/one-piece/dp/10344501,,,,10344501,31618,DOPA(ワンピ)
{OP04-013},ペル(パラレル/illust:Denim2),SR★,https://minnano-toreka.com/wp-content/uploads/2026/08/OP04-013_minnanotoreca-10344502.webp,ペル(パラレル/illust:Denim2)（SR★）[{OP04-013}],,https://dopa-game.jp/one-piece/dp/10344502,,,,10344502,31533,DOPA(ワンピ)
{OP11-010},ひばり(未開封/illust:nuisuke),SR,https://minnano-toreka.com/wp-content/uploads/2026/08/OP11-010_minnanotoreca-10344503.webp,ひばり(未開封/illust:nuisuke)（SR）[{OP11-010}],,https://dopa-game.jp/one-piece/dp/10344503,,,,10344503,31534,DOPA(ワンピ)
{OP04-030},トレーボル(パラレル/illust:HISASHI HUJIWARA),R★,https://minnano-toreka.com/wp-content/uploads/2026/08/OP04-030_minnanotoreca-10344504.webp,トレーボル(パラレル/illust:HISASHI HUJIWARA)（R★）[{OP04-030}],,https://dopa-game.jp/one-piece/dp/10344504,,,,10344504,31535,DOPA(ワンピ)
{OP06-090},ドクトル・ホグバック(illust:ASAKI KURODA),R,https://minnano-toreka.com/wp-content/uploads/2026/08/OP06-090_minnanotoreca-10344505.webp,ドクトル・ホグバック(illust:ASAKI KURODA)（R）[{OP06-090}],,https://dopa-game.jp/one-piece/dp/10344505,,,,10344505,31536,DOPA(ワンピ)
{OP01-114},X・ドレーク(illust:Morechand),R,https://minnano-toreka.com/wp-content/uploads/2026/08/OP01-114_minnanotoreca-10344506.webp,X・ドレーク(illust:Morechand)（R）[{OP01-114}],,https://dopa-game.jp/one-piece/dp/10344506,,,,10344506,31537,DOPA(ワンピ)
{OP06-050},たしぎ,R,https://minnano-toreka.com/wp-content/uploads/2026/08/OP06-050_minnanotoreca-10344507.webp,たしぎ（R）[{OP06-050}],,https://dopa-game.jp/one-piece/dp/10344507,,,,10344507,31538,DOPA(ワンピ)
{OP08-039},ゾウ,R,https://minnano-toreka.com/wp-content/uploads/2026/08/OP08-039_minnanotoreca-10344508.webp,ゾウ（R）[{OP08-039}],,https://dopa-game.jp/one-piece/dp/10344508,,,,10344508,31539,DOPA(ワンピ)
{OP11-106},ゼウス(パラレル/illust:Kazuno Yuikawa),R★,https://minnano-toreka.com/wp-content/uploads/2026/08/OP11-106_minnanotoreca-10344509.webp,ゼウス(パラレル/illust:Kazuno Yuikawa)（R★）[{OP11-106}],,https://dopa-game.jp/one-piece/dp/10344509,,,,10344509,31540,DOPA(ワンピ)
{OP03-086},スパンダム(パラレル/illust:Misa Matoki),R,https://minnano-toreka.com/wp-content/uploads/2026/08/OP03-086_minnanotoreca-10344510.webp,スパンダム(パラレル/illust:Misa Matoki)（R）[{OP03-086}],,https://dopa-game.jp/one-piece/dp/10344510,,,,10344510,31541,DOPA(ワンピ)
{OP09-005[OP11],シルバーズ・レイリー(パラレル/SP/タロット柄),R,https://minnano-toreka.com/wp-content/uploads/2026/08/OP09-005-OP11_minnanotoreca-10344511.webp,シルバーズ・レイリー(パラレル/SP/タロット柄)（R）[{OP09-005[OP11]],,https://dopa-game.jp/one-piece/dp/10344511,,,,10344511,31542,DOPA(ワンピ)
{EB01-056[OP10]},シャーロット・フランペ(パラレル/SP/illust:otton),R,https://minnano-toreka.com/wp-content/uploads/2026/08/EB01-056-OP10_minnanotoreca-10344512.webp,シャーロット・フランペ(パラレル/SP/illust:otton)（R）[{EB01-056[OP10]}],,https://dopa-game.jp/one-piece/dp/10344512,,,,10344512,31543,DOPA(ワンピ)
{OP02-089},地獄の審判(foil),R,https://minnano-toreka.com/wp-content/uploads/2026/08/OP02-089_minnanotoreca-10344513.webp,地獄の審判(foil)（R）[{OP02-089}],,https://dopa-game.jp/one-piece/dp/10344513,,,,10344513,31544,DOPA(ワンピ)
{OP02-075},シキ,R,https://minnano-toreka.com/wp-content/uploads/2026/08/OP02-075_minnanotoreca-10344514.webp,シキ（R）[{OP02-075}],,https://dopa-game.jp/one-piece/dp/10344514,,,,10344514,31545,DOPA(ワンピ)
{OP01-013},サンジ(英語版/illust:Ono Tako),R,https://minnano-toreka.com/wp-content/uploads/2026/08/OP01-013_minnanotoreca-10344515.webp,サンジ(英語版/illust:Ono Tako)（R）[{OP01-013}],,https://dopa-game.jp/one-piece/dp/10344515,,,,10344515,31546,DOPA(ワンピ)
{OP01-013},サンジ(中国版/illust:Anderson),R,https://minnano-toreka.com/wp-content/uploads/2026/08/OP01-013_minnanotoreca-10344516.webp,サンジ(中国版/illust:Anderson)（R）[{OP01-013}],,https://dopa-game.jp/one-piece/dp/10344516,,,,10344516,31547,DOPA(ワンピ)
{OP07-047},トラファルガー・ロー(中国版/illust:kicori),R,https://minnano-toreka.com/wp-content/uploads/2026/08/OP07-047_minnanotoreca-10344517.webp,トラファルガー・ロー(中国版/illust:kicori)（R）[{OP07-047}],,https://dopa-game.jp/one-piece/dp/10344517,,,,10344517,31548,DOPA(ワンピ)
{P-056},ロロノア・ゾロ(実写),P,https://minnano-toreka.com/wp-content/uploads/2026/08/P-056_minnanotoreca-10344518.webp,ロロノア・ゾロ(実写)（P）[{P-056}],,https://dopa-game.jp/one-piece/dp/10344518,,,,10344518,31549,DOPA(ワンピ)
{P-042},ロロノア・ゾロ(麦わらの一味),P,https://minnano-toreka.com/wp-content/uploads/2026/08/P-042_minnanotoreca-10344519.webp,ロロノア・ゾロ(麦わらの一味)（P）[{P-042}],,https://dopa-game.jp/one-piece/dp/10344519,,,,10344519,31550,DOPA(ワンピ)
{P-072},リューマ(カラー版),P,https://minnano-toreka.com/wp-content/uploads/2026/08/P-072_minnanotoreca-10344520.webp,リューマ(カラー版)（P）[{P-072}],,https://dopa-game.jp/one-piece/dp/10344520,,,,10344520,31551,DOPA(ワンピ)
{OP07-048},ドンキホーテ・ドフラミンゴ(中国版/illust:Katsuo Tadano),UC,https://minnano-toreka.com/wp-content/uploads/2026/08/OP07-048_minnanotoreca-10344521.webp,ドンキホーテ・ドフラミンゴ(中国版/illust:Katsuo Tadano)（UC）[{OP07-048}],,https://dopa-game.jp/one-piece/dp/10344521,,,,10344521,31552,DOPA(ワンピ)
{OP07-040},クロコダイル(中国版/illust:ASAKI KURODA),UC,https://minnano-toreka.com/wp-content/uploads/2026/08/OP07-040_minnanotoreca-10344522.webp,クロコダイル(中国版/illust:ASAKI KURODA)（UC）[{OP07-040}],,https://dopa-game.jp/one-piece/dp/10344522,,,,10344522,31553,DOPA(ワンピ)
{ST01-013},ロロノア・ゾロ(illust:Midori Matsuda),SR,https://minnano-toreka.com/wp-content/uploads/2026/08/ST01-013_minnanotoreca-10344588.webp,ロロノア・ゾロ(illust:Midori Matsuda)（SR）[{ST01-013}],,https://dopa-game.jp/one-piece/dp/10344588,,,,10344588,31554,DOPA(ワンピ)
{ST01-012},モンキー・D・ルフィ(TREASURECRUISE),SR,https://minnano-toreka.com/wp-content/uploads/2026/08/ST01-012_minnanotoreca-10344589.webp,モンキー・D・ルフィ(TREASURECRUISE)（SR）[{ST01-012}],,https://dopa-game.jp/one-piece/dp/10344589,,,,10344589,31555,DOPA(ワンピ)
{OP03-013},マルコ,SR,https://minnano-toreka.com/wp-content/uploads/2026/08/OP03-013_minnanotoreca-10344590.webp,マルコ（SR）[{OP03-013}],,https://dopa-game.jp/one-piece/dp/10344590,,,,10344590,31556,DOPA(ワンピ)
{OP03-013},マルコ(illust:Koushi Rokushiro),SR,https://minnano-toreka.com/wp-content/uploads/2026/08/OP03-013_minnanotoreca-10344591.webp,マルコ(illust:Koushi Rokushiro)（SR）[{OP03-013}],,https://dopa-game.jp/one-piece/dp/10344591,,,,10344591,31557,DOPA(ワンピ)
{OP02-068},ゴムゴムの雨,R,https://minnano-toreka.com/wp-content/uploads/2026/08/OP02-068_minnanotoreca-10344592.webp,ゴムゴムの雨（R）[{OP02-068}],,https://dopa-game.jp/one-piece/dp/10344592,,,,10344592,31558,DOPA(ワンピ)
{OP03-072},ゴムゴムのJET銃乱打,R,https://minnano-toreka.com/wp-content/uploads/2026/08/OP03-072_minnanotoreca-10344593.webp,ゴムゴムのJET銃乱打（R）[{OP03-072}],,https://dopa-game.jp/one-piece/dp/10344593,,,,10344593,31559,DOPA(ワンピ)
{OP08-018},刻蹄『桜』,R,https://minnano-toreka.com/wp-content/uploads/2026/08/OP08-018_minnanotoreca-10344594.webp,刻蹄『桜』（R）[{OP08-018}],,https://dopa-game.jp/one-piece/dp/10344594,,,,10344594,31560,DOPA(ワンピ)
{OP01-041},光月モモの助(フルアート/foil),R,https://minnano-toreka.com/wp-content/uploads/2026/08/OP01-041_minnanotoreca-10344595.webp,光月モモの助(フルアート/foil)（R）[{OP01-041}],,https://dopa-game.jp/one-piece/dp/10344595,,,,10344595,31561,DOPA(ワンピ)
{OP09-020},来い…!!!おれ達が相手をしてやる!!!,R,https://minnano-toreka.com/wp-content/uploads/2026/08/OP09-020_minnanotoreca-10344596.webp,来い…!!!おれ達が相手をしてやる!!!（R）[{OP09-020}],,https://dopa-game.jp/one-piece/dp/10344596,,,,10344596,31562,DOPA(ワンピ)
{OP05-005},カラス(illust:Anderson),R,https://minnano-toreka.com/wp-content/uploads/2026/08/OP05-005_minnanotoreca-10344597.webp,カラス(illust:Anderson)（R）[{OP05-005}],,https://dopa-game.jp/one-piece/dp/10344597,,,,10344597,31563,DOPA(ワンピ)
{OP06-115},お前が消えろ(パラレル/illust:kankurou),R★,https://minnano-toreka.com/wp-content/uploads/2026/08/OP06-115_minnanotoreca-10344598.webp,お前が消えろ(パラレル/illust:kankurou)（R★）[{OP06-115}],,https://dopa-game.jp/one-piece/dp/10344598,,,,10344598,31564,DOPA(ワンピ)
{OP06-115},お前が消えろ,R,https://minnano-toreka.com/wp-content/uploads/2026/08/OP06-115_minnanotoreca-10344599.webp,お前が消えろ（R）[{OP06-115}],,https://dopa-game.jp/one-piece/dp/10344599,,,,10344599,31565,DOPA(ワンピ)
{OP01-035[OP07]},お菊(パラレル),SR,https://minnano-toreka.com/wp-content/uploads/2026/08/OP07-051_minnanotoreca-10251824.webp,お菊(パラレル)（SR）[{OP01-035[OP07]}],,https://dopa-game.jp/one-piece/dp/10344601,,,,10344601,30915,DOPA(ワンピ)
{EB01-023},エドワード・ウィーブル(中国版/illust:S-KINOKO),R,https://minnano-toreka.com/wp-content/uploads/2026/08/EB01-023_minnanotoreca-10344602.webp,エドワード・ウィーブル(中国版/illust:S-KINOKO)（R）[{EB01-023}],,https://dopa-game.jp/one-piece/dp/10344602,,,,10344602,31566,DOPA(ワンピ)
{OP11-047},ヴィンスモーク・レイジュ(パラレル/illust:NIJIMAARC),R★,https://minnano-toreka.com/wp-content/uploads/2026/08/OP11-047_minnanotoreca-10344604.webp,ヴィンスモーク・レイジュ(パラレル/illust:NIJIMAARC)（R★）[{OP11-047}],,https://dopa-game.jp/one-piece/dp/10344604,,,,10344604,31567,DOPA(ワンピ)
{OP06-065},ヴィンスモーク・ニジ(フルアート/foil),R,https://minnano-toreka.com/wp-content/uploads/2026/08/OP06-065_minnanotoreca-10344605.webp,ヴィンスモーク・ニジ(フルアート/foil)（R）[{OP06-065}],,https://dopa-game.jp/one-piece/dp/10344605,,,,10344605,31568,DOPA(ワンピ)
{OP06-081},アブサロム(パラレル/illust:BISAI),R★,https://minnano-toreka.com/wp-content/uploads/2026/08/OP06-081_minnanotoreca-10344606.webp,アブサロム(パラレル/illust:BISAI)（R★）[{OP06-081}],,https://dopa-game.jp/one-piece/dp/10344606,,,,10344606,31569,DOPA(ワンピ)
{OP01-016},ナミ(illust-Ai Nina),R,https://minnano-toreka.com/wp-content/uploads/2026/08/OP01-016_minnanotoreca-10344607.webp,ナミ(illust-Ai Nina)（R）[{OP01-016}],,https://dopa-game.jp/one-piece/dp/10344607,,,,10344607,31570,DOPA(ワンピ)
{OP11-054},ナミ(パラレル/illust:Hashimoto Q),SR★/パラレル,https://minnano-toreka.com/wp-content/uploads/2026/08/OP11-054_minnanotoreca-10344608.webp,ナミ(パラレル/illust:Hashimoto Q)（SR★/パラレル）[{OP11-054}],,https://dopa-game.jp/one-piece/dp/10344608,,,,10344608,31571,DOPA(ワンピ)
{OP07-045},ジンベエ(中国版/illust:S-KINOKO),SR,https://minnano-toreka.com/wp-content/uploads/2026/08/OP07-045_minnanotoreca-10344609.webp,ジンベエ(中国版/illust:S-KINOKO)（SR）[{OP07-045}],,https://dopa-game.jp/one-piece/dp/10344609,,,,10344609,31572,DOPA(ワンピ)
{OP08-105},ジュエリー・ボニー(illust:s!on),SR,https://minnano-toreka.com/wp-content/uploads/2026/08/OP08-105_minnanotoreca-10344610.webp,ジュエリー・ボニー(illust:s!on)（SR）[{OP08-105}],,https://dopa-game.jp/one-piece/dp/10344610,,,,10344610,31573,DOPA(ワンピ)
{EB01-012},(未開封/Asia)キャベンディッシュ,SR,https://minnano-toreka.com/wp-content/uploads/2026/08/EB01-012_minnanotoreca-10344611.webp,(未開封/Asia)キャベンディッシュ（SR）[{EB01-012}],,https://dopa-game.jp/one-piece/dp/10344611,,,,10344611,31574,DOPA(ワンピ)
{P-055},モンキー・D・ルフィ(フルアート/foil),P,https://minnano-toreka.com/wp-content/uploads/2026/08/P-055_minnanotoreca-10344612.webp,モンキー・D・ルフィ(フルアート/foil)（P）[{P-055}],,https://dopa-game.jp/one-piece/dp/10344612,,,,10344612,31575,DOPA(ワンピ)
{P-033},モンキー・D・ルフィ,P,https://minnano-toreka.com/wp-content/uploads/2026/08/P-033_minnanotoreca-10344613.webp,モンキー・D・ルフィ（P）[{P-033}],,https://dopa-game.jp/one-piece/dp/10344613,,,,10344613,31576,DOPA(ワンピ)
{OP06-086},ゲッコー・モリア(中国版/illust:SENNSU),SR,https://minnano-toreka.com/wp-content/uploads/2026/08/OP06-086_minnanotoreca-10344614.webp,ゲッコー・モリア(中国版/illust:SENNSU)（SR）[{OP06-086}],,https://dopa-game.jp/one-piece/dp/10344614,,,,10344614,31577,DOPA(ワンピ)
OP11-070,シャーロット・プリン(パラレル/illust:nuisuke),SR,https://minnano-toreka.com/wp-content/uploads/2026/08/OP11-070_minnanotoreca-10344961.webp,シャーロット・プリン(パラレル/illust:nuisuke)（SR）[OP11-070],,https://dopa-game.jp/one-piece/dp/10344961,,,,10344961,31578,DOPA(ワンピ)
OP11-004,孔雀(パラレル/illust:Hashimoto Q),SR,https://minnano-toreka.com/wp-content/uploads/2026/08/OP11-004_minnanotoreca-10344962.webp,孔雀(パラレル/illust:Hashimoto Q)（SR）[OP11-004],,https://dopa-game.jp/one-piece/dp/10344962,,,,10344962,31579,DOPA(ワンピ)
EB01-012,キャベンディッシュ,SR,https://minnano-toreka.com/wp-content/uploads/2026/08/EB01-012_minnanotoreca-10344964.webp,キャベンディッシュ（SR）[EB01-012],,https://dopa-game.jp/one-piece/dp/10344964,,,,10344964,31580,DOPA(ワンピ)
OP05-100[OP05,エネル(パラレル/和柄/illust:S-KINOKO),SR,https://minnano-toreka.com/wp-content/uploads/2026/08/OP05-100-OP05_minnanotoreca-10344965.webp,エネル(パラレル/和柄/illust:S-KINOKO)（SR）[OP05-100[OP05],,https://dopa-game.jp/one-piece/dp/10344965,,,,10344965,31581,DOPA(ワンピ)
ST08-002,ウタ(illust:sowsow),SR,https://minnano-toreka.com/wp-content/uploads/2026/08/ST08-002_minnanotoreca-10344966.webp,ウタ(illust:sowsow)（SR）[ST08-002],,https://dopa-game.jp/one-piece/dp/10344966,,,,10344966,31582,DOPA(ワンピ)
OP03-041,ウソップ,SR,https://minnano-toreka.com/wp-content/uploads/2026/08/OP03-041_minnanotoreca-10344967.webp,ウソップ（SR）[OP03-041],,https://dopa-game.jp/one-piece/dp/10344967,,,,10344967,31583,DOPA(ワンピ)
OP04-089,バルトロメオ(フルアート/foil),R,https://minnano-toreka.com/wp-content/uploads/2026/08/OP04-089_minnanotoreca-10344968.webp,バルトロメオ(フルアート/foil)（R）[OP04-089],,https://dopa-game.jp/one-piece/dp/10344968,,,,10344968,31584,DOPA(ワンピ)
OP06-069,ヴィンスモーク・レイジュ,SR,https://minnano-toreka.com/wp-content/uploads/2026/08/OP06-069_minnanotoreca-10344969.webp,ヴィンスモーク・レイジュ（SR）[OP06-069],,https://dopa-game.jp/one-piece/dp/10344969,,,,10344969,31585,DOPA(ワンピ)
OP03-057,三・千・世・界(foil),R★,https://minnano-toreka.com/wp-content/uploads/2026/08/OP03-057_minnanotoreca-10344970.webp,三・千・世・界(foil)（R★）[OP03-057],,https://dopa-game.jp/one-piece/dp/10344970,,,,10344970,31586,DOPA(ワンピ)
P-001,モンキー・D・ルフィ(未開封/プロモーションカードセット1),P,https://minnano-toreka.com/wp-content/uploads/2026/08/P-001_minnanotoreca-10344971.webp,モンキー・D・ルフィ(未開封/プロモーションカードセット1)（P）[P-001],,https://dopa-game.jp/one-piece/dp/10344971,,,,10344971,31587,DOPA(ワンピ)
P-074,ポートガス・D・エース(フルアート/レリーフ仕様/illust:Bashikou),P,https://minnano-toreka.com/wp-content/uploads/2026/08/P-074_minnanotoreca-10344972.webp,ポートガス・D・エース(フルアート/レリーフ仕様/illust:Bashikou)（P）[P-074],,https://dopa-game.jp/one-piece/dp/10344972,,,,10344972,31588,DOPA(ワンピ)
P-075,モンキー・D・ルフィ(フルアート/レリーフ仕様/illust:otton),P,https://minnano-toreka.com/wp-content/uploads/2026/08/P-075_minnanotoreca-10344973.webp,モンキー・D・ルフィ(フルアート/レリーフ仕様/illust:otton)（P）[P-075],,https://dopa-game.jp/one-piece/dp/10344973,,,,10344973,31589,DOPA(ワンピ)
P,モンキー・D・ルフィ,L,https://minnano-toreka.com/wp-content/uploads/2026/08/P_minnanotoreca-10344974.webp,モンキー・D・ルフィ（L）[P],,https://dopa-game.jp/one-piece/dp/10344974,,,,10344974,31590,DOPA(ワンピ)
P-041,モンキー・D・ルフィ(illust:Koushi Rokushiro),P,https://minnano-toreka.com/wp-content/uploads/2026/08/P-041_minnanotoreca-10344976.webp,モンキー・D・ルフィ(illust:Koushi Rokushiro)（P）[P-041],,https://dopa-game.jp/one-piece/dp/10344976,,,,10344976,31591,DOPA(ワンピ)
-,ドン!!カード(中国版/2周年ロゴ),-,https://minnano-toreka.com/wp-content/uploads/2026/08/none_minnanotoreca-10345026.webp,ドン!!カード(中国版/2周年ロゴ)（-）[-],,https://dopa-game.jp/one-piece/dp/10345026,,,,10345026,31592,DOPA(ワンピ)
OP07-044,ジュラキュール・ミホーク(中国版/illust:Katsuo Tadano),C,https://minnano-toreka.com/wp-content/uploads/2026/08/OP07-044_minnanotoreca-10345027.webp,ジュラキュール・ミホーク(中国版/illust:Katsuo Tadano)（C）[OP07-044],,https://dopa-game.jp/one-piece/dp/10345027,,,,10345027,31593,DOPA(ワンピ)
ST03-005,ジュラキュール・ミホーク(フルアート/foil/illust:Hayaken-sarena),C,https://minnano-toreka.com/wp-content/uploads/2026/08/ST03-005_minnanotoreca-10345028.webp,ジュラキュール・ミホーク(フルアート/foil/illust:Hayaken-sarena)（C）[ST03-005],,https://dopa-game.jp/one-piece/dp/10345028,,,,10345028,31594,DOPA(ワンピ)
ST03-008,トラファルガー・ロー(CS/illust:Nijihayashi),C,https://minnano-toreka.com/wp-content/uploads/2026/08/ST03-008_minnanotoreca-10240290.webp,トラファルガー・ロー(CS/illust:Nijihayashi)（C）[ST03-008],,https://dopa-game.jp/one-piece/dp/10345029,,,,10345029,30810,DOPA(ワンピ)
OP02-108,ドンキホーテ・ロシナンテ(フルアート/foil),C,https://minnano-toreka.com/wp-content/uploads/2026/08/OP02-108_minnanotoreca-10345030.webp,ドンキホーテ・ロシナンテ(フルアート/foil)（C）[OP02-108],,https://dopa-game.jp/one-piece/dp/10345030,,,,10345030,31595,DOPA(ワンピ)
ST17-003,バギー(中国版illust:SHINRA AGENY Co.Ltd.),C,https://minnano-toreka.com/wp-content/uploads/2026/08/ST17-003_minnanotoreca-10345031.webp,バギー(中国版illust:SHINRA AGENY Co.Ltd.)（C）[ST17-003],,https://dopa-game.jp/one-piece/dp/10345031,,,,10345031,31596,DOPA(ワンピ)
OP05-011,バーソロミュー・くま(中国版/illust:SHINRA AGENY Co.Ltd.),C,https://minnano-toreka.com/wp-content/uploads/2026/08/OP05-011_minnanotoreca-10345032.webp,バーソロミュー・くま(中国版/illust:SHINRA AGENY Co.Ltd.)（C）[OP05-011],,https://dopa-game.jp/one-piece/dp/10345032,,,,10345032,31597,DOPA(ワンピ)
ST02-010,バジル・ホーキンス(illust:Hayaken-sarena),C,https://minnano-toreka.com/wp-content/uploads/2026/08/ST02-010_minnanotoreca-10345033.webp,バジル・ホーキンス(illust:Hayaken-sarena)（C）[ST02-010],,https://dopa-game.jp/one-piece/dp/10345033,,,,10345033,31598,DOPA(ワンピ)
OP01-016,(Asia)ナミ(illust-Ai Nina),R,https://minnano-toreka.com/wp-content/uploads/2026/08/OP01-016_minnanotoreca-10345239.webp,(Asia)ナミ(illust-Ai Nina)（R）[OP01-016],,https://dopa-game.jp/one-piece/dp/10345239,,,,10345239,31599,DOPA(ワンピ)
OP11-022,しらほし(パラレル/illust:Naruse Uroko),L,https://minnano-toreka.com/wp-content/uploads/2026/08/OP11-022_minnanotoreca-10345276.webp,しらほし(パラレル/illust:Naruse Uroko)（L）[OP11-022],,https://dopa-game.jp/one-piece/dp/10345276,,,,10345276,31600,DOPA(ワンピ)
ST17-005,マーシャル・Ｄ・ティーチ(中国版/illust:Anderson),C,https://minnano-toreka.com/wp-content/uploads/2026/08/ST17-005_minnanotoreca-10345279.webp,マーシャル・Ｄ・ティーチ(中国版/illust:Anderson)（C）[ST17-005],,https://dopa-game.jp/one-piece/dp/10345279,,,,10345279,31601,DOPA(ワンピ)
ST03-017,メロメロ甘風(illust:Sunohara),C,https://minnano-toreka.com/wp-content/uploads/2026/08/ST03-017_minnanotoreca-10345280.webp,メロメロ甘風(illust:Sunohara)（C）[ST03-017],,https://dopa-game.jp/one-piece/dp/10345280,,,,10345280,31602,DOPA(ワンピ)
OP02-086,ミノコアラ(フルアート/foil),UC,https://minnano-toreka.com/wp-content/uploads/2026/08/OP02-086_minnanotoreca-10345493.webp,ミノコアラ(フルアート/foil)（UC）[OP02-086],,https://dopa-game.jp/one-piece/dp/10345493,,,,10345493,31603,DOPA(ワンピ)
OP08-036,エレクトリカルルナ,R,https://minnano-toreka.com/wp-content/uploads/2026/08/OP08-036_minnanotoreca-10345494.webp,エレクトリカルルナ（R）[OP08-036],,https://dopa-game.jp/one-piece/dp/10345494,,,,10345494,31604,DOPA(ワンピ)
OP03-016,炎帝,R,https://minnano-toreka.com/wp-content/uploads/2026/08/OP03-016_minnanotoreca-10345495.webp,炎帝（R）[OP03-016],,https://dopa-game.jp/one-piece/dp/10345495,,,,10345495,31605,DOPA(ワンピ)
OP05-119,モンキー・D・ルフィ(パラレル/ペンキ背景/漫画絵),SEC,https://minnano-toreka.com/wp-content/uploads/2026/08/OP05-119_minnanotoreca-10345496.webp,モンキー・D・ルフィ(パラレル/ペンキ背景/漫画絵)（SEC）[OP05-119],,https://dopa-game.jp/one-piece/dp/10345496,,,,10345496,31606,DOPA(ワンピ)
OP11-118,モンキー・D・ルフィ(パラレル/illust:tatsuya),SEC,https://minnano-toreka.com/wp-content/uploads/2026/08/OP11-118_minnanotoreca-10345497.webp,モンキー・D・ルフィ(パラレル/illust:tatsuya)（SEC）[OP11-118],,https://dopa-game.jp/one-piece/dp/10345497,,,,10345497,31607,DOPA(ワンピ)
P-083,シャンクス(フルアート/foil),P,https://minnano-toreka.com/wp-content/uploads/2026/08/P-083_minnanotoreca-10345561.webp,シャンクス(フルアート/foil)（P）[P-083],,https://dopa-game.jp/one-piece/dp/10345561,,,,10345561,31608,DOPA(ワンピ)
OP02-015,マキノ(illust:Sunohara),UC,https://minnano-toreka.com/wp-content/uploads/2026/08/OP02-015_minnanotoreca-10345562.webp,マキノ(illust:Sunohara)（UC）[OP02-015],,https://dopa-game.jp/one-piece/dp/10345562,,,,10345562,31609,DOPA(ワンピ)
OP02-031,光月トキ(フルアート/foil),UC,https://minnano-toreka.com/wp-content/uploads/2026/08/OP02-031_minnanotoreca-10345563.webp,光月トキ(フルアート/foil)（UC）[OP02-031],,https://dopa-game.jp/one-piece/dp/10345563,,,,10345563,31610,DOPA(ワンピ)
OP01-006,お玉(フルアート/foil),UC,https://minnano-toreka.com/wp-content/uploads/2026/08/OP01-006_minnanotoreca-10345564.webp,お玉(フルアート/foil)（UC）[OP01-006],,https://dopa-game.jp/one-piece/dp/10345564,,,,10345564,31611,DOPA(ワンピ)
OP03-001,ポートガス・D・エース,L,https://minnano-toreka.com/wp-content/uploads/2026/08/OP03-001_minnanotoreca-10345866.webp,ポートガス・D・エース（L）[OP03-001],,https://dopa-game.jp/one-piece/dp/10345866,,,,10345866,31612,DOPA(ワンピ)
P-074,ポートガス・D・エース(未開封/illust:Koushi Rokushiro/SOUTHEAST ASIAN CHAMPION CHAMPIONSHIP2023),P,https://minnano-toreka.com/wp-content/uploads/2026/08/P-074_minnanotoreca-10344496-1.webp,ポートガス・D・エース(未開封/illust:Koushi Rokushiro/SOUTHEAST ASIAN CHAMPION CHAMPIONSHIP2023)（P）[P-074],,https://dopa-game.jp/one-piece/dp/10345867,,,,10345867,31613,DOPA(ワンピ)
-,ドン!!カード(金枠/クイーン),-,https://minnano-toreka.com/wp-content/uploads/2026/08/none_minnanotoreca-10345888.webp,ドン!!カード(金枠/クイーン)（-）[-],,https://dopa-game.jp/one-piece/dp/10345888,,,,10345888,31614,DOPA(ワンピ)
-,ドン!!カード(金枠/おでん),-,https://minnano-toreka.com/wp-content/uploads/2026/08/none_minnanotoreca-10345889.webp,ドン!!カード(金枠/おでん)（-）[-],,https://dopa-game.jp/one-piece/dp/10345889,,,,10345889,31615,DOPA(ワンピ)
OP01-025,ロロノア・ゾロ(中国版/illust:tatsuya),SR,https://minnano-toreka.com/wp-content/uploads/2026/08/OP01-025_minnanotoreca-10345890.webp,ロロノア・ゾロ(中国版/illust:tatsuya)（SR）[OP01-025],,https://dopa-game.jp/one-piece/dp/10345890,,,,10345890,31616,DOPA(ワンピ)
EB01-048,ラブーン,SR,https://minnano-toreka.com/wp-content/uploads/2026/08/EB01-048_minnanotoreca-10345895.webp,ラブーン（SR）[EB01-048],,https://dopa-game.jp/one-piece/dp/10345895,,,,10345895,31617,DOPA(ワンピ)
OP06-093,(Asia)ペローナ,SR,https://minnano-toreka.com/wp-content/uploads/2026/08/OP06-093_minnanotoreca-10344501-1.webp,(Asia)ペローナ（SR）[OP06-093],,https://dopa-game.jp/one-piece/dp/10345897,,,,10345897,31618,DOPA(ワンピ)
OP06-093,ペローナ,SR,https://minnano-toreka.com/wp-content/uploads/2026/08/OP06-093_minnanotoreca-10345898.webp,ペローナ（SR）[OP06-093],,https://dopa-game.jp/one-piece/dp/10345898,,,,10345898,31619,DOPA(ワンピ)
ST01-007,ナミ/英語版,TR,https://minnano-toreka.com/wp-content/uploads/2026/08/ST01-007_minnanotoreca-10345905.webp,ナミ/英語版（TR）[ST01-007],,https://dopa-game.jp/one-piece/dp/10345905,,,,10345905,31620,DOPA(ワンピ)
-,ドン!!カード(金枠/リンリン),-,https://minnano-toreka.com/wp-content/uploads/2026/08/none_minnanotoreca-10345907.webp,ドン!!カード(金枠/リンリン)（-）[-],,https://dopa-game.jp/one-piece/dp/10345907,,,,10345907,31621,DOPA(ワンピ)
OP03-001,ポートガス・D・エース(未開封/illust:Makitoshi),L,https://minnano-toreka.com/wp-content/uploads/2026/08/OP03-001_minnanotoreca-10345965.webp,ポートガス・D・エース(未開封/illust:Makitoshi)（L）[OP03-001],,https://dopa-game.jp/one-piece/dp/10345965,,,,10345965,31622,DOPA(ワンピ)
OP05-060,モンキー・D・ルフィ(未開封/illust:Hokuyuu),L,https://minnano-toreka.com/wp-content/uploads/2026/08/OP05-060_minnanotoreca-10345966.webp,モンキー・D・ルフィ(未開封/illust:Hokuyuu)（L）[OP05-060],,https://dopa-game.jp/one-piece/dp/10345966,,,,10345966,31623,DOPA(ワンピ)
OP05-098,エネル,L,https://minnano-toreka.com/wp-content/uploads/2026/08/OP05-098_minnanotoreca-10298817.webp,エネル（L）[OP05-098],,https://dopa-game.jp/one-piece/dp/10345967,,,,10345967,31117,DOPA(ワンピ)
OP02-001,エドワード・ニューゲート(パラレル/漫画絵),L,https://minnano-toreka.com/wp-content/uploads/2026/08/OP02-001_minnanotoreca-10345968.webp,エドワード・ニューゲート(パラレル/漫画絵)（L）[OP02-001],,https://dopa-game.jp/one-piece/dp/10345968,,,,10345968,31624,DOPA(ワンピ)
OP01-006,お玉 【英語版】(プロモーションカード「オフライン地域 2023 ファイナリストカード」）,C,https://minnano-toreka.com/wp-content/uploads/2026/08/OP01-006_minnanotoreca-10345969.webp,お玉 【英語版】(プロモーションカード「オフライン地域 2023 ファイナリストカード」）（C）[OP01-006],,https://dopa-game.jp/one-piece/dp/10345969,,,,10345969,31625,DOPA(ワンピ)
ST10-006,モンキー・D・ルフィ,SR,https://minnano-toreka.com/wp-content/uploads/2026/08/ST10-006_minnanotoreca-10346071.webp,モンキー・D・ルフィ（SR）[ST10-006],,https://dopa-game.jp/one-piece/dp/10346071,,,,10346071,31626,DOPA(ワンピ)
OP03-108,シャーロット・クラッカー,SR,https://minnano-toreka.com/wp-content/uploads/2026/08/OP03-108_minnanotoreca-10346072.webp,シャーロット・クラッカー（SR）[OP03-108],,https://dopa-game.jp/one-piece/dp/10346072,,,,10346072,31627,DOPA(ワンピ)
ST06-004,スモーカー,SR,https://minnano-toreka.com/wp-content/uploads/2026/08/ST06-004_minnanotoreca-10346073.webp,スモーカー（SR）[ST06-004],,https://dopa-game.jp/one-piece/dp/10346073,,,,10346073,31628,DOPA(ワンピ)
OP08-074,ブラックマリア,SR,https://minnano-toreka.com/wp-content/uploads/2026/08/OP08-074_minnanotoreca-10276115.webp,ブラックマリア（SR）[OP08-074],,https://dopa-game.jp/one-piece/dp/10346074,,,,10346074,30994,DOPA(ワンピ)
ST11-004,新時代,SR,https://minnano-toreka.com/wp-content/uploads/2026/08/ST11-004_minnanotoreca-10346075.webp,新時代（SR）[ST11-004],,https://dopa-game.jp/one-piece/dp/10346075,,,,10346075,31629,DOPA(ワンピ)
OP09-093,マーシャル・D・ティーチ(パラレル/銀背景),SR,https://minnano-toreka.com/wp-content/uploads/2026/08/OP09-093_minnanotoreca-10346286.webp,マーシャル・D・ティーチ(パラレル/銀背景)（SR）[OP09-093],,https://dopa-game.jp/one-piece/dp/10346286,,,,10346286,31630,DOPA(ワンピ)
P-038,トラファルガー・ロー,P,https://minnano-toreka.com/wp-content/uploads/2026/08/P-038_minnanotoreca-10346364.webp,トラファルガー・ロー（P）[P-038],,https://dopa-game.jp/one-piece/dp/10346364,,,,10346364,31631,DOPA(ワンピ)
ST01-006,トニートニー・チョッパー(中国版/illust:TAPIOCA),C,https://minnano-toreka.com/wp-content/uploads/2026/08/ST01-006_minnanotoreca-10346491.webp,トニートニー・チョッパー(中国版/illust:TAPIOCA)（C）[ST01-006],,https://dopa-game.jp/one-piece/dp/10346491,,,,10346491,31632,DOPA(ワンピ)
OP07-021,ウルージ(パラレル/SP/illust:Bashikou),R,https://minnano-toreka.com/wp-content/uploads/2026/08/OP07-021_minnanotoreca-10346492.webp,ウルージ(パラレル/SP/illust:Bashikou)（R）[OP07-021],,https://dopa-game.jp/one-piece/dp/10346492,,,,10346492,31633,DOPA(ワンピ)
OP02-013,ポートガス・D・エース(コンパス背景/漫画絵),SR,https://minnano-toreka.com/wp-content/uploads/2026/08/OP02-013_minnanotoreca-10304592.webp,ポートガス・D・エース(コンパス背景/漫画絵)（SR）[OP02-013],,https://dopa-game.jp/one-piece/dp/10346493,,,,10346493,31138,DOPA(ワンピ)
OP03-056,サンジのピラフ,UC,https://minnano-toreka.com/wp-content/uploads/2026/08/OP03-056_minnanotoreca-10346494.webp,サンジのピラフ（UC）[OP03-056],,https://dopa-game.jp/one-piece/dp/10346494,,,,10346494,31634,DOPA(ワンピ)
-,ドン!!カード(いつかまた会えたら!!!もう一度仲間と呼んでくれますか!!!?),-,https://minnano-toreka.com/wp-content/uploads/2026/08/none_minnanotoreca-10346495.webp,ドン!!カード(いつかまた会えたら!!!もう一度仲間と呼んでくれますか!!!?)（-）[-],,https://dopa-game.jp/one-piece/dp/10346495,,,,10346495,31635,DOPA(ワンピ)
OP02-093,スモーカー(パラレル/漫画絵),L,https://minnano-toreka.com/wp-content/uploads/2026/08/OP02-093_minnanotoreca-10346506.webp,スモーカー(パラレル/漫画絵)（L）[OP02-093],,https://dopa-game.jp/one-piece/dp/10346506,,,,10346506,31636,DOPA(ワンピ)
ST13-001,サボ(パラレル/白黒版),L,https://minnano-toreka.com/wp-content/uploads/2026/08/ST13-001_minnanotoreca-10240419.webp,サボ(パラレル/白黒版)（L）[ST13-001],,https://dopa-game.jp/one-piece/dp/10346507,,,,10346507,30821,DOPA(ワンピ)
{EB01-012},(未開封)キャベンディッシュ,SR,https://minnano-toreka.com/wp-content/uploads/2026/08/EB01-012_minnanotoreca-10276080.webp,(未開封)キャベンディッシュ（SR）[{EB01-012}],,https://dopa-game.jp/one-piece/dp/10347387,,,,10347387,30978,DOPA(ワンピ)
(EB03-031),ヴィンスモーク・レイジュ,SR,https://minnano-toreka.com/wp-content/uploads/2026/08/EB03-031_minnanotoreca-10347388.webp,ヴィンスモーク・レイジュ（SR）[(EB03-031)],,https://dopa-game.jp/one-piece/dp/10347388,,,,10347388,31637,DOPA(ワンピ)
(OP08-106),ナミ(illust.SHIE NANAHARA),SR,https://minnano-toreka.com/wp-content/uploads/2026/08/OP08-106_minnanotoreca-10347389.webp,ナミ(illust.SHIE NANAHARA)（SR）[(OP08-106)],,https://dopa-game.jp/one-piece/dp/10347389,,,,10347389,31638,DOPA(ワンピ)
(OP14-112),ボア・ハンコック,SR★,https://minnano-toreka.com/wp-content/uploads/2026/08/OP14-112_minnanotoreca-10347390.webp,ボア・ハンコック（SR★）[(OP14-112)],,https://dopa-game.jp/one-piece/dp/10347390,,,,10347390,31639,DOPA(ワンピ)
-,ドン!!カード(金枠/Heroines Special Set),-,https://minnano-toreka.com/wp-content/uploads/2026/08/none_minnanotoreca-10347391.webp,ドン!!カード(金枠/Heroines Special Set)（-）[-],,https://dopa-game.jp/one-piece/dp/10347391,,,,10347391,31640,DOPA(ワンピ)
-,ドン!!カード(金枠/全身王冠/ナミ),-,https://minnano-toreka.com/wp-content/uploads/2026/08/none_minnanotoreca-10347392.webp,ドン!!カード(金枠/全身王冠/ナミ)（-）[-],,https://dopa-game.jp/one-piece/dp/10347392,,,,10347392,31641,DOPA(ワンピ)
{OP09-001},シャンクス(未開封/日本語版/English 2nd ANNIVERSARY SET),L,https://minnano-toreka.com/wp-content/uploads/2026/08/OP09-001_minnanotoreca-10347393.webp,シャンクス(未開封/日本語版/English 2nd ANNIVERSARY SET)（L）[{OP09-001}],,https://dopa-game.jp/one-piece/dp/10347393,,,,10347393,31642,DOPA(ワンピ)
{P-080},モンキー・D・ルフィ(未開封/MOSBURGER/illust:otton),P,https://minnano-toreka.com/wp-content/uploads/2026/08/P-080_minnanotoreca-10347394.webp,モンキー・D・ルフィ(未開封/MOSBURGER/illust:otton)（P）[{P-080}],,https://dopa-game.jp/one-piece/dp/10347394,,,,10347394,31643,DOPA(ワンピ)
{OP14-041},ボア・ハンコック(パラレル/illust:nuisuke),L,https://minnano-toreka.com/wp-content/uploads/2026/08/OP14-041_minnanotoreca-10347395.webp,ボア・ハンコック(パラレル/illust:nuisuke)（L）[{OP14-041}],,https://dopa-game.jp/one-piece/dp/10347395,,,,10347395,31644,DOPA(ワンピ)
{OP13-091},マーカス・マーズ聖(パラレル/赤文字/illust:Gege Akutami),R,https://minnano-toreka.com/wp-content/uploads/2026/08/OP13-091_minnanotoreca-10347396.webp,マーカス・マーズ聖(パラレル/赤文字/illust:Gege Akutami)（R）[{OP13-091}],,https://dopa-game.jp/one-piece/dp/10347396,,,,10347396,31645,DOPA(ワンピ)
{OP13-089},トップマン・ウォーキュリー聖(パラレル/赤文字/illust:Gege Akutami),R,https://minnano-toreka.com/wp-content/uploads/2026/08/OP13-089_minnanotoreca-10347397.webp,トップマン・ウォーキュリー聖(パラレル/赤文字/illust:Gege Akutami)（R）[{OP13-089}],,https://dopa-game.jp/one-piece/dp/10347397,,,,10347397,31646,DOPA(ワンピ)
{OP13-084},シェパード・十・ピーター聖(パラレル/赤文字/illust:Gege Akutami),R,https://minnano-toreka.com/wp-content/uploads/2026/08/OP13-084_minnanotoreca-10347398.webp,シェパード・十・ピーター聖(パラレル/赤文字/illust:Gege Akutami)（R）[{OP13-084}],,https://dopa-game.jp/one-piece/dp/10347398,,,,10347398,31647,DOPA(ワンピ)
OP10-065,シュガー(パラレル/SP/和柄/illust:Denim2),R,https://minnano-toreka.com/wp-content/uploads/2026/08/OP10-065_minnanotoreca-10347400.webp,シュガー(パラレル/SP/和柄/illust:Denim2)（R）[OP10-065],,https://dopa-game.jp/one-piece/dp/10347400,,,,10347400,31648,DOPA(ワンピ)
OP01-016,ナミ(パラレル/illust:Sunohara/青背景/ウィンク),R,https://minnano-toreka.com/wp-content/uploads/2026/08/OP01-016_minnanotoreca-10347401.webp,ナミ(パラレル/illust:Sunohara/青背景/ウィンク)（R）[OP01-016],,https://dopa-game.jp/one-piece/dp/10347401,,,,10347401,31649,DOPA(ワンピ)
EB03-042,コアラ(パラレル/SP/タロット柄),SP,https://minnano-toreka.com/wp-content/uploads/2026/08/EB03-042_minnanotoreca-10347402.webp,コアラ(パラレル/SP/タロット柄)（SP）[EB03-042],,https://dopa-game.jp/one-piece/dp/10347402,,,,10347402,31650,DOPA(ワンピ)
EB03-061,ウタ(パラレル/漫画背景/漫画絵),SEC,https://minnano-toreka.com/wp-content/uploads/2026/08/EB03-061_minnanotoreca-10347403.webp,ウタ(パラレル/漫画背景/漫画絵)（SEC）[EB03-061],,https://dopa-game.jp/one-piece/dp/10347403,,,,10347403,31651,DOPA(ワンピ)
OP14-112,ボア・ハンコック(パラレル/SP/和柄/illust:otton),SP,https://minnano-toreka.com/wp-content/uploads/2026/08/OP14-112_minnanotoreca-10347404.webp,ボア・ハンコック(パラレル/SP/和柄/illust:otton)（SP）[OP14-112],,https://dopa-game.jp/one-piece/dp/10347404,,,,10347404,31652,DOPA(ワンピ)
OP13-083,ジェイガルシア・サターン聖(パラレル/赤文字/illust:Gege Akutami),R,https://minnano-toreka.com/wp-content/uploads/2026/08/OP13-083_minnanotoreca-10347405.webp,ジェイガルシア・サターン聖(パラレル/赤文字/illust:Gege Akutami)（R）[OP13-083],,https://dopa-game.jp/one-piece/dp/10347405,,,,10347405,31653,DOPA(ワンピ)
OP11-106,ゼウス(illust:kusunoki harui),R,https://minnano-toreka.com/wp-content/uploads/2026/08/OP11-106_minnanotoreca-10347406.webp,ゼウス(illust:kusunoki harui)（R）[OP11-106],,https://dopa-game.jp/one-piece/dp/10347406,,,,10347406,31654,DOPA(ワンピ)
OP09-061,モンキー・D・ルフィ(illust:otton),L,https://minnano-toreka.com/wp-content/uploads/2026/08/OP09-061_minnanotoreca-10347407.webp,モンキー・D・ルフィ(illust:otton)（L）[OP09-061],,https://dopa-game.jp/one-piece/dp/10347407,,,,10347407,31655,DOPA(ワンピ)
OP09-078,ゴムゴムの巨人(パラレル/漫画絵),R,https://minnano-toreka.com/wp-content/uploads/2026/08/OP09-078_minnanotoreca-10347411.webp,ゴムゴムの巨人(パラレル/漫画絵)（R）[OP09-078],,https://dopa-game.jp/one-piece/dp/10347411,,,,10347411,31656,DOPA(ワンピ)
{OP06-093},ペローナ(illust:nuisuke),-,https://minnano-toreka.com/wp-content/uploads/2026/08/OP06-093_minnanotoreca-10296375.webp,ペローナ(illust:nuisuke)（-）[{OP06-093}],,https://dopa-game.jp/one-piece/dp/10347571,,,,10347571,31089,DOPA(ワンピ)
-,ドン!!カード(金枠/ホーディ),-,https://minnano-toreka.com/wp-content/uploads/2026/08/none_minnanotoreca-10316852.webp,ドン!!カード(金枠/ホーディ)（-）[-],,https://dopa-game.jp/one-piece/dp/10347572,,,,10347572,31278,DOPA(ワンピ)
-,ドン!!カード(金枠/エース),-,https://minnano-toreka.com/wp-content/uploads/2026/08/none_minnanotoreca-10347573.webp,ドン!!カード(金枠/エース)（-）[-],,https://dopa-game.jp/one-piece/dp/10347573,,,,10347573,31657,DOPA(ワンピ)
P-031,(PSA10)ウタ,P,https://minnano-toreka.com/wp-content/uploads/2026/08/P-031_minnanotoreca-10347611.webp,(PSA10)ウタ（P）[P-031],,https://dopa-game.jp/one-piece/dp/10347611,,,,10347611,31658,DOPA(ワンピ)
OP01-016,(PSA10)ナミ(英語版/illust:Ono Tako),R,https://minnano-toreka.com/wp-content/uploads/2026/08/OP01-016_minnanotoreca-10322412.webp,(PSA10)ナミ(英語版/illust:Ono Tako)（R）[OP01-016],,https://dopa-game.jp/one-piece/dp/10347703,,,,10347703,31406,DOPA(ワンピ)
OP01-017,(PSA10)ニコ・ロビン(英語版/illust:Ono Tako),R,https://minnano-toreka.com/wp-content/uploads/2026/08/OP01-017_minnanotoreca-10347704.webp,(PSA10)ニコ・ロビン(英語版/illust:Ono Tako)（R）[OP01-017],,https://dopa-game.jp/one-piece/dp/10347704,,,,10347704,31659,DOPA(ワンピ)
OP01-017,(PSA10)ニコ・ロビン(白枠),R,https://minnano-toreka.com/wp-content/uploads/2026/08/OP01-017_minnanotoreca-10347705.webp,(PSA10)ニコ・ロビン(白枠)（R）[OP01-017],,https://dopa-game.jp/one-piece/dp/10347705,,,,10347705,31660,DOPA(ワンピ)
ST01-008,(PSA10)ニコ・ロビン(漫画背景),C,https://minnano-toreka.com/wp-content/uploads/2026/08/ST01-008_minnanotoreca-10347706.webp,(PSA10)ニコ・ロビン(漫画背景)（C）[ST01-008],,https://dopa-game.jp/one-piece/dp/10347706,,,,10347706,31661,DOPA(ワンピ)
OP04-118,(PSA10)ネフェルタリ・ビビ,SEC,https://minnano-toreka.com/wp-content/uploads/2026/08/OP04-118_minnanotoreca-10347707.webp,(PSA10)ネフェルタリ・ビビ（SEC）[OP04-118],,https://dopa-game.jp/one-piece/dp/10347707,,,,10347707,31662,DOPA(ワンピ)
{OP06-069},(PSA10/Asia)ヴィンスモーク・レイジュ,SR,https://minnano-toreka.com/wp-content/uploads/2026/08/OP06-069_minnanotoreca-10347809.webp,(PSA10/Asia)ヴィンスモーク・レイジュ（SR）[{OP06-069}],,https://dopa-game.jp/one-piece/dp/10347809,,,,10347809,31663,DOPA(ワンピ)
{OP01-004},(PSA10/英語版)ウソップ,R,https://minnano-toreka.com/wp-content/uploads/2026/08/OP01-004_minnanotoreca-10322411.webp,(PSA10/英語版)ウソップ（R）[{OP01-004}],,https://dopa-game.jp/one-piece/dp/10347810,,,,10347810,31405,DOPA(ワンピ)
{OP03-044},(PSA10)カヤ(フルアート/foil),R,https://minnano-toreka.com/wp-content/uploads/2026/08/OP03-044_minnanotoreca-10347812.webp,(PSA10)カヤ(フルアート/foil)（R）[{OP03-044}],,https://dopa-game.jp/one-piece/dp/10347812,,,,10347812,31664,DOPA(ワンピ)
{EB01-031},(PSA10)カリファ(パラレル),R★,https://minnano-toreka.com/wp-content/uploads/2026/08/EB01-031_minnanotoreca-10241761.webp,(PSA10)カリファ(パラレル)（R★）[{EB01-031}],,https://dopa-game.jp/one-piece/dp/10347813,,,,10347813,30871,DOPA(ワンピ)
{ST04-005},(PSA10)クイーン,C,https://minnano-toreka.com/wp-content/uploads/2026/08/ST04-005_minnanotoreca-10239794.webp,(PSA10)クイーン（C）[{ST04-005}],,https://dopa-game.jp/one-piece/dp/10347814,,,,10347814,30692,DOPA(ワンピ)
{OP05-006},(PSA10)コアラ(パラレル),SR★,https://minnano-toreka.com/wp-content/uploads/2026/08/OP05-006_minnanotoreca-10326176.webp,(PSA10)コアラ(パラレル)（SR★）[{OP05-006}],,https://dopa-game.jp/one-piece/dp/10347815,,,,10347815,31452,DOPA(ワンピ)
{OP05-041},(PSA10)サカズキ(パラレル/漫画絵),L★,https://minnano-toreka.com/wp-content/uploads/2026/08/OP05-041_minnanotoreca-10239980.webp,(PSA10)サカズキ(パラレル/漫画絵)（L★）[{OP05-041}],,https://dopa-game.jp/one-piece/dp/10347816,,,,10347816,30726,DOPA(ワンピ)
OP01-121,ヤマト,SEC,https://minnano-toreka.com/wp-content/uploads/2026/08/OP01-121_minnanotoreca-10348080.webp,ヤマト（SEC）[OP01-121],,https://dopa-game.jp/one-piece/dp/10348080,,,,10348080,31665,DOPA(ワンピ)
{OP01-120},シャンクス(illust:Makitoshi),SEC,https://minnano-toreka.com/wp-content/uploads/2026/08/OP01-120_minnanotoreca-10348081.webp,シャンクス(illust:Makitoshi)（SEC）[{OP01-120}],,https://dopa-game.jp/one-piece/dp/10348081,,,,10348081,31666,DOPA(ワンピ)
