kata,name,rarity,item_type,sale,ask,updated,aid
001/002,ピカチュウ☆,,single,13200000,,2026-09-19,91754
001/004,ブースターVMAX,,single,9000,9300,2026-09-19,100086
001/004,モクロー,,single,7980,19800,2026-09-19,386614
001/005,ピカチュウオンザボール,プロモ,single,,130000,2026-09-19,746154
001/006,はくばバドレックスV,,single,9999,,2026-09-19,293063
001/009,氷空のシェイミ,,single,23980,21000,2026-09-19,450654
001/009,ポケパークのセレビィ,,single,,209999,2026-09-19,433866
001/010,ピカチュウ,,single,38000,38000,2026-09-19,107355
001/011,ピカチュウ,,single,118000,117000,2026-09-19,562742
001/014,ナエトル,,single,,80000,2026-09-19,451058
001/015,ピカチュウ,プロモ,single,630000,1110000,2026-09-19,452789
001/015,ピカチュウ :1ED,,single,460000,550000,2026-09-19,433401
001/015,ピカチュウV ビニールなし,,single,144000,144000,2026-09-19,91155
001/015,ピカチュウV ビニール未開封,,single,,500000,2026-09-19,95803
001/016,ミュウツー,,single,800000,585000,2026-09-19,410110
001/016,リザードンG :1ED,,single,258000,320000,2026-09-19,450321
001/016,リザードンG ギンガ,,single,108000,,2026-09-19,93203
001/016,フシギバナ,,single,99900,498000,2026-09-19,93197
001/016,コダック,,single,44000,,2026-09-19,381290
001/018,フシギダネ,,single,300000,194800,2026-09-19,110815
001/018,ヒトカゲ,,single,130000,,2026-09-19,110592
001/018,リオンのアリアドス,,single,28399,29999,2026-09-19,110737
001/019,ゲンガーV,,single,9500,9400,2026-09-19,292564
001/020,コダック,,single,199900,,2026-09-19,446591
001/020,ミュウツーex,,single,7750,9480,2026-09-19,136229
001/020,カメックスV,,single,7500,7490,2026-09-19,377911
001/020,ヒトデマン :ミラー,,single,3799,,2026-09-19,288977
001/021,ビクティニ,,single,75000,,2026-09-19,408886
001/021,ミュウツー,,single,49900,,2026-09-19,391800
001/021,リザードンV,,single,19999,8000,2026-09-19,378940
001/021,リザードンEX,,single,18800,17000,2026-09-19,380869
001/021,ピカチュウex,,single,6850,7280,2026-09-19,856875
001/021,リザードンV,,single,6500,7777,2026-09-19,377870
001/021,フシギバナV,,single,4800,,2026-09-19,377931
001/022,チコリータM,,single,36500,58000,2026-09-19,683721
001/024,ピカチュウ: ミラー,,single,39999,29999,2026-09-19,102309
001/024,ピカチュウ,,single,24800,16900,2026-09-19,377598
001/024,ピカチュウV,,single,13900,13200,2026-09-19,100081
001/024,フシギダネ,C,single,8999,6000,2026-09-19,396620
001/025,リザードン,プロモ,single,84000,84000,2026-09-19,91156
001/026,シキジカ,,single,,49000,2026-09-19,381367
001/026,モクロー,,single,,39800,2026-09-19,390710
001/028,ピカチュウ: ミラー,,single,12000,12200,2026-09-19,141411
001/028,ピカチュウ,,single,6300,6300,2026-09-19,141410
001/029,フシギダネ :1ED,,single,150000,,2026-09-19,429131
001/030,ピカチュウex,,single,73999,72500,2026-09-19,131236
001/030,リザードンV,,single,7777,7999,2026-09-19,325078
001/031,エーフィ&デオキシスGX,,single,10000,9750,2026-09-19,392832
001/032,チコリータ C :1ED,,single,33333,30000,2026-09-19,385654
001/032,ヒトカゲ,,single,9400,8800,2026-09-19,147471
001/032,ゼニガメ,,single,6999,6999,2026-09-19,147472
001/032,フシギダネ,,single,5800,5700,2026-09-19,147470
001/033,エンテイex,,single,,250000,2026-09-19,431654
001/034,マグマ団のドンメル C :1ED,,single,,100000,2026-09-19,381927
001/036,セレビィ :1ED,,single,36000,36666,2026-09-19,385691
001/038,ブースターGX,,single,9500,10000,2026-09-19,392710
001/038,かがやくリザードン,,single,6999,7500,2026-09-19,132435
001/044,かがやくリザードン,,single,8500,8200,2026-09-19,320158
001/049,リザードンEX,,single,31500,28000,2026-09-19,381053
001/051,ビードル C :1ED,,single,4980,,2026-09-19,404128
001/053,ヒトカゲ,C,single,,30000,2026-09-19,391674
001/054,モクロー&アローラナッシーGX,RR,single,11111,11999,2026-09-19,393124
001/054,フェローチェ&マッシブーンGX,RR,single,7000,6799,2026-09-19,393243
001/060,フシギバナEX RR :1ED,,single,12000,14800,2026-09-19,379665
001/062,ユキメノコex,RR,single,4500,,2026-09-19,136212
001/064,フシギバナ&ツタージャGX,RR,single,9600,9590,2026-09-19,290868
001/066,セレビィ,,single,9000,10000,2026-09-19,214542
001/067,スイクンV,RR,single,,10000,2026-09-19,141456
001/068,カビゴンδ-デルタ種 ★ :1ED,,single,850000,978000,2026-09-19,109278
001/069,フシギダネ C :1ED,,single,,48000,2026-09-19,404872
001/070,キャタピー ● :1ED,,single,,35800,2026-09-19,556836
001/071,フシギダネ,C,single,,8888,2026-09-19,137053
001/072,フシギバナEX,,single,14000,11200,2026-09-19,381429
001/086,ツタージャ C :マスターボールミラー,,single,7500,7400,2026-09-19,609597
001/086,ビードル ● :1ED,,single,,98000,2026-09-19,437213
001/086,クルミル C :マスターボールミラー,,single,,6200,2026-09-19,609749
001/087,ナゾノクサ ● :1ED,,single,43000,,2026-09-19,429861
001/087,フシギバナEX RR :1ED,,single,30000,,2026-09-19,106331
001/088,ズバット ● :1ED,,single,,120000,2026-09-19,430064
001/095,セレビィ&フシギバナGX,RR,single,11500,12499,2026-09-19,257910
001/128,ドガース ● :1ED,,single,7600,27500,2026-09-19,431032
001/131,スピアーEX,,single,,30000,2026-09-19,391023
001/141,ハヤトのピジョット ● :1ED,,single,34500,30000,2026-09-19,427850
001/165,フシギダネ C: マスターボールミラー,,single,12800,14000,2026-09-19,128127
001/165,フシギダネ C: モンスターボールミラー,,single,,18500,2026-09-19,127765
001/173,フェローチェ&マッシブーンGX,RR,single,9500,9888,2026-09-19,395985
001/187,スボミー :マスターボールミラー,,single,6500,8000,2026-09-19,471565
001/30TH-P,フシギダネ,プロモ,single,,5000,2026-09-19,775834
001/ADV-P,カイオーガex,P,single,335000,,2026-09-19,452588
001/E-P,カクレオン,P,single,30000,88000,2026-09-19,452538
001/M-P,チコリータ,P,single,,15000,2026-09-19,659339
001/PCG-P,カメックス,P,single,55000,1475000,2026-09-19,452649
001/PLAY,レジアイスex,プロモ,single,110000,159999,2026-09-19,91815
001/PPP,ナエトル,プロモ,single,145000,88888,2026-09-19,453188
001/S-P,ピカチュウ セブンイレブン,プロモ,single,185000,152000,2026-09-19,93381
001/SM-P,カビゴンGX,P,single,11500,11000,2026-09-19,403322
001/SV-P,ピカチュウ,プロモ,single,10900,10899,2026-09-19,104784
001/XY-P,ピカチュウ,プロモ,single,328000,262000,2026-09-19,91428
002/002,ミュウツー☆,,single,5000000,,2026-09-19,91755
002/004,シャワーズVMAX,,single,9200,8800,2026-09-19,100087
002/004,ニャビー,,single,8000,6800,2026-09-19,386615
002/005,イーブイオンザボール,プロモ,single,75000,75000,2026-09-19,746156
002/006,こくばバドレックスV,,single,,11500,2026-09-19,293064
002/009,ポケパークのアチャモ,,single,700000,944444,2026-09-19,433867
002/009,ホウオウ,,single,176000,,2026-09-19,433876
002/009,ポッチャマ,,single,45800,44000,2026-09-19,450655
002/010,ライチュウ,,single,22000,24500,2026-09-19,390158
002/010,オンバーンBREAK,,single,,17777,2026-09-19,390167
002/011,ライチュウ,,single,110000,99800,2026-09-19,562744
002/011,ライチュウ,,single,80000,55000,2026-09-19,562743
002/012,メガヤンマ,,single,,36000,2026-09-19,450898
002/013,ポッチャマ :1ED,,single,,149999,2026-09-19,450815
002/013,ゲッコウガV-UNION (右上),,single,,7500,2026-09-19,516410
002/015,モンスターボール,,single,12999,12999,2026-09-19,95724
002/015,メタモン :1ED,,single,,578000,2026-09-19,434454
002/016,リザードンG ギンガ LV.X: 再販,,single,1200000,999000,2026-09-19,93202
002/016,リザードンG ギンガ LV.X: 1ED,,single,1200000,490000,2026-09-19,93201
002/016,ギラティナ,,single,740000,800000,2026-09-19,410094
002/016,ロズレイドC :1ED,,single,,39500,2026-09-19,450291
002/018,ナゾノクサ,,single,55000,,2026-09-19,110825
002/018,タケシのクロバット,,single,17500,20000,2026-09-19,110739
002/018,ブースター四(してんのう) :1ED,,single,,59800,2026-09-19,450119
002/019,裂空のデオキシス,,single,70000,,2026-09-19,435206
002/019,ゲンガーVMAX,,single,12000,11999,2026-09-19,292565
002/020,ロータのミュウ,,single,298000,420000,2026-09-19,435186
002/020,コイキング :1ED,,single,20000,,2026-09-19,446592
002/020,カメックスVMAX,,single,7000,6499,2026-09-19,377912
002/020,わるいアリアドス,,single,,39800,2026-09-19,446507
002/021,MリザードンEX,,single,55000,49500,2026-09-19,108484
002/021,リザードンVMAX:SC2,,single,19999,17400,2026-09-19,100088
002/021,リザードンVMAX,,single,12999,13000,2026-09-19,102287
002/021,フシギバナVMAX,,single,7199,7200,2026-09-19,377932
002/022,ヘラクロスM,,single,10000,,2026-09-19,683722
002/024,エモンガ,,single,6500,,2026-09-19,326262
002/024,フシギダネ,C,single,,8000,2026-09-19,396621
002/025,フシギバナ,プロモ,single,14399,13800,2026-09-19,91157
002/027,レシラム R :1ED,,single,75000,59500,2026-09-19,107394
002/028,ミュウ: ミラー,,single,7800,7777,2026-09-19,141413
002/028,ミュウ,,single,6280,6200,2026-09-19,141412
002/029,フシギダネ :1ED,,single,188000,,2026-09-19,429132
002/030,リザードンVSTAR,,single,8600,8700,2026-09-19,325079
002/031,ジラーチGX,,single,12000,11880,2026-09-19,392833
002/032,キノココ C :1ED,,single,11500,11900,2026-09-19,385655
002/032,リザード,,single,6400,5900,2026-09-19,147474
002/032,カメール,,single,5700,5400,2026-09-19,147475
002/032,フシギソウ,,single,5500,5250,2026-09-19,147473
002/036,セレビィ :1ED,,single,80000,83000,2026-09-19,106669
002/048,ホウオウEX,,single,9999,8800,2026-09-19,635045
002/052,フシギダネ,,single,68000,,2026-09-19,434660
002/060,MフシギバナEX RR :1ED,,single,21200,20900,2026-09-19,379667
002/060,MフシギバナEX,RR,single,,18900,2026-09-19,379668
002/066,ニャオハex,,single,,7200,2026-09-19,214543
002/069,リーフィアV,RR,single,9200,9999,2026-09-19,112519
002/070,バタフリーVMAX,RRR,single,6999,6999,2026-09-19,145254
002/070,コクーン ◆ :ミラー :1ED,,single,,59800,2026-09-19,556725
002/072,MフシギバナEX,,single,29800,25000,2026-09-19,381430
002/086,ジャノビー C :マスターボールミラー,,single,6999,8461,2026-09-19,609599
002/086,クルマユ C :マスターボールミラー,,single,,4500,2026-09-19,609751
002/087,MフシギバナEX RR :1ED,,single,22800,25000,2026-09-19,106319
002/128,ハネッコ ● :1ED,,single,24800,,2026-09-19,431033
002/131,MスピアーEX,,single,12000,,2026-09-19,391024
002/141,ハヤトのオニドリル ● :1ED,,single,,31000,2026-09-19,427851
002/165,フシギソウ U: マスターボールミラー,,single,10400,9950,2026-09-19,128128
002/187,リーフィア :モンスターボールミラー,,single,9999,8599,2026-09-19,466272
002/187,リーフィア :マスターボールミラー,,single,9500,8500,2026-09-19,471566
002/30TH-P,ヒトカゲ,プロモ,single,16000,16000,2026-09-19,775835
002/ADV-P,グラードンex,P,single,370000,445000,2026-09-19,452589
002/DPT-P,マナフィ,プロモ,single,15000,95000,2026-09-19,453400
002/M-P,ラプラスex,P,single,5500,,2026-09-19,659340
002/PCG-P,リザードン,P,single,,1720000,2026-09-19,452650
002/PLAY,レジロックex,プロモ,single,220000,200000,2026-09-19,91816
002/PPP,ヒコザル,プロモ,single,,88888,2026-09-19,453189
002/S-P,シブヤのピカチュウ,プロモ,single,120000,125000,2026-09-19,91127
002/SM-P,トゲデマル,P,single,6400,20000,2026-09-19,403323
002/SV-P,ワナイダー,プロモ,single,4999,,2026-09-19,110929
002/XY-P,ライチュウ プロモ :参加賞,プロモ,single,139000,240000,2026-09-19,91444
003/004,サンダースVMAX,,single,12740,10979,2026-09-19,100084
003/004,モルペコVMAX,,single,9800,15500,2026-09-19,378895
003/004,アシマリ,,single,7500,5000,2026-09-19,386616
003/009,ポケパークのミズゴロウ,,single,500000,650000,2026-09-19,433868
003/009,スイクン,,single,254000,500000,2026-09-19,433877
003/009,ピカチュウ,,single,131999,130000,2026-09-19,450656
003/010,カメックス,,single,80000,,2026-09-19,562734
003/010,ライチュウBREAK,,single,41800,42000,2026-09-19,390159
003/012,レックウザex :1ED,,single,1200000,1100000,2026-09-19,434581
003/012,レックウザex,,single,600000,,2026-09-19,434582
003/012,シェイミLV.X,,single,77000,74999,2026-09-19,450899
003/013,ヒコザル,,single,128000,,2026-09-19,451047
003/013,ドダイトス :1ED,,single,49800,,2026-09-19,450765
003/013,ゲッコウガV-UNION (左下),,single,,7500,2026-09-19,516411
003/015,メタモン,,single,1650000,,2026-09-19,434477
003/015,ミュウex,,single,1188888,1800000,2026-09-19,91756
003/015,メタモン :1ED,,single,840000,1180000,2026-09-19,434476
003/015,シャワーズex :1ED,,single,298000,280000,2026-09-19,434456
003/015,ピカチュウ,,single,64000,6920,2026-09-19,331667
003/016,オーダイルex,,single,180000,,2026-09-19,442251
003/016,ゴルダックBREAK,,single,69800,,2026-09-19,381292
003/016,メガニウムex :1ED,,single,,578000,2026-09-19,442501
003/018,チコリータ,,single,165000,180000,2026-09-19,92014
003/018,カスミのニョロトノ,,single,72500,,2026-09-19,110726
003/019,カイオーガ,,single,280000,,2026-09-19,110053
003/019,クロバットV,,single,9900,119999,2026-09-19,292566
003/019,レジロックEX,,single,7600,9000,2026-09-19,381350
003/019,天空のレックウザ,,single,,300000,2026-09-19,435207
003/019,ファウンスのトロピウス,,single,,130000,2026-09-19,431223
003/020,ハクリュー :1ED,,single,30000,,2026-09-19,405801
003/020,ジャローダ U :1ED,,single,15000,16000,2026-09-19,408263
003/021,メガゲンガーex,,single,4398,4500,2026-09-19,674418
003/021,ビクティニ,,single,,42000,2026-09-19,378941
003/022,エンブオーEX,,single,15000,,2026-09-19,381027
003/022,アゲハントM,,single,,250000,2026-09-19,683723
003/025,カメックス,プロモ,single,17500,19000,2026-09-19,91158
003/027,フォッコ C :1ED,,single,22000,,2026-09-19,385565
003/028,博士の研究（オーキド博士）: ミラー,,single,14800,15000,2026-09-19,141415
003/029,フシギソウ :1ED,,single,70000,,2026-09-19,429133
003/030,ロコン,,single,7580,7480,2026-09-19,325080
003/032,リザードン,,single,47000,47000,2026-09-19,115267
003/032,ヒトカゲ C :1ED,,single,24000,24800,2026-09-19,106724
003/032,フシギバナ,,single,10888,10500,2026-09-19,115266
003/032,カメックス,,single,10650,10700,2026-09-19,115268
003/034,アクア団のタマザラシ C :1ED,,single,,100000,2026-09-19,381929
003/036,シェイミ :1ED,,single,12999,,2026-09-19,385692
003/048,コンパン ● :1ED,,single,,39800,2026-09-19,429013
003/049,ラフレシアGX,RR,single,6699,6000,2026-09-19,340593
003/049,フシギバナex,,single,6000,4700,2026-09-19,146954
003/050,キモリ,C,single,31280,,2026-09-19,335584
003/052,フライゴンδ-デルタ種 R: 1ED,,single,140000,300000,2026-09-19,109335
003/053,リザードン,R,single,12000,11000,2026-09-19,391676
003/053,かがやくゲッコウガ,,single,6999,,2026-09-19,172026
003/055,ジュカイン ★,,single,,195000,2026-09-19,431724
003/063,メガフシギバナex,RR,single,6500,13300,2026-09-19,628153
003/069,リーフィアVMAX,RRR,single,9100,8900,2026-09-19,141655
003/070,セレビィV,RR,single,7500,,2026-09-19,141867
003/070,スピアー ★ :ミラー :1ED,,single,,21500,2026-09-19,556727
003/071,フシギバナ,R,single,6500,7800,2026-09-19,137055
003/075,フシギバナ ★ :1ED,,single,95000,,2026-09-19,436676
003/080,メガニウム R :1ED,,single,10800,,2026-09-19,390738
003/086,ハハコモリ U :マスターボールミラー,,single,3980,,2026-09-19,609753
003/087,ラフレシア ★ :1ED,,single,39800,,2026-09-19,429865
003/092,ベトベター ● :1ED,,single,,38000,2026-09-19,429432
003/100,フシギバナ ★ :1ED,,single,22000,60000,2026-09-19,449235
003/128,キャタピー ● :1ED,,single,25000,,2026-09-19,431034
003/141,ハヤトのカモネギ ● :1ED,,single,30000,,2026-09-19,427852
003/150,フシギバナ :ミラー,,single,,21000,2026-09-19,397711
003/165,フシギバナex,RR,single,7998,,2026-09-19,127768
003/171,ラフレシア: ミラー,,single,,150001,2026-09-19,106300
003/187,リーフィアex,RR,single,6000,6000,2026-09-19,434883
003/19,かがやくゲッコウガ,,single,7200,5800,2026-09-19,263356
003/21,かがやくリザードン,,single,7300,7300,2026-09-19,263335
003/30TH-P,ゼニガメ,プロモ,single,5488,5000,2026-09-19,775836
003/ADV-P,キモリ,P,single,,249999,2026-09-19,452590
003/DPT-P,ロトム,プロモ,single,,98000,2026-09-19,453401
003/E-P,R団のニューラ,P,single,128000,,2026-09-19,452540
003/PCG-P,フシギバナ,P,single,380000,,2026-09-19,452651
003/PCG-P,フシギバナ,プロモ,single,350000,,2026-09-19,91710
003/PLAY,レジスチルex,プロモ,single,,239999,2026-09-19,91809
003/PPP,ポッチャマ,プロモ,single,155000,145000,2026-09-19,453190
003/S-P,レックウザ P :未開封,プロモ,single,32000,,2026-09-19,775359
003/S-P,レックウザ,P,single,10900,10900,2026-09-19,666686
003/SM-P,ピカチュウ,プロモ,single,84800,85000,2026-09-19,91263
003/SV-P,ミュウex,P,single,5350000,8500000,2026-09-19,592176
003/SV-P,ウインディ,プロモ,single,5100,,2026-09-19,110928
004/004,ピカチュウ,,single,29999,32900,2026-09-19,106193
004/004,エーフィVMAX,,single,12670,9800,2026-09-19,100085
004/009,ポケパークのピカチュウ,,single,1550000,1590000,2026-09-19,433869
004/009,ジバコイル,,single,16500,15500,2026-09-19,450657
004/010,ドダイトス,,single,6000,,2026-09-19,562713
004/011,マイナン,,single,99000,,2026-09-19,562746
004/013,ゲッコウガV-UNION,,single,19000,23800,2026-09-19,327382
004/013,ゲッコウガV-UNION (右下),,single,,7500,2026-09-19,516412
004/015,ピカチュウ :1ED,,single,828000,700000,2026-09-19,434603
004/015,ピカチュウ :キラ,,single,560000,600000,2026-09-19,451091
004/015,ミロカロスex :1ED,,single,555000,,2026-09-19,433305
004/015,ピカチュウ,,single,500000,420000,2026-09-19,451090
004/015,サンダースex :1ED,,single,399999,,2026-09-19,434478
004/015,ブースターex :1ED,,single,298000,,2026-09-19,434438
004/015,リーフィア,,single,36999,25000,2026-09-19,562758
004/015,ライチュウ,,single,4399,4400,2026-09-19,331668
004/015,ケルディオ,,single,,79800,2026-09-19,409706
004/015,リーフィア,,single,,26000,2026-09-19,562757
004/016,ヒトカゲδ-デルタ種 :1ED,,single,400000,170000,2026-09-19,442159
004/016,デスカーン,,single,,50000,2026-09-19,410096
004/018,ヒトカゲ,,single,500000,498000,2026-09-19,92011
004/018,カスミのサニーゴ,,single,39999,,2026-09-19,110728
004/018,ディアルガEX,,single,12000,15999,2026-09-19,380897
004/018,メガヤンマ四(してんのう) :1ED,,single,,12000,2026-09-19,450159
004/019,ファウンスのジラーチ,,single,200000,,2026-09-19,431224
004/020,わるいギャラドス,,single,198000,130000,2026-09-19,110056
004/020,ガーディ U :1ED,,single,55000,55000,2026-09-19,408259
004/020,わるいギャラドス :1ED,,single,,168000,2026-09-19,446596
004/021,ルカリオV,,single,10000,,2026-09-19,326027
004/022,ヒノアラシM,,single,49800,47000,2026-09-19,683724
004/024,バンギラスexδ-デルタ種 :1ED,,single,300000,398000,2026-09-19,442544
004/024,ネマシュ,C,single,,5999,2026-09-19,396623
004/027,テールナー U :1ED,,single,11111,25000,2026-09-19,385566
004/028,ホウオウ: ミラー,,single,4700,4400,2026-09-19,141417
004/028,ホウオウ,,single,4400,4980,2026-09-19,141416
004/030,キュウコン,,single,11000,10000,2026-09-19,325081
004/031,スターミーGX,,single,,49000,2026-09-19,392866
004/032,リザード C :1ED,,single,37000,29999,2026-09-19,106725
004/032,ポニータ,,single,5850,7500,2026-09-19,147477
004/032,ヒトデマン,,single,5000,4798,2026-09-19,147478
004/032,パラス,,single,4980,4980,2026-09-19,147476
004/034,アクア団のトドグラー C :1ED,,single,,100000,2026-09-19,381930
004/036,シェイミ :1ED,,single,50000,47500,2026-09-19,106676
004/038,かがやくゲッコウガ,,single,5400,5000,2026-09-19,132438
004/044,かがやくゲッコウガ,,single,7300,4980,2026-09-19,320161
004/048,タマタマ ● :1ED,,single,34500,,2026-09-19,429015
004/051,ストライク,,single,10000,9800,2026-09-19,397401
004/052,フシギバナex,,single,350000,,2026-09-19,434664
004/052,フシギバナex,,single,,280000,2026-09-19,93282
004/053,ビクティニ,PR,single,15200,,2026-09-19,391677
004/059,セレビィEX,R,single,28000,,2026-09-19,405993
004/066,ポッチャマ,C,single,19999,,2026-09-19,338300
004/068,カイリューexδ-デルタ種 ☆,,single,1550000,,2026-09-19,91987
004/070,セレビィVMAX,RRR,single,6999,6600,2026-09-19,141868
004/070,イトマル ● :1ED,,single,,35800,2026-09-19,556728
004/071,かがやくフシギバナ,K,single,8390,7440,2026-09-19,128521
004/072,ひかるセレビィ,H,single,39999,33333,2026-09-19,105481
004/075,セレビィ☆ ◇,,single,2700000,,2026-09-19,91979
004/075,セレビィ☆ ◇ :1ED,,single,2350000,3650000,2026-09-19,91978
004/080,ヤンヤンマ ● :ミラー :1ED,,single,,26000,2026-09-19,562307
004/080,キレイハナ ★ :1ED,,single,,25000,2026-09-19,558683
004/086,ヤナップ C :マスターボールミラー,,single,6789,,2026-09-19,609601
004/086,モンメン C :マスターボールミラー,,single,6300,,2026-09-19,609755
004/086,ヤナップ C :モンスターボールミラー,,single,6000,,2026-09-19,609600
004/087,ラフレシア ★ :1ED,,single,100000,166666,2026-09-19,91868
004/096,ヘラクロスEX,RR,single,,50000,2026-09-19,390219
004/106,メガニウム ★ :1ED,,single,8000,,2026-09-19,438180
004/165,ヒトカゲ C: マスターボールミラー,,single,15000,14500,2026-09-19,128129
004/165,ヒトカゲ,C,single,,7777,2026-09-19,127769
004/187,モンメン :マスターボールミラー,,single,6000,,2026-09-19,471567
004/DP-P,ルカリオLV.X,プロモ,single,599999,,2026-09-19,453195
004/E-P,ピカチュウ,P,single,520000,690000,2026-09-19,452541
004/L-P,ギャラドス,プロモ,single,250000,329980,2026-09-19,453440
004/M-P,マクノシタ,P,single,,20000,2026-09-19,659342
004/P,ピカチュウ,プロモ,single,31800,,2026-09-19,91853
004/PLAY,プラスル,プロモ,single,355555,185000,2026-09-19,440458
004/PPP,マナフィ,プロモ,single,160000,112000,2026-09-19,453191
004/S8A-P,にせオーキドはかせ,プロモ,single,7300,6499,2026-09-19,286962
005/005,リーリエ（がんばリーリエ） 【中国語版】,プロモ,single,42800,48000,2026-09-19,580652
005/009,ポケパークのラティアス,,single,260000,,2026-09-19,433870
005/009,ライコウ,,single,109800,,2026-09-19,433879
005/009,反転世界のギラティナ,,single,56000,51800,2026-09-19,450658
005/012,グレイシア,,single,58000,57800,2026-09-19,450901
005/013,ミュウツーV-UNION,,single,21000,21000,2026-09-19,327383
005/013,ミュウツーV-UNION (左上),,single,7500,9000,2026-09-19,516401
005/015,ポッチャマ,,single,250000,230000,2026-09-19,451076
005/015,グラエナex,,single,35000,,2026-09-19,109955
005/015,シェイミ,,single,32800,,2026-09-19,562759
005/015,ラクライ :1ED,,single,12000,,2026-09-19,433409
005/015,ピカチュウV,,single,5800,5800,2026-09-19,331669
005/015,スターミーデルタ種 :1ED,,single,,66666,2026-09-19,434460
005/016,ミュウ :1ED,,single,1000000,798000,2026-09-19,497426
005/016,ミュウ,,single,699000,,2026-09-19,443569
005/016,ダークライ,,single,620000,580000,2026-09-19,410097
005/016,リザードδ-デルタ種 :1ED,,single,90000,,2026-09-19,442160
005/018,ロコン,,single,110000,150000,2026-09-19,110821
005/018,ロッシのホエルコ,,single,31000,29999,2026-09-19,110740
005/018,レックウザEX,,single,16000,23400,2026-09-19,381011
005/018,ギルガルドEX,,single,,56000,2026-09-19,380898
005/019,蒼海のマナフィ,,single,65000,90000,2026-09-19,435170
005/020,アチャモ C :1ED,,single,140000,,2026-09-19,408255
005/020,カイリュー :1ED,,single,99500,,2026-09-19,405803
005/020,デオキシスV,,single,15000,,2026-09-19,288981
005/020,ゼラオラV,,single,2000,,2026-09-14,288958
005/021,ルカリオVSTAR,,single,10300,10500,2026-09-19,326028
005/021,メガディアンシーex,,single,5500,5500,2026-09-19,674426
005/021,ルナアーラGX,,single,,19800,2026-09-19,391804
005/022,ニンフィアex,,single,7000,6600,2026-09-19,332801
005/023,イベルタルEX,,single,16000,17000,2026-09-19,380917
005/024,サーナイトexδ-デルタ種 :1ED,,single,280000,253800,2026-09-19,442521
005/024,ヒトカゲ,C,single,3000,7100,2026-09-19,396624
005/025,わるいギャラドス,プロモ,single,11300,10999,2026-09-19,98533
005/026,サトシのピカチュウGX,,single,248000,220000,2026-09-19,106110
005/027,パルキア R :1ED,,single,55000,56800,2026-09-19,107399
005/028,ダークライ,,single,59800,,2026-09-19,326927
005/028,ルギア: ミラー,,single,7200,7200,2026-09-19,141419
005/028,ルギア,,single,5000,7000,2026-09-19,141418
005/029,チコリータ :1ED,,single,39800,,2026-09-19,429135
005/030,ガーディ,,single,,4980,2026-09-19,325082
005/032,リザードン U :1ED,,single,46500,48000,2026-09-19,106723
005/032,スターミー,,single,8900,4900,2026-09-19,147481
005/032,パラセクト,,single,5800,4980,2026-09-19,147479
005/032,ギャロップ,,single,4980,4300,2026-09-19,147480
005/036,ファイヤー :1ED,,single,28479,39799,2026-09-19,385693
005/044,かがやくフーディン,,single,4300,4400,2026-09-19,320162
005/047,ビリジオン,,single,,88000,2026-09-19,409872
005/048,モンジャラ ● :1ED,,single,30500,,2026-09-19,111769
005/050,ジュカインGX,RR,single,,8888,2026-09-19,335586
005/052,シェイミEX R :1ED,,single,,300000,2026-09-19,404544
005/053,イルミーゼ ★ :1ED,,single,,49800,2026-09-19,432322
005/059,ブリガロン R :1ED,,single,6000,,2026-09-19,389990
005/071,フォレトスex,RR,single,4980,,2026-09-19,117827
005/080,ストライク ● :ミラー :1ED,,single,,74800,2026-09-19,558687
005/083,ラフレシアex ☆ :1ED,,single,38000,,2026-09-19,432607
005/083,ラフレシアex ☆,,single,19000,200000,2026-09-19,110587
005/086,ヤナッキー U :マスターボールミラー,,single,4800,10000,2026-09-19,609603
005/088,スピアー ★ :1ED,,single,,99800,2026-09-19,93288
005/092,ベトベトン ★ :1ED,,single,,138000,2026-09-19,91757
005/096,MヘラクロスEX,RR,single,20000,,2026-09-19,390221
005/096,MヘラクロスEX RR :1ED,,single,10000,39800,2026-09-19,390220
005/141,ハヤトのトゲチック ● :1ED,,single,88888,80000,2026-09-19,427854
005/165,リザード U: マスターボールミラー,,single,9980,9500,2026-09-19,128130
005/172,ヒスイマルマインＶ,RR,single,5100,,2026-09-19,104992
005/187,エルフーン :マスターボールミラー,,single,6700,,2026-09-19,471568
005/E-P,ヨーギラス,P,single,150000,120000,2026-09-19,452542
005/L-P,チコリータ,プロモ,single,120000,99999,2026-09-19,453441
005/PLAY,マイナン,プロモ,single,219400,365000,2026-09-19,440459
005/PPP,ディアルガLV.63,プロモ,single,124999,,2026-09-19,93209
005/S-P,ホップ,プロモ,single,6800,5600,2026-09-19,106804
005/SM-P,サッポロのピカチュウ,プロモ,single,300000,280000,2026-09-19,91243
005/SV-P,ミライドン,プロモ,single,9000,,2026-09-19,110926
006/009,ルギア,,single,799990,,2026-09-19,433880
006/009,マンムー,,single,17800,18000,2026-09-19,450659
006/012,波導のルカリオex :1ED,,single,1100000,1100000,2026-09-19,434587
006/012,ミュウツーLV.X: ミラー,,single,237000,238000,2026-09-19,91690
006/013,ミュウツーV-UNION (右上),,single,9000,,2026-09-19,516402
006/014,ジラーチ,,single,94900,96000,2026-09-19,562776
006/014,ヨノワール :1ED,,single,15000,46800,2026-09-19,447648
006/014,ヨノワール,,single,,29800,2026-09-19,447649
006/015,デオキシスex :1ED,,single,565000,569000,2026-09-19,444971
006/015,伝承のルカリオex,,single,500000,,2026-09-19,109953
006/015,ハクリューデルタ種,,single,39800,,2026-09-19,434483
006/015,ピカチュウVMAX,,single,9800,9700,2026-09-19,95723
006/015,バクーダex :1ED,,single,,100000,2026-09-19,433285
006/015,マリルリデルタ種 :1ED,,single,,46000,2026-09-19,434462
006/016,ギャラドス,,single,580000,620000,2026-09-19,93200
006/016,ガブリアスC,,single,60000,,2026-09-19,450300
006/016,ヤミラミG :1ED,,single,4999,,2026-09-19,450328
006/018,ヒノアラシ,,single,88888,47800,2026-09-19,110818
006/018,エーフィ四(してんのう) :1ED,,single,70000,70000,2026-09-19,450163
006/018,MレックウザEX,,single,48000,58000,2026-09-19,381012
006/018,水の都のネイティオ,,single,29800,26999,2026-09-19,110744
006/018,エーフィ四(してんのう),,single,,69800,2026-09-19,450164
006/019,ジラーチ,,single,180000,,2026-09-19,431514
006/019,シップのトドゼルガ,,single,24800,99999,2026-09-19,435171
006/019,ジラーチ :1ED,,single,,299999,2026-09-19,431513
006/020,ポッチャマ C :1ED,,single,107000,49799,2026-09-19,408262
006/020,ゼラオラVMAX,,single,4999,7500,2026-09-19,288959
006/020,オーロンゲV,,single,4500,,2026-09-19,377819
006/020,デオキシスVMAX,,single,,14500,2026-09-19,288982
006/021,ミミッキュ,,single,18900,29800,2026-09-19,686816
006/022,インテレオンVMAX,,single,,7000,2026-09-19,291971
006/023,イベルタルEX,,single,66666,59999,2026-09-19,108434
006/023,ミミッキュex,,single,7777,7777,2026-09-19,806407
006/024,リザードン,U,single,9800,9500,2026-09-19,396625
006/025,ロケット団参上！,プロモ,single,7199,7200,2026-09-19,199043
006/026,トゲデマル,,single,100000,92800,2026-09-19,106112
006/028,グラードン: ミラー,,single,5000,4800,2026-09-19,141421
006/028,グラードン,,single,3999,3999,2026-09-19,141420
006/029,チコリータ :1ED,,single,46666,55000,2026-09-19,429136
006/030,ウインディ,,single,5000,,2026-09-19,325083
006/032,ブースターEX RR :1ED,,single,150000,140000,2026-09-19,91495
006/032,ストライク,,single,7900,8600,2026-09-19,147482
006/032,ブーバー,,single,7800,7900,2026-09-19,147483
006/032,コイキング,,single,6499,6000,2026-09-19,147484
006/034,アクア団のカイオーガEX RR :1ED,,single,342000,333333,2026-09-19,91526
006/036,ビクティニ :1ED,,single,35000,79801,2026-09-19,385694
006/044,ミュウex,,single,9800,,2026-09-19,320163
006/046,ポッチャマ,,single,,129999,2026-09-19,410270
006/048,フリーザー,,single,16800,12800,2026-09-19,635049
006/048,ガーディ ●,,single,,90000,2026-09-19,111593
006/052,デンリュウGX,RR,single,7500,13999,2026-09-19,392602
006/053,かがやくゲッコウガ,,single,9500,6299,2026-09-19,184245
006/059,ブリガロンBREAK,RR,single,,15000,2026-09-19,389993
006/059,ブリガロンBREAK RR :1ED,,single,,9800,2026-09-19,389992
006/070,チコリータ ● :ミラー :1ED,,single,,56000,2026-09-19,556847
006/080,メガヤンマ ☆ :ミラー :1ED,,single,185000,,2026-09-19,108831
006/080,メガヤンマ ☆,,single,150000,,2026-09-19,562313
006/080,メガヤンマ ☆ :1ED,,single,108000,83000,2026-09-19,108836
006/080,ジュカインex ☆,,single,23800,,2026-09-19,110616
006/086,シキジカ C :マスターボールミラー,,single,6000,4500,2026-09-19,609757
006/086,チュリネ C :マスターボールミラー,,single,5000,,2026-09-19,609605
006/090,ナエトルGL ● :1ED,,single,45000,,2026-09-19,448490
006/092,イトマル ● :1ED,,single,,27000,2026-09-19,429443
006/108,ヒトカゲ ● :1ED,,single,,299999,2026-09-19,435006
006/128,ロコン ● :1ED,,single,7888,50000,2026-09-19,431037
006/131,ジュカインEX,,single,7000,20000,2026-09-19,391028
006/150,シェイミ,PR,single,9999,,2026-09-19,112744
006/165,リザードンex,RR,single,6550,6611,2026-09-19,127773
006/171,ジュカインEX,,single,8500,,2026-09-19,385862
006/187,サルノリ :マスターボールミラー,,single,7000,7499,2026-09-19,471569
006/21,リザードンex,,single,7500,6800,2026-09-19,263338
006/23,ピカチュウex,,single,5300,5300,2026-09-19,739089
006/ADV-P,ラティアス,P,single,115000,135000,2026-09-19,452593
006/E-P,セレビィ,P,single,179800,,2026-09-19,452543
006/L-P,ヒノアラシ,プロモ,single,94500,95999,2026-09-19,453442
006/P,セレビィ,プロモ,single,180000,198000,2026-09-19,93296
006/PLAY,セレビィex,プロモ,single,1100000,2200000,2026-09-19,93235
006/PPP,パルキア,プロモ,single,189999,239999,2026-09-19,93223
006/SV-P,クエスパトラ,プロモ,single,5999,,2026-09-19,110925
007/009,グラードン,,single,160000,,2026-09-19,433881
007/009,ポケパークのゴニョゴニョ,,single,70000,,2026-09-19,433872
007/009,タテトプス,,single,12800,15000,2026-09-19,450660
007/012,ピカチュウ,,single,180000,200000,2026-09-19,450903
007/013,ミュウツーV-UNION (左下),,single,7500,9000,2026-09-19,516403
007/014,ギラティナ :1ED,,single,99000,95000,2026-09-19,447650
007/014,ギラティナ,,single,31000,110000,2026-09-19,447651
007/015,イーブイ,,single,85000,54780,2026-09-19,562761
007/015,チャーレムex,,single,79800,,2026-09-19,433384
007/015,ガブリアス,,single,40000,,2026-09-19,409690
007/016,ピカチュウ,,single,3900000,4280000,2026-09-19,93195
007/016,ガブリアスCLV.X :1ED,,single,200100,168000,2026-09-19,450301
007/016,キリキザン,,single,29800,,2026-09-19,410099
007/016,パルキアEX,,single,18500,14800,2026-09-19,381296
007/016,ジュペッタex,,single,,218000,2026-09-19,443571
007/018,ゼニガメ,,single,1280000,1350000,2026-09-19,92012
007/018,ザンナーのエーフィ,,single,125000,133000,2026-09-19,110725
007/018,ゼクロム,,single,65000,55000,2026-09-19,381013
007/019,ナックラー,,single,8666,,2026-09-19,431440
007/019,ナックラー :1ED,,single,,68000,2026-09-19,431439
007/019,ハガネール :1ED,,single,,54000,2026-09-19,562663
007/020,ピカチュウ U :1ED,,single,155000,148000,2026-09-19,91585
007/020,ダークライV,,single,9700,9700,2026-09-19,326248
007/020,ゼラオラVSTAR,,single,7800,7800,2026-09-19,288960
007/020,サトシのオオスバメ,,single,,30000,2026-09-19,435191
007/021,ソルガレオGX,,single,55555,,2026-09-19,391806
007/022,ポッチャマM,,single,119800,89000,2026-09-19,683727
007/024,リザードンGX,RR,single,15000,14499,2026-09-19,396626
007/024,イーブイV,,single,7199,6900,2026-09-19,326267
007/025,_のピカチュウ: プロモ (お誕生日ピカチュウ),プロモ,single,79000,,2026-09-19,731192
007/025,_のピカチュウ: プロモ (お誕生日ピカチュウ),プロモ,single,69800,69800,2026-09-19,93015
007/025,_のピカチュウ,プロモ,single,30000,250000,2026-09-19,825068
007/028,カイオーガ: ミラー,,single,5500,4990,2026-09-19,141423
007/028,カイオーガ,,single,4400,4399,2026-09-19,141422
007/030,ファイヤー,,single,9300,9300,2026-09-19,325084
007/030,ミュウ,,single,6666,,2026-09-19,326658
007/032,ブースターEX RR :1ED,,single,475000,413800,2026-09-19,91492
007/032,ギャラドス,,single,5500,5680,2026-09-19,147486
007/032,カイロス,,single,4800,,2026-09-19,147485
007/032,ホウオウex,,single,4490,3800,2026-09-19,115271
007/036,ビクティニ :1ED,,single,79000,75700,2026-09-19,106677
007/038,シャワーズGX,,single,7500,9500,2026-09-19,392730
007/048,リザード ●,,single,90000,89000,2026-09-19,111583
007/048,リザード ● :1ED,,single,,75000,2026-09-19,110844
007/050,コイキング,C,single,,27000,2026-09-19,334875
007/051,ヒトカゲ,,single,18499,11500,2026-09-19,397404
007/054,ロゼリア ★ :1ED,,single,22000,,2026-09-19,432429
007/070,ポポッコ ● :ミラー :1ED,,single,4500,49800,2026-09-19,556735
007/070,ベイリーフ ● :ミラー :1ED,,single,,62999,2026-09-19,556849
007/070,バシャーモV,RR,single,,8000,2026-09-19,143967
007/073,マスカーニャex,RR,single,5999,,2026-09-19,111959
007/080,セレビィ ☆ :ミラー :1ED,,single,620000,698000,2026-09-19,91663
007/080,セレビィ ☆ :1ED,,single,235000,220000,2026-09-19,562315
007/080,セレビィ ☆,,single,39999,,2026-09-19,108830
007/086,ドレディア U :マスターボールミラー,,single,7999,5555,2026-09-19,609607
007/086,メブキジカ U :マスターボールミラー,,single,3980,25000,2026-09-19,609759
007/090,ロズレイドGL ★ :1ED,,single,,28000,2026-09-19,448492
007/092,イトマル ● :1ED,,single,,27000,2026-09-19,429445
007/093,ハハコモリ :ミラー :1ED,,single,,120000,2026-09-19,407911
007/095,レシラム&リザードンGX,RR,single,13000,13000,2026-09-19,392953
007/128,ポニータ ● :1ED,,single,28500,47200,2026-09-19,431038
007/131,MジュカインEX,,single,15000,33000,2026-09-19,391029
007/141,ハヤトのエアームド ★ :1ED,,single,,440000,2026-09-19,111794
007/165,ゼニガメ C: マスターボールミラー,,single,18000,16800,2026-09-19,128131
007/165,ゼニガメ C: モンスターボールミラー,,single,,49999,2026-09-19,127775
007/171,MジュカインEX,,single,12000,12000,2026-09-19,385863
007/ADV-P,ラティオス,P,single,125000,114000,2026-09-19,452594
007/BW-P,ゾロアーク,P,single,48000,,2026-09-19,415381
007/E-P,セレビィ,P,single,105000,120000,2026-09-19,452544
007/L-P,ワニノコ,プロモ,single,125000,128000,2026-09-19,453443
007/M-P,リーリエの決心,P,single,18800,,2026-09-19,659345
007/PLAY,ミュウex,プロモ,single,4200000,,2026-09-19,440461
007/PLAY,ミュウex,プロモ,single,3100000,,2026-09-19,93229
007/PPP,ダークライ,プロモ,single,300000,333333,2026-09-19,93206
007/SV-P,コライドン,プロモ,single,9000,9999,2026-09-19,110924
008/009,ポケパークのゴンベ,,single,750000,580000,2026-09-19,433873
008/009,ケンタロス,,single,80000,,2026-09-19,433882
008/009,ディアルガ,,single,38500,38000,2026-09-19,450661
008/012,クレセリアLV.43,,single,40000,34500,2026-09-19,756963
008/012,ライチュウ,,single,12000,40000,2026-09-19,450904
008/013,ギラティナ :1ED,,single,300000,400000,2026-09-19,450775
008/013,ミュウツーV-UNION (右下),,single,8500,,2026-09-19,516404
008/015,レックウザex,,single,,1950000,2026-09-19,861039
008/016,サンダー,,single,440000,320000,2026-09-19,93199
008/016,グラードンex :1ED,,single,,950000,2026-09-19,442163
008/016,ゲノセクト,,single,,100000,2026-09-19,410133
008/016,トゲキッスC :1ED,,single,,39800,2026-09-19,450303
008/018,ワニノコ,,single,79800,,2026-09-19,110819
008/018,水の都のカブトプス,,single,48900,38500,2026-09-19,110730
008/018,ドサイドン四(してんのう) :1ED,,single,20000,,2026-09-19,450131
008/019,ハッサム :1ED,,single,460000,,2026-09-19,562665
008/019,ヘルガー :1ED,,single,390000,400000,2026-09-19,562623
008/019,ヘルガー,,single,,780000,2026-09-19,562624
008/019,メレシーBREAK,,single,,20999,2026-09-19,381355
008/020,ハルカのゴンベ,,single,200000,,2026-09-19,435192
008/020,ラルトス C :1ED,,single,26800,,2026-09-19,408267
008/020,ダークライVSTAR,,single,7300,6480,2026-09-19,326249
008/020,ボーマンダ :1ED,,single,,150000,2026-09-19,405806
008/022,パルキアM,,single,38000,30000,2026-09-19,683728
008/024,ウインディ,C,single,9000,9000,2026-09-19,396627
008/024,カビゴン,,single,7999,9000,2026-09-19,326268
008/025,R団のサンダー(25th),プロモ,single,6800,7000,2026-09-19,135980
008/026,ディアンシーEX,,single,8200,,2026-09-19,381374
008/026,ソーナンス,,single,,44000,2026-09-19,390725
008/027,ピカチュウEX RR :1ED,,single,140000,138000,2026-09-19,107388
008/028,ディアルガ,,single,7180,4500,2026-09-19,141424
008/028,ディアルガ: ミラー,,single,5800,5900,2026-09-19,141425
008/030,エンテイ,,single,6500,6000,2026-09-19,325085
008/032,ユキワラシ C :1ED,,single,16500,21000,2026-09-19,385656
008/032,ピカチュウ,,single,15000,15900,2026-09-19,115274
008/032,サンド,,single,6400,,2026-09-19,147487
008/032,ラプラス,,single,4000,4200,2026-09-19,147488
008/036,ボルケニオン :1ED,,single,,9800,2026-09-19,385695
008/040,ジーランス ●,,single,20000,,2026-09-19,562578
008/041,アセロラ,,single,9000,,2026-09-19,401482
008/047,ビクティニ,,single,19999,150000,2026-09-19,409875
008/048,ロコン ● :1ED,,single,6000,,2026-09-19,111587
008/048,ミロカロス,,single,,6800,2026-09-19,635051
008/049,カイオーガEX,,single,16800,24000,2026-09-19,381109
008/050,ブーバーン U :1ED,,single,80000,,2026-09-19,405103
008/050,ポッチャマ,,single,20000,89999,2026-09-19,338377
008/050,ギャラドスGX,RR,single,15000,,2026-09-19,334876
008/050,ビクティニ,R,single,11600,21800,2026-09-19,389284
008/051,コイキング,C,single,60000,39000,2026-09-19,334705
008/051,リザード,,single,,10200,2026-09-19,397405
008/052,ギャラドス☆δ-デルタ種 ◇: 1ED,,single,3000000,,2026-09-19,92054
008/053,レシラムGX,RR,single,17800,30000,2026-09-19,391681
008/054,ライチュウ&アローラライチュウGX,RR,single,9700,9998,2026-09-19,393073
008/054,メガヤンマBREAK RR :1ED,,single,,19800,2026-09-19,387155
008/064,リザードン&テールナーGX,RR,single,12500,12800,2026-09-19,290875
008/069,ブースター C :1ED,,single,,36000,2026-09-19,404879
008/070,ワタッコ R: ミラー :1ED,,single,15000,,2026-09-19,109178
008/070,バシャーモVMAX,RRR,single,8999,,2026-09-19,143968
008/070,ワタッコ ★ :1ED,,single,,32000,2026-09-19,556736
008/071,ヒトカゲ,C,single,13999,11111,2026-09-19,137059
008/078,ファイヤー U :1ED,,single,,42000,2026-09-19,389521
008/081,MジュカインEX,RR,single,14000,,2026-09-19,385374
008/081,MジュカインEX RR :1ED,,single,13500,14000,2026-09-19,385373
008/086,チョボマキ C :マスターボールミラー,,single,4000,9800,2026-09-19,609761
008/092,アリアドス ★,,single,27000,,2026-09-19,110805
008/092,アリアドス ★ :1ED,,single,,30000,2026-09-19,429447
008/093,ビリジオン :ミラー :1ED,,single,,39800,2026-09-19,407915
008/108,リザードン,R,single,484000,478888,2026-09-19,91731
008/128,ニョロモ ● :1ED,,single,39800,26000,2026-09-19,431039
008/141,ツクシのバタフリー ● :1ED,,single,,85000,2026-09-19,427856
008/165,カメール U: マスターボールミラー,,single,10000,9300,2026-09-19,128132
008/165,カメール U: モンスターボールミラー,,single,6000,,2026-09-19,127777
008/187,カジッチュ :マスターボールミラー,,single,5000,,2026-09-19,471571
008/DP-P,ポッチャマLV.9,プロモ,single,149999,,2026-09-19,453199
008/L-P,メリープ,プロモ,single,65000,58800,2026-09-19,453444
008/SM-P,ピカチュウ,プロモ,single,300000,370000,2026-09-19,91247
009/009,レックウザ,,single,940000,978000,2026-09-19,433883
009/009,ポケパークのジラーチ,,single,300000,439999,2026-09-19,433874
009/009,レジギガス,,single,19500,18000,2026-09-19,450662
009/012,ルカリオLV.39,,single,50000,82000,2026-09-19,776387
009/013,ザシアンV-UNION,,single,26666,25999,2026-09-19,327384
009/016,ミュウツー,,single,1750000,1500000,2026-09-19,93198
009/016,エネルギーつけかえ :1ED,,single,,38000,2026-09-19,450305
009/018,エルレイド四(してんのう) LV.X,,single,100000,150000,2026-09-19,450170
009/018,水の都のプテラ,,single,94800,85000,2026-09-19,110732
009/018,マリル,,single,89000,98000,2026-09-19,110820
009/018,エルレイド四(してんのう) LV.X :1ED,,single,84000,120000,2026-09-19,450169
009/018,ゼクロムEX,,single,23000,49800,2026-09-19,409032
009/019,バンギラス :1ED,,single,124800,258000,2026-09-19,562625
009/019,ジガルデEX,,single,10000,11000,2026-09-19,381356
009/019,クイックボール,,single,,9999,2026-09-19,292572
009/020,ラティアス :1ED,,single,50001,120000,2026-09-19,405807
009/020,ミニリュウ,,single,30000,,2026-09-19,446606
009/021,ビクティニ,,single,77000,,2026-09-19,408895
009/022,ギザみみピチューM,,single,159800,160000,2026-09-19,683729
009/024,コダック,C,single,13800,13500,2026-09-19,396628
009/024,モルペコ,,single,,18000,2026-09-19,377612
009/025,ピィ,P,single,5999,5900,2026-09-19,185276
009/027,ゼクロム R :1ED,,single,85500,85900,2026-09-19,107396
009/028,パルキア,,single,7280,4500,2026-09-19,141426
009/028,パルキア: ミラー,,single,4800,5800,2026-09-19,141427
009/029,ヒトカゲ :1ED,,single,120000,,2026-09-19,429139
009/032,ユキメノコ U :1ED,,single,29800,18000,2026-09-19,107343
009/032,フリーザー,,single,11111,9600,2026-09-19,147491
009/032,サンドパン,,single,5000,5500,2026-09-19,147489
009/032,ライチュウ,,single,4300,4400,2026-09-19,147490
009/034,アクア団のハブネーク C :1ED,,single,,100000,2026-09-19,381934
009/036,ボルケニオン :1ED,,single,16999,22000,2026-09-19,106684
009/048,カメール ● :1ED,,single,54800,92000,2026-09-19,110877
009/048,ミュウ,,single,37500,30000,2026-09-19,635052
009/048,カメール ●,,single,,123000,2026-09-19,111585
009/049,ゲンシカイオーガEX,,single,35000,30000,2026-09-19,381110
009/049,リザードンex,,single,7299,7299,2026-09-19,146956
009/050,ホウオウEX R :1ED,,single,20000,26666,2026-09-19,405105
009/051,リザードンGX,,single,20000,20000,2026-09-19,104617
009/051,ギャラドス,R,single,,18888,2026-09-19,334706
009/052,ファイヤー R :1ED,,single,12000,49800,2026-09-19,404552
009/053,ビクティニ,,single,12000,,2026-09-19,379579
009/054,ピカチュウ,C,single,17000,17500,2026-09-19,393074
009/054,マグカルゴex ☆,,single,,99999,2026-09-19,110642
009/059,ヘルガーEX RR :1ED,,single,9800,14000,2026-09-19,389998
009/059,ヒノアラシ C :1ED,,single,,40500,2026-09-19,389859
009/066,レシラム,,single,,8000,2026-09-19,214550
009/068,かがやくアマージョ,K,single,3980,6000,2026-09-19,95116
009/069,エンテイEX R :1ED,,single,16000,,2026-09-19,404880
009/070,メガニウム ☆ :ミラー :1ED,,single,150000,160000,2026-09-19,109108
009/070,メガニウム ☆ :1ED,,single,120000,111110,2026-09-19,109111
009/076,セレビィ,A,single,10480,8500,2026-09-19,145071
009/080,ブースター ◆ :1ED,,single,25800,27800,2026-09-19,558701
009/080,ブースター ◆ :ミラー :1ED,,single,,150000,2026-09-19,109104
009/086,カブルモ C :マスターボールミラー,,single,6499,,2026-09-19,609611
009/086,アギルダー U :マスターボールミラー,,single,4499,,2026-09-19,609763
009/087,ヒトカゲ C :1ED,,single,12000,12000,2026-09-19,386901
009/088,クロバット ★ :1ED,,single,114800,148000,2026-09-19,91898
009/088,クロバット ★,,single,,299999,2026-09-19,91899
009/092,アリアドス ★ :1ED,,single,40000,65800,2026-09-19,91759
009/093,ヒトカゲ :ミラー :1ED,,single,,300000,2026-09-19,407918
009/093,ヒトカゲ :1ED,,single,,25000,2026-09-19,407917
009/100,イオルブVMAX,RRR,single,5000,,2026-09-19,144961
009/128,シェルダー ● :1ED,,single,50000,,2026-09-19,431040
009/165,カメックスex,RR,single,9800,,2026-09-19,127778
009/185,セレビィ,A,single,8165,,2026-09-19,849503
009/187,カミッチュ :マスターボールミラー,,single,5000,6800,2026-09-19,471572
009/190,フォレトスex,RR,single,5000,,2026-09-19,162011
009/DPT-P,ゼニガメ,プロモ,single,500000,722222,2026-09-19,453406
009/L-P,ゴマゾウ,プロモ,single,78000,99000,2026-09-19,453445
009/PLAY,ファイヤーex,プロモ,single,190000,250000,2026-09-19,440463
009/SM-P,ミミッキュ,P,single,156000,,2026-09-19,403327
009/SV-P,モトトカゲex,RR,single,4999,,2026-09-19,108334
009/XY-P,オンバーン,P,single,,35000,2026-09-19,411658
010/010,フウロ,,single,12000,12000,2026-09-19,390165
010/012,ダイノーズ,,single,8750,19800,2026-09-19,450906
010/012,ポケモンパーク :1ED,,single,,99800,2026-09-19,434595
010/013,レックウザ,,single,26000,25000,2026-09-19,390152
010/016,ミュウ,,single,1900000,1900000,2026-09-19,93196
010/018,ピカチュウ,,single,598000,678000,2026-09-19,92010
010/018,水の都のピジョン,,single,36500,32500,2026-09-19,110734
010/018,ヘルガー四(してんのう) :1ED,,single,,76000,2026-09-19,450135
010/018,イーブイ,,single,,55000,2026-09-19,409015
010/019,ショウタのカメックス,,single,,458000,2026-09-19,435214
010/020,R団のフリーザーex :1ED,,single,250000,,2026-09-19,446607
010/020,R団のフリーザーex,,single,160000,,2026-09-19,91791
010/020,ラティオス :1ED,,single,69800,120000,2026-09-19,405808
010/020,サーナイト U :1ED,,single,38000,31999,2026-09-19,108768
010/022,ギザみみピチューM,プロモ,single,160000,185000,2026-09-19,614304
010/022,トゲキッスEX,,single,50000,,2026-09-19,381034
010/023,カビゴン,,single,39900,,2026-09-19,377788
010/024,コダック,C,single,13800,12480,2026-09-19,396629
010/025,ひかるコイキング,プロモ,single,21000,20800,2026-09-19,91159
010/026,ロケット団のミミッキュGX,,single,138000,143000,2026-09-19,106111
010/027,デデンネ C :1ED,,single,21000,20900,2026-09-19,385569
010/028,レシラム,,single,10000,7000,2026-09-19,141428
010/028,レシラム: ミラー,,single,5500,6200,2026-09-19,141429
010/029,ヒトカゲ :1ED,,single,280000,,2026-09-19,429140
010/031,ブラッキー&ダークライGX,,single,20500,20400,2026-09-19,392852
010/032,ピカチュウ RR :1ED,,single,605000,620000,2026-09-19,91489
010/032,イワーク,,single,47200,7500,2026-09-19,147492
010/032,ビリリダマ,,single,9000,,2026-09-19,147493
010/032,スイクンex,,single,4900,4899,2026-09-19,115272
010/035,カプ・テテフGX,,single,9999,,2026-09-19,393691
010/036,スイクン :1ED,,single,7777,19500,2026-09-19,385696
010/038,カイオーガ,,single,17799,,2026-09-19,392733
010/040,レアコイル ◆,,single,,55000,2026-09-19,562580
010/048,マリル ● :1ED,,single,39000,124999,2026-09-19,111770
010/048,フーパEX,,single,11000,11000,2026-09-19,635053
010/049,ゲンガーEX,,single,52800,53000,2026-09-19,381062
010/050,パルキアGX,RR,single,8500,,2026-09-19,338379
010/050,キュウコン R :1ED,,single,,50000,2026-09-19,404975
010/052,ラティアスδ-デルタ種 ★,,single,358000,399999,2026-09-19,437395
010/052,ラティアスδ-デルタ種 R: 1ED,,single,210000,,2026-09-19,109332
010/053,エースバーンV :ノーマル仕様,,single,9800,,2026-09-19,802482
010/054,カメックスGX,RR,single,14000,9500,2026-09-19,393252
010/054,アローラライチュウ,R,single,12500,11500,2026-09-19,393075
010/054,カエンジシBREAK RR :1ED,,single,,18000,2026-09-19,387210
010/059,MヘルガーEX RR :1ED,,single,20000,27000,2026-09-19,390000
010/070,キマワリ ★ :ミラー :1ED,,single,11500,,2026-09-19,556740
010/071,リザードン,R,single,6500,6250,2026-09-19,137061
010/072,ひかるゲノセクト,H,single,25999,24000,2026-09-19,105483
010/072,リザードンEX,,single,19500,19800,2026-09-19,106719
010/086,スピアーδ-デルタ種 R: 再販,,single,24600,150000,2026-09-19,110001
010/086,タマゲタケ C :マスターボールミラー,,single,5700,,2026-09-19,609613
010/087,リザード U :1ED,,single,13800,13600,2026-09-19,386902
010/088,ニドクイン ★ :1ED,,single,150000,,2026-09-19,91934
010/088,ニドクイン ★,,single,99000,,2026-09-19,91935
010/090,ウインディ ★ :1ED,,single,80000,70000,2026-09-19,448498
010/093,リザード :ミラー :1ED,,single,,198000,2026-09-19,108535
010/093,リザード :1ED,,single,,65000,2026-09-19,407920
010/095,ヒトカゲ,C,single,,70000,2026-09-19,396313
010/128,クラブ ● :1ED,,single,,39800,2026-09-19,431041
010/141,ツクシのカイロス ● :1ED,,single,,58000,2026-09-19,427858
010/165,キャタピー C: マスターボールミラー,,single,15800,15555,2026-09-19,128133
010/171,ブースター :ミラー,,single,45000,45000,2026-09-19,386021
010/190,ゴリランダーVMAX,RRR,single,6999,9900,2026-09-19,144364
010/30TH-P,ナエトル,プロモ,single,9500,12999,2026-09-19,775837
010/DPT-P,マルマインG,プロモ,single,,20000,2026-09-19,453407
010/L-P,ヒメグマ,プロモ,single,55555,45000,2026-09-19,453446
010/PCG-P,マイナン,P,single,,265000,2026-09-19,452658
010/PLAY,フリーザーex,プロモ,single,120000,250000,2026-09-19,440464
010/SM-P,アローラニャース,P,single,18000,,2026-09-19,403328
010/XY-P,ガブリアスEX,P,single,39200,39000,2026-09-19,411659
0109/09,ニャオハ,AR,single,31999,21800,2026-09-19,528640
011/012,イーブイ,,single,78000,115000,2026-09-19,450907
011/018,水の都のラティアス,,single,880000,1000000,2026-09-19,91940
011/018,ラティオスex,,single,598000,,2026-09-19,431213
011/018,ラティアスex,,single,532800,,2026-09-19,91825
011/018,チョンチー,,single,35555,32800,2026-09-19,110826
011/019,バトラーのボーマンダ,,single,,165000,2026-09-19,431231
011/019,ヒトミのメタグロス,,single,,43500,2026-09-19,435215
011/020,レックウザ :1ED,,single,275000,270000,2026-09-19,405809
011/020,メロエッタEX R :1ED,,single,19500,17600,2026-09-19,108769
011/020,わるいバンギラス :1ED,,single,,90000,2026-09-19,446524
011/020,わるいハクリュー :1ED,,single,,36800,2026-09-19,446608
011/022,ギザみみピチューM,,single,192000,134000,2026-09-19,683730
011/024,コイキング,C,single,9400,9200,2026-09-19,396630
011/025,マグマ団のグラードン,プロモ,single,6999,6780,2026-09-19,286964
011/026,タブンネEX,,single,15500,16000,2026-09-19,381377
011/027,ソーナンス C :1ED,,single,16000,22980,2026-09-19,385570
011/028,ゼクロム,,single,7800,,2026-09-19,141430
011/028,ゼクロム: ミラー,,single,5299,5000,2026-09-19,141431
011/029,リザード :1ED,,single,99900,,2026-09-19,429141
011/032,ライチュウ C :1ED,,single,29900,27000,2026-09-19,385657
011/032,サワムラー,,single,9999,,2026-09-19,147494
011/032,マルマイン,,single,4800,6000,2026-09-19,147495
011/032,スリープ,,single,4400,4400,2026-09-19,147496
011/036,マナフィ :1ED,,single,,20000,2026-09-19,385697
011/040,ジバコイル ☆,,single,444444,299999,2026-09-19,108849
011/048,レジロックEX,,single,,11500,2026-09-19,635054
011/049,Mゲンガー,,single,84980,62000,2026-09-19,381063
011/049,ピカチュウ,,single,28000,34800,2026-09-19,381112
011/051,リザードンGX,RR,single,19999,18500,2026-09-19,334993
011/052,リザード :25thホロ,,single,1580000,,2026-09-19,428821
011/052,キングドラδ-デルタ種 R: 1ED,,single,35000,338000,2026-09-19,109336
011/052,キングドラδ-デルタ種 R: 再販,,single,29800,189000,2026-09-19,109346
011/054,ヤドン,C,single,,22000,2026-09-19,393253
011/064,シードラ C :ホロ,プロモ,single,,22000,2026-09-19,746177
011/066,グレイシアGX,RR,single,10500,9800,2026-09-19,338307
011/067,かがやくヒードラン,K,single,3980,,2026-09-19,139619
011/069,ブースターV,RR,single,9500,12000,2026-09-19,112520
011/070,ツボツボ ★ :1ED,,single,40000,38000,2026-09-19,556741
011/070,レディアン ★ :1ED,,single,,35800,2026-09-19,556854
011/071,かがやくリザードン,K,single,9000,8999,2026-09-19,91134
011/072,MリザードンEX,,single,95000,104999,2026-09-19,91488
011/072,エンテイGX,RR,single,,14999,2026-09-19,390919
011/080,リザードンEX RR :1ED,,single,23000,42800,2026-09-19,108506
011/080,マグカルゴ ★ :1ED,,single,11000,,2026-09-19,558709
011/084,キモリ☆ ◇: 1ED,,single,2198000,,2026-09-19,92062
011/086,クロバットδ-デルタ種 R: 再販,,single,95000,,2026-09-19,110005
011/086,クロバットδ-デルタ種 R: 1ED,,single,75000,100000,2026-09-19,109988
011/086,ポカブ C :マスターボールミラー,,single,6000,10000,2026-09-19,609767
011/087,リザードン R :1ED,,single,109000,115500,2026-09-19,91467
011/087,ウツボット ★ :1ED,,single,82222,80000,2026-09-19,91870
011/087,ウツボット ★,,single,,89800,2026-09-19,91872
011/090,ブースター ★,,single,,148000,2026-09-19,448501
011/092,シェイミ ★ :1ED,,single,54999,,2026-09-19,449006
011/093,リザードン: ミラー,,single,550000,700000,2026-09-19,91574
011/093,リザードン :ミラー :1ED,,single,200000,,2026-09-19,407923
011/093,リザードン :1ED,,single,85000,70000,2026-09-19,407922
011/093,リザードン,,single,22500,125000,2026-09-19,108517
011/094,ヤドン&コダックGX,RR,single,31000,29499,2026-09-19,321522
011/095,ヒトカゲ,C,single,9800,,2026-09-19,396314
011/108,ブースター☆ ◇: 1ED,,single,2500000,,2026-09-19,93256
011/128,トサキント ● :1ED,,single,29800,28000,2026-09-19,431042
011/141,ツクシのレディアン ● :1ED,,single,,63000,2026-09-19,427859
011/165,トランセル C: マスターボールミラー,,single,19500,,2026-09-19,128134
011/171,エンテイ,,single,60000,42000,2026-09-19,385867
011/171,エンテイ :ミラー,,single,40000,80000,2026-09-19,386022
011/172,リーフィアＶ,RR,single,6000,7700,2026-09-19,104993
011/187,アノクサ :マスターボールミラー,,single,6000,6000,2026-09-19,471573
011/ADV-P,カイオーガex,プロモ,single,650000,,2026-09-19,91810
011/DPT-P,ムウマージGLLV.X,プロモ,single,,75000,2026-09-19,453408
011/PCG-P,デオキシス,P,single,310000,,2026-09-19,452659
011/PLAY,サンダーex,プロモ,single,,269800,2026-09-19,440465
0115/15,イーブイ,AR,single,55500,38000,2026-09-19,601144
012/012,時空のゆがみ: 超,,single,59800,,2026-09-19,109205
012/012,時空のゆがみ: 超,,single,31500,59999,2026-09-19,591377
012/012,時空のゆがみ,,single,15000,,2026-09-19,450908
012/018,水の都のラティオス,,single,1070000,,2026-09-19,91941
012/018,メリープ,,single,88888,62800,2026-09-19,110822
012/019,ラティアスex :1ED,,single,120000,,2026-09-19,431487
012/019,ラティアスex,,single,,158000,2026-09-19,431488
012/020,波導のルカリオ,,single,280000,232000,2026-09-19,435196
012/020,マッギョ U :1ED,,single,25000,19999,2026-09-19,408266
012/020,わるいハクリュー,,single,18800,53000,2026-09-19,446611
012/020,わるいバンギラス :1ED,,single,,398000,2026-09-19,446526
012/020,わるいハクリュー :1ED,,single,,35800,2026-09-19,446610
012/020,キバゴ :1ED,,single,,35001,2026-09-19,405810
012/022,ピカチュウM,,single,165000,164999,2026-09-19,683731
012/023,ゼルネアスEX,,single,43000,79800,2026-09-19,108435
012/024,ゲッコウガ,U,single,7700,7500,2026-09-19,396631
012/025,ブラッキー☆,プロモ,single,38000,42000,2026-09-19,91160
012/026,MタブンネEX,,single,24000,9500,2026-09-19,381378
012/027,フーパEX RR :1ED,,single,26000,25500,2026-09-19,385571
012/028,ゼルネアス: ミラー,,single,8800,6800,2026-09-19,141433
012/028,ゼルネアス,,single,,6280,2026-09-19,141432
012/029,リザードン :1ED,,single,700000,680000,2026-09-19,92053
012/032,デデンネ U :1ED,,single,33900,32500,2026-09-19,107340
012/032,エビワラー,,single,9000,9000,2026-09-19,147497
012/032,サンダー,,single,5998,5100,2026-09-19,147498
012/032,スリーパー,,single,5900,5300,2026-09-19,147499
012/036,マナフィ :1ED,,single,44000,43999,2026-09-19,106675
012/040,パチリス ★,,single,,98700,2026-09-19,562581
012/047,マリルリ,,single,,60000,2026-09-19,409879
012/048,ダークライEX,,single,17980,17200,2026-09-19,635055
012/051,グレイシア R :1ED,,single,59800,,2026-09-19,108784
012/051,ホウオウGX,RR,single,25000,18000,2026-09-19,334994
012/052,リザードンex,,single,950000,,2026-09-19,93281
012/054,ヤドラン,R,single,22000,12000,2026-09-19,393254
012/059,リザードン R :1ED,,single,245000,180000,2026-09-19,405864
012/059,リザードン,R,single,40000,,2026-09-19,108800
012/060,コダック,C,single,44800,,2026-09-19,386676
012/066,リーフィアGX,RR,single,8650,9444,2026-09-19,336619
012/070,ビクティニEX R :1ED,,single,8000,,2026-09-19,406240
012/071,ファイヤー,R,single,9999,,2026-09-19,137062
012/078,マフォクシーBREAK RR :1ED,,single,,30000,2026-09-19,389529
012/080,タッツー ● :ミラー :1ED,,single,,80000,2026-09-19,558714
012/086,ビクティニ R :マスターボールミラー,,single,9999,10200,2026-09-19,609617
012/086,チャオブー C :マスターボールミラー,,single,4999,4300,2026-09-19,609769
012/087,リザードンEX RR :1ED,,single,50000,49800,2026-09-19,106315
012/092,シェイミLV.X ☆: 1ED,,single,79000,148000,2026-09-19,109226
012/092,シェイミLV.X ☆: 再版,,single,60000,140000,2026-09-19,109250
012/095,ボルケニオン,R,single,4000,,2026-09-19,392958
012/100,リザードン,R,single,9500,7980,2026-09-19,144964
012/108,アチャモ ● :1ED,,single,,199999,2026-09-19,435011
012/114,フェローチェGX,RR,single,,19800,2026-09-19,335862
012/128,コイキング ● :1ED,,single,110000,99800,2026-09-19,431043
012/141,ツクシのヤンヤンマ ● :1ED,,single,29999,29999,2026-09-19,427860
012/165,バタフリー U: マスターボールミラー,,single,15000,40000,2026-09-19,128135
012/171,バクーダEX,,single,7000,,2026-09-19,385868
012/172,リーフィアVSTAR,RRR,single,5999,7700,2026-09-19,104994
012/187,アノホラグサ :マスターボールミラー,,single,6800,4838,2026-09-19,471574
012/193,シェイミ :エネルギーマークミラー,,single,,9000,2026-09-19,732621
012/23,カビゴン,,single,7300,7500,2026-09-19,739095
012/30TH-P,ポッチャマ,プロモ,single,9500,12000,2026-09-19,775839
012/ADV-P,グラードンex,プロモ,single,,1050000,2026-09-19,91808
012/E-P,フシギバナ,プロモ,single,449999,569800,2026-09-19,91836
012/PCG-P,コータス,P,single,,70000,2026-09-19,452660
012/PLAY,_のセレビィ,プロモ,single,180000,368888,2026-09-19,91722
012/PLAY,_のセレビィ,プロモ,single,,944444,2026-09-19,440466
013/015,MCのおしゃべり,,single,,18500,2026-09-19,562767
013/018,ケーシィ,,single,13500,,2026-09-19,110827
013/018,エネルギー再生,,single,,40000,2026-09-19,430731
013/020,わるいカイリュー :1ED,,single,299990,,2026-09-19,446612
013/020,わるいカイリュー,,single,150000,720000,2026-09-19,446613
013/020,チョロネコ U :1ED,,single,28000,25500,2026-09-19,408264
013/024,ゲッコウガGX,RR,single,8200,8300,2026-09-19,396632
013/026,ニャース,,single,,95800,2026-09-19,390727
013/028,イベルタル: ミラー,,single,4700,4499,2026-09-19,141435
013/028,イベルタル,,single,,6280,2026-09-19,141434
013/032,ソーナンス C :1ED,,single,13300,20000,2026-09-19,385658
013/032,バリヤード,,single,8000,7899,2026-09-19,147502
013/032,ピッピ,,single,7399,7000,2026-09-19,147501
013/032,ドードー,,single,4980,6200,2026-09-19,147500
013/033,アクア団のカイオーガ,,single,,720000,2026-09-19,431612
013/034,ピカチュウ,,single,1000000,,2026-09-19,409782
013/036,ケルディオ :1ED,,single,,13800,2026-09-19,385698
013/038,サンダースGX,,single,8900,10000,2026-09-19,392741
013/040,ゴース ●,,single,80000,,2026-09-19,562582
013/046,ゼクロム,,single,20000,,2026-09-19,410277
013/049,アローラロコン :ミラー,,single,,75000,2026-09-19,335526
013/050,アローラキュウコンGX,RR,single,,24800,2026-09-19,389289
013/051,コダック,,single,23000,39000,2026-09-19,397443
013/051,ピカチュウ,C,single,17500,17500,2026-09-19,334710
013/053,バクフーンex ☆ :1ED,,single,64800,,2026-09-19,432338
013/054,コイキング ● :1ED,,single,58000,49000,2026-09-19,432440
013/063,メガバクーダex,RR,single,5999,5999,2026-09-19,659217
013/070,キュウコン ★ :1ED,,single,67000,65000,2026-09-19,109147
013/070,キュウコン ★ :ミラー :1ED,,single,37000,,2026-09-19,109113
013/070,ビクティニVMAX,RRR,single,7800,14800,2026-09-19,144063
013/078,コイキング,C,single,13500,12222,2026-09-19,270087
013/080,ヤドン C :1ED,,single,44000,,2026-09-19,390758
013/080,メガリザードンXex,RR,single,5555,5480,2026-09-19,687275
013/081,ブースター C :1ED,,single,9950,,2026-09-19,385383
013/086,エンブオー R :マスターボールミラー,,single,5280,,2026-09-19,609771
013/086,ダルマッカ C :マスターボールミラー,,single,,8000,2026-09-19,609619
013/087,MリザードンEX RR :1ED,,single,92800,57000,2026-09-19,106311
013/087,ナッシー ★ :1ED,,single,35000,,2026-09-19,429880
013/087,ナッシー ★,,single,30000,,2026-09-19,110755
013/092,ワタッコ ★ :1ED,,single,60000,55000,2026-09-19,91762
013/094,メガリザードンXex,RR,single,,16500,2026-09-19,841862
013/095,リザードン,R,single,9450,9000,2026-09-19,396316
013/095,ツボツボGX,RR,single,,5200,2026-09-19,335080
013/100,シェイミVSTAR,RRR,single,6900,,2026-09-19,139756
013/106,ブースター,R,single,235000,245000,2026-09-19,110025
013/106,ブースター ★ :1ED,,single,150000,294999,2026-09-19,438197
013/114,ホウオウGX,RR,single,24980,19800,2026-09-19,335863
013/128,マリル ● :1ED,,single,39800,,2026-09-19,431044
013/131,リザードンGX,,single,25800,18999,2026-09-19,401296
013/141,ツクシのハッサム ★ :1ED,,single,680000,,2026-09-19,111791
013/165,ビードル C: マスターボールミラー,,single,28000,16500,2026-09-19,128136
013/171,MバクーダEX,,single,11500,12500,2026-09-19,385869
013/172,リザードンV,RR,single,7499,6400,2026-09-19,103074
013/E-P,カメックス,プロモ,single,540000,578000,2026-09-19,91837
013/PCG-P,オオスバメ,P,single,,79999,2026-09-19,452661
013/PLAY,_のミュウ,プロモ,single,1200000,1048000,2026-09-19,440467
013/PLAY,_のミュウ,プロモ,single,385000,,2026-09-19,91715
013/S8A-P,ロケット団の幹部,プロモ,single,5500,5499,2026-09-19,286965
013/SM-P,スカル団ごっこピカチュウ,プロモ,single,2200000,2300000,2026-09-19,91218
013/XY-P,デデンネ,P,single,,980000,2026-09-19,411664
013/XY-P,デデンネ,P,single,,69800,2026-09-19,411667
014/015,チアガールの声援,,single,7500,,2026-09-19,562768
014/015,ポケモンごっこ,,single,5980,5480,2026-09-19,331677
014/018,ヤドン,,single,270000,270000,2026-09-19,92013
014/020,R団のファイヤーex,,single,99999,,2026-09-19,91792
014/020,わるいカイリュー,,single,72800,,2026-09-19,110055
014/020,イーブイ U :1ED,,single,63800,79999,2026-09-19,108766
014/020,トルネロス,,single,19800,,2026-09-19,409811
014/020,オノンド :1ED,,single,,35001,2026-09-19,405812
014/022,ギラティナM,,single,,129980,2026-09-19,683733
014/024,名探偵ピカチュウ,U,single,20500,20500,2026-09-19,396633
014/025,ミュウex,プロモ,single,14999,15500,2026-09-19,98531
014/027,ヤンチャム C :1ED,,single,,21000,2026-09-19,385573
014/028,コスモッグ (リーリエ) ミラー,,single,6899,6300,2026-09-19,127422
014/028,コスモッグ ノーマル,,single,4800,4700,2026-09-19,124080
014/029,ヒノアラシ :1ED,,single,55000,,2026-09-19,429142
014/030,ゼラオラ,,single,,8000,2026-09-19,325091
014/032,ゴクリン C :1ED,,single,25500,25000,2026-09-19,385659
014/032,ミュウツー,,single,13800,13800,2026-09-19,115273
014/032,ピクシー,,single,5800,6000,2026-09-19,147504
014/032,ドードリオ,,single,5000,6000,2026-09-19,147503
014/034,マグマ団のボスゴドラ R :1ED,,single,3200,35000,2026-09-19,381939
014/036,ケルディオ :1ED,,single,28500,33000,2026-09-19,106685
014/046,ミュウツーEX,,single,35000,,2026-09-19,410278
014/049,MライボルトEX,,single,10000,,2026-09-19,381115
014/051,ライチュウ,R,single,20000,,2026-09-19,334711
014/051,コイキング,,single,19000,21800,2026-09-19,397444
014/052,ラティオスδ-デルタ種 R: 1ED,,single,298000,,2026-09-19,109333
014/052,ラティオスδ-デルタ種 R: 再販,R,single,34000,,2026-09-19,109337
014/052,フリーザー R :1ED,,single,,80000,2026-09-19,404562
014/053,コダック ●,,single,66000,180000,2026-09-19,432340
014/053,コダック ● :1ED,,single,65000,120000,2026-09-19,432339
014/053,ゲッコウガV :ノーマル仕様,,single,7480,7400,2026-09-19,802481
014/053,ゲッコウガV RR仕様,,single,6500,6900,2026-09-19,379596
014/055,ピカチュウ,C,single,9700,9668,2026-09-19,393196
014/059,カメックス R :1ED,,single,20000,,2026-09-19,406012
014/059,オニゴーリEX RR :1ED,,single,7500,,2026-09-19,389869
014/060,カメックスEX RR :1ED,,single,15800,23800,2026-09-19,356815
014/060,カメックスEX,RR,single,12400,19800,2026-09-19,356816
014/066,フリーザーGX,RR,single,18000,15000,2026-09-19,391747
014/066,シェイミ,R,single,,18500,2026-09-19,336621
014/068,ラティアスexδ-デルタ種 ☆,,single,149000,,2026-09-19,109280
014/070,ウインディ ★ :1ED,,single,39800,49800,2026-09-19,556746
014/071,ピカチュウ C: ミラー,,single,38500,37300,2026-09-19,139333
014/071,ピカチュウ,C,single,7700,7600,2026-09-19,139332
014/075,ルンパッパδ-デルタ種 ★ :1ED,,single,88000,,2026-09-19,109320
014/076,デンリュウV,RR,single,6000,,2026-09-19,145076
014/078,ギャラドスex,RR,single,5789,7999,2026-09-19,110729
014/080,ウインディ ★,,single,200000,,2026-09-19,431290
014/080,ウインディ ★ :1ED,,single,179999,208000,2026-09-19,431289
014/080,ファイアロー,U,single,3800,,2026-09-19,752395
014/080,キングドラ ◆ :ミラー :1ED,,single,,67800,2026-09-19,558722
014/086,バオップ C :マスターボールミラー,,single,6380,7800,2026-09-19,609773
014/086,ヒヒダルマ U :マスターボールミラー,,single,,5000,2026-09-19,609621
014/087,ナッシー ★,,single,200000,,2026-09-19,91874
014/087,ナッシー ★ :1ED,,single,20000,149000,2026-09-19,91873
014/088,キマワリ ●,,single,,80000,2026-09-19,430549
014/090,シャワーズ ★ :1ED,,single,,160000,2026-09-19,448506
014/096,シェイミ ★ :1ED,,single,,80000,2026-09-19,447868
014/100,リザードンV,RR,single,7000,7777,2026-09-19,139757
014/106,バクフーン ★ :1ED,,single,168000,,2026-09-19,438198
014/128,ハリーセン ● :1ED,,single,,26000,2026-09-19,431045
014/165,コクーン C: マスターボールミラー,,single,12500,11800,2026-09-19,128137
014/165,コクーン C: モンスターボールミラー,,single,9000,,2026-09-19,127788
014/172,リザードンVSTAR,RRR,single,7500,7600,2026-09-19,103071
014/ADV-P,ジラーチ,P,single,375000,458000,2026-09-19,452599
014/E-P,リザードン,プロモ,single,3580000,3480000,2026-09-19,195168
014/PCG-P,レックウザ,P,single,400000,8000000,2026-09-19,452662
014/PLAY,_のジラーチ,プロモ,single,300000,355555,2026-09-19,440468
014/SM-P,団員ごっこピカチュウ,プロモ,single,420000,418000,2026-09-19,91231
014/XY-P,ピッピ,P,single,15000,,2026-09-19,411668
015/015,レックウザex :1ED,,single,1500000,,2026-09-19,444988
015/015,ホップ,,single,3280,,2026-09-19,331678
015/018,ネイティ,,single,,39800,2026-09-19,110835
015/018,きずぐすり,,single,,33999,2026-09-19,430733
015/020,サナ :ミラー,,single,,7000,2026-09-19,288991
015/024,バリヤード,C,single,,6800,2026-09-19,396634
015/025,サーナイトex δ-デルタ種,P,single,6600,6499,2026-09-19,230981
015/028,コスモウム (リーリエ) : ミラー,,single,5280,5100,2026-09-19,141437
015/028,コスモウム (リーリエ),,single,5000,5480,2026-09-19,124081
015/030,レックウザV,,single,7700,5800,2026-09-19,325092
015/031,マニューラGX,,single,,8000,2026-09-19,392857
015/032,ジラーチ U :1ED,,single,31500,30400,2026-09-19,107342
015/032,ラッキー,,single,6600,5800,2026-09-19,115269
015/032,マチスのコラッタ,,single,6200,6000,2026-09-19,147506
015/032,ノコッチ,,single,6000,11100,2026-09-19,147505
015/034,マグマ団のグラードンEX RR :1ED,,single,640000,548000,2026-09-19,91525
015/036,ホワイトキュレム :1ED,,single,,39999,2026-09-19,385699
015/040,ゲンガー ☆,,single,1500000,1499999,2026-09-19,91665
015/048,サーナイトEX,,single,13790,13500,2026-09-19,635058
015/048,マサキの転送装置 ● :1ED,,single,,23800,2026-09-19,110838
015/050,ピカチュウ,C,single,38000,37980,2026-09-19,334883
015/051,ギャラドスGX,,single,15200,18900,2026-09-19,397445
015/052,レックウザδ-デルタ種 R: 再販,,single,1498000,1888888,2026-09-19,92057
015/052,レックウザδ-デルタ種 R: 1ED,,single,1250000,850000,2026-09-19,92056
015/052,カイオーガEX R :1ED,,single,25000,22000,2026-09-19,404564
015/052,カイオーガEX,R,single,25000,,2026-09-19,404565
015/053,コイキング,C,single,19500,18000,2026-09-19,391688
015/054,キングドラex ☆ :1ED,,single,,179800,2026-09-19,432444
015/059,コダック,C,single,69999,,2026-09-19,406014
015/059,MオニゴーリEX RR :1ED,,single,10000,,2026-09-19,389871
015/059,ヒトデマン C :1ED,,single,5500,,2026-09-19,390010
015/060,MカメックスEX RR :1ED,,single,23800,23800,2026-09-19,379818
015/060,MカメックスEX,RR,single,23000,,2026-09-19,379819
015/062,マイナン,C,single,4500,,2026-09-19,136479
015/066,グレンアルマex,RR,single,4980,,2026-09-19,146980
015/067,ヒードランVMAX,RRR,single,,5000,2026-09-19,139529
015/068,レシラムV,RR,single,5700,,2026-09-19,288620
015/069,シャワーズV,RR,single,8000,8499,2026-09-19,112521
015/070,ラグラージ R :1ED,,single,35000,,2026-09-19,381762
015/070,マグマラシ ● :ミラー :1ED,,single,,24800,2026-09-19,556861
015/071,チオンジェンex,RR,single,4000,,2026-09-19,117829
015/072,コイキング,,single,80000,53000,2026-09-19,381441
015/076,ライコウ,AR,single,15999,12599,2026-09-19,102283
015/078,フリーザー U :1ED,,single,15000,,2026-09-19,382074
015/080,キングドラ ☆ :1ED,,single,165000,,2026-09-19,558725
015/080,コダック ● :ミラー :1ED,,single,149000,230000,2026-09-19,562346
015/080,キングドラ ☆ :ミラー :1ED,,single,120000,,2026-09-19,558726
015/080,コダック ● :1ED,,single,90000,99999,2026-09-19,562345
015/080,ブースター ★ :1ED,,single,,188000,2026-09-19,431291
015/080,ヤドキング R :1ED,,single,,99800,2026-09-19,390762
015/081,エンテイ R :1ED,,single,40000,30000,2026-09-19,385387
015/081,エンテイ,R,single,6500,,2026-09-19,385388
015/086,ヒトモシ C :マスターボールミラー,,single,5999,7900,2026-09-19,609623
015/086,バオッキー U :マスターボールミラー,,single,5900,,2026-09-19,609775
015/087,モンジャラ ● :1ED,,single,31999,,2026-09-19,429881
015/087,キュウコン R :1ED,,single,11000,11600,2026-09-19,386904
015/090,ヌオーGL ● :1ED,,single,50000,,2026-09-19,448508
015/092,ヒードランLV.X ☆: 1ED,,single,,115000,2026-09-19,109247
015/095,セレビィ,PR,single,33333,26000,2026-09-19,335082
015/096,シェイミLV.X ☆,,single,150000,215000,2026-09-19,447871
015/096,シェイミLV.X ☆ :1ED,,single,,198000,2026-09-19,447870
015/098,ロケット団のファイヤーex,RR,single,6299,,2026-09-19,560968
015/100,シャンデラVMAX,RRR,single,26000,,2026-09-19,141312
015/100,リザードンVSTAR,RRR,single,7999,7999,2026-09-19,139758
015/128,サニーゴ ● :1ED,,single,19999,29800,2026-09-19,431046
015/141,アカネのプクリン ● :1ED,,single,44800,,2026-09-19,427862
015/165,スピアー R: マスターボールミラー,,single,18899,18900,2026-09-19,128138
015/171,ボルケニオンEX,,single,11100,,2026-09-19,385871
015/172,かがやくリザードン,K,single,6600,6990,2026-09-19,103803
015/187,チオンジェン :マスターボールミラー,,single,6500,3980,2026-09-19,471577
015/193,ロケット団のタマンチュラ :エネルギーマークミラー,,single,5000,,2026-09-19,732627
015/E-P,メガニウム,P,single,370000,,2026-09-19,452548
016/018,サンド,,single,48000,29800,2026-09-19,110836
016/018,こころのしずく,,single,,30999,2026-09-19,110745
016/020,オノノクス :1ED,,single,,151111,2026-09-19,405814
016/021,ヒーローマント,,single,,5800,2026-09-19,674430
016/022,ディアルガM,,single,45000,70000,2026-09-19,683735
016/024,ミュウツー,U,single,23000,21500,2026-09-19,396635
016/028,ソルガレオ (リーリエ) : ミラー,,single,6400,5200,2026-09-19,141438
016/028,ソルガレオ(リーリエ),,single,4200,6999,2026-09-19,124082
016/029,バクフーン :1ED,,single,99999,,2026-09-19,429144
016/030,レックウザVMAX,,single,7400,7500,2026-09-19,102412
016/032,ニャスパー C :1ED,,single,21999,20000,2026-09-19,385660
016/032,カビゴン,,single,8980,8500,2026-09-19,147507
016/032,マチスのラッタ,,single,8000,,2026-09-19,147509
016/032,オドシシ,,single,5500,5500,2026-09-19,147508
016/036,ミュウ :1ED,,single,98000,75000,2026-09-19,106678
016/047,ピカチュウ,,single,270000,320000,2026-09-19,93155
016/048,MサーナイトEX,,single,22900,17980,2026-09-19,635059
016/048,新ポケモン図鑑HANDY808 ●,,single,12000,,2026-09-19,429024
016/049,グラードンEX,,single,19999,29999,2026-09-19,381068
016/049,ピカチュウ,C,single,10000,9000,2026-09-19,340606
016/049,カメックスex,,single,7777,4700,2026-09-19,146958
016/050,アローラライチュウ,R,single,15555,18500,2026-09-19,334884
016/051,アシレーヌGX,RR,single,13000,,2026-09-19,389181
016/051,サンダース U :1ED,,single,,90000,2026-09-19,404264
016/051,ラプラス,,single,,11800,2026-09-19,397446
016/053,ギャラドス,R,single,,29999,2026-09-19,391689
016/054,ギラティナ,R,single,6000,5700,2026-09-19,393081
016/055,デデンネGX,RR,single,20000,18900,2026-09-19,393198
016/055,ラグラージ ★ :1ED,,single,,170000,2026-09-19,431749
016/064,カメックス&ポッチャマGX,RR,single,17800,17800,2026-09-19,290883
016/070,ホウオウLEGEND ☆: 1ED,,single,180000,205000,2026-09-19,93186
016/070,バクフーン ◆ :ミラー :1ED,,single,45000,50000,2026-09-19,556863
016/070,マルヤクデV,RR,single,3200,,2026-09-19,145268
016/070,フリーザーEX R :1ED,,single,,56000,2026-09-19,406248
016/071,イーユイex,RR,single,6999,5500,2026-09-19,117189
016/080,シャワーズ ◆ :ミラー :1ED,,single,145000,145000,2026-09-19,558728
016/080,シャワーズ ◆ :1ED,,single,36800,42000,2026-09-19,558727
016/086,ウインディex ☆ :1ED,,single,,380000,2026-09-19,437488
016/086,クイタラン U :マスターボールミラー,,single,,9000,2026-09-19,609777
016/087,ストライク ●,,single,54800,,2026-09-19,429884
016/087,キュウコンBREAK RR :1ED,,single,24500,29999,2026-09-19,106332
016/087,ストライク ● :1ED,,single,,280000,2026-09-19,429883
016/088,ブースター ★ :1ED,,single,99900,,2026-09-19,430088
016/088,ブースター ★,,single,75000,100000,2026-09-19,110685
016/092,コイキング ● :1ED,,single,10000,,2026-09-19,449012
016/092,ウインディ ★ :1ED,,single,,120000,2026-09-19,429457
016/096,アチャモ,C,single,,97000,2026-09-19,334342
016/128,ピカチュウ ● :1ED,,single,190000,148000,2026-09-19,431047
016/141,アカネのペルシアン ● :1ED,,single,48000,88000,2026-09-19,427863
016/165,ポッポ C: マスターボールミラー,,single,15000,14500,2026-09-19,128139
016/171,シャワーズ :ミラー,,single,39800,39900,2026-09-19,386024
016/171,シャワーズ,,single,18000,18000,2026-09-19,385872
016/173,レシラム&リザードンGX,RR,single,11300,12700,2026-09-19,395998
016/190,ワタシラガV,RR,single,3000,,2026-09-16,144375
016/193,ロケット団のワナイダー :ロケット団マークミラー,,single,6800,,2026-09-19,732628
016/742,チコリータ :ミラー,,single,,17500,2026-09-19,740163
016/ADV-P,キモリ,P,single,380000,400000,2026-09-19,452601
016/E-P,オーダイル,P,single,300000,380000,2026-09-19,452549
016/PCG-P,メタグロス,P,single,66999,,2026-09-19,452664
016/S8A-P,ネンドール,プロモ,single,4000,4100,2026-09-19,286963
017/018,ゴマゾウ,,single,50000,,2026-09-19,110837
017/018,ポケモンいれかえ,,single,,34999,2026-09-19,430734
017/020,シロナの覇気 :ミラー,,single,5500,,2026-09-19,288993
017/022,ニャースM,,single,127600,120000,2026-09-19,683736
017/024,ミュウツーGX,RR,single,11000,10490,2026-09-19,396636
017/027,ディアルガ R :1ED,,single,48700,48000,2026-09-19,107392
017/028,ルナアーラ (リーリエ),,single,7200,6500,2026-09-19,124083
017/028,ルナアーラ (リーリエ) : ミラー,,single,6000,4999,2026-09-19,141439
017/032,ニャオニクス U :1ED,,single,13800,13500,2026-09-19,385661
017/032,ミルタンク,,single,6000,6888,2026-09-19,147510
017/032,ルギアex,,single,5700,4990,2026-09-19,115270
017/032,ガルーラ,,single,3800,3999,2026-09-19,147511
017/034,マグマ団のポチエナ C :1ED,,single,,100000,2026-09-19,381941
017/036,ミュウ :1ED,,single,264000,240000,2026-09-19,91475
017/038,イーブイGX,,single,12900,12700,2026-09-19,392716
017/048,わるいフシギソウ ◆ :1ED,,single,90000,,2026-09-19,110845
017/048,わるいフシギソウ ◆,,single,,69999,2026-09-19,110875
017/049,ゲンシグラードンEX,,single,29999,27400,2026-09-19,381069
017/049,イベルタルEX,,single,12500,39800,2026-09-19,381118
017/050,ギラティナ,R,single,11000,11000,2026-09-19,335598
017/052,ゼニガメ :1ED,,single,,470000,2026-09-19,434689
017/054,ムンナ,C,single,19999,,2026-09-19,393082
017/064,コダック,C,single,28500,,2026-09-19,290884
017/066,ゲッコウガex,,single,5000,7500,2026-09-19,214558
017/068,トゲチックδ-デルタ種 ★,,single,,120000,2026-09-19,109308
017/070,バクフーン ☆ :ミラー :1ED,,single,268000,244444,2026-09-19,109109
017/070,バクフーン ☆ :1ED,,single,130000,140000,2026-09-19,109112
017/070,ホエルオーEX RR :1ED,,single,7900,,2026-09-19,381766
017/070,ホエルオーEX,RR,single,4000,11500,2026-09-19,381767
017/070,ヤドン ● :ミラー :1ED,,single,,135000,2026-09-19,556748
017/070,ヤドン ● :1ED,,single,,49900,2026-09-19,556747
017/071,カメックス,R,single,7980,7888,2026-09-19,137067
017/071,ピカチュウ,C,single,7500,7500,2026-09-19,120676
017/072,フリーザー,,single,115000,88000,2026-09-19,91486
017/078,オムスターBREAK RR :1ED,,single,39800,,2026-09-19,389539
017/080,サンダース ◆ :ミラー :1ED,,single,57000,124800,2026-09-19,558731
017/080,サンダース ◆ :1ED,,single,36800,,2026-09-19,558730
017/080,レシラム,R,single,6299,,2026-09-19,702967
017/082,ウツボット ★,,single,30000,,2026-09-19,438705
017/086,シャンデラ R :マスターボールミラー,,single,12000,,2026-09-19,609627
017/086,レシラムex,RR,single,6500,7999,2026-09-19,584791
017/087,ガーディ C :1ED,,single,12800,12800,2026-09-19,386905
017/088,ブースター ★ :1ED,,single,398000,298000,2026-09-19,91900
017/088,ウインディ ★ :1ED,,single,185000,288000,2026-09-19,91936
017/088,ウインディ ★,,single,,298000,2026-09-19,91937
017/090,リザードン R: 再販,,single,280000,380000,2026-09-19,109191
017/090,リザードン R: 1ED,,single,195000,185000,2026-09-19,91689
017/092,ウインディ ★,,single,500000,408000,2026-09-19,91764
017/092,ウインディ ★ :1ED,,single,438000,500000,2026-09-19,91763
017/092,ギャラドス ★,,single,128000,,2026-09-19,449015
017/092,ギャラドス ★ :1ED,,single,18000,,2026-09-19,449014
017/100,マフォクシーV,RR,single,3998,,2026-09-19,136958
017/128,メリープ ● :1ED,,single,,35000,2026-09-19,431048
017/131,フォッコ,,single,11000,,2026-09-19,391039
017/150,レシラム,,single,,15000,2026-09-19,397556
017/165,ピジョン C: マスターボールミラー,,single,10500,10380,2026-09-19,128140
017/171,フリーザー :ミラー,,single,36000,,2026-09-19,386025
017/171,フリーザー,,single,20000,25000,2026-09-19,385873
017/184,リザードン,,single,7000,7500,2026-09-19,141003
017/187,チャデス :マスターボールミラー,,single,6800,,2026-09-19,471578
017/ADV-P,アチャモ,P,single,,390000,2026-09-19,452602
017/E-P,バクフーン,P,single,598000,639800,2026-09-19,452550
017/M-P,ニャオハ,P,single,4500,4500,2026-09-19,671483
017/S8A-P,レントラーGL LV.X,プロモ,single,4222,4580,2026-09-19,286966
018/018,ヨーギラス,,single,167000,185000,2026-09-19,92009
018/018,アルトマーレキューブ,,single,,45500,2026-09-19,430735
018/019,レックウザex,,single,500000,2600000,2026-09-19,91790
018/020,チラーミィ C :1ED,,single,39000,,2026-09-19,408258
018/020,ロケット団の幹部 :1ED,,single,15500,,2026-09-19,446536
018/022,ムクホークM,,single,,70000,2026-09-19,683737
018/024,カイリキー,C,single,6980,,2026-09-19,396637
018/027,ラティアス R :1ED,,single,117800,115000,2026-09-19,107390
018/028,ザシアンV,RR,single,9900,9900,2026-09-19,141440
018/029,ゼニガメ :1ED,,single,,770000,2026-09-19,429146
018/032,イベルタル U :1ED,,single,11500,14500,2026-09-19,385662
018/038,イーブイGX,,single,12500,13000,2026-09-19,392734
018/040,ミュウ ☆,,single,1090000,1080000,2026-09-19,91664
018/049,ルカリオEX,,single,14200,,2026-09-19,381070
018/051,ピカチュウ (15),,single,44500,44480,2026-09-19,397419
018/051,ピカチュウ,,single,40000,54000,2026-09-19,397418
018/051,キングドラ,R,single,,45011,2026-09-19,335000
018/052,コダックδ-デルタ種 ● :1ED,,single,,759000,2026-09-19,437404
018/059,ポッチャマ,C,single,,300000,2026-09-19,390017
018/059,ポッチャマ C :1ED,,single,,38000,2026-09-19,390016
018/066,ピカチュウex,,single,8200,7999,2026-09-19,214559
018/066,ピカチュウex (ノーマル ver.),,single,8000,17490,2026-09-19,219810
018/070,ヤドラン ★ :ミラー :1ED,,single,89980,,2026-09-19,556750
018/070,アチャモ C :1ED,,single,45000,38000,2026-09-19,381535
018/071,かがやくカメックス,K,single,7399,7350,2026-09-19,128522
018/072,ピカチュウ,,single,120000,120000,2026-09-19,106718
018/078,グレイシアEX RR :1ED,,single,33500,33800,2026-09-19,106715
018/078,グレイシアEX,RR,single,,25000,2026-09-19,389540
018/080,ギャラドスEX RR :1ED,,single,33000,29000,2026-09-19,107348
018/083,キュウコンex ☆,,single,199999,319999,2026-09-19,91824
018/086,ブースターδ-デルタ種 R: 1ED,,single,239999,,2026-09-19,91990
018/086,ミジュマル C :マスターボールミラー,,single,7999,8900,2026-09-19,609779
018/086,メラルバ C :マスターボールミラー,,single,7000,,2026-09-19,609629
018/086,ブースターδ-デルタ種 R: 再販,,single,,400000,2026-09-19,91991
018/087,ウインディ U :1ED,,single,,15000,2026-09-19,386906
018/090,トドゼルガ ★ :1ED,,single,,20000,2026-09-19,448514
018/095,ファイヤー,R,single,7500,6666,2026-09-19,396321
018/096,バシャーモGX,RR,single,5500,18000,2026-09-19,334344
018/098,オムスターV,RR,single,5000,,2026-09-19,100545
018/106,ヘルガー ★ :1ED,,single,95000,,2026-09-19,438205
018/128,ケーシィ ● :1ED,,single,31000,99999,2026-09-19,431049
018/141,アカネのオオタチ ● :1ED,,single,30000,40000,2026-09-19,427865
018/150,レシラムGX,RR,single,5500,15000,2026-09-19,112746
018/165,ピジョット U: マスターボールミラー,,single,14800,18500,2026-09-19,128141
018/173,キュウコン :ミラー,,single,7800,,2026-09-19,396176
018/187,ヤバソチャ :マスターボールミラー,,single,4500,,2026-09-19,471579
018/193,ヒビキのマグマッグ :エネルギーマークミラー,,single,8000,8000,2026-09-19,732631
018/414,リーフィアVMAX,,single,4980,,2026-09-19,380094
018/742,メガメガニウムex :ミラー,,single,8500,9999,2026-09-19,740167
018/ADV-P,アチャモ,P,single,,458000,2026-09-19,452603
018/DP-P,ヒコザルLV.8,プロモ,single,,480000,2026-09-19,453209
018/DPT-P,カイリューFB フロンティアブレーン,プロモ,single,320000,,2026-09-19,91679
018/M-P,ホゲータ,P,single,4500,4799,2026-09-19,671484
018/S8A-P,ガブリアスC LV.X,プロモ,single,5200,5100,2026-09-19,286967
019/018,ディアルガEX,,single,1200000,1700000,2026-09-19,380912
019/018,ダイゴのダンバル,,single,4800,4200,2026-09-19,509418
019/019,デオキシスex,,single,1300000,,2026-09-19,110049
019/020,チラチーノ U :1ED,,single,37000,45999,2026-09-19,408261
019/020,ロケット団のミッション :1ED,,single,14500,,2026-09-19,446623
019/022,ミミロルM,,single,50000,50000,2026-09-19,683738
019/024,プリン,C,single,12000,13000,2026-09-19,396638
019/027,ラティオス R :1ED,,single,100000,105000,2026-09-19,107387
019/028,ザマゼンタV,RR,single,9000,9000,2026-09-19,141441
019/032,サーナイトEX RR :1ED,,single,129900,118000,2026-09-19,91493
019/032,すごいつりざお,,single,3500,,2026-09-19,147516
019/032,ハイパーボール,,single,,7499,2026-09-19,147517
019/036,メロエッタ :1ED,,single,34800,29800,2026-09-19,106682
019/038,イーブイGX,,single,17379,17380,2026-09-19,392744
019/048,レックウザEX,,single,19999,19000,2026-09-19,635062
019/051,ライチュウGX,,single,10000,11000,2026-09-19,397420
019/053,ピカチュウV RR仕様,,single,7500,7500,2026-09-19,379601
019/053,ピカチュウV :ノーマル仕様,,single,7100,7200,2026-09-19,802480
019/070,ヒトデマン ● :ミラー :1ED,,single,,29800,2026-09-19,556752
019/071,ヤドン,C,single,7999,7999,2026-09-19,137068
019/071,コリンク,C,single,3500,,2026-09-19,120678
019/072,ライチュウ,,single,,98000,2026-09-19,381443
019/080,MギャラドスEX,RR,single,80000,80000,2026-09-19,390769
019/080,MギャラドスEX RR :1ED,,single,41900,37000,2026-09-19,107349
019/080,ランターン ★ :1ED,,single,25000,,2026-09-19,558737
019/081,コイキング C :1ED,,single,39999,29800,2026-09-19,385395
019/086,ミュウツーδ-デルタ種 R: 再販,,single,880000,,2026-09-19,91993
019/086,ミュウツーδ-デルタ種 R: 1ED,,single,720000,700000,2026-09-19,91992
019/086,フタチマル C :マスターボールミラー,,single,6499,,2026-09-19,609781
019/086,ウルガモス R :マスターボールミラー,,single,6200,5800,2026-09-19,609631
019/087,キレイハナ ★ :1ED,,single,39800,,2026-09-19,429889
019/087,ポニータ C :1ED,,single,,12000,2026-09-19,386907
019/088,ファイヤー ★ :1ED,,single,290000,299999,2026-09-19,91938
019/090,フローゼルGL ★ :1ED,,single,24800,,2026-09-19,448516
019/090,ポニータ C: 色違い: 1ED,,single,,385000,2026-09-19,109192
019/092,ヘルガー ◆ :1ED,,single,22000,,2026-09-19,429460
019/095,コイキング&ホエルオーGX,RR,single,14500,14700,2026-09-19,396322
019/106,エンテイ☆ ◇: 再販,,single,1820000,,2026-09-19,93271
019/106,エンテイ☆ ◇: 1ED,,single,1600000,,2026-09-19,93269
019/128,ゴース ● :1ED,,single,65000,65000,2026-09-19,431050
019/131,マフォクシー,,single,,10000,2026-09-19,391041
019/150,フォッコ :ミラー,,single,13456,,2026-09-19,397724
019/165,コラッタ C: マスターボールミラー,,single,19000,23800,2026-09-19,128142
019/172,エンテイV,RR,single,5111,6000,2026-09-19,103048
019/173,ブースター :ミラー,,single,14800,15000,2026-09-19,396177
019/23,インフルエンサーの紹介,,single,11500,11000,2026-09-19,739102
019/30TH-P,モクロー,プロモ,single,9500,5000,2026-09-19,775840
019/ADV-P,ミズゴロウ,P,single,13256,,2026-09-19,452604
019/BW-P,ポカブ,P,single,,590000,2026-09-19,415393
019/DP-P,ポッチャマLV.9,プロモ,single,149999,,2026-09-19,453210
019/DPT-P,バトルタワー,プロモ,single,29400,,2026-09-19,453412
019/L-P,ピカチュウ,プロモ,single,440000,378000,2026-09-19,91657
019/M-P,クワッス,P,single,4499,4500,2026-09-19,671485
019/PLAY,_のカイオーガ,プロモ,single,249000,249999,2026-09-19,91724
019/S8A-P,ドンファン,プロモ,single,4199,4200,2026-09-19,286968
020/019,ゲンガーVMAX,SA,single,295000,325000,2026-09-19,91178
020/019,マリィのモルペコ,,single,8900,8999,2026-09-19,509405
020/020,カミツレ C :1ED,,single,15600,125000,2026-09-19,108767
020/022,アルセウス,,single,130000,,2026-09-19,683739
020/022,マリィ,,single,14000,15000,2026-09-19,291985
020/024,ブルー,C,single,,8800,2026-09-19,396639
020/025,レシラム,プロモ,single,14900,14800,2026-09-19,98529
020/027,ブラックキュレム R :1ED,,single,36000,40000,2026-09-19,107400
020/028,ピカチュウV,RR,single,5800,5998,2026-09-19,141442
020/029,カメックス :1ED,,single,,248000,2026-09-19,429148
020/032,MサーナイトEX RR :1ED,,single,158000,160000,2026-09-19,91491
020/032,パソコン通信,,single,9800,9800,2026-09-19,147520
020/032,パソコン通信,,single,,9800,2026-09-19,147518
020/036,フーパEX :1ED,,single,29800,40000,2026-09-19,385701
020/048,MレックウザEX,,single,26500,23800,2026-09-19,635063
020/048,ナッシー ◆ :1ED,,single,5000,150000,2026-09-19,111787
020/049,ディアルガEX,,single,17500,17500,2026-09-19,381121
020/049,ソルガレオ&ルナアーラGX (リーリエ),RR,single,10400,8999,2026-09-19,124079
020/050,ミミッキュ,R,single,30000,35000,2026-09-19,336255
020/052,カメックスex :1ED,,single,399999,,2026-09-19,434695
020/052,カメックスex,,single,85000,420000,2026-09-19,93280
020/053,ゼクロム,R,single,,55555,2026-09-19,405606
020/060,モルペコVMAX,RRR,single,5000,,2026-09-19,113233
020/067,ギャラドスV,RR,single,,5480,2026-09-19,113249
020/070,ニョロボン ★ :1ED,,single,38000,,2026-09-19,556868
020/070,コイキング,C,single,29800,32000,2026-09-19,145455
020/071,ヤドラン,U,single,,7999,2026-09-19,137069
020/072,サンダー,,single,60000,56480,2026-09-19,91487
020/078,ヤドラン,R,single,8000,15000,2026-09-19,270348
020/080,ランターン ☆ :ミラー,,single,248000,,2026-09-19,558944
020/080,ランターン ☆,,single,135000,,2026-09-19,558943
020/080,ランターン ☆ :1ED,,single,128000,120000,2026-09-19,108851
020/080,スイクン R :1ED,,single,39000,36500,2026-09-19,390770
020/080,マグマ団のヘルガー ★ :1ED,,single,,399999,2026-09-19,431299
020/080,ランターン ☆ :ミラー :1ED,,single,,350000,2026-09-19,108868
020/081,ギャラドス U :1ED,,single,,21000,2026-09-19,385397
020/086,バンギラスδ-デルタ種 R: 1ED,,single,225000,252000,2026-09-19,109971
020/086,ダイケンキ R :マスターボールミラー,,single,6000,,2026-09-19,609783
020/086,ヒヤップ C :マスターボールミラー,,single,4500,6999,2026-09-19,609633
020/087,キレイハナ ★,,single,150000,188888,2026-09-19,91876
020/087,キレイハナ ★ :1ED,,single,98000,108000,2026-09-19,91875
020/088,マグカルゴ ★ :1ED,,single,50000,,2026-09-19,91903
020/092,コダック ●,,single,470000,599999,2026-09-19,429463
020/092,コダック ● :1ED,,single,300000,320000,2026-09-19,429462
020/092,ネオラント ★ :1ED,,single,29800,,2026-09-19,449020
020/093,レシラム :ミラー :1ED,,single,,1000000,2026-09-19,407953
020/094,ゲッコウガGX,RR,single,12000,12000,2026-09-19,334579
020/100,バシャーモFBLV.X ☆ :1ED,,single,29900,,2026-09-19,109212
020/106,ホウオウex ☆,,single,360000,,2026-09-19,438206
020/106,ホウオウex ☆: 1ED,,single,77000,330000,2026-09-19,91787
020/128,ディグダ ● :1ED,,single,,65000,2026-09-19,431051
020/165,ラッタ U: マスターボールミラー,,single,19999,20000,2026-09-19,128143
020/171,グレイシアEX,,single,23999,18000,2026-09-19,106294
020/184,バシャーモVMAX,RRR,single,4180,4999,2026-09-19,141007
020/193,エンテイ :モンスターボール/オシャボミラー,,single,7000,,2026-09-19,732634
020/193,エンテイ :エネルギーマークミラー,,single,6000,10000,2026-09-19,732635
020/23,ウエートレス,,single,,12999,2026-09-19,739103
020/30TH-P,ニャビー,プロモ,single,4000,9000,2026-09-19,775841
020/ADV-P,ミズゴロウ,P,single,,600000,2026-09-19,452605
020/DPT-P,SPエネルギー,プロモ,single,,29800,2026-09-19,453413
020/L-P,クレセリア,プロモ,single,,135000,2026-09-19,91648
020/M-P,ピカチュウ,P,single,10400,10000,2026-09-19,671486
020/PCG-P,ラルースのゴンベ,P,single,,900000,2026-09-19,452668
020/PLAY,_のグラードン,プロモ,single,200000,195000,2026-09-19,91711
020/SM-P,ハウ,プロモ,single,25000,29700,2026-09-19,91253
0207/07,ニャース,AR,single,59998,49999,2026-09-19,706804
021/020,シェイミEX :1ED,,single,99900,130000,2026-09-19,91587
021/021,リーリエの決心,,single,9300,9300,2026-09-19,686812
021/022,アルセウス,,single,98000,,2026-09-19,683740
021/024,ブルー,C,single,,8800,2026-09-19,396640
021/025,ゼクロム,プロモ,single,15000,15000,2026-09-19,98530
021/027,ホワイトキュレム R :1ED,,single,41000,48000,2026-09-19,107401
021/028,なみのりピカチュウV,RR,single,12480,12200,2026-09-19,141443
021/029,ワニノコ :1ED,,single,,175000,2026-09-19,429149
021/031,カスミの水さばき,,single,14500,12900,2026-09-19,127031
021/032,フラベベ C :1ED,,single,14000,14800,2026-09-19,385663
021/046,ダークライEX,,single,23000,,2026-09-19,410285
021/048,わるいマタドガス ◆ :1ED,,single,37800,,2026-09-19,110873
021/048,シェイミEX,,single,11000,10000,2026-09-19,635064
021/052,カブトプスδ-デルタ種 R: 1ED,,single,99800,,2026-09-19,109345
021/060,ゲッコウガ R :1ED,,single,59800,,2026-09-19,379709
021/064,カイオーガ,R,single,15500,,2026-09-19,290888
021/067,ギャラドスVMAX,RRR,single,7000,6980,2026-09-19,113250
021/067,レントラーV,RR,single,6900,,2026-09-19,139461
021/070,ニョロトノ ★ :1ED,,single,39000,,2026-09-19,556870
021/070,ニョロトノ ★ :ミラー :1ED,,single,30400,54900,2026-09-19,556871
021/070,ギャラドス,R,single,8000,,2026-09-19,145456
021/070,ラプラス ★ :ミラー :1ED,,single,,59999,2026-09-19,556756
021/071,コイキング,C,single,7700,7999,2026-09-19,137070
021/078,サンダー U :1ED,,single,12500,,2026-09-19,382086
021/080,マナフィEX RR :1ED,,single,17500,19000,2026-09-19,390772
021/080,マナフィEX,RR,single,12000,,2026-09-19,390773
021/080,ロトム ★ :ミラー :1ED,,single,,69800,2026-09-19,558742
021/081,ギャラドス,R,single,128000,90000,2026-09-19,385400
021/081,ギャラドス R :1ED,,single,68000,70000,2026-09-19,385399
021/084,わるいヘルガー ★ :1ED,,single,145000,148000,2026-09-19,437661
021/084,わるいヘルガー,R,single,99000,,2026-09-19,110083
021/086,ボーマンダδ-デルタ種 R: 1ED,,single,140000,140000,2026-09-19,109972
021/086,ボーマンダδ-デルタ種 R: 再販,,single,127800,,2026-09-19,109979
021/086,ヒヤッキー U :マスターボールミラー,,single,8400,5550,2026-09-19,609635
021/086,バスラオ C :マスターボールミラー,,single,,6000,2026-09-19,609785
021/087,カメックスEX RR :1ED,,single,22800,22000,2026-09-19,106321
021/088,ニョロモ ● :1ED,,single,40000,,2026-09-19,430092
021/092,ゴルダック ● :1ED,,single,50000,,2026-09-19,429464
021/093,レシラムEX,,single,,100000,2026-09-19,407956
021/093,レシラムEX :1ED,,single,,40000,2026-09-19,407955
021/095,ゼニガメ,C,single,12800,,2026-09-19,396324
021/128,ワンリキー ● :1ED,,single,,35000,2026-09-19,431052
021/131,カエンジシ,,single,,12999,2026-09-19,391043
021/141,マツバのゲンガー ● :1ED,,single,710000,,2026-09-19,92089
021/165,オニスズメ C: マスターボールミラー,,single,17800,15000,2026-09-19,128144
021/171,マナフィEX,,single,11800,14000,2026-09-19,385876
021/173,ビクティニ,,single,35000,,2026-09-19,396003
021/187,ブースター :マスターボールミラー,,single,9250,8400,2026-09-19,471580
021/187,ブースター,,single,6500,9990,2026-09-19,434884
021/187,ブースター :モンスターボールミラー,,single,6500,,2026-09-19,466298
021/190,レシラム,,single,4600,4400,2026-09-19,144381
021/193,ヒビキのホウオウex,RR,single,,4999,2026-09-19,730067
021/DPT-P,レインボーエネルギー,プロモ,single,,29800,2026-09-19,453414
021/E-P,ピカチュウ,P,single,390000,470000,2026-09-19,452554
021/L-P,ダークライ,プロモ,single,,418000,2026-09-19,91652
021/M-P,ラルトス,P,single,4380,4499,2026-09-19,671487
021/P,ピカチュウ,プロモ,single,150000,,2026-09-19,93285
021/PLAY,_のレックウザ,プロモ,single,850000,800000,2026-09-19,91719
021/XY-P,ゲッコウガEX,P,single,33000,27800,2026-09-19,411675
022/020,レシラム SR :1ED,,single,588888,555000,2026-09-19,91583
022/021,ゴースト,,single,7500,7100,2026-09-19,674424
022/021,メロエッタ,,single,4100,4100,2026-09-19,674431
022/022,アルセウス,,single,125000,130000,2026-09-19,683741
022/024,ベロリンガ,C,single,,11111,2026-09-19,396641
022/025,ミュウツーEX,プロモ,single,11499,10900,2026-09-19,98532
022/027,ニャース C :1ED,,single,31980,23000,2026-09-19,385576
022/028,なみのりピカチュウVMAX,RRR,single,15000,11000,2026-09-19,141444
022/029,ワニノコ :1ED,,single,,129980,2026-09-19,429150
022/032,フラエッテ U :1ED,,single,14980,14980,2026-09-19,385664
022/032,ふしぎなアメ,,single,4000,,2026-09-19,147523
022/048,わるいリザード ◆ :1ED,,single,88888,,2026-09-19,110843
022/048,わるいリザード ◆,,single,,99800,2026-09-19,110874
022/049,ヤドン :ミラー,,single,,37777,2026-09-19,335535
022/050,ミュウEX R :1ED,,single,187000,170000,2026-09-19,404999
022/050,ミュウEX,R,single,49800,,2026-09-19,108808
022/050,ゲンガー,R,single,37800,40000,2026-09-19,334491
022/052,デオキシスδ-デルタ種 R: 1ED,,single,290000,295000,2026-09-19,109340
022/052,デオキシスδ-デルタ種 R: 再販,,single,50000,,2026-09-19,109356
022/052,キュレムEX R :1ED,,single,25000,,2026-09-19,404741
022/053,ピカチュウ ●,,single,189000,160000,2026-09-19,110650
022/053,ピカチュウ ● :1ED,,single,170000,115000,2026-09-19,432354
022/060,ピカチュウ,C,single,58000,97500,2026-09-19,379712
022/060,ピカチュウ C :1ED,,single,58000,83000,2026-09-19,379711
022/068,ボーマンダexδ-デルタ種 ☆,,single,495000,,2026-09-19,109283
022/068,アローラロコンV,RR,single,9790,,2026-09-19,288632
022/070,コイキング ● :ミラー :1ED,,single,78000,198000,2026-09-19,109158
022/070,コイキング ● :1ED,,single,62800,49000,2026-09-19,556872
022/071,ギャラドス,R,single,7000,7498,2026-09-19,137071
022/073,コイキング,C,single,8500,,2026-09-19,269931
022/080,シャワーズ ★ :1ED,,single,195000,188000,2026-09-19,431303
022/080,シャワーズ ★,,single,,220000,2026-09-19,110607
022/080,ホエルコ ● :ミラー :1ED,,single,,80000,2026-09-19,562373
022/080,ベトベター ● :ミラー :1ED,,single,,49800,2026-09-19,558746
022/081,シャワーズ C :1ED,,single,,19800,2026-09-19,385401
022/083,メガゲッコウガex,RR,single,5500,7500,2026-09-19,774169
022/086,ラプラス ★ :1ED,,single,73800,,2026-09-19,437500
022/086,ヤドン ● :1ED,,single,59800,,2026-09-19,437243
022/086,オタマロ C :マスターボールミラー,,single,,8000,2026-09-19,609637
022/087,キュウコン ★ :1ED,,single,100000,160000,2026-09-19,429892
022/087,MカメックスEX RR :1ED,,single,34000,30000,2026-09-19,106316
022/087,キュウコン ★,,single,,550000,2026-09-19,110750
022/092,トサキント ● :1ED,,single,,40000,2026-09-19,429468
022/092,トサキント ●,,single,,29800,2026-09-19,429469
022/093,コイキング: ミラー,,single,,1700000,2026-09-19,108539
022/093,コイキング :1ED,,single,,65000,2026-09-19,407957
022/096,ミロカロスV,RR,single,10000,,2026-09-19,145350
022/096,バシャーモ ★,,single,,110000,2026-09-19,447885
022/108,トドゼルガex ☆ :1ED,,single,38000,,2026-09-19,435021
022/114,アローラロコン :ミラー,,single,33333,33999,2026-09-19,335872
022/128,イシツブテ ● :1ED,,single,,32000,2026-09-19,431053
022/150,アローラロコン :ミラー,,single,30000,30000,2026-09-19,397727
022/165,オニドリル U: マスターボールミラー,,single,17500,18400,2026-09-19,128145
022/187,ブースターex,RR,single,6000,6000,2026-09-19,427217
022/E-P,ウパー,P,single,9980,99000,2026-09-19,452555
022/L-P,オタチ,プロモ,single,49980,87000,2026-09-19,453455
022/M-P,リオル,P,single,5499,5500,2026-09-19,671488
022/PLAY,シャワーズ☆,プロモ,single,2600000,,2026-09-19,93230
023/020,エモンガ SR :1ED,,single,228000,220000,2026-09-19,91586
023/022,インテレオンVMAX,SA,single,12500,13500,2026-09-19,93026
023/024,メタモン,U,single,18500,17200,2026-09-19,396642
023/027,レジギガス R :1ED,,single,30000,28800,2026-09-19,107398
023/028,そらをとぶピカチュウV,RR,single,11490,10748,2026-09-19,141445
023/029,アリゲイツ :1ED,,single,,298000,2026-09-19,429151
023/032,ペロッパフ C :1ED,,single,14500,14800,2026-09-19,385665
023/036,ダークライ :1ED,,single,28000,27500,2026-09-19,385704
023/048,ウインディ ◆,,single,120000,129999,2026-09-19,110871
023/052,ピカチュウ C :1ED,,single,167000,225000,2026-09-19,404743
023/052,ピジョットδ-デルタ種 R: 再販,,single,64800,,2026-09-19,109357
023/053,ライチュウex ☆ :1ED,,single,370000,361000,2026-09-19,432355
023/053,ライチュウex ☆,,single,350000,,2026-09-19,110646
023/053,ゼラオラ,,single,,12800,2026-09-19,379605
023/055,エレブーex ☆,,single,24000,110000,2026-09-19,110653
023/059,ゴースト U :1ED,,single,30000,,2026-09-19,389887
023/060,エモンガEX RR :1ED,,single,20000,,2026-09-19,379834
023/066,ミライドン,,single,3500,5000,2026-09-19,214564
023/068,ラティオスexδ-デルタ種 ☆ :1ED,,single,1200000,,2026-09-19,91738
023/070,ギャラドス ★ :1ED,,single,89999,78000,2026-09-19,109139
023/070,ミロカロス R :1ED,,single,14500,,2026-09-19,381778
023/070,ギャラドス ★ :ミラー :1ED,,single,,135000,2026-09-19,109114
023/070,アリゲイツ ● :ミラー :1ED,,single,,58000,2026-09-19,556760
023/070,ミロカロス,R,single,,24000,2026-09-19,381779
023/071,ゲンガー,R,single,7199,7000,2026-09-19,139348
023/071,ラプラス,R,single,6980,5000,2026-09-19,137072
023/071,ピカチュウ,C,single,6780,6980,2026-09-19,180187
023/072,ヤドン,,single,39000,,2026-09-19,381446
023/073,ギャラドス,R,single,,14999,2026-09-19,269932
023/078,フーディンEX RR :1ED,,single,44000,,2026-09-19,389549
023/078,フーディンEX,RR,single,13500,,2026-09-19,389550
023/086,オムナイト ●,,single,300000,298000,2026-09-19,437502
023/086,ガマガル C :マスターボールミラー,,single,6000,7700,2026-09-19,609639
023/086,スワンナ U :マスターボールミラー,,single,4999,,2026-09-19,609789
023/086,オムナイト ● :1ED,,single,,218000,2026-09-19,437501
023/088,ヒトデマン ● :1ED,,single,30000,,2026-09-19,430096
023/088,ライボルトEX RR :1ED,,single,7000,,2026-09-19,390527
023/092,ピチュー ◆ :1ED,,single,60000,100000,2026-09-19,449026
023/092,アズマオウ ●,,single,,32000,2026-09-19,429471
023/093,ギャラドス :1ED,,single,39800,39800,2026-09-19,407960
023/100,パウワウ ● :1ED,,single,,50000,2026-09-19,449270
023/106,ヤドラン ★,,single,,120000,2026-09-19,438212
023/108,ピカチュウ ● :1ED,,single,192000,400000,2026-09-19,435022
023/128,カラカラ ● :1ED,,single,95000,134800,2026-09-19,431054
023/131,フリーザー,,single,16666,,2026-09-19,391045
023/165,アーボ C: マスターボールミラー,,single,14800,,2026-09-19,128146
023/171,ホワイトキュレム :ミラー,,single,50000,150001,2026-09-19,386028
023/187,カルボウ :マスターボールミラー,,single,6000,6000,2026-09-19,471581
023/ADV-P,ピカチュウ,P,single,555555,550000,2026-09-19,452608
023/PLAY,サンダース☆,プロモ,single,3000000,,2026-09-19,93228
023/S8A-P,ゼルネアスEX,プロモ,single,4100,4000,2026-09-19,286969
023/SM-P,アローラロコン,P,single,19200,15000,2026-09-19,403463
024/020,ミュウEX :1ED,,single,980000,970000,2026-09-19,91584
024/025,MレックウザEX,プロモ,single,19800,19499,2026-09-19,98534
024/026,ミニスカートのおすすめ,,single,5500,60001,2026-09-19,381390
024/027,アルセウス R :1ED,,single,80000,76000,2026-09-19,91509
024/028,そらをとぶピカチュウVMAX,RRR,single,12800,11500,2026-09-19,141446
024/029,オーダイル :1ED,,single,,75000,2026-09-19,429152
024/032,ペロリーム U :1ED,,single,16000,19000,2026-09-19,385666
024/036,ダークライ :1ED,,single,72800,65000,2026-09-19,106671
024/048,わるいカメール ◆,,single,,89999,2026-09-19,110876
024/048,わるいカメール ◆ :1ED,,single,,54800,2026-09-19,110846
024/052,ギャラドスδ-デルタ種 R: 再販,,single,500000,,2026-09-19,109334
024/052,ギャラドスδ-デルタ種 R: 1ED,,single,380000,450000,2026-09-19,91753
024/052,ライチュウ U :1ED,,single,40000,,2026-09-19,404745
024/053,ピチュー ★ :1ED,,single,140000,128000,2026-09-19,432356
024/053,モルペコ,,single,,9800,2026-09-19,379606
024/054,ガブリアス,R,single,8000,,2026-09-19,393089
024/059,ゲンガー R :1ED,,single,75000,70900,2026-09-19,107364
024/059,ゲンガー,R,single,,555555,2026-09-19,389889
024/059,レアコイル C :1ED,,single,,55000,2026-09-19,390028
024/060,エーフィGX,RR,single,16900,,2026-09-19,106192
024/066,ミュウツー,,single,6900,5300,2026-09-19,214565
024/069,グレイシアV,RR,single,8499,8500,2026-09-19,112522
024/070,マリル ● :ミラー :1ED,,single,7700,,2026-09-19,556874
024/070,オーダイル ◆ :1ED,,single,,65000,2026-09-19,556761
024/071,ライチュウ,C,single,,15800,2026-09-19,180188
024/072,ゴース,,single,,60000,2026-09-19,381447
024/078,MフーディンEX RR :1ED,,single,19800,39800,2026-09-19,389551
024/080,エーフィ ★ :ミラー :1ED,,single,370000,234999,2026-09-19,558753
024/080,エーフィ ★,,single,168000,,2026-09-19,108874
024/080,エーフィ ★ :1ED,,single,120000,109000,2026-09-19,409925
024/082,ギャラドス,R,single,400000,,2026-09-19,110091
024/086,メタモン ★ :1ED,,single,598000,,2026-09-19,437247
024/086,ガマゲロゲ U :マスターボールミラー,,single,3980,12800,2026-09-19,609641
024/086,メタモン,R,single,,899999,2026-09-19,110011
024/088,MライボルトEX RR :1ED,,single,10000,,2026-09-19,390528
024/090,グレイシア ★,,single,95000,,2026-09-19,448527
024/092,ピカチュウ ◆ :1ED,,single,299999,,2026-09-19,449028
024/092,ピカチュウ ◆,,single,260000,,2026-09-19,449029
024/092,マリル ● :1ED,,single,39999,,2026-09-19,429472
024/093,フリーザー :ミラー :1ED,,single,,100000,2026-09-19,407964
024/095,ヤドン,C,single,49999,46000,2026-09-19,335091
024/098,ピカチュウ,C,single,6399,6000,2026-09-19,287928
024/100,ガラルヒヒダルマVMAX,RRR,single,4999,,2026-09-19,144976
024/128,ヨーギラス ● :1ED,,single,35000,49000,2026-09-19,431055
024/141,マツバのヨルノズク ● :1ED,,single,7700,,2026-09-19,427869
024/171,ケロマツ :ミラー,,single,29800,,2026-09-19,386029
024/171,ケロマツ,,single,8000,,2026-09-19,385879
024/172,スイクンV,RR,single,8000,7000,2026-09-19,103049
024/187,テツノドクガ :マスターボールミラー,,single,6500,6999,2026-09-19,471582
024/187,テツノドクガ,,single,4500,,2026-09-19,466301
024/187,テツノドクガ :モンスターボールミラー,,single,,6200,2026-09-19,466302
024/ADV-P,ピカチュウ,プロモ,single,910000,,2026-09-19,91818
024/DP-P,ニャルマー,プロモ,single,,45000,2026-09-19,453215
024/E-P,サンダー,P,single,150000,139800,2026-09-19,452557
024/L-P,モノマネむすめ,プロモ,single,555555,555555,2026-09-19,93162
024/S-P,ピカチュウ,P,single,27800,28000,2026-09-19,298872
024/SM-P,トゲデマル,プロモ,single,,30000,2026-09-19,107554
025/020,メロエッタEX SR :1ED,,single,76000,84500,2026-09-19,91588
025/024,ヨシダ警部補,SR,single,25000,26000,2026-09-19,127026
025/025,ミュウ,HR,single,,99999,2026-09-19,489499
025/026,サトシのゆうじょう,,single,,30000,2026-09-19,390721
025/028,ピカチュウV-UNION (左上),RRR,single,8280,6550,2026-09-19,516413
025/032,ニンフィアEX RR :1ED,,single,105000,114000,2026-09-19,91494
025/036,イベルタル :1ED,,single,,18000,2026-09-19,385705
025/046,レックウザEX,,single,130000,138000,2026-09-19,410289
025/048,なみのりピカチュウ ◆ :1ED,,single,530000,1400000,2026-09-19,91669
025/048,なみのりピカチュウ ◆,,single,398000,568000,2026-09-19,91670
025/050,アローラキュウコンGX,RR,single,5500,,2026-09-19,335606
025/051,ミュウツーGX,,single,30000,28800,2026-09-19,397451
025/051,デオキシスEX R :1ED,,single,14000,140000,2026-09-19,404272
025/052,サンダー R :1ED,,single,,110000,2026-09-19,404747
025/053,ネイティ ● :1ED,,single,12000,45000,2026-09-19,432358
025/054,デンリュウex ☆,,single,272000,,2026-09-19,110637
025/054,デンリュウex ☆ :1ED,,single,150000,,2026-09-19,432463
025/055,ライボルト ★ :1ED,,single,100000,,2026-09-19,431766
025/055,ゲッコウガ&ゾロアークGX,RR,single,7500,7900,2026-09-19,393207
025/059,ミュウツーEX RR :1ED,,single,20000,19000,2026-09-19,389890
025/060,ゲンガー,R,single,17300,15500,2026-09-19,145538
025/063,カスミのコイキング,C,single,,9000,2026-09-19,518768
025/069,ライコウEX R :1ED,,single,16000,,2026-09-19,404896
025/069,グレイシアVMAX,RRR,single,7980,7999,2026-09-19,141674
025/070,オーダイル ☆ :1ED,,single,170000,144444,2026-09-19,109162
025/070,ガラルフリーザーV,RR,single,2500,,2026-09-18,143985
025/070,マリルリ ★ :1ED,,single,,30000,2026-09-19,556875
025/080,ムウマ ● :ミラー :1ED,,single,,99999,2026-09-19,558756
025/080,ビリリダマ ● :1ED,,single,,45800,2026-09-19,562384
025/080,ムウマ ● :1ED,,single,,39800,2026-09-19,558755
025/081,キュレムEX RR :1ED,,single,8800,15900,2026-09-19,385407
025/081,キュレムEX,RR,single,,25000,2026-09-19,385408
025/083,ミロカロス ★,,single,123000,,2026-09-19,110591
025/086,バニリッチ C :マスターボールミラー,,single,6000,,2026-09-19,609793
025/086,プロトーガ U :マスターボールミラー,,single,,5500,2026-09-19,609643
025/087,ギャロップ ◆,,single,29800,,2026-09-19,429896
025/087,ニョロボン R :1ED,,single,13800,13500,2026-09-19,386911
025/088,ジュゴン ★ :1ED,,single,89800,,2026-09-19,91942
025/092,ライチュウ ★ :1ED,,single,38000,89999,2026-09-19,449030
025/092,ライチュウ ★,,single,,90000,2026-09-19,449031
025/096,カメックス ★ :1ED,,single,135000,130000,2026-09-19,447890
025/096,カメックス ★,,single,88000,358000,2026-09-19,447891
025/106,シャワーズ,R,single,150000,,2026-09-19,110026
025/106,シャワーズ ★ :1ED,,single,49800,,2026-09-19,438215
025/131,オクタン,,single,,10000,2026-09-19,391047
025/141,マツバのヤミカラス ★ :1ED,,single,140000,185000,2026-09-19,111798
025/165,ピカチュウ C: マスターボールミラー (マスボピカチュウ),,single,84900,84000,2026-09-19,128147
025/165,ピカチュウ C :リバースホロ,,single,35000,,2026-09-19,486010
025/165,ピカチュウ C: モンスターボールミラー,,single,20000,20000,2026-09-19,127809
025/165,ピカチュウ,C,single,7777,7000,2026-09-19,127808
025/187,イーユイ :マスターボールミラー,,single,6500,5980,2026-09-19,471583
025/190,ヒトカゲ :ミラー,,single,6980,,2026-09-19,162110
025/ADV-P,ジラーチ,P,single,100000,530000,2026-09-19,452609
025/DP-P,ピカチュウLV.13,プロモ,single,599999,748000,2026-09-19,453216
025/E-P,ブラッキー,P,single,580000,680000,2026-09-19,452558
025/P,ブラッキー,プロモ,single,195000,,2026-09-19,93283
025/PCG-P,ラルースのゴンベ,P,single,49995,400000,2026-09-19,450709
025/S8A-P,カプ・テテフGX,プロモ,single,4100,4099,2026-09-19,286970
026/026,ロケット団のいやがらせ,,single,,70000,2026-09-19,106113
026/028,ピカチュウV-UNION (右上),RRR,single,6700,6899,2026-09-19,516414
026/032,ニンフィアEX RR :1ED,,single,428000,425000,2026-09-19,91490
026/032,ニンフィアEX RR :1ED,,single,58000,,2026-09-19,385667
026/032,オーキドはかせ,,single,5000,5000,2026-09-19,115278
026/032,オーキド博士,,single,,5000,2026-09-19,147533
026/036,ジラーチ :1ED,,single,27000,29800,2026-09-19,385706
026/040,ルカリオ ★,,single,9000,,2026-09-19,562593
026/050,プリン,C,single,7700,8800,2026-09-19,335607
026/051,ミュウ,,single,47800,48500,2026-09-19,397452
026/054,プラスル ★,,single,118000,,2026-09-19,432465
026/054,ルカリオ,U,single,9000,10000,2026-09-19,393091
026/055,ミュウツーex ☆,,single,1000000,1020000,2026-09-19,91832
026/055,ミュウツーex ☆ :1ED,,single,800000,800000,2026-09-19,431768
026/059,MミュウツーEX,RR,single,50000,,2026-09-19,389893
026/059,MミュウツーEX RR :1ED,,single,28980,24000,2026-09-19,389892
026/059,ライコウ R :1ED,,single,8500,,2026-09-19,390032
026/067,かがやくゲッコウガ,K,single,4800,6979,2026-09-19,96589
026/068,オーダイルδ-デルタ種 ★,,single,50000,,2026-09-19,109298
026/069,プラスル C :1ED,,single,68000,,2026-09-19,404897
026/069,ピカチュウ,C,single,8000,7000,2026-09-19,141675
026/070,ウパー ● :ミラー :1ED,,single,49800,,2026-09-19,556878
026/070,ウパー ● :1ED,,single,,37800,2026-09-19,556877
026/071,マリル,C,single,4200,,2026-09-19,184077
026/071,プリン,C,single,3500,,2026-09-19,120685
026/072,ゲンガー,,single,92000,98000,2026-09-19,106721
026/080,カブトプスex ☆ :1ED,,single,150000,,2026-09-19,431310
026/081,サンダース R :1ED,,single,7580,23500,2026-09-19,385409
026/081,サンダース,R,single,6000,35000,2026-09-19,385410
026/086,アバゴーラ R :マスターボールミラー,,single,6600,,2026-09-19,609645
026/086,バイバニラ U :マスターボールミラー,,single,6500,,2026-09-19,609795
026/087,エンテイ ★,,single,25000,,2026-09-19,110747
026/087,パウワウ C :1ED,,single,,12800,2026-09-19,386912
026/088,コイキング ● :1ED,,single,183000,,2026-09-19,430563
026/088,シャワーズ ★ :1ED,,single,130000,118000,2026-09-19,430102
026/092,ライチュウLV.X ☆: 1ED,,single,300000,298000,2026-09-19,109224
026/092,ライチュウLV.X ☆,,single,222000,450000,2026-09-19,449032
026/092,マリルリ ★ :1ED,,single,140000,123000,2026-09-19,91765
026/096,コダック ● :1ED,,single,200000,,2026-09-19,447892
026/106,オーダイル ★ :1ED,,single,,300000,2026-09-19,438216
026/128,コラッタ ● :1ED,,single,30000,,2026-09-19,431057
026/165,ライチュウ R: マスターボールミラー,,single,11500,12000,2026-09-19,128148
026/165,ライチュウ,R,single,11000,,2026-09-19,127810
026/171,ゲッコウガ,,single,12800,,2026-09-19,385881
026/190,リザード :ミラー,,single,6980,,2026-09-19,162111
026/E-P,スイクン,P,single,,180000,2026-09-19,452559
026/PCG-P,R団のライコウex,P,single,450000,,2026-09-19,452670
027/028,ピカチュウV-UNION (左下),RRR,single,6800,6666,2026-09-19,516415
027/029,ポケモンいれかえ :1ED,,single,49000,39800,2026-09-19,429155
027/032,ディアンシー U :1ED,,single,14000,11800,2026-09-19,385668
027/032,ポケモンだいすきクラブ,,single,8000,,2026-09-19,147534
027/032,オーキド博士,,single,5000,,2026-09-19,147535
027/032,釣り人,,single,5000,,2026-09-19,147536
027/036,ジラーチ :1ED,,single,65555,64000,2026-09-19,106670
027/040,アブソル ☆,,single,458000,,2026-09-19,108850
027/048,わるいユンゲラー ◆,,single,76000,,2026-09-19,111592
027/048,わるいユンゲラー ◆ :1ED,,single,7980,,2026-09-19,111584
027/052,オムスターδ-デルタ種 R: 再販,,single,60000,,2026-09-19,109363
027/052,オムスターδ-デルタ種 R: 1ED,,single,40000,,2026-09-19,109354
027/053,ルカリオV,,single,21300,18000,2026-09-19,379621
027/054,マイナン ★,,single,118000,,2026-09-19,432467
027/055,ラルトス ● :1ED,,single,25000,,2026-09-19,431769
027/059,ミュウツーEX RR :1ED,,single,18800,17800,2026-09-19,390033
027/059,ミュウツーEX,RR,single,15500,,2026-09-19,390034
027/059,クレセリアEX R :1ED,,single,8000,,2026-09-19,405893
027/067,トゲチック,U,single,4499,,2026-09-19,139541
027/069,ライチュウ,R,single,9800,13500,2026-09-19,141676
027/070,ヌオー ★ :1ED,,single,49800,59800,2026-09-19,556879
027/070,ゲンガー,R,single,8888,8000,2026-09-19,141891
027/070,サニーゴ ◆ :1ED,,single,,24500,2026-09-19,556765
027/071,ピカチュウ,C,single,6000,6000,2026-09-19,137076
027/071,かがやくサーナイト,K,single,4080,6980,2026-09-19,96670
027/078,ミュウ R :1ED,,single,27400,29800,2026-09-19,389557
027/078,ミュウ,R,single,,65000,2026-09-19,389558
027/080,スイクンex ☆,,single,640000,694980,2026-09-19,91827
027/080,スイクンex ☆ :1ED,,single,348000,,2026-09-19,431311
027/080,マルマイン ☆,,single,119999,,2026-09-19,562392
027/080,マルマイン ☆ :1ED,,single,118000,112500,2026-09-19,108837
027/080,マルマイン ☆ :ミラー :1ED,,single,,298000,2026-09-19,108832
027/081,デンリュウEX RR :1ED,,single,15000,15000,2026-09-19,385411
027/082,ルンパッパ ★ :1ED,,single,5000,,2026-09-19,438529
027/086,ママンボウ U :マスターボールミラー,,single,,7800,2026-09-19,609647
027/087,エンテイ ★ :1ED,,single,180000,198000,2026-09-19,91879
027/087,ジュゴン U :1ED,,single,,12800,2026-09-19,386913
027/088,シャワーズ ★ :1ED,,single,389000,480000,2026-09-19,91905
027/088,ギャラドス ★ :1ED,,single,,380000,2026-09-19,430565
027/090,ライチュウGL ★ :1ED,,single,,79999,2026-09-19,448532
027/095,コイキング,C,single,33333,22999,2026-09-19,396330
027/106,ニョロトノex ☆ :1ED,,single,105000,,2026-09-19,438217
027/108,サンダース☆ ◇: 1ED,,single,980000,,2026-09-19,91976
027/108,サンダース☆ ◇: 再販,,single,,4499999,2026-09-19,91977
027/128,オニスズメ ● :1ED,,single,11800,25000,2026-09-19,431058
027/141,ミカンのライチュウ ● :1ED,,single,85000,85000,2026-09-19,111803
027/150,グレイシアGX,RR,single,7900,9000,2026-09-19,112747
027/165,サンド C: マスターボールミラー,,single,17000,,2026-09-19,128149
027/171,ゲッコウガ :ミラー,,single,59800,,2026-09-19,386032
027/171,ゲッコウガ,,single,12000,,2026-09-19,385882
027/L-P,勝利のメダル,プロモ,single,22800,,2026-09-19,91653
027/P,タッチ世代交代！,プロモ,single,130000,,2026-09-19,91848
027/PLAY,カイオーガex,プロモ,single,488000,,2026-09-19,93225
028/028,ピカチュウV-UNION,RRR,single,29979,29979,2026-09-19,141447
028/028,ピカチュウV-UNION (右下),RRR,single,5980,5899,2026-09-19,516416
028/031,リーリエ,,single,7999,10000,2026-09-19,392850
028/032,チルット C :1ED,,single,13000,24000,2026-09-19,385669
028/032,ポケモンだいすきクラブ,,single,12000,,2026-09-19,147538
028/032,ポケモンだいすきクラブ,,single,10000,,2026-09-19,147539
028/032,ポケモンナース,,single,5500,6200,2026-09-19,147537
028/036,ゲノセクト :1ED,,single,,29800,2026-09-19,385707
028/040,カビゴン ★,,single,290000,,2026-09-19,562594
028/048,わるいヤドラン ◆ :1ED,,single,25000,94999,2026-09-19,111597
028/048,わるいヤドラン ◆,,single,5800,199999,2026-09-19,111771
028/052,ミュウツーEX R :25thホロ,,single,1340000,3500000,2026-09-19,428827
028/052,ラフレシアδ-デルタ種 R: 1ED,,single,89800,98000,2026-09-19,109352
028/052,サーナイト,R,single,68000,,2026-09-19,108817
028/052,サーナイト R :1ED,,single,45000,,2026-09-19,404753
028/052,ミュウツーEX R :1ED,,single,40000,160000,2026-09-19,404589
028/053,サーナイトex ☆ :1ED,,single,158000,160000,2026-09-19,432364
028/053,カイリューGX,RR,single,16499,16888,2026-09-19,391701
028/053,サーナイトex ☆,,single,15000,,2026-09-19,91831
028/055,ゲッコウガ,R,single,23800,24800,2026-09-19,393210
028/059,MミュウツーEX RR :25thホロ,,single,1800000,3500000,2026-09-19,428826
028/059,MミュウツーEX RR :1ED,,single,38000,32000,2026-09-19,390035
028/068,レックウザexδ-デルタ種 ☆,,single,1780000,,2026-09-19,91989
028/069,ビリリダマ,C,single,4500,,2026-09-19,141677
028/071,ピカチュウ,R,single,12000,13000,2026-09-19,137077
028/071,パオジアンex,RR,single,,6780,2026-09-19,117185
028/072,ひかるボルケニオン,H,single,18999,16900,2026-09-19,105484
028/080,フワンテ ● :1ED,,single,,35800,2026-09-19,558767
028/081,MデンリュウEX RR :1ED,,single,18500,,2026-09-19,385413
028/081,MデンリュウEX,RR,single,7000,38000,2026-09-19,385414
028/086,カイオーガ☆ ◇: 1ED,,single,1850000,3000000,2026-09-19,91994
028/086,カイオーガ☆ ◇: 再販,,single,1350000,,2026-09-19,91995
028/086,クマシュン C :マスターボールミラー,,single,6900,6000,2026-09-19,609649
028/087,ヒトデマン C :1ED,,single,5500,,2026-09-19,386914
028/088,ギャラドス ★,,single,960000,,2026-09-19,91951
028/088,ギャラドス ★ :1ED,,single,900000,950000,2026-09-19,91950
028/090,サンダース ★ :1ED,,single,32000,32000,2026-09-19,448534
028/092,ビリリダマ C: 色違い: 1ED,,single,250000,,2026-09-19,109272
028/092,ウパー ● :1ED,,single,85000,,2026-09-19,429477
028/092,ビリリダマ C: 色違い: 再版,,single,,299999,2026-09-19,109222
028/095,ギャラドス,R,single,18980,15000,2026-09-19,396331
028/095,スイクンGX,RR,single,12000,7999,2026-09-19,335095
028/114,ピカチュウ :ミラー,,single,28999,29000,2026-09-19,335878
028/127,ピカチュウV,,single,19999,10000,2026-09-19,816922
028/128,ピッピ ● :1ED,,single,59800,59800,2026-09-19,431059
028/131,ラグラージ,,single,15000,26999,2026-09-19,391050
028/141,ミカンのレアコイル ● :1ED,,single,,88000,2026-09-19,427871
028/165,サンドパン U: マスターボールミラー,,single,12800,16500,2026-09-19,128150
028/171,ゲッコウガBREAK,,single,38000,36999,2026-09-19,385883
028/172,オリジンパルキアVSTAR,RRR,single,6000,,2026-09-19,103059
028/187,トサキント :マスターボールミラー,,single,6000,20000,2026-09-19,471584
028/190,マルヤクデVMAX,RRR,single,7000,,2026-09-19,144392
028/ADV-P,ニャース,P,single,195000,282800,2026-09-19,452612
028/DPT-P,基本悪エネルギー,プロモ,single,,99800,2026-09-19,453421
028/E-P,ピチュー兄弟,P,single,520000,800000,2026-09-19,452568
028/L-P,ヤドン,プロモ,single,398000,359000,2026-09-19,453458
028/P,ピチュー兄弟,プロモ,single,39800,,2026-09-19,91843
028/PLAY,グラードンex,プロモ,single,880000,,2026-09-19,93244
029/028,ザシアンV,,single,15000,,2026-09-19,326951
029/028,博士の研究（オーキド博士）,SR,single,4800,4499,2026-09-19,112826
029/029,モーモーミルク :1ED,,single,16888,,2026-09-19,429157
029/032,チルタリス U :1ED,,single,25000,27800,2026-09-19,385670
029/032,ボスの指令,,single,6000,7000,2026-09-19,147542
029/032,ボスの指令,,single,6000,,2026-09-19,147541
029/032,ボスの指令,,single,,6000,2026-09-19,147540
029/036,ゲノセクト :1ED,,single,36800,59800,2026-09-19,385708
029/051,ピッピ,,single,,8999,2026-09-19,397424
029/054,ルカリオ&メルメタルGX,RR,single,12500,12000,2026-09-19,393271
029/054,フーパ,R,single,8000,,2026-09-19,393094
029/055,サーナイト ★,,single,30000,,2026-09-19,110651
029/062,フーパex,RR,single,,7508,2026-09-19,136482
029/063,メガルカリオex,RR,single,3999,5500,2026-09-19,628159
029/070,ルギアLEGEND ☆: 1ED,,single,30000,,2026-09-19,335042
029/070,オクタン ★ :1ED,,single,,19999,2026-09-19,556769
029/071,ヤドン,C,single,29999,29999,2026-09-19,120781
029/072,ピカチュウ,C,single,28999,23800,2026-09-19,390936
029/076,エムリット R :1ED,,single,,25000,2026-09-19,406661
029/080,ゲッコウガ R :1ED,,single,21500,19500,2026-09-19,390788
029/086,トドゼルガex ☆,,single,19500,,2026-09-19,110017
029/086,スターミーδ-デルタ種 R: 1ED,,single,12800,,2026-09-19,109990
029/086,ツンベアー R :マスターボールミラー,,single,6500,,2026-09-19,609651
029/088,ラプラス ●,,single,49800,,2026-09-19,430567
029/090,レントラーGL ★ :1ED,,single,34800,,2026-09-19,448536
029/093,ミジュマル :ミラー :1ED,,single,,100000,2026-09-19,407980
029/094,ミュウツー&ミュウGX,RR,single,16999,16500,2026-09-19,321540
029/095,ベトベトン&アローラベトベトンGX,RR,single,10000,9800,2026-09-19,392975
029/114,ライチュウ :ミラー,,single,19800,19799,2026-09-19,335879
029/128,ニャース ● :1ED,,single,80000,82000,2026-09-19,431060
029/139,ゲッコウガex,,single,13980,5000,2026-09-19,129819
029/141,ミカンのエレブー ● :1ED,,single,19800,,2026-09-19,427872
029/165,ニドラン♀ C: マスターボールミラー,,single,13500,12990,2026-09-19,128151
029/171,ピカチュウ: ミラー,,single,248000,219999,2026-09-19,106301
029/171,ピカチュウ,,single,18500,18800,2026-09-19,385884
029/187,アズマオウ :マスターボールミラー,,single,6500,,2026-09-19,471585
029/193,レシラムex,RR,single,,7777,2026-09-19,730075
029/ADV-P,ニャース,P,single,255555,218000,2026-09-19,452613
029/DP-P,ポッチャマLV.9,プロモ,single,189999,,2026-09-19,453220
029/E-P,ハネッコ,P,single,40000,40000,2026-09-19,452569
029/L-P,ヤドラン,プロモ,single,,800000,2026-09-19,453459
029/PLAY,レックウザex,プロモ,single,480000,3500000,2026-09-19,93243
029/S-P,ニャースVMAX,プロモ,single,36000,33300,2026-09-19,91110
030/028,ミュウ ふしぎなしっぽ,UR,single,46999,55000,2026-09-19,91161
030/028,ザマゼンタV,,single,12000,,2026-09-19,326952
030/032,ヤヤコマ C :1ED,,single,18000,24000,2026-09-19,385671
030/032,マサキ,,single,4800,4800,2026-09-19,147543
030/032,マサキ,,single,4800,,2026-09-19,147545
030/049,モグリュー,C,single,4200,,2026-09-19,340619
030/050,ルカリオGX,RR,single,18000,20000,2026-09-19,338399
030/050,サーナイト,R,single,15500,,2026-09-19,335611
030/051,ピクシー,,single,,11111,2026-09-19,397427
030/054,クチートGX,RR,single,11500,,2026-09-19,393095
030/055,エビワラーex ☆,,single,14500,,2026-09-19,110658
030/064,マーシャドー,U,single,9800,,2026-09-19,290897
030/066,ギラティナ,PR,single,36800,,2026-09-19,338326
030/068,キュウコンδ-デルタ種 ★,,single,698000,698000,2026-09-19,109289
030/069,サンダースV,RR,single,8000,,2026-09-19,112523
030/070,ルギアLEGEND ☆: 1ED,,single,430000,425000,2026-09-19,93184
030/070,マンタイン ◆ :ミラー :1ED,,single,,59800,2026-09-19,556771
030/071,ミュウツーV,RR,single,7400,7400,2026-09-19,137079
030/071,ヤドキングex,RR,single,4980,,2026-09-19,120782
030/072,ライチュウGX,RR,single,12000,17000,2026-09-19,390937
030/073,ウェーニバルex,RR,single,2699,,2026-09-19,111961
030/078,エルレイドEX RR :1ED,,single,9800,8499,2026-09-19,382104
030/078,エルレイドEX,RR,single,,7980,2026-09-19,382105
030/080,ゲッコウガBREAK RR :1ED,,single,52000,47000,2026-09-19,390790
030/080,ゲッコウガBREAK,RR,single,,250000,2026-09-19,390791
030/080,メガピクシーex,RR,single,,7999,2026-09-19,752411
030/086,シャワーズδ-デルタ種 R: 1ED,,single,250000,197000,2026-09-19,91996
030/086,シャワーズδ-デルタ種 R: 再販,,single,80000,,2026-09-19,91997
030/086,バチュル C :マスターボールミラー,,single,3980,7499,2026-09-19,609801
030/086,フリージオ U :マスターボールミラー,,single,,6000,2026-09-19,609653
030/087,ドククラゲ ★,,single,98000,,2026-09-19,91882
030/087,ドククラゲ ★ :1ED,,single,39800,90000,2026-09-19,91881
030/087,スターミーBREAK RR :1ED,,single,12800,,2026-09-19,386916
030/090,レントラーGLLV.X ☆ :1ED,,single,,230000,2026-09-19,448538
030/092,スイクン ★ :1ED,,single,80000,85000,2026-09-19,429481
030/095,フリーザー,R,single,,18999,2026-09-19,396333
030/100,ピカチュウV,RR,single,7980,7900,2026-09-19,144982
030/100,キュレムVMAX,RRR,single,5000,7000,2026-09-19,136971
030/100,ナンジャモのハラバリーex,RR,single,4000,,2026-09-19,485642
030/108,ピチュー ★ :1ED,,single,219800,238000,2026-09-19,435028
030/131,ガマゲロゲEX,,single,,18000,2026-09-19,391052
030/141,ミカンのサンダース ● :1ED,,single,158000,165000,2026-09-19,111788
030/165,ニドリーナ U: マスターボールミラー,,single,17000,21000,2026-09-19,128152
030/171,ライチュウ :ミラー,,single,54800,58000,2026-09-19,386033
030/171,ライチュウ,,single,14800,14800,2026-09-19,385885
030/187,シャワーズ :マスターボールミラー,,single,9800,9000,2026-09-19,471586
030/187,シャワーズ :モンスターボールミラー,,single,5999,6000,2026-09-19,466308
030/ADV-P,ゴニョニョ,P,single,,35000,2026-09-19,452614
030/L-P,ヤドキング,プロモ,single,497000,498000,2026-09-19,453460
030/PLAY,ホウオウex,プロモ,single,438000,340000,2026-09-19,91717
030/XY-P,リザードンEX PROMO,,single,155000,155000,2026-09-19,182581
0307/07,ゲンガー,AR,single,60500,60000,2026-09-19,706805
0309/09,ホゲータ,AR,single,18900,,2026-09-19,528642
031/032,おはなのかんむり C :1ED,,single,35000,,2026-09-19,385672
031/032,ロケット団の幹部,,single,5000,5000,2026-09-19,115280
031/032,ロケット団の幹部,,single,5000,,2026-09-19,147546
031/032,ロケット団の幹部,,single,5000,,2026-09-19,147547
031/036,マギアナ :1ED,,single,27000,26800,2026-09-19,106683
031/040,カイリュー ☆,,single,79800,,2026-09-19,562597
031/051,ブラッキー,R,single,320000,,2026-09-19,108774
031/051,ブラッキー R :1ED,,single,300000,,2026-09-19,404188
031/051,プリン,,single,18288,13799,2026-09-19,397428
031/053,バンギラスV,,single,7900,9000,2026-09-19,379625
031/055,サーナイト&ニンフィアGX,RR,single,18500,14850,2026-09-19,393213
031/066,ダークライ,PR,single,34000,,2026-09-19,336638
031/066,デスカーンex,RR,single,4500,,2026-09-19,150653
031/068,かがやくフーディン,K,single,7900,8000,2026-09-19,95117
031/070,ピチュー ★ :1ED,,single,85000,59700,2026-09-19,109152
031/070,ピチュー ★ :ミラー :1ED,,single,30000,,2026-09-19,109115
031/070,カイオーガEX RR :1ED,,single,23500,24800,2026-09-19,381794
031/070,カイオーガEX,RR,single,20000,24000,2026-09-19,381795
031/070,サーナイトVMAX,RRR,single,7000,7200,2026-09-19,145282
031/070,パルスワンV,RR,single,5000,,2026-09-19,145466
031/070,メリープ ● :ミラー :1ED,,single,,79800,2026-09-19,556773
031/071,ミュウツーVSTAR,RRR,single,5000,5300,2026-09-19,137080
031/076,マホイップV,RR,single,2980,,2026-09-19,145092
031/078,MエルレイドEX,RR,single,12000,13800,2026-09-19,382107
031/078,MエルレイドEX RR :1ED,,single,12000,10000,2026-09-19,382106
031/078,エレズン,C,single,3500,,2026-09-19,173379
031/082,パルシェン ★ :1ED,,single,128000,130000,2026-09-19,438731
031/086,デンチュラ U :マスターボールミラー,,single,4500,5000,2026-09-19,609803
031/087,ヤドン ● :1ED,,single,150000,299800,2026-09-19,429902
031/087,コイキング C :1ED,,single,17000,14999,2026-09-19,386917
031/087,ヤドン ●,,single,,128000,2026-09-19,429903
031/088,フリーザー ★ :1ED,,single,248000,400000,2026-09-19,91952
031/088,ニョロトノ ★ :1ED,,single,180000,230000,2026-09-19,91907
031/092,スイクン ★ :1ED,,single,399000,338000,2026-09-19,91767
031/092,スイクン ★,,single,,988880,2026-09-19,91768
031/095,ピカチュウ&ゼクロムGX RR :25thホロ,,single,2000000,,2026-09-19,428823
031/095,ピカチュウ&ゼクロムGX,RR,single,15999,15999,2026-09-19,396334
031/100,ホエルオー ◆ :1ED,,single,16000,,2026-09-19,449285
031/100,ピカチュウVMAX,RRR,single,8800,9000,2026-09-19,144983
031/108,ソーナンス ★ :1ED,,single,125000,,2026-09-19,435029
031/128,ミニリュウ ● :1ED,,single,39000,59800,2026-09-19,431062
031/141,ミカンのデンリュウ ● :1ED,,single,76800,,2026-09-19,111804
031/165,ニドクイン U: マスターボールミラー,,single,14000,14900,2026-09-19,128153
031/171,サンダース :ミラー,,single,16000,,2026-09-19,386034
031/171,サンダース,,single,,15500,2026-09-19,385886
031/173,カメックス,,single,,17000,2026-09-19,396013
031/187,シャワーズex,RR,single,6999,4500,2026-09-19,434886
031/190,ラプラスV,RR,single,2480,6000,2026-09-19,144397
031/ADV-P,ゴニョニョ,P,single,15000,,2026-09-19,452615
031/DP-P,フワライド,プロモ,single,150000,,2026-09-19,453222
031/DPT-P,勝利のメダル,プロモ,single,109800,,2026-09-19,91683
031/L-P,勝利のメダル,プロモ,single,100000,129000,2026-09-19,91655
031/PLAY,ルギアex,プロモ,single,900000,850000,2026-09-19,91714
031/SV-P,イーブイ,プロモ,single,11100,10000,2026-09-19,115256
031/XY-P,ヌメルゴン,P,single,,27000,2026-09-19,411685
032/032,ミツル U :1ED,,single,14000,15000,2026-09-19,106722
032/032,無色2個エネルギー,,single,8800,,2026-09-19,147548
032/032,無色2個エネルギー,,single,,8800,2026-09-19,147549
032/036,ゼルネアス :1ED,,single,,50000,2026-09-19,385710
032/051,プクリンGX,,single,12800,14800,2026-09-19,397429
032/052,グラードンEX R :1ED,,single,28000,,2026-09-19,404760
032/054,ガブリアス&ギラティナGX,RR,single,8299,7980,2026-09-19,393097
032/064,グラードン,R,single,,15000,2026-09-19,290899
032/066,ルカリオex,,single,7500,,2026-09-19,214573
032/068,ヒノアラシδ-デルタ種 ●,,single,,150000,2026-09-19,436975
032/070,ピカチュウ ● :ミラー :1ED,,single,300000,219800,2026-09-19,91672
032/070,ピカチュウ ● :1ED,,single,83990,90000,2026-09-19,556883
032/070,ゲンシカイオーガEX,RR,single,44000,43999,2026-09-19,381797
032/070,ゲンシカイオーガEX RR :1ED,,single,42700,59700,2026-09-19,381796
032/070,モココ ● :ミラー :1ED,,single,33800,,2026-09-19,556775
032/070,ドサイドン,R,single,12800,,2026-09-19,381564
032/075,リザードンδ-デルタ種 ★,,single,1958000,1880000,2026-09-19,91981
032/075,リザードンδ-デルタ種 ★ :1ED,,single,1450000,,2026-09-19,91980
032/076,マホイップVMAX,RRR,single,10000,10500,2026-09-19,145093
032/080,ニドリーナ ◆ :ミラー :1ED,,single,,78000,2026-09-19,562410
032/086,エモンガ C :マスターボールミラー,,single,6100,6180,2026-09-19,609655
032/086,マッギョ U :マスターボールミラー,,single,6000,4000,2026-09-19,609805
032/086,エモンガ C :モンスターボールミラー,,single,,7800,2026-09-19,609654
032/087,ギャラドス R :1ED,,single,23499,23500,2026-09-19,386918
032/092,ゲンガー ★ :1ED,,single,290000,268000,2026-09-19,449041
032/092,ゲンガー ★,,single,222222,280000,2026-09-19,449042
032/092,コイル ● :1ED,,single,,58000,2026-09-19,429482
032/096,デデンネ U :1ED,,single,29800,,2026-09-19,390274
032/096,パルキアG ★ :1ED,,single,29800,,2026-09-19,447904
032/096,カイオーガ,R,single,19800,,2026-09-19,334358
032/100,ナンジャモのタイカイデン,R,single,1000,,2026-09-14,485644
032/106,スイクン☆ ◇: 再販,,single,2450000,,2026-09-19,93270
032/106,スイクン☆ ◇: 1ED,,single,,4500000,2026-09-19,93268
032/108,バンギラスex,RR,single,4980,,2026-09-19,132177
032/128,デルビル ● :1ED,,single,24999,34000,2026-09-19,431063
032/131,ピカチュウ,,single,19500,19900,2026-09-19,401315
032/141,ミカンのハガネール ★ :1ED,,single,268000,,2026-09-19,92090
032/165,ニドラン♂ C: マスターボールミラー,,single,15000,15000,2026-09-19,128154
032/165,ニドラン♂ C: モンスターボールミラー,,single,2500,,2026-09-19,127823
032/171,サンダースEX,,single,33000,20800,2026-09-19,106290
032/187,ワニノコ :マスターボールミラー,,single,7000,7480,2026-09-19,471587
032/190,ラプラスVMAX,RRR,single,9000,8000,2026-09-19,144398
032/193,コダック :エネルギーマークミラー,,single,21111,9800,2026-09-19,732653
032/193,コダック :モンスターボール/オシャボミラー,,single,11000,10800,2026-09-19,732652
032/E-P,ピチュー,P,single,230000,194999,2026-09-19,452572
032/L-P,勝利のメダル,プロモ,single,149800,200000,2026-09-19,91651
032/M-P,ラティアスex,P,single,7000,,2026-09-19,745686
032/PLAY,ジラーチex,プロモ,single,290000,,2026-09-19,91718
032/SM-P,アローラニャース,P,single,30000,55000,2026-09-19,403470
032/SV-P,イーブイ,プロモ,single,17300,29800,2026-09-19,139120
033/036,ラティオスEX :1ED,,single,29800,29800,2026-09-19,106686
033/048,ニドキング ★ :1ED,,single,60000,,2026-09-19,92079
033/048,サーナイトソウルリンク,,single,13500,13000,2026-09-19,635075
033/050,ゼルネアス,PR,single,,55555,2026-09-19,335614
033/050,アクジキングGX,RR,single,,19800,2026-09-19,334901
033/051,マーシャドーGX,RR,single,,15000,2026-09-19,334730
033/051,バリヤード,,single,,14800,2026-09-19,397430
033/051,アローラベトベトンGX,RR,single,,11111,2026-09-19,335015
033/052,アーマルドδ-デルタ種 R: 1ED,,single,68800,,2026-09-19,109360
033/052,アーマルドδ-デルタ種 ★,,single,20999,,2026-09-19,437422
033/053,ゼクロム,R,single,,9999,2026-09-19,391706
033/054,MハガネールEX RR :1ED,,single,10000,11500,2026-09-19,387233
033/055,ピクシー,U,single,,9200,2026-09-19,393215
033/060,ゼラオラGX,RR,single,6000,,2026-09-19,334789
033/066,コライドン,,single,3500,,2026-09-19,214574
033/069,エーフィ U :1ED,,single,50000,57000,2026-09-19,404904
033/070,ライチュウ ★ :1ED,,single,85000,80000,2026-09-19,556884
033/070,デンリュウ ◆ :1ED,,single,14000,16500,2026-09-19,556776
033/075,フーディン☆ ◇ :1ED,,single,188000,,2026-09-19,91982
033/076,ザシアン,AR,single,11500,10000,2026-09-19,102299
033/080,ヨーギラス ● :ミラー,,single,11500,,2026-09-19,558790
033/082,ライボルトex ☆ :1ED,,single,50000,155000,2026-09-19,438541
033/084,ミズゴロウ☆ ◇: 1ED,,single,5300000,,2026-09-19,92066
033/086,メタモン ★ :1ED,,single,169000,,2026-09-19,437258
033/086,メタモン,R,single,61800,,2026-09-19,109991
033/086,コロモリ C :マスターボールミラー,,single,4200,,2026-09-19,609807
033/087,ピカチュウ C :1ED,,single,34000,34000,2026-09-19,386919
033/088,ピカチュウ ● :1ED,,single,550000,600000,2026-09-19,430110
033/088,ピカチュウ ●,,single,478000,600000,2026-09-19,110687
033/088,ゲンガーEX,RR,single,249800,333333,2026-09-19,390545
033/088,ゲンガーEX RR :1ED,,single,60000,70000,2026-09-19,390544
033/090,サンダーG[ギンガ],R,single,10000,69000,2026-09-19,109204
033/092,ビリリダマ ● :1ED,,single,,39800,2026-09-19,429484
033/092,ビリリダマ ●,,single,,28800,2026-09-19,429485
033/095,ゲンガー,U,single,28000,27000,2026-09-19,392979
033/096,パルキアGLV.X ☆ :1ED,,single,42800,222222,2026-09-19,447906
033/098,ロケット団のサンダー,R,single,6399,,2026-09-19,560970
033/100,リーリエのピッピex,RR,single,7000,,2026-09-19,485645
033/106,ピカチュウex,RR,single,6000,6200,2026-09-19,395191
033/131,ライチュウGX,,single,,12600,2026-09-19,401316
033/131,ケロマツ,,single,,12000,2026-09-19,391055
033/141,シジマのオコリザル ● :1ED,,single,,555555,2026-09-19,427873
033/150,ゲッコウガGX,RR,single,8490,8500,2026-09-19,112748
033/165,ニドリーノ U: マスターボールミラー,,single,18399,23000,2026-09-19,128155
033/171,ライコウ :ミラー,,single,23000,133333,2026-09-19,386035
033/172,かがやくゲッコウガ,K,single,4800,4799,2026-09-19,103802
033/173,シャワーズ :ミラー,,single,11000,18000,2026-09-19,396187
033/187,アリゲイツ :マスターボールミラー,,single,7000,6999,2026-09-19,471588
033/193,ゴルダック :モンスターボール/オシャボミラー,,single,6000,,2026-09-19,732654
033/ADV-P,フライゴン,P,single,,200000,2026-09-19,452617
033/E-P,ミュウ,P,single,569999,500000,2026-09-19,452573
033/L-P,勝利のメダル,プロモ,single,292000,256980,2026-09-19,91649
033/M-P,おいわいファンファーレ,P,single,80000,60000,2026-09-19,704198
033/P,ミュウ,プロモ,single,,2500000,2026-09-19,93284
033/PCG-P,ヨーギラス,P,single,,170000,2026-09-19,452677
033/S-P,バチンウニV,プロモ,single,19000,24000,2026-09-19,91111
033/SV-P,イーブイ,プロモ,single,34500,26000,2026-09-19,139119
034/036,レックウザEX :1ED,,single,180000,139800,2026-09-19,106687
034/048,キュウコン ★ :1ED,,single,98000,75000,2026-09-19,92074
034/048,レックウザソウルリンク,,single,28000,22500,2026-09-19,635076
034/051,ダークライ,R,single,15000,,2026-09-19,335016
034/051,カモネギ,,single,7500,,2026-09-19,397455
034/052,ジラーチ,R,single,15555,13000,2026-09-19,392630
034/053,ダークライ,,single,18000,,2026-09-19,379628
034/054,イベルタルBREAK RR :1ED,,single,4000,18000,2026-09-19,387181
034/066,ダークライex,,single,7500,7777,2026-09-19,214575
034/070,デンリュウ ☆ :1ED,,single,108000,114999,2026-09-19,109171
034/070,デンリュウ ☆: ミラー :1ED,,single,,333333,2026-09-19,109165
034/072,プラスル,C,single,,128888,2026-09-19,390941
034/075,ジュカインex δ-デルタ種 ☆ :1ED,,single,,269999,2026-09-19,109321
034/082,コイキング ●,,single,49000,,2026-09-19,438738
034/086,ココロモリ U :マスターボールミラー,,single,5399,,2026-09-19,609809
034/087,ライチュウ R :1ED,,single,28000,29900,2026-09-19,386920
034/088,MゲンガーEX,RR,single,89000,,2026-09-19,390547
034/088,MゲンガーEX RR :1ED,,single,75000,67000,2026-09-19,390546
034/088,イノムー ★ :1ED,,single,55000,88888,2026-09-19,91954
034/088,イノムー ★,,single,,500000,2026-09-19,91955
034/094,ラティオスGX,RR,single,20000,13000,2026-09-19,321545
034/100,ライチュウV,RR,single,7000,6500,2026-09-19,139777
034/106,サンダース,R,single,198000,,2026-09-19,110027
034/106,サンダース ★ :1ED,,single,59000,158000,2026-09-19,438228
034/139,ピカチュウ,,single,8500,,2026-09-19,129824
034/165,ニドキング R: マスターボールミラー,,single,18900,19000,2026-09-19,128156
034/171,ライボルトEX,,single,5000,9100,2026-09-19,385888
034/173,フリーザー :ミラー,,single,,20000,2026-09-19,396188
034/187,オーダイル :マスターボールミラー,,single,6000,7770,2026-09-19,471589
034/193,ロケット団のフリーザー :ロケット団マークミラー,,single,15000,12000,2026-09-19,732656
034/193,ロケット団のフリーザー,,single,,7500,2026-09-19,730080
034/M-P,シェイミ,プロモ,single,10000,9800,2026-09-19,816233
035/036,アルセウス :1ED,,single,20500,22000,2026-09-19,385711
035/047,ゾロアーク,,single,6500,,2026-09-19,409902
035/048,コイキング ★ :1ED,,single,450000,,2026-09-19,91687
035/048,コイキング ★,,single,400000,488888,2026-09-19,91688
035/050,ディアルガGX,RR,single,9600,13333,2026-09-19,338404
035/051,ラッキー,,single,14800,,2026-09-19,397431
035/052,デオキシスδ-デルタ種 R: 1ED,,single,498000,480000,2026-09-19,109341
035/053,ホワイトキュレムGX,RR,single,8500,,2026-09-19,391708
035/054,ルカリオ,R,single,29800,,2026-09-19,393277
035/054,ファイヤー&サンダー&フリーザーGX,RR,single,13000,11350,2026-09-19,393158
035/054,マギアナEX RR :1ED,,single,8200,,2026-09-19,387182
035/059,ゾロア C :1ED,,single,,9000,2026-09-19,389910
035/062,ゲンガー,U,single,7500,,2026-09-19,136657
035/068,ミュウツー,R,single,7500,7200,2026-09-19,288651
035/069,エーフィV,RR,single,9500,9500,2026-09-19,112524
035/070,ゴルバット ● :ミラー :1ED,,single,19999,,2026-09-19,556888
035/070,ドガース ● :ミラー :1ED,,single,,20000,2026-09-19,556778
035/071,ニンフィア,R,single,9000,6500,2026-09-19,137084
035/078,ジラーチ R :1ED,,single,28000,39800,2026-09-19,382114
035/078,ジラーチ,R,single,27500,28000,2026-09-19,382115
035/078,ヒラヒナ,C,single,3500,,2026-09-19,270107
035/080,アクア団のサメハダー ★ :1ED,,single,68000,,2026-09-19,431326
035/080,エーフィEX RR :1ED,,single,29999,29998,2026-09-19,107350
035/080,エーフィEX,RR,single,,100000,2026-09-19,390800
035/080,マクノシタ ● :1ED,,single,,35800,2026-09-19,558795
035/082,マイナン ★ :1ED,,single,78000,,2026-09-19,438544
035/082,ギャラドスex ☆ :1ED,,single,,580000,2026-09-19,438739
035/083,サクラビス ★ :1ED,,single,,40000,2026-09-19,432663
035/086,シビルドン U :マスターボールミラー,,single,6700,6500,2026-09-19,609661
035/086,シンボラー U :マスターボールミラー,,single,,25000,2026-09-19,609811
035/087,シードラ ● :1ED,,single,5000,,2026-09-19,429910
035/087,シードラ ●,,single,,120000,2026-09-19,429911
035/088,ライチュウ ★ :1ED,,single,198000,179999,2026-09-19,91909
035/088,ライチュウ ★,,single,183999,,2026-09-19,91910
035/092,マルマイン ★ :1ED,,single,46800,,2026-09-19,429488
035/131,ゲッコウガ,,single,22000,22200,2026-09-19,391057
035/141,シジマのサイドン ● :1ED,,single,80000,,2026-09-19,427875
035/165,ピッピ C: マスターボールミラー,,single,14500,9800,2026-09-19,128157
035/171,MライボルトEX,,single,11500,,2026-09-19,385889
035/187,ヒンバス :マスターボールミラー,,single,6000,,2026-09-19,471590
035/ADV-P,アブソル,P,single,,399000,2026-09-19,452619
035/E-P,トゲピー,P,single,88000,100000,2026-09-19,452575
035/L-P,ヒノアラシ,プロモ,single,,799980,2026-09-19,453462
035/PCG-P,R団のライコウex,P,single,539800,928800,2026-09-19,452679
035/PCG-P,R団のライコウex,プロモ,single,155000,,2026-09-19,93246
035/XY-P,フォッコ P :ミラー,,single,,20000,2026-09-19,411690
036/036,アルセウス :1ED,,single,39800,39800,2026-09-19,106672
036/040,ダークライ&クレセリアLEGEND ☆,,single,700000,2000000,2026-09-19,93177
036/048,ライチュウ ★ :1ED,,single,35000,115000,2026-09-19,92075
036/049,レシラム＆ゼクロムGX (N),RR,single,16000,15200,2026-09-19,138479
036/051,ガルーラ,,single,7555,9800,2026-09-19,397409
036/055,ラッキーex ☆ :1ED,,single,99999,153000,2026-09-19,431785
036/055,ラッキーex ☆,,single,,325000,2026-09-19,110652
036/059,ガラガラBREAK RR :1ED,,single,52000,17500,2026-09-19,390051
036/070,クロバット ◆ :ミラー :1ED,,single,30000,,2026-09-19,556890
036/070,マタドガス ★ :1ED,,single,10000,,2026-09-19,556779
036/070,マタドガス ★ :ミラー :1ED,,single,,39800,2026-09-19,556780
036/071,ヨーギラス,C,single,6500,,2026-09-19,120694
036/072,ゼクロム,R,single,,34500,2026-09-19,390943
036/080,ドクロッグEX RR :1ED,,single,8800,,2026-09-19,380708
036/081,フーパEX RR :1ED,,single,15000,15500,2026-09-19,385429
036/082,フリーザーex ☆ :1ED,,single,300000,,2026-09-19,438740
036/086,デスマス C :マスターボールミラー,,single,,11000,2026-09-19,609813
036/087,レアコイル R :1ED,,single,15000,16999,2026-09-19,386922
036/087,チョンチー ● :1ED,,single,,27800,2026-09-19,429912
036/088,サンダース ★,,single,85000,,2026-09-19,110689
036/088,サンダース ★ :1ED,,single,,130000,2026-09-19,430112
036/092,マルマイン ★ :1ED,,single,25000,79800,2026-09-19,91769
036/092,マルマイン ★,,single,24800,99800,2026-09-19,91770
036/093,キュレムEX :1ED,,single,,18500,2026-09-19,408005
036/095,ミュウツー,R,single,13000,9500,2026-09-19,392982
036/096,デンリュウ ★,,single,,250000,2026-09-19,447913
036/098,アンノーンVSTAR,RRR,single,,9999,2026-09-19,100549
036/114,ミュウツーGX,RR,single,21000,17500,2026-09-19,335886
036/131,ピカチュウ,,single,39500,40000,2026-09-19,391058
036/165,ピクシー U: マスターボールミラー,,single,12000,12000,2026-09-19,128158
036/173,ケルディオGX,RR,single,,7499,2026-09-19,396018
036/187,ミロカロス :マスターボールミラー,,single,7000,9800,2026-09-19,471591
036/187,ミロカロス :モンスターボールミラー,,single,5999,,2026-09-19,466315
036/190,カイオーガ,,single,4500,4800,2026-09-19,144403
036/193,メガユキメノコex,RR,single,6999,,2026-09-19,727385
036/ADV-P,サトシのキモリ,P,single,,1200000,2026-09-19,452620
036/DPT-P,勝利のメダル,プロモ,single,72000,,2026-09-19,91684
036/E-P,ニューラ,P,single,45900,79800,2026-09-19,452576
036/PCG-P,R団のペルシアンex,P,single,120000,,2026-09-19,452680
036/S-P,救助隊DXのピカチュウ,プロモ,single,168000,135000,2026-09-19,91121
036/XY-P,ケロマツ,P,single,30000,,2026-09-19,411692
037/036,イベルタルEX :1ED,,single,250000,400000,2026-09-19,91474
037/048,わるいフーディン ★,,single,,300000,2026-09-19,110842
037/050,レックウザEX R :1ED,,single,154000,178000,2026-09-19,405160
037/050,アルセウス,PR,single,30000,,2026-09-19,338406
037/050,アローラナッシーGX,RR,single,5100,5000,2026-09-19,334905
037/050,キュワワー,R,single,,5500,2026-09-19,389313
037/051,イーブイ,,single,12000,11800,2026-09-19,397432
037/052,デオキシスδ-デルタ種 ★,,single,458000,700000,2026-09-19,437427
037/052,デオキシスδ-デルタ種 R: 1ED,,single,250000,1100000,2026-09-19,109342
037/053,イーブイ,,single,,7999,2026-09-19,379583
037/054,マリルリ U :1ED,,single,17000,37800,2026-09-19,387184
037/054,ガルーラ,R,single,16000,,2026-09-19,393102
037/059,ゾロアークBREAK RR :1ED,,single,30000,44000,2026-09-19,389914
037/059,ゾロアークBREAK,RR,single,19500,,2026-09-19,389915
037/060,ブラッキーGX,RR,single,31000,30999,2026-09-19,106181
037/060,イベルタルEX,RR,single,14500,,2026-09-19,379863
037/060,イベルタルEX RR :1ED,,single,,40000,2026-09-19,379862
037/070,クロバット ☆ :ミラー :1ED,,single,218000,,2026-09-19,109106
037/070,クロバット ☆ :1ED,,single,120000,148000,2026-09-19,109117
037/070,ムチュール ★ :1ED,,single,53000,90000,2026-09-19,556781
037/070,こくばバドレックスVMAX,RRR,single,6000,,2026-09-19,141901
037/070,ガラルサンダーV,RR,single,,5999,2026-09-19,143997
037/080,ブラッキー ★ :ミラー :1ED,,single,560000,,2026-09-19,558803
037/080,ブラッキー ★ :1ED,,single,250000,239999,2026-09-19,320350
037/080,サンダース ★ :1ED,,single,140000,129000,2026-09-19,431330
037/080,セレビィ ★ :ミラー :1ED,,single,80000,90000,2026-09-19,562430
037/080,セレビィ ★ :1ED,,single,69999,70000,2026-09-19,562429
037/080,ブラッキー ★,,single,45000,1000000,2026-09-19,91667
037/081,カイリキーEX RR :1ED,,single,18500,35000,2026-09-19,385431
037/082,ピカチュウ ●,,single,360000,,2026-09-19,438742
037/082,ピカチュウ ● :1ED,,single,300000,,2026-09-19,438741
037/084,わるいマルマイン ★ :1ED,,single,46000,,2026-09-19,437690
037/084,わるいマルマイン,R,single,,99999,2026-09-19,110062
037/086,デスカーン R :マスターボールミラー,,single,6800,,2026-09-19,609815
037/086,ゼクロムex,RR,single,4111,,2026-09-19,584783
037/086,ランターン ★ :1ED,,single,,58000,2026-09-19,437526
037/088,サンダース ★ :1ED,,single,299999,380000,2026-09-19,91911
037/088,サンダース ★,,single,,369999,2026-09-19,91912
037/092,サンダー ★,,single,268000,,2026-09-19,91772
037/092,サンダー ★ :1ED,,single,87000,255555,2026-09-19,429489
037/095,ミュウ,R,single,11000,14000,2026-09-19,392983
037/106,デンリュウ ★,,single,220000,,2026-09-19,438234
037/108,ネンドールex ☆ :1ED,,single,,150000,2026-09-19,435035
037/128,ルージュラ ◆ :1ED,,single,89999,,2026-09-19,431068
037/131,ライチュウ,,single,28500,30000,2026-09-19,391059
037/150,ゼクロム :ミラー,,single,,21000,2026-09-19,397740
037/165,ロコン C: マスターボールミラー,,single,10000,9000,2026-09-19,128159
037/173,ボルケニオン,PR,single,5000,,2026-09-19,396019
037/175,カイオーガex,,single,8300,,2026-09-19,425269
037/190,ヤドラン,,single,9999,,2026-09-19,162025
037/DPT-P,はじまりの扉,プロモ,single,,88000,2026-09-19,453426
037/E-P,ハッサム,P,single,,88000,2026-09-19,452577
037/PCG-P,キモリ,P,single,,130000,2026-09-19,452681
037/SM-P,ポンチョを着たピカチュウ,プロモ,single,525000,491111,2026-09-19,91223
037/XY-P,ダークライ,P,single,138000,59800,2026-09-19,411694
038/036,ゼルネアスEX :1ED,,single,185700,400000,2026-09-19,91473
038/038,リーリエ(虹リーリエ),,single,9000,9200,2026-09-19,153492
038/048,カイリュー ★ :1ED,,single,299990,450000,2026-09-19,91703
038/049,ゲンガーソウルリンク,,single,,233000,2026-09-19,381090
038/050,ミミッキュGX,RR,single,18999,18899,2026-09-19,335619
038/051,サーナイトGX,RR,single,44444,,2026-09-19,334735
038/051,カビゴン,,single,11980,,2026-09-19,397456
038/053,カビゴン,,single,7999,7400,2026-09-19,379607
038/054,カイリューex ☆ :1ED,,single,700000,800000,2026-09-19,432488
038/054,カイリューex ☆,,single,155555,1000000,2026-09-19,91830
038/054,サーナイトEX RR :1ED,,single,16000,,2026-09-19,387185
038/066,バンギラス,R,single,15500,,2026-09-19,391771
038/070,スリープ ● :1ED,,single,,45800,2026-09-19,556891
038/073,デデンネex,RR,single,,33333,2026-09-19,114770
038/082,ライチュウ ★ :1ED,,single,100000,300000,2026-09-19,438743
038/082,ライチュウ ★,,single,,248000,2026-09-19,438744
038/086,サンダースδ-デルタ種 R: 1ED,,single,210000,220000,2026-09-19,91998
038/086,サンダースδ-デルタ種 R: 再販,,single,85000,580000,2026-09-19,91999
038/086,ゴチム C :マスターボールミラー,,single,6200,18000,2026-09-19,609817
038/086,ムンナ C :マスターボールミラー,,single,6200,9900,2026-09-19,609665
038/087,マルマイン U :1ED,,single,,11200,2026-09-19,386924
038/088,ライコウ ★,,single,99000,,2026-09-19,110690
038/088,レアコイル ★ :1ED,,single,90000,,2026-09-19,91957
038/088,ライコウ ★ :1ED,,single,80000,,2026-09-19,430113
038/092,サンダー ★ :1ED,,single,276000,248000,2026-09-19,91771
038/093,サンダー :ミラー :1ED,,single,100000,,2026-09-19,408010
038/095,ゲンガー&ミミッキュGX,RR,single,41000,42000,2026-09-19,387059
038/128,エレブー ◆ :1ED,,single,7500,,2026-09-19,431069
038/141,シジマのドンファン ● :1ED,,single,,30000,2026-09-19,427878
038/165,キュウコンex,RR,single,5000,,2026-09-19,127834
038/172,ライコウV,RR,single,8999,,2026-09-19,103050
038/175,ピカチュウex,,single,6666,6350,2026-09-19,425270
038/742,リーフィアex :ミラー,,single,9999,,2026-09-19,740189
038/DPT-P,ピチュー,プロモ,single,1999999,,2026-09-19,91676
038/E-P,ピカチュウ,P,single,800000,750000,2026-09-19,452578
038/P,ピカチュウ,プロモ,single,120000,,2026-09-19,91846
038/PCG-P,ルギア,P,single,385000,518888,2026-09-19,452682
038/S-P,ブースター,P,single,16000,19000,2026-09-19,299214
038/SM-P,ポンチョを着たピカチュウ,プロモ,single,439999,439000,2026-09-19,91224
039/048,ロケット団のニャース ★,,single,135000,128000,2026-09-19,91729
039/048,ロケット団のニャース ★ :1ED,,single,98800,198000,2026-09-19,91728
039/050,ギラティナEX R :1ED,,single,28000,49800,2026-09-19,405032
039/050,ギラティナEX,R,single,,148000,2026-09-19,108810
039/051,ラティオスEX R :1ED,,single,,80000,2026-09-19,404286
039/053,アーマルド ★,,single,37000,,2026-09-19,432386
039/054,MサーナイトEX,RR,single,44000,,2026-09-19,768282
039/054,MサーナイトEX RR :1ED,,single,21000,23800,2026-09-19,106689
039/060,エアームドEX RR :1ED,,single,6500,,2026-09-19,379745
039/066,ジラーチ,,single,9500,13980,2026-09-19,214580
039/070,ヤドキング ★ :1ED,,single,169999,158000,2026-09-19,556784
039/070,グラードンEX RR :1ED,,single,20500,25000,2026-09-19,381577
039/070,ヤドキング R: ミラー :1ED,,single,14000,,2026-09-19,109187
039/070,グラードンEX,RR,single,,34999,2026-09-19,381578
039/078,トゲキッス R :1ED,,single,8000,,2026-09-19,382122
039/080,アクア団のライボルト ★,,single,66000,,2026-09-19,431334
039/080,ドンカラス ★ :ミラー :1ED,,single,,48000,2026-09-19,558809
039/083,カイオーガex ☆,,single,350000,,2026-09-19,91820
039/083,カイオーガex ☆ :1ED,,single,265000,268000,2026-09-19,432670
039/084,わるいデンリュウ,R,single,98000,,2026-09-19,110084
039/084,わるいデンリュウ ★ :1ED,,single,,185000,2026-09-19,437693
039/086,カイリューδ-デルタ種 R: 1ED,,single,350000,699999,2026-09-19,109973
039/086,ゴチミル C :マスターボールミラー,,single,6000,4980,2026-09-19,609819
039/086,ムシャーナ U :モンスターボールミラー,,single,4000,,2026-09-19,609666
039/086,カイリューδ-デルタ種 R: 再販,,single,,1200000,2026-09-19,109978
039/087,エレブー C :1ED,,single,15000,,2026-09-19,386925
039/087,オクタン ★,,single,,99999,2026-09-19,429919
039/088,ライコウ ★ :1ED,,single,245000,,2026-09-19,91913
039/088,ビリリダマ ● :1ED,,single,27500,,2026-09-19,430578
039/092,ヨマワル C: 色違い: 1ED,,single,,300000,2026-09-19,109366
039/092,エレキッド ★ :1ED,,single,,150000,2026-09-19,429490
039/093,プラスル :ミラー,,single,,198000,2026-09-19,408016
039/093,プラスル :ミラー :1ED,,single,,79999,2026-09-19,408014
039/098,ロケット団のミュウツーex,RR,single,10499,10000,2026-09-19,550914
039/100,ミュウV,RR,single,8200,7499,2026-09-19,141336
039/106,ライコウ☆ ◇: 1ED,,single,1950000,,2026-09-19,92068
039/106,ライコウ☆ ◇: 再販,,single,1950000,,2026-09-19,92069
039/131,レアコイル,,single,,34800,2026-09-19,391061
039/165,プリン C: マスターボールミラー,,single,13333,13330,2026-09-19,128160
039/172,かがやくデンヂムシ,K,single,3980,4980,2026-09-19,104995
039/193,Nのバイバニラ :モンスターボール/オシャボミラー,,single,,5500,2026-09-19,732664
039/P,バトラーのキルリア,P,single,,499800,2026-09-19,452622
039/PCG-P,スイクン,P,single,22222,111111,2026-09-19,452683
040/047,コバルオン,,single,,80000,2026-09-19,409907
040/048,ロケット団のおねーさん ★ :1ED,,single,49800,98000,2026-09-19,110878
040/049,ダークライGX,RR,single,28500,24000,2026-09-19,106127
040/051,カイリュー R :1ED,,single,130000,135000,2026-09-19,404205
040/051,ニンフィアGX,RR,single,13999,14500,2026-09-19,389205
040/059,ランドロスEX,R,single,19800,,2026-09-19,405920
040/064,アローラペルシアンGX,RR,single,,9000,2026-09-19,290907
040/069,ニンフィアV,RR,single,7500,,2026-09-19,112525
040/070,ゲンシグラードンEX RR :1ED,,single,35000,38000,2026-09-19,381579
040/070,ゲンシグラードンEX,RR,single,,30000,2026-09-19,381580
040/071,コノヨザルex,RR,single,,6500,2026-09-19,118632
040/072,ミュウツーGX,RR,single,14799,12222,2026-09-19,390947
040/080,エーフィ ★ :1ED,,single,330000,350000,2026-09-19,431335
040/080,エーフィ R :1ED,,single,68000,,2026-09-19,394822
040/080,エーフィ ★,,single,26800,400000,2026-09-19,110597
040/086,ゲンガー ★ :1ED,,single,800000,870000,2026-09-19,437532
040/086,メタグロスδ-デルタ種 R: 再販,,single,188000,199000,2026-09-19,109980
040/086,メタグロスδ-デルタ種 R: 1ED,,single,160000,,2026-09-19,109974
040/086,ゴチルゼル R :マスターボールミラー,,single,6800,,2026-09-19,609821
040/086,ユニラン C :マスターボールミラー,,single,5900,5500,2026-09-19,609669
040/087,サンダー R :1ED,,single,14000,12999,2026-09-19,386926
040/087,オクタン ★ :1ED,,single,,79800,2026-09-19,93293
040/090,ニドリーノ ●,,single,,45000,2026-09-19,448558
040/095,エーフィ,U,single,,14444,2026-09-19,335107
040/100,ミュウVMAX,RRR,single,6800,6860,2026-09-19,141337
040/106,ヤドン ●,,single,,80000,2026-09-19,438238
040/128,ユンゲラー ◆ :1ED,,single,35000,,2026-09-19,431071
040/141,ヤナギのパルシェン ● :1ED,,single,16304,49800,2026-09-19,427879
040/165,プクリンex,RR,single,5000,,2026-09-19,127837
040/171,フーディンEX,,single,13980,,2026-09-19,385894
040/187,グレイシア :マスターボールミラー,,single,8299,8200,2026-09-19,471594
040/187,グレイシア :モンスターボールミラー,,single,5500,8300,2026-09-19,466318
040/DPT-P,アルセウス,プロモ,single,,150000,2026-09-19,453427
040/E-P,ブーストエネルギー,P,single,28000,,2026-09-19,452580
040/M-P,コイキング,プロモ,single,85000,82000,2026-09-19,858685
040/PCG-P,ポケパークのゴンベ,P,single,299999,225000,2026-09-19,452684
0407/07,ガラガラ,AR,single,129999,118000,2026-09-19,706806
041/048,わるいフシギバナ ★ :1ED,,single,270000,288000,2026-09-19,91734
041/048,わるいフシギバナ ★,,single,250000,298000,2026-09-19,91735
041/049,シルヴァディGX,RR,single,7000,9900,2026-09-19,340629
041/051,ラティアスEX R :1ED,,single,39999,,2026-09-19,404207
041/052,ピカチュウδ-デルタ種 C: 1ED,,single,667000,458000,2026-09-19,109343
041/052,ピカチュウδ-デルタ種 C: 再販,,single,410000,480000,2026-09-19,109362
041/053,ルリリ ◆ :1ED,,single,14999,,2026-09-19,432389
041/069,ニンフィアVMAX,RRR,single,7000,8000,2026-09-19,141687
041/070,ソーナンス ★ :1ED,,single,37800,,2026-09-19,556787
041/070,ナッシー ★ :ミラー :1ED,,single,,77000,2026-09-19,556898
041/072,ひかるミュウ,H,single,110000,128000,2026-09-19,91333
041/075,ジラーチex ☆,,single,475000,580000,2026-09-19,91747
041/075,ジラーチex ☆ :1ED,,single,240000,,2026-09-19,436740
041/080,マニューラ ★ :ミラー :1ED,,single,,80000,2026-09-19,558817
041/080,マニューラ ★ :1ED,,single,,75800,2026-09-19,558816
041/086,ミュウex ☆,,single,1000000,1400000,2026-09-19,91781
041/086,ミュウex ☆ :1ED,,single,1000000,,2026-09-19,437533
041/086,ラティアスδ-デルタ種 R: 1ED,,single,300000,222222,2026-09-19,91775
041/086,ラティアスδ-デルタ種 R: 再販,,single,300000,,2026-09-19,109981
041/086,ダブラン C :マスターボールミラー,,single,6500,4980,2026-09-19,609671
041/087,キングドラ ★ :1ED,,single,,390000,2026-09-19,429920
041/087,ニドラン♂ C :1ED,,single,,12800,2026-09-19,386927
041/088,ゴース ●,,single,98000,,2026-09-19,110669
041/088,ゴース ● :1ED,,single,95000,,2026-09-19,430582
041/088,ユンゲラー ● :1ED,,single,39990,,2026-09-19,430116
041/092,ヨノワール ★ :1ED,,single,24800,25000,2026-09-19,449057
041/100,ピッピ,C,single,4500,,2026-09-19,139784
041/100,リーリエのアブリー,C,single,4500,,2026-09-19,502954
041/106,エーフィex ☆,,single,2100000,2080000,2026-09-19,438239
041/106,エーフィex ☆: 1ED,,single,1350000,1500000,2026-09-19,91785
041/128,ゴースト ◆ :1ED,,single,69800,,2026-09-19,431072
041/141,ヤナギのラプラス ● :1ED,,single,71000,,2026-09-19,111815
041/165,ズバット C: マスターボールミラー,,single,16000,24000,2026-09-19,128161
041/171,MフーディンEX,,single,15500,,2026-09-19,385895
041/172,ゼラオラVMAX,RRR,single,6400,4999,2026-09-19,104997
041/173,ピカチュウ&ゼクロムGX,RR,single,14900,14500,2026-09-19,396023
041/187,グレイシアex,RR,single,6000,6000,2026-09-19,434888
041/DPT-P,アルセウス,プロモ,single,70000,65000,2026-09-19,453428
041/L-P,勝利のメダル,プロモ,single,,299999,2026-09-19,91650
041/PCG-P,レックウザ,P,single,,380000,2026-09-19,452685
042/048,わるいリザードン ★,,single,1110000,1428000,2026-09-19,91737
042/048,わるいリザードン ★ :1ED,,single,700000,1450000,2026-09-19,91736
042/052,ライチュウδ-デルタ種 R: 再販,,single,500000,450000,2026-09-19,109338
042/052,ライチュウδ-デルタ種 R: 1ED,,single,378000,500000,2026-09-19,109330
042/059,メタモン R :1ED,,single,49980,,2026-09-19,406067
042/063,メガサーナイトex,RR,single,5200,,2026-09-19,628169
042/067,カイリューV,RR,single,8800,12000,2026-09-19,113252
042/069,ブラッキー U :1ED,,single,77777,,2026-09-19,404913
042/072,ニャース,,single,25000,30000,2026-09-19,381464
042/072,ラティオス,R,single,19800,,2026-09-19,390948
042/078,ブラッキーEX,RR,single,240000,290000,2026-09-19,389587
042/078,ブラッキーEX RR :1ED,,single,83900,85999,2026-09-19,106713
042/078,カイリュー,U,single,27000,,2026-09-19,382129
042/081,バンギラスEX RR :1ED,,single,15800,15999,2026-09-19,385441
042/082,マルマインex ☆,,single,26000,,2026-09-19,110096
042/086,ラティオスδ-デルタ種 R: 1ED,,single,400000,270000,2026-09-19,91776
042/086,ラティオスδ-デルタ種 R: 再販,,single,280000,280000,2026-09-19,109982
042/086,ランクルス U :マスターボールミラー,,single,6500,,2026-09-19,609673
042/087,キングドラ ★,,single,239000,235000,2026-09-19,91964
042/087,キングドラ ★ :1ED,,single,159800,,2026-09-19,91956
042/088,フーディン ★ :1ED,,single,250000,,2026-09-19,430118
042/088,ゴースト ●,,single,124800,,2026-09-19,430584
042/088,ゴースト ● :1ED,,single,120000,,2026-09-19,430583
042/090,フーディン四LV.X ☆ :1ED,,single,205000,208000,2026-09-19,409431
042/090,フーディン四LV.X ☆,,single,69000,,2026-09-19,448561
042/092,スリーパー ★ :1ED,,single,150000,140000,2026-09-19,91773
042/092,スリーパー ★,,single,,358000,2026-09-19,91774
042/092,ヨノワールLV.X ☆: 1ED,,single,,125000,2026-09-19,109367
042/092,ヨノワールLV.X ☆: 再版,,single,,80000,2026-09-19,109274
042/095,マーシャドー&カイリキーGX,RR,single,8888,8780,2026-09-19,392988
042/100,ミミッキュ,U,single,20000,,2026-09-19,145185
042/106,ヤドキング ★,,single,220000,240000,2026-09-19,438241
042/128,ゴーリキー ◆ :1ED,,single,33800,,2026-09-19,431073
042/131,ミュウツーGX,,single,9999,21800,2026-09-19,401325
042/141,ヤナギのフリーザー ● :1ED,,single,72000,,2026-09-19,111799
042/165,ゴルバット U: マスターボールミラー,,single,11999,12500,2026-09-19,128162
042/171,ミュウツーEX,,single,25000,27399,2026-09-19,385896
042/172,ゼラオラVSTAR,RRR,single,,8690,2026-09-19,104998
042/173,サンダース :ミラー,,single,,11111,2026-09-19,396192
042/187,ウミディグダ :マスターボールミラー,,single,6200,6500,2026-09-19,471595
042/L-P,勝利のメダル,プロモ,single,120000,,2026-09-19,91646
042/PCG-P,グラードン,P,single,140000,400000,2026-09-19,452686
043/048,ファイヤー ★ :1ED,,single,238000,270000,2026-09-19,91740
043/048,ファイヤー ★,,single,28000,,2026-09-19,91741
043/049,リーリエのピッピ人形,U,single,6980,,2026-09-19,340631
043/052,コイキングδ-デルタ種 ● :1ED,,single,108000,,2026-09-19,437432
043/052,コイキングδ-デルタ種 ●,,single,,112000,2026-09-19,437433
043/054,サザンドラBREAK RR :1ED,,single,30000,30000,2026-09-19,387189
043/059,フラージェスBREAK RR :1ED,,single,20000,19800,2026-09-19,389926
043/060,メタモン,PR,single,35000,35000,2026-09-19,334799
043/067,かがやくルチャブル,K,single,3800,,2026-09-19,139672
043/070,ネイティオ ★ :1ED,,single,10000,23000,2026-09-19,556901
043/070,ネイティオ ★ :ミラー :1ED,,single,,49800,2026-09-19,556902
043/071,バンギラス,R,single,13499,6000,2026-09-19,137092
043/072,ひかるジラーチ,H,single,32999,29999,2026-09-19,105479
043/078,カイリュー,R,single,60000,60000,2026-09-19,382131
043/078,カイリュー R :1ED,,single,38000,30000,2026-09-19,382130
043/080,ヘルガー ★ :1ED,,single,64000,69000,2026-09-19,558824
043/081,MバンギラスEX RR :1ED,,single,19500,20000,2026-09-19,385443
043/081,MバンギラスEX,RR,single,16400,,2026-09-19,385444
043/082,サンダーex ☆: 1ED,,single,250000,,2026-09-19,91807
043/084,わるいスリーパー ★,,single,20000,,2026-09-19,437701
043/086,レックウザδ-デルタ種 R: 1ED,,single,500000,680000,2026-09-19,109976
043/086,レックウザδ-デルタ種 ★,,single,98000,,2026-09-19,437265
043/086,リグレー C :マスターボールミラー,,single,6180,6180,2026-09-19,609675
043/087,ニドキング R :1ED,,single,18500,16500,2026-09-19,386929
043/088,フーディン ★ :1ED,,single,598000,380000,2026-09-19,91915
043/088,ゲンガー ★ :1ED,,single,549000,519000,2026-09-19,430585
043/088,ゲンガー ★,,single,250000,,2026-09-19,91886
043/088,フーディン ★,,single,,578000,2026-09-19,91916
043/090,ゲンガーLV.X ☆: 1ED,,single,1050000,1200000,2026-09-19,92072
043/090,ゲンガーGL ★ :1ED,,single,147000,134999,2026-09-19,448562
043/090,ゲンガーGL ★,,single,110000,200000,2026-09-19,448563
043/090,ゲンガーLV.X ☆: 再販,,single,,2240000,2026-09-19,92073
043/092,バリヤード ●,,single,46200,,2026-09-19,429498
043/092,バリヤード ● :1ED,,single,25000,48000,2026-09-19,429497
043/114,ミミッキュ :ミラー,,single,40000,,2026-09-19,335893
043/131,MライボルトEX,,single,13800,12900,2026-09-19,391065
043/141,ヤナギのニューラ ★ :1ED,,single,,140000,2026-09-19,111795
043/165,ナゾノクサ C: マスターボールミラー,,single,11000,12499,2026-09-19,128163
043/171,MミュウツーEX,,single,26800,23700,2026-09-19,385897
043/173,サンダー :ミラー,,single,,20000,2026-09-19,396193
043/414,ザルード :ミラー,,single,,150000,2026-09-19,380124
043/DPT-P,ピカチュウM ムービー LV.X,プロモ,single,850000,775000,2026-09-19,93194
043/E-P,エンテイ,P,single,151500,192000,2026-09-19,452583
043/L-P,勝利のメダル,プロモ,single,,250000,2026-09-19,91645
043/M-P,ロケット団のミュウツーex,P,single,14000,14000,2026-09-19,745687
043/PCG-P,ポケパークのピカチュウ,P,single,798000,799999,2026-09-19,452687
044/048,わるいカメックス ★,,single,568000,478000,2026-09-19,91743
044/048,わるいカメックス ★ :1ED,,single,498000,570000,2026-09-19,91742
044/052,ピチューδ-デルタ種 ● :1ED,,single,135000,225000,2026-09-19,437434
044/052,ピチューδ-デルタ種 ●,,single,,250000,2026-09-19,437435
044/053,ヤミラミ ★ :1ED,,single,,180000,2026-09-19,432395
044/054,ニャース C :1ED,,single,,40000,2026-09-19,387190
044/055,びっくりボックス,C,single,50000,,2026-09-19,393226
044/060,ゼルネアスEX RR :1ED,,single,,14800,2026-09-19,379755
044/066,ガブリアス,R,single,,15000,2026-09-19,338340
044/069,ダークライEX R :1ED,,single,24999,28000,2026-09-19,404915
044/070,アンノーン ◆ :ミラー :1ED,,single,,130000,2026-09-19,556904
044/070,アンノーン ◆ :1ED,,single,,43800,2026-09-19,556903
044/076,ザマゼンタ,A,single,11999,7980,2026-09-19,145104
044/078,チルタリス C :1ED,,single,19800,16000,2026-09-19,382132
044/080,バンギラス ☆ :1ED,,single,480000,379800,2026-09-19,558828
044/080,バンギラス ☆ :ミラー :1ED,,single,180000,1200000,2026-09-19,558829
044/080,バンギラス ☆,,single,41000,,2026-09-19,92080
044/082,メタグロス ★ :1ED,,single,,120000,2026-09-19,438562
044/086,オーベム U :マスターボールミラー,,single,7000,,2026-09-19,609677
044/086,ガントル C :マスターボールミラー,,single,6000,,2026-09-19,609827
044/087,ニドキングBREAK RR :1ED,,single,23000,22800,2026-09-19,106660
044/088,ゲンガー ★,,single,3500000,,2026-09-19,91960
044/088,ゲンガー ★ :1ED,,single,2980000,3249999,2026-09-19,91959
044/093,ゼクロムEX :1ED,,single,23000,31000,2026-09-19,408030
044/131,ラティオス,,single,15000,,2026-09-19,401327
044/150,カプ・テテフGX,RR,single,2500,19500,2026-09-19,112750
044/165,クサイハナ U: マスターボールミラー,,single,18000,13000,2026-09-19,128164
044/171,ミュウ: ミラー,,single,160000,160000,2026-09-19,106302
044/171,ミュウ,,single,30000,29800,2026-09-19,385898
044/184,はくばバドレックスVMAX,RRR,single,4980,5000,2026-09-19,141045
044/187,ナミイルカ :マスターボールミラー,,single,6900,,2026-09-19,471597
044/193,ピカチュウex,RR,single,6050,6030,2026-09-19,730089
044/DPT-P,ミチーナしんでん,プロモ,single,120000,140000,2026-09-19,453429
044/E-P,ピカチュウ,P,single,860000,1100000,2026-09-19,452584
044/L-P,ライチュウ,プロモ,single,3200000,,2026-09-19,93161
044/P,ピカチュウ,プロモ,single,52900,,2026-09-19,91841
044/PCG-P,ポケパークのセレビィ,P,single,150000,124800,2026-09-19,452688
044/S-P,イーブイ,P,single,14500,14500,2026-09-19,299220
044/SM-P,ピカチュウ,P,single,76000,77000,2026-09-19,403513
044/XY-P,ワルビアルEX,P,single,12000,,2026-09-19,411701
045/048,フリーザー ★ :1ED,,single,88000,329800,2026-09-19,91744
045/060,カビゴンV,RR,single,12500,12000,2026-09-19,113237
045/066,パルキアGX,RR,single,12500,29380,2026-09-19,338341
045/066,ボーマンダGX,RR,single,9980,,2026-09-19,391778
045/066,ディアルガGX,RR,single,8800,13800,2026-09-19,336652
045/066,ゲッコウガex,RR,single,8000,6000,2026-09-19,224075
045/066,イーブイ,,single,7500,10000,2026-09-19,214586
045/068,メガニウムδ-デルタ種 R: 再販,,single,50000,,2026-09-19,109304
045/068,かがやくジラーチ,K,single,10000,9333,2026-09-19,95118
045/070,サンド ● :ミラー :1ED,,single,5000,,2026-09-19,556906
045/070,ドンファン ◆ :1ED,,single,,15500,2026-09-19,556794
045/080,カイリキー ☆ :ミラー,,single,179000,180000,2026-09-19,562459
045/080,カイリキー ☆ :1ED,,single,110000,175000,2026-09-19,562458
045/082,ヤドラン ★,,single,,300000,2026-09-19,438756
045/082,ヤドラン ★ :1ED,,single,,218000,2026-09-19,438755
045/086,ギガイアス U :モンスターボールミラー,,single,6000,,2026-09-19,609828
045/086,ギガイアス U :マスターボールミラー,,single,,7800,2026-09-19,609829
045/087,ランターン ★ :1ED,,single,99700,168800,2026-09-19,91883
045/087,ゴース C :1ED,,single,15800,14900,2026-09-19,386930
045/087,ランターン ★,,single,,138000,2026-09-19,91884
045/088,スターミー ★,,single,320000,270000,2026-09-19,91918
045/088,スターミー ★ :1ED,,single,250000,,2026-09-19,91917
045/092,エーフィ ★ :1ED,,single,147777,138000,2026-09-19,429503
045/092,エーフィ ★,,single,120000,250000,2026-09-19,92002
045/093,ミュウツーEX :1ED,,single,29800,70000,2026-09-19,408032
045/093,ミュウツーEX,,single,,98000,2026-09-19,408033
045/096,サーナイト ★ :1ED,,single,98000,,2026-09-19,447930
045/128,サナギラス ◆ :1ED,,single,,31800,2026-09-19,431076
045/141,ヤナギのデリバード ● :1ED,,single,44444,,2026-09-19,427881
045/165,ラフレシア R: マスターボールミラー,,single,18499,19500,2026-09-19,128165
045/171,エーフィEX,,single,25800,25000,2026-09-19,106298
045/184,ピカチュウV,RR,single,6800,6800,2026-09-19,141046
045/187,イルカマン :マスターボールミラー,,single,4800,,2026-09-19,471598
045/193,コイル :エネルギーマークミラー,,single,8000,,2026-09-19,732675
045/E-P,ピチュー,P,single,118000,450000,2026-09-19,452585
045/L-P,ラティアス,プロモ,single,175000,138000,2026-09-19,453468
045/M-P,リザード,P,single,,9999,2026-09-19,716317
045/P,ピチュー,プロモ,single,40000,,2026-09-19,91852
045/PCG-P,ポケパークのラティオス,P,single,150000,222222,2026-09-19,452689
046/048,サンダー ★ :1ED,,single,168000,,2026-09-19,91748
046/048,サンダー ★,,single,49999,398000,2026-09-19,91746
046/053,ボスゴドラex ☆ :1ED,,single,96000,,2026-09-19,432399
046/055,ニューラex ☆,,single,100000,,2026-09-19,110654
046/059,シュシュプ C :1ED,,single,5000,,2026-09-19,390069
046/060,カビゴンVMAX,RRR,single,10400,10200,2026-09-19,113238
046/066,カビゴン,,single,11000,9200,2026-09-19,214587
046/067,レックウザV,RR,single,6699,6666,2026-09-19,113253
046/070,ドンファン ☆ :1ED,,single,91800,83000,2026-09-19,109174
046/070,ドンファン ☆: ミラー :1ED,,single,50000,244444,2026-09-19,109168
046/070,MボスゴドラEX RR :1ED,,single,19500,23000,2026-09-19,381591
046/070,MボスゴドラEX,RR,single,15000,,2026-09-19,381592
046/070,サンドパン ★ :ミラー :1ED,,single,,67000,2026-09-19,556908
046/071,かがやくヒスイオオニューラ,K,single,3980,,2026-09-19,139385
046/076,ハガネールV,RR,single,4300,,2026-09-19,145106
046/080,フォレトス ★ :1ED,,single,20000,,2026-09-19,558834
046/080,メガジガルデex,RR,single,5500,4999,2026-09-19,752427
046/086,メタモン ★ :1ED,,single,258000,,2026-09-19,437270
046/086,メタモン ★,,single,218000,,2026-09-19,437271
046/086,ゴルーグ U :マスターボールミラー,,single,5000,,2026-09-19,609681
046/086,ダゲキ U :マスターボールミラー,,single,,3500,2026-09-19,609831
046/087,ゴースト U :1ED,,single,23800,13600,2026-09-19,386931
046/090,ムウマージGL ★,,single,,60000,2026-09-19,448569
046/092,エーフィ ★ :1ED,,single,574999,550000,2026-09-19,91777
046/092,エーフィ ★,,single,478000,,2026-09-19,91778
046/141,イブキのカメックス ● :1ED,,single,190000,198000,2026-09-19,111789
046/165,パラス C: マスターボールミラー,,single,11000,10800,2026-09-19,128166
046/171,アンノーン :ミラー,,single,,22000,2026-09-19,386040
046/175,カプ・コケコex,,single,4000,,2026-09-19,425271
046/184,ピカチュウVMAX,RRR,single,8900,8600,2026-09-19,141047
046/ADV-P,ジュカイン,P,single,,210000,2026-09-19,452628
046/DP-P,ダークライ,プロモ,single,34000,32500,2026-09-19,93189
046/E-P,ミュウツー,P,single,650000,478000,2026-09-19,452586
046/L-P,ラティオス,プロモ,single,174999,135000,2026-09-19,453469
046/PCG-P,ポケパークのゴニョニョ,P,single,,73000,2026-09-19,452690
046/S-P,ソニア,P,single,,14999,2026-09-19,299222
047/048,ゲンガー ★ :1ED,,single,3700000,4000000,2026-09-19,91750
047/048,ゲンガー ★,,single,3700000,,2026-09-19,91749
047/049,アセロラ :ミラー,,single,15000,,2026-09-19,335559
047/049,メイ,R,single,7500,12000,2026-09-19,340635
047/052,デオキシスδ-デルタ種 R: 1ED,,single,,398000,2026-09-19,109344
047/054,レックウザex ☆,,single,1020000,,2026-09-19,91829
047/054,レックウザex ☆ :1ED,,single,935000,1030000,2026-09-19,432504
047/067,レックウザVMAX,RRR,single,5250,5300,2026-09-19,113254
047/069,ブラッキーV,RR,single,8500,8400,2026-09-19,112526
047/070,ガラルヤドキングVMAX,RRR,single,7280,,2026-09-19,144007
047/070,オニスズメ ● :ミラー :1ED,,single,,80000,2026-09-19,556797
047/070,ウソッキー ★ :1ED,,single,,37000,2026-09-19,556909
047/071,ゲンガーex,RR,single,7399,6800,2026-09-19,180170
047/072,カビゴン,,single,,88888,2026-09-19,381469
047/078,ボーマンダ R :1ED,,single,17000,,2026-09-19,382138
047/080,ハガネール ☆ :ミラー,,single,220000,230000,2026-09-19,558839
047/080,ハガネール ☆ :1ED,,single,159999,102000,2026-09-19,558838
047/080,オーロットBREAK RR :1ED,,single,12200,,2026-09-19,390823
047/080,ハガネール ☆ :ミラー :1ED,,single,,190000,2026-09-19,383151
047/080,ゴース,C,single,,7777,2026-09-19,752428
047/086,アーケン U :マスターボールミラー,,single,5400,5380,2026-09-19,609833
047/087,スリープ C :1ED,,single,,16800,2026-09-19,386932
047/088,ネイティオ ★ :1ED,,single,,159999,2026-09-19,91961
047/092,ムチュール ●,,single,33000,,2026-09-19,429505
047/128,ラッキー ◆ :1ED,,single,60000,,2026-09-19,431078
047/131,クロバット,,single,,49999,2026-09-19,391069
047/165,パラセクト U: マスターボールミラー,,single,15800,23800,2026-09-19,128167
047/187,テツノツツミ :マスターボールミラー,,single,4000,,2026-09-19,471599
047/414,キュウコン :ミラー,,single,,15000,2026-09-19,380131
047/ADV-P,バシャーモ,P,single,95000,,2026-09-19,452629
047/E-P,ルギア,P,single,542500,630000,2026-09-19,452587
047/L-P,ルギア,プロモ,single,310291,294000,2026-09-19,91656
047/PCG-P,ポケパークのアチャモ,P,single,273000,162000,2026-09-19,452691
048/048,カイリキー ★ :1ED,,single,300000,340000,2026-09-19,91751
048/048,カイリキー ★,,single,220000,,2026-09-19,91752
048/054,ムサシとコジロウ,R,single,13500,16000,2026-09-19,393171
048/054,アブソル ★ :1ED,,single,,275000,2026-09-19,432505
048/059,ミミロル C :1ED,,single,7980,,2026-09-19,405933
048/067,ジュラルドンV,RR,single,,9000,2026-09-19,141503
048/068,ジュゴンδ-デルタ種 ★,,single,,555555,2026-09-19,436997
048/069,ブラッキーVMAX,RRR,single,7100,7000,2026-09-19,141693
048/070,オニドリル ★ :ミラー :1ED,,single,,39800,2026-09-19,556799
048/070,バルキー ★ :1ED,,single,,35800,2026-09-19,556911
048/078,ラティオスEX,RR,single,15980,17500,2026-09-19,382141
048/078,ラティオスEX RR :1ED,,single,13700,22000,2026-09-19,382140
048/080,ハッサム ★ :1ED,,single,134999,139000,2026-09-19,558840
048/080,ハッサム ★,,single,24800,,2026-09-19,108878
048/080,ハッサム ★ :ミラー :1ED,,single,,500000,2026-09-19,558841
048/080,ゴースト,C,single,,7777,2026-09-19,752429
048/082,ゲンガーex ☆,,single,2000000,3480000,2026-09-19,91806
048/082,ゲンガーex ☆ :1ED,,single,1300000,,2026-09-19,438761
048/086,アーケオス R :マスターボールミラー,,single,5900,,2026-09-19,609835
048/086,モグリュー C :マスターボールミラー,,single,,6000,2026-09-19,609683
048/087,ドガース C :1ED,,single,12800,,2026-09-19,386933
048/088,キリンリキ ● :1ED,,single,25000,,2026-09-19,430124
048/088,キリンリキ ●,,single,,122222,2026-09-19,430125
048/092,ギラティナ ★ :1ED,,single,87800,198000,2026-09-19,449067
048/092,ギラティナ ★,,single,,190000,2026-09-19,449068
048/131,ゲンガーEX,,single,85000,80500,2026-09-19,391070
048/141,イブキのギャラドス ● :1ED,,single,,145000,2026-09-19,111800
048/165,コンパン C: マスターボールミラー,,single,15000,18500,2026-09-19,128168
048/165,コンパン C: モンスターボールミラー,,single,6500,,2026-09-19,127853
048/171,ギラティナ :ミラー,,single,90000,90000,2026-09-19,386042
048/171,ギラティナ,,single,27000,16000,2026-09-19,385901
048/172,ゲンガー,,single,7300,7400,2026-09-19,285643
048/173,デデンネGX,RR,single,11000,10980,2026-09-19,396030
048/187,パオジアン :マスターボールミラー,,single,4600,6000,2026-09-19,471600
048/193,シビビール :モンスターボール/オシャボミラー,,single,,9500,2026-09-19,732680
048/DP-P,ピカチュウLV.15,プロモ,single,545000,535000,2026-09-19,453239
048/DPT-P,アルティメットゾーン,プロモ,single,,98000,2026-09-19,453431
048/L-P,ホウオウ,プロモ,single,95000,97000,2026-09-19,91654
048/SM-P,カプ・コケコGX,プロモ,single,,240011,2026-09-19,107560
048/SV-P,ミライドン,プロモ,single,25000,24499,2026-09-19,111992
048/XY-P,マフォクシーEX,P,single,,58000,2026-09-19,411705
049/049,リーリエの全力,U,single,12500,12500,2026-09-19,124078
049/052,ポケモンリバース,,single,,70000,2026-09-19,434754
049/063,メガラティアスex,RR,single,5000,5500,2026-09-19,628170
049/070,ピィ ★ :1ED,,single,50000,54000,2026-09-19,556800
049/070,マリルリ R :1ED,,single,50000,52000,2026-09-19,381830
049/070,カポエラー ★ :1ED,,single,24999,60000,2026-09-19,556913
049/070,ピィ R: ミラー :1ED,,single,11000,,2026-09-19,109176
049/070,ドリュウズ R :1ED,,single,9800,,2026-09-19,381597
049/070,カポエラー ★ :ミラー :1ED,,single,,80000,2026-09-19,556914
049/071,カイリューV,RR,single,11000,9999,2026-09-19,137098
049/075,カメックスδ-デルタ種 ★ :1ED,,single,500000,385000,2026-09-19,91984
049/075,カメックスδ-デルタ種 ★,,single,,498000,2026-09-19,91985
049/078,ドータクンBREAK RR :1ED,,single,27700,56800,2026-09-19,106716
049/078,MラティオスEX,RR,single,19800,18300,2026-09-19,382143
049/078,MラティオスEX RR :1ED,,single,17000,17000,2026-09-19,382142
049/080,ゲンガー,U,single,5500,5554,2026-09-19,752430
049/080,エアームド ★ :ミラー :1ED,,single,,98000,2026-09-19,558843
049/080,ソルロック ★ :1ED,,single,,39999,2026-09-19,562472
049/086,エーフィδ-デルタ種 R: 再販,,single,550000,649999,2026-09-19,92001
049/086,エーフィδ-デルタ種 R: 1ED,,single,428000,450000,2026-09-19,92000
049/086,カイリキー ★,,single,17800,,2026-09-19,437549
049/086,コジョフー C :マスターボールミラー,,single,4891,15000,2026-09-19,609837
049/087,ミュウツー R :1ED,,single,27800,27800,2026-09-19,106322
049/087,デンリュウ ★ :1ED,,single,,298000,2026-09-19,91885
049/092,ニドキング ★ :1ED,,single,217000,180000,2026-09-19,91779
049/092,ニドキング ★,,single,105000,250000,2026-09-19,91780
049/096,スカタンクG ◆ :1ED,,single,35000,,2026-09-19,447938
049/131,MゲンガーEX,,single,60000,59800,2026-09-19,391071
049/141,イブキのカイリュー ● :1ED,,single,298000,,2026-09-19,111801
049/150,ネクロズマ あかつきのつばさGX,RR,single,13000,,2026-09-19,112752
049/165,モルフォン U: マスターボールミラー,,single,15000,16500,2026-09-19,128169
049/171,ヤブクロン: ミラー,,single,29800,,2026-09-19,106304
049/193,メガシビルドンex,RR,single,6500,,2026-09-19,724991
049/BW-P,ズルッグ,P,single,,288000,2026-09-19,91568
049/L-P,ストライク,プロモ,single,95000,195000,2026-09-19,91659
049/PCG-P,ケンタロス,P,single,,78000,2026-09-19,452693
049/SV-P,コライドン,プロモ,single,16000,19700,2026-09-19,111991
049/XY-P,カメテテ,P,single,,100000,2026-09-19,411706
050/049,フシギダネ :フルイラスト,,single,16750,16000,2026-09-19,151713
050/049,コータス,CHR,single,4780,5800,2026-09-19,126665
050/051,ポケモンセンターのお姉さん,,single,,16800,2026-09-19,397441
050/070,サーナイトEX RR :1ED,,single,16000,22000,2026-09-19,381832
050/070,サーナイトEX,RR,single,16000,20000,2026-09-19,381833
050/070,れんげきウーラオスV RR :25thホロ,,single,,578000,2026-09-19,428832
050/071,カイリューVSTAR,RRR,single,8500,7000,2026-09-19,137099
050/071,かがやくハガネール,K,single,6400,,2026-09-19,139392
050/073,ルガルガンex,RR,single,9000,,2026-09-19,116064
050/076,ジラーチ,AR,single,14000,13900,2026-09-19,102285
050/078,ルカリオ R :1ED,,single,30000,59800,2026-09-19,389600
050/078,コライドンex,RR,single,5000,,2026-09-19,107351
050/078,サザンドラEX RR :1ED,,single,,15000,2026-09-19,382144
050/080,ラグラージex ☆ :1ED,,single,60000,,2026-09-19,431353
050/080,キバニア ● :ミラー :1ED,,single,12000,,2026-09-19,562476
050/080,クチート ● :1ED,,single,,43800,2026-09-19,558846
050/086,サーナイトδ-デルタ種 R: 1ED,,single,180000,275000,2026-09-19,109977
050/086,ドッコラー C :マスターボールミラー,,single,6000,,2026-09-19,609685
050/086,コジョンド U :マスターボールミラー,,single,5200,5100,2026-09-19,609839
050/087,ミュウツーEX RR :1ED,,single,60000,46500,2026-09-19,106318
050/093,グレッグル :ミラー :1ED,,single,,50000,2026-09-19,408050
050/094,ジガルデGX,RR,single,9999,,2026-09-19,334609
050/096,ドラパルトVMAX,RRR,single,5999,,2026-09-19,145378
050/096,グラードン,R,single,,16000,2026-09-19,334376
050/100,ミミッキュ,U,single,12000,13800,2026-09-19,136991
050/131,ミュウツーEX,,single,55000,49999,2026-09-19,391072
050/141,イブキのニョロトノ ● :1ED,,single,16000,59800,2026-09-19,427883
050/150,マーシャドー :ミラー,,single,,14800,2026-09-19,397749
050/165,ディグダ C: マスターボールミラー,,single,15800,25999,2026-09-19,128170
050/172,ミュウツーV,RR,single,7850,9450,2026-09-19,103043
050/DP-P,ドクロッグ,プロモ,single,60000,,2026-09-19,453241
050/PCG-P,ポケパークのジラーチ,P,single,226000,240000,2026-09-19,452694
050/XY-P,日本代表のピカチュウ,プロモ,single,597000,597000,2026-09-19,91425
0509/09,クワッス,AR,single,25000,25800,2026-09-19,528641
051/049,ヒトカゲ :フルイラスト,,single,28700,28500,2026-09-19,151714
051/049,マニューラ,CHR,single,3800,7000,2026-09-19,126672
051/049,エンニュートGX,SR,single,,27800,2026-09-19,106125
051/050,ミュウEX,SR,single,1500000,,2026-09-19,91620
051/050,ミュウEX SR :1ED,,single,780000,770000,2026-09-19,405055
051/050,ホウオウEX,SR,single,458000,,2026-09-19,405188
051/050,ホウオウEX SR :1ED,,single,172000,178000,2026-09-19,91614
051/050,ギャラドスGX,SR,single,29500,29000,2026-09-19,105477
051/050,パルキアGX,SR,single,22000,,2026-09-19,105384
051/050,ジュカインGX,SR,single,8000,,2026-09-19,335632
051/050,アローラゴローニャGX,SR,single,5000,,2026-09-19,334520
051/054,ハイパーボール,TR,single,,50011,2026-09-19,104633
051/062,オトシドリex,RR,single,,8000,2026-09-19,136221
051/063,メガガルーラex,RR,single,5790,5999,2026-09-19,659287
051/066,カビゴン,U,single,29800,,2026-09-19,224079
051/068,デンリュウδ-デルタ種 ★,,single,160000,,2026-09-19,437002
051/068,デンリュウδ-デルタ種 ★ :1ED,,single,,285000,2026-09-19,109287
051/068,マギアナV,RR,single,,10000,2026-09-19,288676
051/070,MサーナイトEX,RR,single,34999,28000,2026-09-19,381834
051/070,プリン ● :ミラー :1ED,,single,30000,,2026-09-19,556918
051/070,MサーナイトEX RR :1ED,,single,24000,24000,2026-09-19,107432
051/071,ラッキー,U,single,5499,,2026-09-19,137100
051/076,ジラーチEX R :1ED,,single,13000,56800,2026-09-19,406705
051/076,ジラーチEX,R,single,,82000,2026-09-19,108764
051/078,レシラム,R,single,16000,18000,2026-09-19,382147
051/078,レシラム R :1ED,,single,,15000,2026-09-19,382146
051/080,ガブリアス R :1ED,,single,22000,24000,2026-09-19,390831
051/080,メガサメハダーex,RR,single,5500,,2026-09-19,687283
051/083,カイリキー ★,,single,,280000,2026-09-19,432694
051/086,ドテッコツ C :マスターボールミラー,,single,6200,6500,2026-09-19,609687
051/086,テラキオン R :マスターボールミラー,,single,4999,6800,2026-09-19,609841
051/086,ゴローン ◆ :1ED,,single,,39800,2026-09-19,437552
051/087,ミュウ R :1ED,,single,97900,97500,2026-09-19,106314
051/092,ガラガラ ●,,single,,69800,2026-09-19,429510
051/094,ディアンシー,PR,single,,7800,2026-09-19,334610
051/096,ギラティナ ★,,single,298000,268000,2026-09-19,447943
051/096,ギラティナ ★ :1ED,,single,270000,230000,2026-09-19,447942
051/108,ビークインex,RR,single,3000,,2026-09-17,132196
051/131,MミュウツーEX,,single,29800,29999,2026-09-19,391073
051/141,イブキのマンタイン ● :1ED,,single,,70000,2026-09-19,427884
051/162,ピカチュウ,C,single,52000,35000,2026-09-19,756336
051/165,ダグトリオ U: マスターボールミラー,,single,14800,16000,2026-09-19,128171
051/171,ヒトモシ :ミラー,,single,18000,49800,2026-09-19,386043
051/172,ミュウツーVSTAR,RRR,single,7500,7200,2026-09-19,103034
051/173,ゼラオラGX,RR,single,8999,,2026-09-19,396033
051/187,サンダース :マスターボールミラー,,single,10700,9800,2026-09-19,471601
051/187,サンダース :モンスターボールミラー,,single,6999,8999,2026-09-19,466331
051/187,サンダース,,single,,10000,2026-09-19,434890
051/193,ゼクロムex,RR,single,,7777,2026-09-19,730095
051/414,ブースターV,,single,4980,,2026-09-19,380134
051/414,ブースターV :ミラー,,single,,8888,2026-09-19,380135
051/ADV-P,フシギダネ,P,single,300000,,2026-09-19,452633
051/BW-P,レシラム,P,single,75000,,2026-09-19,415414
051/DP-P,ミミロップLV.33,プロモ,single,,100000,2026-09-19,453242
051/DPT-P,勝利のメダル,プロモ,single,98000,,2026-09-19,91681
051/PCG-P,バクフーン,P,single,,400000,2026-09-19,452695
051/XY-P,ゼルネアス,P,single,29800,39000,2026-09-19,411707
052/049,ポッチャマ,CHR,single,23300,23400,2026-09-19,126663
052/049,ゼニガメ :フルイラスト,,single,22700,22000,2026-09-19,151715
052/050,レジスチルEX SR :1ED,,single,84000,73000,2026-09-19,405189
052/050,レジスチルEX,SR,single,50000,,2026-09-19,108805
052/050,カプ・テテフGX,SR,single,30000,40000,2026-09-19,106129
052/050,マッシブーンGX,SR,single,25000,,2026-09-19,334521
052/050,アローラキュウコンGX,SR,single,21000,,2026-09-19,106163
052/050,テラキオンEX SR :1ED,,single,16999,,2026-09-19,405056
052/050,シンボラーGX,SR,single,,7980,2026-09-19,335633
052/051,リザードンGX,SR,single,296000,280000,2026-09-19,91349
052/051,ヒードランEX SR :1ED,,single,139999,,2026-09-19,108783
052/051,ボルトロスEX,SR,single,125000,480000,2026-09-19,108773
052/051,ボルトロスEX SR :1ED,,single,110000,,2026-09-19,404228
052/054,グラジオ,TR,single,7000,,2026-09-19,393175
052/068,リザードン☆δ-デルタ種 ◇ :1ED,,single,17500000,,2026-09-19,93260
052/068,リザードン☆δ-デルタ種 ◇,,single,14000000,,2026-09-19,128596
052/070,プクリン ◆ :ミラー :1ED,,single,,98000,2026-09-19,556920
052/071,バンギラス,R,single,,14999,2026-09-19,120709
052/071,ハピナス,R,single,,7499,2026-09-19,137101
052/080,ドラピオン ★ :1ED,,single,,58000,2026-09-19,562483
052/082,ナマズン ★,,single,60000,,2026-09-19,438576
052/084,わるいガラガラ ★ :1ED,,single,190000,,2026-09-19,437718
052/086,チョロネコ C :モンスターボールミラー,,single,6500,,2026-09-19,609842
052/086,チョロネコ C :マスターボールミラー,,single,6100,,2026-09-19,609843
052/086,ローブシン R :マスターボールミラー,,single,5000,,2026-09-19,609689
052/087,サンド C :1ED,,single,12800,,2026-09-19,386934
052/088,ニョロボン ★ :1ED,,single,190000,250000,2026-09-19,91919
052/092,カイリキーLV.X ☆: 1ED,,single,130000,,2026-09-19,109368
052/096,ギラティナLV.X ☆ :1ED,,single,555555,480000,2026-09-19,447944
052/096,ルカリオEX RR :1ED,,single,17000,20000,2026-09-19,390313
052/096,ギラティナLV.X ☆,,single,,468000,2026-09-19,447945
052/131,MミュウツーEX,,single,28500,26000,2026-09-19,391074
052/165,ニャース C: マスターボールミラー,,single,13280,11500,2026-09-19,128172
052/165,ニャース C: モンスターボールミラー,,single,11000,,2026-09-19,127861
052/172,ミュウ,,single,12000,6499,2026-09-19,285645
052/173,ミュウツー&ミュウGX,RR,single,17800,17800,2026-09-19,396034
052/187,サンダースex,RR,single,4900,7250,2026-09-19,434891
052/414,ブースターVMAX,,single,9000,29800,2026-09-19,96656
052/ADV-P,ヒトカゲ,P,single,200000,,2026-09-19,452634
052/L-P,焼けた塔,プロモ,single,1150000,,2026-09-19,340583
052/SM-P,アローラロコン,P,single,35000,,2026-09-19,403546
052/SV-P,ビクティニex,P,single,1000000,,2026-09-19,685591
052/XY-P,イベルタル,P,single,48999,48500,2026-09-19,411708
053/049,カイリキーGX,SR,single,20000,21800,2026-09-19,106123
053/049,ヨワシ,CHR,single,7000,6800,2026-09-19,104569
053/050,レックウザEX,SR,single,4000000,,2026-09-19,405190
053/050,ギラティナEX,SR,single,1280000,,2026-09-19,91618
053/050,レックウザEX SR :1ED,,single,770000,750000,2026-09-19,91616
053/050,ギラティナEX SR :1ED,,single,500000,480000,2026-09-19,405057
053/050,ルカリオGX,SR,single,40000,53000,2026-09-19,338421
053/050,カプ・コケコGX,SR,single,32800,,2026-09-19,106167
053/050,アローラキュウコンGX,SR,single,18000,29800,2026-09-19,335634
053/050,ルガルガンGX,SR,single,8000,,2026-09-19,336287
053/051,デオキシスEX SR :1ED,,single,598000,570000,2026-09-19,108782
053/051,ラティアスEX SR :1ED,,single,240000,,2026-09-19,404229
053/051,ラティアスEX,SR,single,100000,,2026-09-19,91592
053/051,ホウオウGX,SR,single,42000,55000,2026-09-19,105495
053/052,キュレムEX,SR,single,110000,,2026-09-19,91631
053/052,シェイミEX SR :1ED,,single,98000,,2026-09-19,404638
053/052,デンリュウGX,SR,single,15500,39777,2026-09-19,392649
053/052,キュレムEX SR :1ED,,single,,170000,2026-09-19,404802
053/054,リーリエ,TR,single,9999,9400,2026-09-19,124077
053/067,ヒスイダイケンキVSTAR,RRR,single,,6000,2026-09-19,139686
053/070,ニャース ● :ミラー :1ED,,single,48990,99999,2026-09-19,556922
053/070,キングドラ R :1ED,,single,23000,80000,2026-09-19,381837
053/070,ハピナス ◆ :ミラー :1ED,,single,17800,80000,2026-09-19,556807
053/070,キングドラ,R,single,,59999,2026-09-19,381838
053/070,ハピナス ◆ :1ED,,single,,53800,2026-09-19,556806
053/071,メタモン,,single,,25500,2026-09-19,137102
053/076,ディアルガEX R :1ED,,single,34000,33500,2026-09-19,406708
053/076,ディアルガEX,R,single,,100000,2026-09-19,406709
053/080,メタグロス ★ :1ED,,single,19999,,2026-09-19,558858
053/080,メタグロス ★ :ミラー :1ED,,single,,140000,2026-09-19,558859
053/082,バリヤードex ☆,,single,20000,200000,2026-09-19,110097
053/086,メタモン ★,,single,288000,,2026-09-19,437281
053/086,ナゲキ U :マスターボールミラー,,single,4500,6700,2026-09-19,609691
053/086,メタモン ★ :1ED,,single,,250000,2026-09-19,437280
053/086,レパルダス U :マスターボールミラー,,single,,6000,2026-09-19,609845
053/087,ヤドキング ★ :1ED,,single,1060000,900000,2026-09-19,91888
053/088,カイリキー ★ :1ED,,single,125000,123999,2026-09-19,91963
053/090,ルカリオGL ★ :1ED,,single,60000,60000,2026-09-19,448581
053/092,ゴマゾウ ● :1ED,,single,,90000,2026-09-19,429513
053/096,MルカリオEX RR :1ED,,single,21000,20000,2026-09-19,390315
053/141,マチスのライチュウ ● :1ED,,single,,222222,2026-09-19,111805
053/165,ペルシアン U: マスターボールミラー,,single,10000,10890,2026-09-19,128173
053/165,ペルシアン U: モンスターボールミラー,,single,7000,,2026-09-19,127863
053/172,ミュウV,RR,single,7400,7300,2026-09-19,103804
053/173,オーロット&ヨノワールGX,RR,single,8500,8000,2026-09-19,396035
053/187,ゼラオラ :マスターボールミラー,,single,12222,7800,2026-09-19,471602
053/ADV-P,リザード,P,single,,100000,2026-09-19,452635
053/SM-P,ライチ,プロモ,single,25000,28500,2026-09-19,91248
054/049,ピカチュウ,CHR,single,41900,39500,2026-09-19,126664
054/049,ルガルガンGX,SR,single,19800,,2026-09-19,106126
054/050,ジャローダ UR :1ED,,single,200000,220000,2026-09-19,405191
054/050,ランクルス UR :1ED,,single,62800,180000,2026-09-19,91621
054/050,ミミッキュGX,SR,single,55000,50000,2026-09-19,105311
054/050,ディアルガGX,SR,single,40000,,2026-09-19,105382
054/050,シルヴァディGX,SR,single,8900,18000,2026-09-19,334523
054/051,ラティオスEX SR :1ED,,single,250000,,2026-09-19,91594
054/051,トルネロスEX SR :1ED,,single,55000,140000,2026-09-19,404230
054/051,マーシャドーGX,SR,single,15000,30000,2026-09-19,105494
054/051,トルネロスEX,SR,single,14800,,2026-09-19,108771
054/052,グラードンEX,SR,single,960000,,2026-09-19,91630
054/052,グラードンEX SR :1ED,,single,560000,650000,2026-09-19,404803
054/052,カイオーガEX,SR,single,548000,,2026-09-19,404639
054/052,カイオーガEX SR :1ED,,single,395000,380000,2026-09-19,91632
054/053,ボルトロス,SR,single,37800,,2026-09-19,108828
054/053,レシラムGX,SR,single,28800,26900,2026-09-19,105358
054/053,トルネロス,SR,single,11800,,2026-09-19,108829
054/054,ルザミーネ,TR,single,7700,7999,2026-09-19,159419
054/054,フウとラン,TR,single,,10000,2026-09-19,393117
054/066,トドロクツキex,RR,single,5999,,2026-09-19,138252
054/067,イーブイ,C,single,6666,,2026-09-19,139568
054/070,ハピナス ☆: ミラー :1ED,,single,200000,249999,2026-09-19,109163
054/070,ハピナス ☆ :1ED,,single,148000,144000,2026-09-19,109164
054/071,イーブイ,C,single,7700,7700,2026-09-19,137103
054/072,ゾロアークGX,RR,single,15800,,2026-09-19,390959
054/076,パルキアEX R :1ED,,single,19800,30000,2026-09-19,406710
054/076,パルキアEX,R,single,19800,,2026-09-19,406711
054/078,MチルタリスEX RR :1ED,,single,18500,15500,2026-09-19,389608
054/081,サーナイト R :1ED,,single,10800,18500,2026-09-19,385465
054/082,バリヤードex ☆,,single,,108000,2026-09-19,110098
054/086,ズルッグ C :マスターボールミラー,,single,8000,6200,2026-09-19,609847
054/086,イシズマイ C :マスターボールミラー,,single,6868,5434,2026-09-19,609693
054/088,サイドン ★ :1ED,,single,75000,,2026-09-19,430133
054/092,ドンファン ◆ :1ED,,single,10000,,2026-09-19,429515
054/094,メガヤミラミ&バンギラスGX,RR,single,11990,11480,2026-09-19,321565
054/131,ソーナンス,,single,20000,18000,2026-09-19,391076
054/165,コダック C: マスターボールミラー,,single,39200,36999,2026-09-19,128174
054/165,コダック,C,single,9999,,2026-09-19,127864
054/165,コダック C: モンスターボールミラー,,single,6980,,2026-09-19,127865
054/172,ミュウVMAX,RRR,single,6500,6400,2026-09-19,103054
054/173,ミュウツー :ミラー,,single,20000,9400,2026-09-19,396199
054/173,ミュウツー,,single,14000,12000,2026-09-19,396036
054/175,ミミッキュex,,single,18000,25000,2026-09-19,425275
054/193,カプ・コケコ :エネルギーマークミラー,,single,,9999,2026-09-19,732689
054/54,アセロラ,TR,single,4500,5390,2026-09-19,160153
054/ADV-P,リザードン,P,single,350000,348000,2026-09-19,452636
055/049,ダークライGX,SR,single,65000,60000,2026-09-19,91355
055/049,コイル,CHR,single,7400,8000,2026-09-19,126669
055/050,レックウザ UR :1ED,,single,2000000,2195000,2026-09-19,405059
055/050,ルザミーネ,SR,single,240000,215000,2026-09-19,91330
055/050,ワルビアル UR :1ED,,single,190000,208000,2026-09-19,91617
055/050,ワルビアル,UR,single,150000,,2026-09-19,405192
055/050,マオ,SR,single,125000,119500,2026-09-19,91359
055/050,グラジオ,SR,single,34999,29500,2026-09-19,91328
055/050,ハラ,SR,single,11999,11000,2026-09-19,106164
055/050,ウルトラ調査隊,SR,single,9900,12800,2026-09-19,105381
055/050,マツバ,SR,single,7800,9000,2026-09-19,105312
055/051,ゲーチス SR :1ED,,single,128000,130000,2026-09-19,91595
055/051,アララギ博士,SR,single,108000,70000,2026-09-19,91590
055/051,アララギ博士 SR :1ED,,single,100000,79800,2026-09-19,368753
055/051,サーナイトGX,SR,single,24800,18000,2026-09-19,105488
055/052,ミュウツーEX,SR,single,1180000,,2026-09-19,91635
055/052,ミュウツーEX SR :1ED,,single,499999,480000,2026-09-19,404640
055/052,レジギガスEX,SR,single,85000,,2026-09-19,108815
055/052,レジギガスEX SR :1ED,,single,43000,99000,2026-09-19,404804
055/052,ガオガエンGX,SR,single,,14500,2026-09-19,392651
055/053,ゼクロム 15th,プロモ,single,1260000,1499999,2026-09-19,93143
055/053,レシラム,P,single,1100000,,2026-09-19,93142
055/053,ゼクロム SR :1ED,,single,298000,,2026-09-19,405674
055/053,ゼクロム,SR,single,278000,247000,2026-09-19,91640
055/053,レシラム,SR,single,260000,258000,2026-09-19,91641
055/053,レシラム SR :1ED,,single,259999,299999,2026-09-19,405566
055/053,キングドラGX,SR,single,10800,13000,2026-09-19,391727
055/054,マギアナEX SR :1ED,,single,42000,80000,2026-09-19,106688
055/054,ボルケニオンEX SR :1ED,,single,33000,33999,2026-09-19,106692
055/054,モクロー&アローラナッシーGX,SR,single,23999,19800,2026-09-19,104608
055/054,フェローチェ&マッシブーンGX,SR,single,14800,,2026-09-19,393295
055/055,グズマ,TR,single,6800,,2026-09-19,393237
055/068,ホウオウV,RR,single,13999,13400,2026-09-19,95250
055/068,ニドキングδ-デルタ種 ★,,single,,318000,2026-09-19,109305
055/070,ケンタロス ◆ :1ED,,single,,35800,2026-09-19,556808
055/071,かがやくイーブイ,K,single,9800,9399,2026-09-19,127030
055/076,ルギア,R,single,13000,12000,2026-09-19,145114
055/078,キングドラEX RR :1ED,,single,,35000,2026-09-19,389610
055/080,プテラex ☆ :1ED,,single,249000,,2026-09-19,431361
055/080,MリザードンEX,RR,single,150000,120000,2026-09-19,380746
055/080,MリザードンEX RR :1ED,,single,126000,107000,2026-09-19,108500
055/080,プテラex ☆,,single,30000,,2026-09-19,110613
055/080,ダークライEX RR :1ED,,single,25000,35555,2026-09-19,390839
055/080,ボスゴドラ ★,,single,,79800,2026-09-19,562496
055/080,ボスゴドラ ★ :ミラー :1ED,,single,,79800,2026-09-19,562495
055/080,ボスゴドラ ★ :1ED,,single,,59999,2026-09-19,562494
055/086,イワパレス U :マスターボールミラー,,single,5599,,2026-09-19,609695
055/086,ズルズキン U :マスターボールミラー,,single,5500,,2026-09-19,609849
055/088,サイドン ★: キラ/1ED,,single,35000,,2026-09-19,91922
055/092,バルキー ● :1ED,,single,,49800,2026-09-19,429517
055/100,ルカリオ,R,single,39800,,2026-09-19,139798
055/131,ソーナンスBREAK,,single,25500,25800,2026-09-19,391077
055/165,ゴルダック U: マスターボールミラー,,single,14500,29899,2026-09-19,128175
055/172,かがやくサーナイト,K,single,4400,6000,2026-09-19,103940
055/173,ミュウ :ミラー,,single,88000,40000,2026-09-19,396200
055/173,ミュウ,,single,25000,13000,2026-09-19,396037
055/187,テツノイバラ :マスターボールミラー,,single,5000,,2026-09-19,471603
055/190,ピカチュウ :ミラー,,single,18500,9000,2026-09-19,162128
055/190,ピカチュウ,,single,8000,7777,2026-09-19,160111
055/SM-P,イースターのピカチュウ,プロモ,single,460000,460000,2026-09-19,91222
055/XY-P,ゲンガーソウルリンク,P,single,73500,73500,2026-09-19,411712
055/XY-P,ゲンガーソウルリンク,P,single,42800,43800,2026-09-19,411711
056/049,アセロラ,SR,single,1560000,1570000,2026-09-19,91354
056/049,ドガース,CHR,single,10800,7900,2026-09-19,104566
056/050,ギャラドスGX,HR,single,111111,94000,2026-09-19,91331
056/050,マツリカ,SR,single,15999,15888,2026-09-19,105310
056/050,マキシ,SR,single,6980,11010,2026-09-19,105385
056/050,アローラゴローニャGX,HR,single,,21111,2026-09-19,105445
056/051,エンペルト UR :1ED,,single,238000,,2026-09-19,91593
056/051,ダストダス UR :1ED,,single,138000,238000,2026-09-19,91591
056/051,グズマ,SR,single,18888,27799,2026-09-19,91347
056/051,カキ,SR,single,9800,,2026-09-19,105496
056/051,ドヒドイデGX,SR,single,,15000,2026-09-19,389217
056/052,ゾロアーク UR :1ED,,single,480000,200000,2026-09-19,91633
056/052,エンブオー,UR,single,240000,,2026-09-19,91629
056/052,エンブオー UR :1ED,,single,168000,200000,2026-09-19,404805
056/053,ピカチュウ,UR,single,1200000,1100000,2026-09-19,92124
056/053,ピカチュウ UR :1ED,,single,890000,950000,2026-09-19,295462
056/053,カイリューGX,SR,single,33000,39999,2026-09-19,105361
056/054,サーナイトEX SR :1ED,,single,60000,61000,2026-09-19,91477
056/054,ハガネールEX SR :1ED,,single,60000,61000,2026-09-19,106691
056/054,ライチュウ&アローラライチュウGX,SR,single,55000,44800,2026-09-19,104613
056/054,フェローチェ&マッシブーンGX SR,SA,single,46000,78000,2026-09-19,104630
056/054,モクロー&アローラナッシーGX SR,SA,single,34999,38799,2026-09-19,104602
056/059,ミュウツーソウルリンク U :1ED,,single,29000,27000,2026-09-19,389951
056/070,エイパム ● :ミラー :1ED,,single,15000,37000,2026-09-19,556928
056/071,カビゴン,R,single,8888,8880,2026-09-19,137104
056/076,レックウザ,AR,single,25500,23000,2026-09-19,102294
056/080,ドードー ● :ミラー :1ED,,single,,21800,2026-09-19,558871
056/082,ニドキング ★ :1ED,,single,,94800,2026-09-19,438774
056/083,グラードンex ☆ :1ED,,single,180000,475000,2026-09-19,432702
056/083,グラードンex ☆,,single,128000,,2026-09-19,91819
056/086,グラードン☆ ◇: 1ED,,single,1649800,,2026-09-19,92003
056/086,ヤブクロン C :マスターボールミラー,,single,6600,,2026-09-19,609851
056/086,ランドロス R :マスターボールミラー,,single,4500,11500,2026-09-19,609697
056/088,マグカルゴ ★: キラ,,single,98000,,2026-09-19,91967
056/088,カブト ●,,single,49800,,2026-09-19,430135
056/090,カバルドンLV.X ☆ :1ED,,single,60000,,2026-09-19,448587
056/092,カポエラー ●,,single,,50000,2026-09-19,429520
056/092,マンムー ★,,single,,46000,2026-09-19,449083
056/094,メガゲンガーex,RR,single,,15500,2026-09-19,841905
056/131,デオキシス,,single,,69999,2026-09-19,391078
056/141,ナツメのエーフィ ● :1ED,,single,144999,148000,2026-09-19,92088
056/165,マンキー C: マスターボールミラー,,single,15000,,2026-09-19,128176
056/184,モルペコV-UNION,RRR,single,22000,25000,2026-09-19,141061
056/ADV-P,コダック,P,single,370000,400000,2026-09-19,452638
056/DP-P,マイナン :キラ,プロモ,single,,550000,2026-09-19,453247
056/L-P,ザングース,プロモ,single,,85000,2026-09-19,453471
056/XY-P,ポケテレのADピカチュウ,プロモ,single,400000,400000,2026-09-19,91429
057/049,マーマネ,SR,single,13499,20000,2026-09-19,91356
057/049,エルレイド,CHR,single,9399,6990,2026-09-19,126677
057/050,パルキアGX,HR,single,68000,,2026-09-19,93103
057/050,アローラキュウコンGX,HR,single,25800,66666,2026-09-19,91361
057/050,カプ・テテフGX,HR,single,14000,,2026-09-19,91358
057/050,マッシブーンGX,HR,single,7980,44800,2026-09-19,105441
057/051,ニンフィアGX,SR,single,118000,126000,2026-09-19,91362
057/051,ビッケ,SR,single,52000,60000,2026-09-19,91344
057/051,シンボラー UR :1ED,,single,50000,,2026-09-19,91596
057/051,プルメリ,SR,single,26800,28000,2026-09-19,91351
057/051,ガブリアス UR :1ED,,single,,1999999,2026-09-19,404231
057/052,シャンデラ,UR,single,370000,,2026-09-19,91628
057/052,サザンドラ UR :1ED,,single,250000,,2026-09-19,380071
057/052,シャンデラ UR :1ED,,single,218000,249999,2026-09-19,404806
057/052,サザンドラ,UR,single,135000,,2026-09-19,91634
057/053,ホワイトキュレムGX,SR,single,45000,99000,2026-09-19,391728
057/054,ライチュウ&アローラライチュウGX SR,SA,single,200000,190000,2026-09-19,91284
057/054,MサーナイトEX SR :1ED,,single,93000,94000,2026-09-19,91476
057/054,MハガネールEX SR :1ED,,single,48000,60000,2026-09-19,106690
057/054,カメックスGX,SR,single,23000,21000,2026-09-19,393296
057/054,ケルディオGX,SR,single,8500,15800,2026-09-19,393176
057/055,デデンネGX,SR,single,13500,13500,2026-09-19,104642
057/059,ミュウツーソウルリンク,U,single,100000,,2026-09-19,390092
057/059,ミュウツーソウルリンク U :1ED,,single,29000,29000,2026-09-19,390091
057/059,リーリエ,,single,10000,,2026-09-19,124075
057/068,ネイティオδ-デルタ種 ★,,single,18000,,2026-09-19,437010
057/072,ひかるレックウザ,H,single,70000,70000,2026-09-19,91334
057/078,カビゴン C :1ED,,single,84800,63800,2026-09-19,389614
057/080,ドードリオ ★ :ミラー :1ED,,single,,80000,2026-09-19,558875
057/081,ギラティナEX,RR,single,35000,40800,2026-09-19,385472
057/081,ギラティナEX RR :1ED,,single,25800,53000,2026-09-19,385471
057/086,サンドパンδ-デルタ種 R: 1ED,,single,69999,,2026-09-19,109999
057/086,フシデ C :マスターボールミラー,,single,6500,,2026-09-19,609699
057/086,サンドパンδ-デルタ種 R: 再販,,single,,200000,2026-09-19,110006
057/087,カイリキー R :1ED,,single,13480,12000,2026-09-19,386939
057/087,ウソッキー ★ :1ED,,single,,299900,2026-09-19,429941
057/088,カブトプス ★ :1ED,,single,39500,,2026-09-19,430136
057/088,カラマネロEX RR :1ED,,single,6500,,2026-09-19,390591
057/092,ラッキー ● :1ED,,single,68000,,2026-09-19,429521
057/096,ジラーチ,PR,single,27000,34800,2026-09-19,334383
057/100,プテラVSTAR,RRR,single,7000,,2026-09-19,136998
057/106,シロデスナex,RR,single,,5999,2026-09-19,405369
057/165,オコリザル U: マスターボールミラー,,single,23800,25000,2026-09-19,128177
057/173,ギラティナ,,single,25000,11900,2026-09-19,396039
057/173,ギラティナ :ミラー,,single,14800,12499,2026-09-19,396202
057/187,ケーシィ :マスターボールミラー,,single,5800,8000,2026-09-19,471604
057/ADV-P,ピカチュウ,P,single,350000,419000,2026-09-19,452639
057/DP-P,ピカチュウ,プロモ,single,800000,1100000,2026-09-19,91699
057/L-P,ロストリムーバー,プロモ,single,210000,,2026-09-19,91647
057/SV-P,ピカチュウ,P,single,44800,39500,2026-09-19,520383
057/SV-P,ボタン,P,single,6000,,2026-09-19,414223
058/049,ミミッキュ (アセロラ),CHR,single,85000,22490,2026-09-19,123606
058/049,カプ・ブルルGX,HR,single,32800,45000,2026-09-19,106115
058/050,ルガルガンGX,HR,single,15500,,2026-09-19,106144
058/050,シンボラーGX,HR,single,9800,,2026-09-19,335635
058/050,カプ・コケコGX,HR,single,,79800,2026-09-19,93110
058/051,リザードンGX,HR,single,900000,780000,2026-09-19,91352
058/051,ジジーロンGX,SR,single,,19800,2026-09-19,389218
058/052,ミカン,SR,single,21800,21800,2026-09-19,91300
058/053,カツラの一発勝負,SR,single,26099,,2026-09-19,105359
058/054,ルカリオ&メルメタルGX,SR,single,33000,,2026-09-19,393297
058/054,ポケモンレンジャー 紫 SR :1ED,,single,29500,25000,2026-09-19,91479
058/054,ポケモンレンジャー 水色 SR :1ED,,single,26800,32222,2026-09-19,91478
058/054,ポケモンレンジャー 水色,SR,single,,38400,2026-09-19,807511
058/055,ゲッコウガ&ゾロアークGX,SR,single,23800,23500,2026-09-19,104638
058/069,イーブイ,C,single,29800,9800,2026-09-19,141703
058/069,イーブイ C :1ED,,single,,88888,2026-09-19,404929
058/070,ホーホー ● :ミラー :1ED,,single,,49800,2026-09-19,556815
058/070,トルネロスVMAX,RRR,single,,5000,2026-09-19,141787
058/071,カビゴン,R,single,8400,,2026-09-19,139404
058/072,ひかるルギア,H,single,73000,78000,2026-09-19,91335
058/078,ルギア,R,single,100000,,2026-09-19,389617
058/078,ルギア R :1ED,,single,61500,46800,2026-09-19,389616
058/080,イーブイ ● :1ED,,single,38000,75000,2026-09-19,558878
058/080,イーブイ ●,,single,34800,,2026-09-19,558880
058/080,MハッサムEX RR :1ED,,single,25000,24900,2026-09-19,390845
058/080,MハッサムEX,RR,single,18000,,2026-09-19,390846
058/080,イーブイ ● :ミラー :1ED,,single,,240000,2026-09-19,558879
058/080,エンペルトex,RR,single,,12480,2026-09-19,702999
058/083,プクリンex ☆,,single,22000,,2026-09-19,110589
058/083,プクリンex ☆ :1ED,,single,,395000,2026-09-19,432705
058/086,ガラガラδ-デルタ種 R: 1ED,,single,90000,88888,2026-09-19,109984
058/086,アーマルドex ☆,,single,50000,148000,2026-09-19,110018
058/086,ゾロア C :マスターボールミラー,,single,9999,10300,2026-09-19,609855
058/086,アーマルドex ☆ :1ED,,single,,148000,2026-09-19,437566
058/087,カイリキーBREAK RR :1ED,,single,40000,37500,2026-09-19,386940
058/088,カブトプス ★ :1ED,,single,50000,108000,2026-09-19,91924
058/092,イーブイ ● :1ED,,single,90000,84500,2026-09-19,429523
058/092,イーブイ ●,,single,40000,,2026-09-19,110796
058/095,ブラッキー,U,single,27777,23998,2026-09-19,335125
058/100,ドサイドン ★ :1ED,,single,,47777,2026-09-19,449336
058/128,ポケモンナース ◆ :1ED,,single,35000,,2026-09-19,431089
058/131,ランプラー,,single,,29800,2026-09-19,391080
058/150,ディアンシー,PR,single,10800,7980,2026-09-19,112754
058/165,ガーディ C: マスターボールミラー,,single,11500,17980,2026-09-19,128178
058/171,フーパEX,,single,,12000,2026-09-19,385911
058/173,ギラティナ,PR,single,40000,37000,2026-09-19,396040
058/187,ユンゲラー :マスターボールミラー,,single,6200,,2026-09-19,471605
058/ADV-P,ライチュウ,P,single,87500,90000,2026-09-19,452640
058/DP-P,ガブリアスLV.X :キラ,プロモ,single,33000,398000,2026-09-19,453248
058/L-P,ラプラス,プロモ,single,600000,,2026-09-19,91642
059/049,ドリュウズ,CHR,single,10800,8500,2026-09-19,126685
059/050,ルカリオGX,HR,single,67000,59999,2026-09-19,93104
059/050,メタグロスGX,HR,single,32000,37800,2026-09-19,106142
059/050,アローラキュウコンGX,HR,single,28000,28500,2026-09-19,104694
059/050,シルヴァディGX,HR,single,,35000,2026-09-19,105437
059/050,アローラナッシーGX,HR,single,,25000,2026-09-19,105475
059/051,ホウオウGX,HR,single,120000,176000,2026-09-19,91350
059/052,デンリュウGX,HR,single,30000,50000,2026-09-19,104643
059/053,ヒガナ,SR,single,88000,64999,2026-09-19,91309
059/054,サーナイトEX,UR,single,235000,,2026-09-19,711846
059/054,サーナイトEX UR :1ED,,single,173500,171999,2026-09-19,129008
059/054,ルカリオ&メルメタルGX SR,SA,single,56999,55500,2026-09-19,104629
059/054,ボルケニオンEX UR :1ED,,single,50000,63000,2026-09-19,91480
059/054,ファイヤー&サンダー&フリーザーGX,SR,single,48000,53300,2026-09-19,104606
059/054,ガブリアス&ギラティナGX,SR,single,33000,32500,2026-09-19,104614
059/055,ゲッコウガ&ゾロアークGX SR,SA,single,141000,115000,2026-09-19,104636
059/063,アセロラのいたずら,U,single,8800,,2026-09-19,646404
059/066,カビゴンドール,U,single,1100,,2026-09-13,146983
059/070,ルギアEX,R,single,148000,290000,2026-09-19,406334
059/070,ルギアEX R :1ED,,single,120000,180000,2026-09-19,406333
059/070,ヒメグマ ● :ミラー :1ED,,single,7000,,2026-09-19,556934
059/070,ヒメグマ ● :1ED,,single,5999,,2026-09-19,556933
059/070,ヨルノズク ★ :1ED,,single,,32500,2026-09-19,556816
059/072,ひかるアルセウス,H,single,33000,33000,2026-09-19,91339
059/076,トゲキッスVMAX,RRR,single,7000,,2026-09-19,145117
059/078,ルギアBREAK RR :1ED,,single,75000,86999,2026-09-19,389618
059/080,トゲピー ● :1ED,,single,19800,,2026-09-19,558881
059/084,R団のニャース ★ :1ED,,single,200000,,2026-09-19,437732
059/086,レジロック☆ ◇: 再販,,single,800000,,2026-09-19,93266
059/086,ペンドラー U :マスターボールミラー,,single,6499,,2026-09-19,609703
059/086,ゾロアーク R :マスターボールミラー,,single,4999,,2026-09-19,609857
059/087,ヨーギラス ● :1ED,,single,37000,,2026-09-19,429943
059/092,ポリゴン ● :1ED,,single,34666,69999,2026-09-19,429524
059/095,バンギラスGX,RR,single,14800,14799,2026-09-19,335126
059/131,シャンデラ,,single,25000,,2026-09-19,391081
059/141,エリカのキレイハナ ● :1ED,,single,55555,,2026-09-19,111811
059/165,ウインディ U: マスターボールミラー,,single,18000,18500,2026-09-19,128179
059/187,フーディン :マスターボールミラー,,single,7700,9999,2026-09-19,471606
059/ADV-P,ヤドン,P,single,100000,250000,2026-09-19,452641
059/L-P,エンテイ,プロモ,single,329800,,2026-09-19,453472
059/S-P,イエッサンV 2020,プロモ,single,20000,39800,2026-09-19,91115
059/SM-P,ニャビー,プロモ,single,45000,,2026-09-19,107458
060/049,ハガネール,CHR,single,7500,5950,2026-09-19,104567
060/050,ディアルガGX,HR,single,74800,250000,2026-09-19,91315
060/050,ミミッキュGX,HR,single,68888,92000,2026-09-19,104693
060/051,マーシャドーGX,HR,single,45555,,2026-09-19,105489
060/052,フーパGX,HR,single,14000,19000,2026-09-19,392654
060/053,レシラムGX,HR,single,88888,84900,2026-09-19,91308
060/054,ファイヤー&サンダー&フリーザーGX SR: SA (三鳥),,single,469000,470000,2026-09-19,91283
060/054,ガブリアス&ギラティナGX SR,SA,single,128888,122000,2026-09-19,91285
060/055,サーナイト&ニンフィアGX,SR,single,27000,22000,2026-09-19,104639
060/059,セレビィEX,SR,single,222222,250000,2026-09-19,91605
060/059,セレビィEX SR :1ED,,single,145000,,2026-09-19,406101
060/059,クレセリアEX,SR,single,105000,,2026-09-19,91613
060/059,ヘルガーEX SR :1ED,,single,53000,,2026-09-19,107359
060/059,クレセリアEX SR :1ED,,single,49980,118000,2026-09-19,405957
060/059,オニゴーリEX SR :1ED,,single,29888,25000,2026-09-19,107361
060/070,キリンリキ ● :1ED,,single,4000,,2026-09-19,556817
060/071,ビッパ / メタモン :メタモンマーク有,C,single,40000,,2026-09-19,838366
060/081,ヌメルゴン R :1ED,,single,38500,,2026-09-19,385477
060/086,プテラ ★ :1ED,,single,95000,220000,2026-09-19,437567
060/086,モノズ C :マスターボールミラー,,single,6500,4838,2026-09-19,609859
060/086,メグロコ C :マスターボールミラー,,single,6500,,2026-09-19,609705
060/087,エビワラー R :1ED,,single,16800,21000,2026-09-19,386942
060/088,フラージェスEX RR :1ED,,single,9800,,2026-09-19,390597
060/092,トゲピー ● :1ED,,single,74999,,2026-09-19,429528
060/095,ラティアス&ラティオスGX,RR,single,13200,13399,2026-09-19,396362
060/096,ドラピオンLV.X ☆ :1ED,,single,88000,,2026-09-19,447960
060/096,ツンデツンデGX,RR,single,,8999,2026-09-19,334386
060/108,アブソルex ☆,,single,170000,300000,2026-09-19,91732
060/114,シロデスナ :ミラー,,single,,9000,2026-09-19,335910
060/141,エリカのワタッコ ● :1ED,,single,33333,,2026-09-19,427888
060/165,ニョロモ C: マスターボールミラー,,single,16800,15000,2026-09-19,128180
060/172,デオキシス,,single,,9900,2026-09-19,285653
060/175,マホイップex,,single,6000,,2026-09-19,425277
060/187,ネイティ :マスターボールミラー,,single,7000,8000,2026-09-19,471607
060/193,リーリエのピッピex,RR,single,6100,6100,2026-09-19,730104
060/414,ビクティニVMAX,,single,5900,,2026-09-19,380145
060/L-P,スイクン,プロモ,single,420000,,2026-09-19,453473
060/SM-P,ヒトカゲ,プロモ,single,12800,26800,2026-09-19,107576
061/049,ムーランド,CHR,single,11980,5500,2026-09-19,126684
061/050,カウンターエネルギー,UR,single,,77777,2026-09-19,105473
061/050,ワープエネルギー,UR,single,,58000,2026-09-19,105438
061/051,サーナイトGX,HR,single,44444,43000,2026-09-19,91345
061/051,オンバーンGX,HR,single,29800,,2026-09-19,105500
061/053,キングドラGX,HR,single,22000,30000,2026-09-19,105360
061/054,ブルーの探索,SR,single,60499,59000,2026-09-19,91288
061/054,かいじゅうマニア,SR,single,8800,33800,2026-09-19,393178
061/054,ギーマ,SR,single,,55555,2026-09-19,393120
061/055,サーナイト&ニンフィアGX SR,SA,single,263000,289999,2026-09-19,91289
061/059,ケルディオEX,SR,single,65000,,2026-09-19,108792
061/059,MヘルガーEX SR :1ED,,single,55000,60000,2026-09-19,107357
061/059,ケルディオEX SR :1ED,,single,50000,,2026-09-19,406102
061/059,ランドロスEX SR :1ED,,single,40000,,2026-09-19,405958
061/059,MオニゴーリEX SR :1ED,,single,25000,25000,2026-09-19,107363
061/059,ランドロスEX,SR,single,18800,,2026-09-19,108803
061/060,カメックスEX,SR,single,200000,,2026-09-19,379910
061/060,フシギバナEX SR :1ED,,single,120000,128000,2026-09-19,91550
061/060,フシギバナEX,SR,single,118000,129999,2026-09-19,379789
061/060,カメックスEX SR :1ED,,single,108500,107800,2026-09-19,91549
061/070,リングマ ☆ :ミラー :1ED,,single,128000,180000,2026-09-19,109116
061/070,リングマ ☆ :1ED,,single,111111,80000,2026-09-19,109143
061/070,ノコッチ ◆ :ミラー :1ED,,single,,49800,2026-09-19,556820
061/075,ダーテングex ☆ :1ED,,single,18500,,2026-09-19,436775
061/078,レックウザEX,RR,single,49999,52000,2026-09-19,382167
061/078,レックウザEX RR :1ED,,single,39000,39000,2026-09-19,382166
061/080,トゲキッス ★ :1ED,,single,49999,50000,2026-09-19,558889
061/080,ニャースex,RR,single,5800,5800,2026-09-19,752442
061/080,ポッポ C :1ED,,single,,14999,2026-09-19,380757
061/081,ニャース,C,single,,65800,2026-09-19,385480
061/081,ニャース C :1ED,,single,,37000,2026-09-19,385479
061/084,R団のストライクex ☆,,single,225000,249000,2026-09-19,110059
061/084,R団のストライクex ☆ :1ED,,single,215000,308000,2026-09-19,437734
061/086,メタモン ★ :1ED,,single,180000,,2026-09-19,437290
061/086,ワルビル C :マスターボールミラー,,single,5700,,2026-09-19,609707
061/086,ジヘッド C :マスターボールミラー,,single,5432,,2026-09-19,609861
061/087,ピッピ R :1ED,,single,15000,16000,2026-09-19,106333
061/092,トゲチック ★ :1ED,,single,31111,,2026-09-19,429530
061/093,シャンデラEX :1ED,,single,12000,,2026-09-19,408085
061/094,ニンフィア,U,single,12000,,2026-09-19,334620
061/096,チルタリスGX,RR,single,,11500,2026-09-19,334387
061/100,Nのゾロアークex,RR,single,4500,,2026-09-19,485649
061/141,アンズのスピアー ● :1ED,,single,26666,27666,2026-09-19,427889
061/165,ニョロゾ C: マスターボールミラー,,single,16000,15399,2026-09-19,128181
061/171,レジロックEX,,single,4500,,2026-09-19,385914
061/187,ネイティオ :マスターボールミラー,,single,5480,,2026-09-19,471608
061/193,ロケット団のタマタマ :ロケット団マークミラー,,single,,6500,2026-09-19,732698
061/ADV-P,プリン,P,single,100000,,2026-09-19,452643
061/L-P,ライコウ,プロモ,single,100000,,2026-09-19,453474
061/SM-P,ピカチュウ,プロモ,single,450000,450000,2026-09-19,91220
0615/15,ブラッキー,AR,single,66800,71000,2026-09-19,601145
062/049,ラフレシアGX SR,SA,single,18888,19799,2026-09-19,127423
062/051,あなぬけのヒモ,UR,single,,55000,2026-09-19,91353
062/052,コバルオンGX,HR,single,9700,20000,2026-09-19,392656
062/053,カイリューGX,HR,single,70000,88888,2026-09-19,91310
062/054,ムサシとコジロウ,SR,single,72000,74000,2026-09-19,104603
062/054,コーチトレーナー,SR,single,8000,10000,2026-09-19,104616
062/055,アンズ,SR,single,10880,12000,2026-09-19,104641
062/059,ブラックキュレムEX SR :1ED,,single,255000,,2026-09-19,405959
062/059,ミュウツーEX SR :1ED,,single,220000,205000,2026-09-19,91504
062/059,ミュウツーEX SR :1ED,,single,175999,164000,2026-09-19,91508
062/059,ホワイトキュレムEX SR :1ED,,single,148000,,2026-09-19,406103
062/059,ホワイトキュレムEX,SR,single,24000,,2026-09-19,91609
062/059,ブラックキュレムEX,SR,single,,550000,2026-09-19,91610
062/060,エアームドEX,SR,single,50000,,2026-09-19,379790
062/060,エモンガEX SR :1ED,,single,46000,55000,2026-09-19,108507
062/060,エーフィGX,SR,single,43500,45000,2026-09-19,91368
062/060,ルナアーラGX,SR,single,30000,20000,2026-09-19,106179
062/060,エアームドEX SR :1ED,,single,29200,79800,2026-09-19,108511
062/060,マグカルゴGX,SR,single,15000,,2026-09-19,334818
062/060,モルペコV,SR,single,11111,,2026-09-19,113240
062/060,エモンガEX,SR,single,,80000,2026-09-19,379911
062/060,ラプラスV,SR,single,,12800,2026-09-19,145575
062/063,リーリエの決心,U,single,6000,8000,2026-09-19,628161
062/070,オドシシ ● :ミラー :1ED,,single,6500,,2026-09-19,556822
062/070,ミルタンク ◆ :1ED,,single,,35800,2026-09-19,556937
062/071,プライムキャッチャー,ACE,single,5000,,2026-09-19,172008
062/078,MレックウザEX,RR,single,48000,44800,2026-09-19,382169
062/078,MレックウザEX RR :1ED,,single,37500,37000,2026-09-19,382168
062/080,ブラッキー ★ :1ED,,single,650000,580000,2026-09-19,431374
062/080,ブラッキー ★,,single,500000,,2026-09-19,91828
062/080,カビゴン,C,single,10000,,2026-09-19,752443
062/080,ジュラルドン,C,single,4200,,2026-09-19,703003
062/084,R団のカビゴンex ☆: 1ED,,single,1400000,1990000,2026-09-19,91800
062/084,R団のカビゴンex ☆,,single,1200000,,2026-09-19,437735
062/086,ワルビアル U :マスターボールミラー,,single,,11111,2026-09-19,609709
062/087,ピジョットEX RR :1ED,,single,,14999,2026-09-19,106334
062/088,カビゴン ●,,single,500000,728000,2026-09-19,430613
062/088,ニャース ●,,single,130000,,2026-09-19,430144
062/088,ニャース ● :1ED,,single,120000,,2026-09-19,430143
062/088,ペロリーム R :1ED,,single,8000,,2026-09-19,390601
062/092,トゲチック ★ :1ED,,single,180000,199999,2026-09-19,91782
062/092,トゲチック ★,,single,,590000,2026-09-19,91783
062/094,デデンネ,C,single,42000,,2026-09-19,334621
062/165,ニョロボン U: マスターボールミラー,,single,15000,13299,2026-09-19,128182
062/171,ルカリオEX,,single,13333,,2026-09-19,385915
062/187,エーフィ :マスターボールミラー,,single,10000,9700,2026-09-19,471609
062/187,エーフィ :モンスターボールミラー,,single,9989,9990,2026-09-19,466344
062/193,ロケット団のナッシー :ロケット団マークミラー,,single,,7800,2026-09-19,732700
062/ADV-P,ニャース,P,single,150000,250000,2026-09-19,452644
062/PCG-P,ラティオス,P,single,,400000,2026-09-19,452699
062/SV-P,イーブイ,プロモ,single,24000,24999,2026-09-19,122054
063/049,ダークライGX,HR,single,80000,179800,2026-09-19,93108
063/049,ソルガレオ&ルナアーラGX (リーリエ) SR :SA (ソルルナGX),,single,67400,64500,2026-09-19,91279
063/050,鋼鉄のフライパン,UR,single,,48000,2026-09-19,105380
063/051,ドヒドイデGX,HR,single,,22000,2026-09-19,106176
063/053,ホワイトキュレムGX,HR,single,10000,,2026-09-19,93102
063/054,モクロー&アローラナッシーGX,HR,single,22000,24000,2026-09-19,104609
063/055,キョウの罠,SR,single,14000,,2026-09-19,393239
063/059,MミュウツーEX 青い衝撃 SR :1ED,,single,255000,249000,2026-09-19,91507
063/059,MミュウツーEX,SR,single,230000,550000,2026-09-19,389960
063/059,MミュウツーEX 赤い閃光 SR :1ED,,single,210000,224980,2026-09-19,91503
063/059,ベル SR :1ED,,single,165000,150000,2026-09-19,91606
063/059,ベル,SR,single,162000,170000,2026-09-19,321711
063/059,チェレン,SR,single,42800,,2026-09-19,91612
063/059,チェレン SR : 1ED,,single,,52000,2026-09-19,321643
063/060,ブラッキーGX,SR,single,118900,105000,2026-09-19,91365
063/060,イベルタルEX SR :1ED,,single,59500,109000,2026-09-19,108509
063/060,ソルガレオGX,SR,single,50000,59800,2026-09-19,106190
063/060,ゼルネアスEX,SR,single,40000,,2026-09-19,379791
063/060,ゼラオラGX,SR,single,18000,24700,2026-09-19,334819
063/060,ソーナンスV,SR,single,16500,22000,2026-09-19,145576
063/060,イベルタルEX,SR,single,,279000,2026-09-19,379912
063/062,ユキワラシ,AR,single,5500,6200,2026-09-19,137231
063/064,おじょうさま,TR,single,12800,12800,2026-09-19,126385
063/070,エネルギーつけかえ U: ミラー :1ED,,single,,49800,2026-09-19,91675
063/071,リブートポッド,ACE,single,5000,,2026-09-19,180198
063/072,イマクニ？,,single,49800,,2026-09-19,106720
063/078,シェイミEX,RR,single,12800,14000,2026-09-19,382171
063/078,チルタリスEX RR :1ED,,single,,19800,2026-09-19,389625
063/078,シェイミEX RR :1ED,,single,,14800,2026-09-19,382170
063/080,ガルーラ ● :ミラー,,single,,1980000,2026-09-19,562528
063/081,イーブイ C :1ED,,single,29800,,2026-09-19,385483
063/081,イーブイ,C,single,,19900,2026-09-19,385484
063/084,R団のサンダーex ☆: 1ED,,single,350000,,2026-09-19,91805
063/084,R団のサンダーex ☆,,single,159800,,2026-09-19,437736
063/086,バルチャイ C :マスターボールミラー,,single,6000,6000,2026-09-19,609711
063/086,テッシード C :マスターボールミラー,,single,5988,5300,2026-09-19,609863
063/087,MピジョットEX RR :1ED,,single,15000,15999,2026-09-19,106659
063/088,ペルシアン ◆ :1ED,,single,20000,,2026-09-19,430145
063/098,ロケット団のニドキングex,RR,single,6000,,2026-09-19,564926
063/165,ケーシィ C: マスターボールミラー,,single,9400,9400,2026-09-19,128183
063/171,MルカリオEX,,single,21700,21799,2026-09-19,385916
063/173,ミミッキュ :ミラー,,single,50000,,2026-09-19,396207
063/173,ミミッキュ,,single,19999,,2026-09-19,396045
063/187,エーフィex,RR,single,8888,19999,2026-09-19,434894
063/193,ロケット団のミュウツーex,RR,single,6250,6200,2026-09-19,730107
063/ADV-P,メタング,P,single,,120000,2026-09-19,452645
063/DP-P,イーブイLV.14 :キラ,プロモ,single,218000,480000,2026-09-19,453253
063/SM-P,ニャビー,P,single,,69000,2026-09-19,403552
063/SV-P,シャワーズ,プロモ,single,23000,23000,2026-09-19,122055
063/XY-P,ケロマツ,P,single,,129999,2026-09-19,411719
064/049,レシラム&ゼクロムGX (N) SR :SA,,single,64000,59999,2026-09-19,91280
064/051,ニンフィアGX,HR,single,700000,735000,2026-09-19,93114
064/054,ライチュウ&アローラライチュウGX,HR,single,47980,47500,2026-09-19,104611
064/054,カメックスGX,HR,single,29500,30000,2026-09-19,104632
064/054,ケルディオGX,HR,single,,23000,2026-09-19,393179
064/059,テラキオン UR :1ED,,single,139999,,2026-09-19,406104
064/059,アズサ SR :1ED,,single,118000,100000,2026-09-19,91506
064/059,ゴルーグ,UR,single,80000,,2026-09-19,91611
064/059,サカキの計画 SR :1ED,,single,55555,45000,2026-09-19,91505
064/059,ゴルーグ UR :1ED,,single,40000,,2026-09-19,405960
064/059,テラキオン,UR,single,,155000,2026-09-19,91608
064/060,ゲノセクトGX,SR,single,8000,,2026-09-19,334820
064/062,タマンタ,AR,single,8000,8900,2026-09-19,136488
064/063,フシギダネ,AR,single,5499,5500,2026-09-19,657361
064/063,ヤンヤンマ,AR,single,4800,5600,2026-09-19,546104
064/063,ツボツボ,AR,single,4200,4300,2026-09-19,664111
064/067,カイ,R,single,4000,,2026-09-19,139578
064/068,セレナ U :ミラー,,single,11000,,2026-09-19,288698
064/071,ヒーローマント,ACE,single,3000,,2026-09-19,184138
064/080,エンテイ&ライコウLEGEND ☆: 1ED,,single,290000,289000,2026-09-19,93180
064/080,エンテイ&ライコウLEGEND ☆: 再販,,single,148999,,2026-09-19,93179
064/080,メタモン ★ :ミラー :1ED,,single,109000,,2026-09-19,562530
064/080,ガルーラEX RR :1ED,,single,15800,23000,2026-09-19,380763
064/082,ボーマンダex ☆: 1ED,,single,200000,,2026-09-19,110087
064/082,ボーマンダex ☆,,single,175000,,2026-09-19,438599
064/082,ピジョット,R,single,75000,,2026-09-19,110099
064/084,R団のミュウツーex ☆,,single,1200000,1490000,2026-09-19,91802
064/084,R団のミュウツーex ☆ :1ED,,single,,1800000,2026-09-19,437737
064/086,ナットレイ U :マスターボールミラー,,single,3999,,2026-09-19,609865
064/088,メタモン ● :1ED,,single,230000,230000,2026-09-19,430147
064/088,メタモン ●,,single,200000,,2026-09-19,430148
064/092,ドーブル ● :1ED,,single,29999,,2026-09-19,429533
064/094,ゼルネアスGX,RR,single,16900,,2026-09-19,334623
064/100,アブソルG ★ :1ED,,single,25000,,2026-09-19,449346
064/114,ダークライGX,RR,single,22000,14999,2026-09-19,105433
064/131,フーパEX,,single,28000,36500,2026-09-19,391086
064/165,ユンゲラー U: マスターボールミラー,,single,15800,12480,2026-09-19,128184
064/171,ランドロス :ミラー,,single,9999,,2026-09-19,386051
064/187,ヨマワル :マスターボールミラー,,single,6299,,2026-09-19,471610
064/193,トゲピー :モンスターボール/オシャボミラー,,single,5500,,2026-09-19,732702
064/L-P,ライコウ,プロモ,single,,6980000,2026-09-19,340582
064/SV-P,サンダース,プロモ,single,24960,24500,2026-09-19,122056
064/XY-P,ピカチュウ,P,single,165000,159000,2026-09-19,411720
064/XY-P,ピカチュウ,P,single,150000,,2026-09-19,411722
064/XY-P,ピカチュウ,P,single,148000,185000,2026-09-19,411721
064/XY-P,ピカチュウ,P,single,88000,88800,2026-09-19,411723
065/049,シルヴァディGX SR :SA,,single,10800,10790,2026-09-19,104565
065/054,ルカリオ&メルメタルGX,HR,single,19800,60000,2026-09-19,393301
065/054,クチートGX,HR,single,11980,13800,2026-09-19,104615
065/054,アーゴヨンGX,HR,single,7777,18500,2026-09-19,393180
065/055,デデンネGX,HR,single,21999,21000,2026-09-19,104635
065/059,ミュウツーEX,UR,single,350000,,2026-09-19,389961
065/059,ミュウツーEX UR :1ED,,single,230000,206000,2026-09-19,92130
065/059,チルタリス,UR,single,190000,,2026-09-19,91607
065/059,ミュウツーEX UR :1ED,,single,175000,195000,2026-09-19,93316
065/059,チルタリス UR :1ED,,single,164000,222000,2026-09-19,406105
065/060,スカル団のしたっぱ,SR,single,28000,38000,2026-09-19,91364
065/060,カヒリ,SR,single,24800,20000,2026-09-19,100077
065/060,ザシアンV,SR,single,15980,11000,2026-09-19,145578
065/060,イリマ,SR,single,12000,39800,2026-09-19,106189
065/060,ザマゼンタV,SR,single,8000,,2026-09-19,113242
065/062,プラスル,AR,single,9600,9300,2026-09-19,136489
065/063,シロナのロズレイド,AR,single,6800,7000,2026-09-19,526172
065/063,フシギソウ,AR,single,4699,4550,2026-09-19,657362
065/063,テッカニン,AR,single,4000,4399,2026-09-19,664112
065/064,フシギバナ&ツタージャGX,SR,single,17500,17499,2026-09-19,104579
065/064,タマタマ,AR,single,4500,4400,2026-09-19,358112
065/064,カプ・ブルル,AR,single,4100,5800,2026-09-19,283609
065/067,ナタネの活気,U,single,2500,,2026-09-18,139505
065/070,ポケモン通信 ◆ :ミラー :1ED,,single,210000,,2026-09-19,91671
065/070,ポケモン通信 ◆ :1ED,,single,95000,158000,2026-09-19,109149
065/070,ポケモンリバース ◆ :ミラー :1ED,,single,,35000,2026-09-19,556824
065/071,イキリンコex,RR,single,5899,,2026-09-19,117186
065/080,ハガネール ★ :1ED,,single,70000,,2026-09-19,431379
065/080,MガルーラEX RR :1ED,,single,15000,,2026-09-19,380765
065/082,ラティアス☆ ◇: 再販,,single,3900000,,2026-09-19,93276
065/084,R団のソーナンス ★ :1ED,,single,98000,,2026-09-19,437738
065/086,ギアル C :マスターボールミラー,,single,6250,,2026-09-19,609867
065/087,ラッタ U :1ED,,single,,12800,2026-09-19,386944
065/088,イーブイ ●,,single,178000,158000,2026-09-19,110693
065/088,イーブイ ● :1ED,,single,110000,112000,2026-09-19,430149
065/092,ハピナス ★,,single,20000,,2026-09-19,110811
065/095,アルセウス&ディアルガ&パルキアGX,RR,single,11000,11000,2026-09-19,339650
065/095,カイリュー,R,single,7000,7000,2026-09-19,396367
065/096,ディアルガG ★ :1ED,,single,,109999,2026-09-19,447970
065/100,アブソルGLV.X ☆ :1ED,,single,160000,,2026-09-19,109211
065/108,キラフロルex,RR,single,4980,,2026-09-19,132210
065/128,フシギバナ ★ :1ED,,single,99999,90000,2026-09-19,431096
065/172,ブリムオンV,RR,single,,10000,2026-09-19,103556
065/187,サマヨール :マスターボールミラー,,single,4500,5480,2026-09-19,471611
065/L-P,ホウオウ,プロモ,single,6200000,,2026-09-19,343743
065/SM-P,アマージョGX,P,single,12000,49800,2026-09-19,403554
065/SV-P,ブースター,プロモ,single,23399,22999,2026-09-19,122057
066/049,Nの覚悟,SR,single,16999,18888,2026-09-19,124085
066/054,ファイヤー&サンダー&フリーザーGX,HR,single,53000,69999,2026-09-19,104604
066/054,ガブリアス&ギラティナGX,HR,single,38999,39999,2026-09-19,104612
066/055,ゲッコウガ&ゾロアークGX,HR,single,19800,25800,2026-09-19,104640
066/060,リーリエ（帽子リーリエ）SR,,single,1433000,1290000,2026-09-19,123526
066/060,カビゴンV,SR,single,18300,20000,2026-09-19,113243
066/060,ジャッジマン,SR,single,4444,7800,2026-09-19,112821
066/062,マイナン,AR,single,10000,9999,2026-09-19,136490
066/063,シェイミ,AR,single,5999,6000,2026-09-19,546105
066/063,ナッシー,AR,single,4350,4350,2026-09-19,664097
066/063,シシコ,AR,single,4300,4399,2026-09-19,663639
066/064,フシギバナ&ツタージャGX SR,SA,single,48500,41000,2026-09-19,104573
066/064,ヘルガー,AR,single,5700,5900,2026-09-19,282193
066/064,マシェード,AR,single,4100,4300,2026-09-19,363381
066/070,モンスターボール U: ミラー :1ED,,single,35000,49800,2026-09-19,109189
066/075,ボスゴドラex ☆ :1ED,,single,21800,,2026-09-19,436783
066/080,スイクン&エンテイLEGEND ☆: 1ED,,single,228000,225000,2026-09-19,93183
066/080,ポリゴン2 ● :ミラー :1ED,,single,100000,,2026-09-19,562538
066/080,カビゴン U :1ED,,single,59800,,2026-09-19,380767
066/080,ラッタBREAK RR :1ED,,single,38000,18000,2026-09-19,390861
066/080,スイクン&エンテイLEGEND ☆: 再販,,single,,650000,2026-09-19,93182
066/082,ラティオス☆ ◇: 再販,,single,2950000,,2026-09-19,93277
066/082,ラティオス☆ ◇: 1ED,,single,2500000,3980000,2026-09-19,93275
066/082,ピクシーex ☆ :1ED,,single,69800,,2026-09-19,438793
066/084,R団のハッサムex ☆,,single,350000,,2026-09-19,91804
066/086,フライゴンex ☆ :1ED,,single,198000,,2026-09-19,437579
066/086,フライゴンex ☆,,single,28000,,2026-09-19,110015
066/086,ギギアル C :マスターボールミラー,,single,7000,10000,2026-09-19,609869
066/086,コマタナ C :マスターボールミラー,,single,5500,,2026-09-19,609717
066/088,ヒメグマ ● :1ED,,single,,99999,2026-09-19,430620
066/090,ジラーチ ★ :1ED,,single,78000,68000,2026-09-19,448606
066/092,ハピナス ★ :1ED,,single,97800,130000,2026-09-19,91793
066/093,ドリュウズEX :1ED,,single,6300,,2026-09-19,408101
066/095,イーブイ&カビゴンGX,RR,single,17780,17760,2026-09-19,396368
066/095,アーゴヨン&アクジキングGX,RR,single,6499,6499,2026-09-19,339651
066/096,ディアルガGLV.X ☆ :1ED,,single,220000,,2026-09-19,447972
066/096,ディアルガGLV.X ☆,,single,58000,240000,2026-09-19,447973
066/096,ラティアス,PR,single,30800,38000,2026-09-19,334392
066/098,ロケット団のクロバットex,RR,single,5500,,2026-09-19,560973
066/108,リザードンex,RR,single,7999,7999,2026-09-19,132211
066/141,アンズのクロバット ● :1ED,,single,,125000,2026-09-19,427894
066/165,ワンリキー C: マスターボールミラー,,single,20000,17000,2026-09-19,128185
066/172,ブリムオンVMAX,RRR,single,4000,8888,2026-09-19,103555
066/187,ヨノワール,,single,6000,,2026-09-19,466349
066/187,ヨノワール :マスターボールミラー,,single,5900,15000,2026-09-19,471612
066/193,トゲキッス :モンスターボール/オシャボミラー,,single,,7500,2026-09-19,732706
066/196,ゲンガー,R,single,15000,,2026-09-19,726743
066/M-P,ラルトス,P,single,6000,4500,2026-09-19,754601
066/SM-P,ルナアーラ,プロモ,single,158000,167000,2026-09-19,91210
066/SV-P,エーフィ,プロモ,single,24400,24300,2026-09-19,122058
066/XY-P,ルカリオEX,P,single,24900,,2026-09-19,411726
067/049,メイ,SR,single,77000,71800,2026-09-19,91278
067/055,サーナイト&ニンフィアGX,HR,single,49000,46000,2026-09-19,104634
067/060,ラプラスGX,HR,single,31000,28000,2026-09-19,91370
067/060,エール団のしたっぱ,SR,single,7499,6499,2026-09-19,113244
067/060,博士の研究（マグノリア博士）,SR,single,5500,,2026-09-19,112825
067/062,バチュル,AR,single,5380,5379,2026-09-19,140156
067/063,ユキカブリ,AR,single,5280,4300,2026-09-19,664113
067/063,イワパレス,AR,single,5199,5100,2026-09-19,539602
067/063,ロコン,AR,single,4799,4849,2026-09-19,662217
067/064,リザードン&テールナーGX,SR,single,32999,27500,2026-09-19,104574
067/064,タッツー,AR,single,5999,9500,2026-09-19,277251
067/064,ポワルン たいようのすがた,AR,single,5899,4800,2026-09-19,383120
067/066,ビリジオン SR :1ED,,single,38000,,2026-09-19,108823
067/066,グレイシアGX,SR,single,20000,21800,2026-09-19,105395
067/066,リーフィアGX,SR,single,18500,22000,2026-09-19,105398
067/066,フリーザーGX,SR,single,17500,17500,2026-09-19,105347
067/066,カイロス,AR,single,5400,12800,2026-09-19,210033
067/066,イワパレス,AR,single,5200,4400,2026-09-19,152779
067/066,レドームシ,AR,single,4500,5750,2026-09-19,152763
067/080,ポリゴンZ ★ :1ED,,single,16500,75800,2026-09-19,562541
067/080,ポリゴンZ ★ :ミラー,,single,8999,,2026-09-19,562543
067/081,ポリゴンZ,R,single,8999,,2026-09-19,385492
067/081,ポリゴンZ R :1ED,,single,,14500,2026-09-19,385491
067/082,レックウザ☆ ◇: 1ED,,single,2250000,,2026-09-19,133095
067/086,キリキザン U :マスターボールミラー,,single,6000,,2026-09-19,609719
067/086,ギギギアル R :マスターボールミラー,,single,5999,5000,2026-09-19,609871
067/087,エイパム ● :1ED,,single,,35000,2026-09-19,429959
067/088,リングマ ● :1ED,,single,48888,,2026-09-19,430622
067/088,リングマ ●,,single,13700,,2026-09-19,430623
067/092,ブラッキー ★,,single,345000,500000,2026-09-19,429536
067/092,ブラッキー ★ :1ED,,single,39800,430000,2026-09-19,93295
067/095,ニャース,C,single,39880,38000,2026-09-19,393013
067/096,ニンフィア R :1ED,,single,88000,85000,2026-09-19,390343
067/096,ラティオス,PR,single,34500,36000,2026-09-19,334393
067/100,ハッサムVMAX,RRR,single,7499,,2026-09-19,145210
067/100,ドラピオンVSTAR,RRR,single,,9999,2026-09-19,137008
067/141,アンズのツボツボ ● :1ED,,single,,92800,2026-09-19,427895
067/165,ゴーリキー U: マスターボールミラー,,single,13333,15400,2026-09-19,128186
067/165,ゴーリキー U: モンスターボールミラー,,single,10800,,2026-09-19,127890
067/171,メレシーBREAK,,single,,15000,2026-09-19,385920
067/172,ザシアンV,RR,single,7000,,2026-09-19,104999
067/173,マーシャドー&カイリキーGX,RR,single,9470,8797,2026-09-19,396049
067/187,ペロッパフ :マスターボールミラー,,single,6000,,2026-09-19,471613
067/M-P,キルリア,P,single,,4000,2026-09-19,754602
067/SM-P,ソルガレオ,プロモ,single,165000,187000,2026-09-19,91211
067/SV-P,ブラッキー: プロモ (ナガバブラッキー),プロモ,single,38000,39000,2026-09-19,122059
068/049,リーリエの全力,SR,single,73000,69500,2026-09-19,91277
068/054,トキワの森,UR,single,,98000,2026-09-19,104605
068/060,エーフィGX,HR,single,125000,94799,2026-09-19,91369
068/060,マリィ,SR,single,87300,85000,2026-09-19,91206
068/060,マグカルゴGX,HR,single,16800,,2026-09-19,334822
068/060,ビート,SR,single,6799,9800,2026-09-19,122006
068/062,コレクレー,AR,single,7800,8400,2026-09-19,138230
068/063,カミツオロチ,AR,single,5500,5500,2026-09-19,538766
068/063,リオル,AR,single,4499,4499,2026-09-19,641578
068/063,ブロスター,AR,single,4300,4300,2026-09-19,664114
068/064,リザードン&テールナーGX SR,SA,single,149800,124000,2026-09-19,91281
068/064,ヨマワル,AR,single,5200,,2026-09-19,277252
068/064,ハギギシリ,AR,single,4300,5678,2026-09-19,380939
068/066,ネクロズマ たそがれのたてがみGX,SR,single,40000,,2026-09-19,336673
068/066,ネクロズマ あかつきのつばさGX,SR,single,30000,30000,2026-09-19,338363
068/066,テラキオン SR :1ED,,single,25000,,2026-09-19,108825
068/066,ブビィ,AR,single,4700,,2026-09-19,146985
068/066,チャデス,AR,single,4300,4477,2026-09-19,227624
068/066,リククラゲ,AR,single,4199,4200,2026-09-19,146994
068/067,スイクンV,SR,single,8000,8000,2026-09-19,98664
068/067,スピアーV,SR,single,8000,4550,2026-09-19,139582
068/067,ロズレイド,CHR,single,3999,3999,2026-09-19,126679
068/067,ヒスイドレディアV,SR,single,,7800,2026-09-19,139508
068/080,ライコウ&スイクンLEGEND ☆: 1ED,,single,250000,248000,2026-09-19,93181
068/080,ライコウ&スイクンLEGEND ☆: 再販,,single,148999,699999,2026-09-19,93178
068/080,ホウオウEX,RR,single,29999,,2026-09-19,390866
068/080,ホウオウEX RR :1ED,,single,19800,17800,2026-09-19,390865
068/081,ルギアEX,RR,single,36500,38888,2026-09-19,385494
068/081,ルギアEX RR :1ED,,single,24800,23000,2026-09-19,385493
068/084,R団のエンテイex ☆,,single,330000,,2026-09-19,91801
068/084,R団のエンテイex ☆ :1ED,,single,290000,,2026-09-19,437741
068/086,アイアント U :マスターボールミラー,,single,7000,,2026-09-19,609873
068/086,コバルオン R :マスターボールミラー,,single,5500,,2026-09-19,609721
068/087,ラッキー R :1ED,,single,14500,14999,2026-09-19,386947
068/087,ミルタンク ● :1ED,,single,10000,,2026-09-19,429961
068/088,オドシシ ● :1ED,,single,,27800,2026-09-19,430624
068/092,ブラッキー ★,,single,1480000,,2026-09-19,91796
068/092,ブラッキー ★ :1ED,,single,1100000,1200000,2026-09-19,91795
068/094,カイリュー,R,single,19800,15500,2026-09-19,321579
068/096,レックウザGX,RR,single,12000,13999,2026-09-19,334394
068/106,ニョロボン ★ :1ED,,single,25800,,2026-09-19,438292
068/108,メタグロスex ☆,,single,,208000,2026-09-19,91733
068/128,ラフレシア ★ :1ED,,single,16000,,2026-09-19,431099
068/131,カラカラ,,single,,70000,2026-09-19,391090
068/141,タケシのオムスター ● :1ED,,single,35000,,2026-09-19,427896
068/150,ダークライ,,single,29800,17500,2026-09-19,397594
068/165,カイリキー R: マスターボールミラー,,single,13800,39999,2026-09-19,128187
068/172,ラブトロスV,RR,single,5999,,2026-09-19,105000
068/184,ヨノワール,,single,5700,,2026-09-19,141076
068/187,ニンフィア :モンスターボールミラー,,single,9500,9500,2026-09-19,466352
068/187,ニンフィア :マスターボールミラー,,single,9500,9500,2026-09-19,471614
068/DP-P,クレセリア :キラ,プロモ,single,25000,,2026-09-19,453258
068/M-P,メガエルレイドex,P,single,4780,4000,2026-09-19,752313
068/PCG-P,ピカチュウ,P,single,750000,750000,2026-09-19,452705
068/SM-P,ピカチュウ,プロモ,single,480000,547777,2026-09-19,91209
068/SV-P,リーフィア,プロモ,single,26200,24500,2026-09-19,122060
068/XY-P,ピカチュウ,プロモ,single,440000,419999,2026-09-19,91431
069/049,ラフレシアGX,HR,single,17500,16480,2026-09-19,104564
069/060,ブラッキーGX,HR,single,318000,265000,2026-09-19,93117
069/060,ゼラオラGX,HR,single,45000,57777,2026-09-19,105316
069/060,モルペコVMAX,HR,single,15800,,2026-09-19,96632
069/060,ラプラスVMAX,HR,single,,14999,2026-09-19,145580
069/062,グラードン,AR,single,11499,11500,2026-09-19,137232
069/063,ギャロップ,AR,single,5400,6000,2026-09-19,535465
069/063,マーシャドー,AR,single,4200,4300,2026-09-19,664098
069/063,インテレオン,AR,single,4000,4599,2026-09-19,662218
069/064,カメックス&ポッチャマGX,SR,single,32000,22800,2026-09-19,104578
069/064,サマヨール,AR,single,6200,7500,2026-09-19,277253
069/064,ハルクジラ,AR,single,4200,4444,2026-09-19,379010
069/066,コバルオン SR :1ED,,single,58000,,2026-09-19,108827
069/066,ディアルガGX,SR,single,28000,28000,2026-09-19,105411
069/066,パルキアGX,SR,single,27000,28000,2026-09-19,105386
069/066,コソクムシ,AR,single,4800,4300,2026-09-19,146986
069/066,コータス,AR,single,4500,4400,2026-09-19,227625
069/066,テツノドクガ,AR,single,4299,4499,2026-09-19,138245
069/067,スピアーV SR,SA,single,14400,12800,2026-09-19,96640
069/067,ヒスイドレディアV SR,SA,single,8300,9900,2026-09-19,96742
069/067,シャンデラ,CHR,single,4900,4999,2026-09-19,126689
069/068,テールナー,CHR,single,7000,5000,2026-09-19,95119
069/070,モノマネむすめ ◆ :1ED,,single,,35000,2026-09-19,556946
069/070,マサキ ◆ :ミラー :1ED,,single,,25000,2026-09-19,556830
069/071,ナンジャモ,U,single,2800,,2026-09-13,120726
069/084,R団のスイクンex ☆,,single,498000,,2026-09-19,93273
069/084,R団のスイクンex ☆ :1ED,,single,400000,,2026-09-19,437742
069/086,ブラッキーδ-デルタ種 R: 1ED,,single,1100000,759999,2026-09-19,92005
069/086,ブラッキーδ-デルタ種 R: 再販,,single,198000,,2026-09-19,92006
069/086,クリムガン U :マスターボールミラー,,single,,4600,2026-09-19,609875
069/087,ニューラ ●,,single,35000,,2026-09-19,429964
069/087,ポリゴン C :1ED,,single,16800,16980,2026-09-19,386948
069/088,ヘルガー ★ :1ED,,single,79999,300000,2026-09-19,430626
069/090,ゴンベ ● :1ED,,single,,146800,2026-09-19,448612
069/094,カイリューGX,RR,single,15500,9800,2026-09-19,321580
069/096,カイリューEX RR :1ED,,single,26000,49800,2026-09-19,108483
069/141,タケシのカブトプス ● :1ED,,single,49800,47000,2026-09-19,427897
069/150,ゾロア :ミラー,,single,9500,,2026-09-19,397762
069/165,マダツボミ C: マスターボールミラー,,single,12000,16800,2026-09-19,128188
069/171,ジガルデEX,,single,12800,13999,2026-09-19,385922
069/187,ニンフィアex,RR,single,7000,6800,2026-09-19,434896
069/DP-P,リーフィア,プロモ,single,19500,,2026-09-19,453259
069/L-P,エレブー,プロモ,single,150000,,2026-09-19,91660
069/PCG-P,ミュウ,P,single,,1680000,2026-09-19,452706
069/S-P,ポケモンセンターのお姉さん,プロモ,single,41999,40900,2026-09-19,91128
069/SM-P,ルカリオ,P,single,80000,75000,2026-09-19,403555
069/SV-P,グレイシア,プロモ,single,22000,23000,2026-09-19,122061
069/XY-P,ピカチュウ,プロモ,single,450000,450000,2026-09-19,91430
070/049,ソルガレオ&ルナアーラGX (リーリエ),HR,single,39900,33500,2026-09-19,127036
070/060,カビゴンVMAX,HR,single,19000,17999,2026-09-19,96566
070/062,メテノ,AR,single,6400,7800,2026-09-19,136658
070/063,ヒビキのバクフーン,AR,single,9500,8999,2026-09-19,544501
070/063,エリキテル,AR,single,4000,4300,2026-09-19,664115
070/063,キョジオーン,AR,single,4000,4100,2026-09-19,664099
070/064,カメックス&ポッチャマGX SR,SA,single,118000,130000,2026-09-19,104571
070/064,ラティオス,AR,single,8000,8600,2026-09-19,358113
070/064,ヨノワール,AR,single,6500,6500,2026-09-19,277254
070/066,ビクティニ SR :1ED,,single,420000,400000,2026-09-19,91638
070/066,シロナ,SR,single,178000,145000,2026-09-19,91317
070/066,ナタネ,SR,single,80500,65000,2026-09-19,91319
070/066,バニリッチ,AR,single,6000,5700,2026-09-19,152764
070/066,ミガルーサ,AR,single,5450,5999,2026-09-19,146987
070/066,ゴウカザル,AR,single,4500,5800,2026-09-19,210034
070/066,ジュペッタGX,SR,single,,30000,2026-09-19,105352
070/067,ギャラドスV,SR,single,17000,12000,2026-09-19,113257
070/067,ゴルーグV SR :SA,,single,12000,,2026-09-19,98656
070/067,オリジンパルキアV,SR,single,5400,,2026-09-19,96643
070/067,アヤシシ,CHR,single,4500,4799,2026-09-19,126701
070/067,レントラーV,SR,single,,4800,2026-09-19,139509
070/068,ミロカロス,CHR,single,5750,5750,2026-09-19,95129
070/069,エンテイEX SR :1ED,,single,169000,145000,2026-09-19,91627
070/069,リーフィアV,SR,single,10999,9800,2026-09-19,96555
070/082,ガルーラ ★,,single,114800,105000,2026-09-19,438801
070/084,わるいバンギラス ★ :1ED,,single,258000,250000,2026-09-19,437743
070/086,グラエナδ-デルタ種 R: 1ED,,single,65000,,2026-09-19,109987
070/086,グラエナδ-デルタ種 R: 再販,,single,19999,,2026-09-19,110003
070/086,キバゴ C :マスターボールミラー,,single,6500,6500,2026-09-19,609723
070/086,ミネズミ C :マスターボールミラー,,single,5000,,2026-09-19,609877
070/086,キバゴ C :モンスターボールミラー,,single,,7000,2026-09-19,609722
070/087,バンギラス ★ :1ED,,single,179999,165000,2026-09-19,429965
070/087,バンギラス ★,,single,30000,,2026-09-19,110749
070/087,カイリューEX RR :1ED,,single,20000,33333,2026-09-19,91472
070/088,ヘルガー ★ :1ED,,single,449999,440000,2026-09-19,91968
070/088,ちていのかせき ●,,single,,24800,2026-09-19,430159
070/090,カビゴン ● :1ED,,single,100000,95000,2026-09-19,448614
070/092,ヘルガー ● :1ED,,single,,118000,2026-09-19,429539
070/092,エンペルト ★ :1ED,,single,,65000,2026-09-19,449110
070/095,ドーブル,U,single,61800,,2026-09-19,335137
070/100,メタグロス ★ :1ED,,single,9200,88000,2026-09-19,449356
070/108,ブラッキー,U,single,16000,8000,2026-09-19,132215
070/114,ソルガレオGX,RR,single,14444,,2026-09-19,335919
070/128,メガニウム ★ :1ED,,single,34800,,2026-09-19,431101
070/141,カツラのバクフーン ● :1ED,,single,,124000,2026-09-19,111806
070/150,ゾロアークGX,RR,single,10000,15000,2026-09-19,112759
070/165,ウツドン C: マスターボールミラー,,single,15000,16500,2026-09-19,128189
070/171,サメハダーEX,,single,5000,,2026-09-19,385923
070/187,ソウブレイズ :マスターボールミラー,,single,4980,30000,2026-09-19,471615
070/193,キルリア :モンスターボール/オシャボミラー,,single,5300,15000,2026-09-19,732714
070/L-P,セキエイこうげん,プロモ,single,268888,,2026-09-19,91643
070/M-P,ヤドン,P,single,9700,7999,2026-09-19,757134
070/SV-P,ニンフィア,プロモ,single,22800,22699,2026-09-19,122062
070/XY-P,ピカチュウ: プロモ (開封済),プロモ,single,300000,358000,2026-09-19,91432
0709/09,キャプテンピカチュウ,AR,single,88000,99000,2026-09-19,528639
071/049,レシラム＆ゼクロム GX (N),HR,single,40800,41800,2026-09-19,151931
071/060,ハイパーボール,UR,single,,75000,2026-09-19,93119
071/062,イベルタル,AR,single,4800,5000,2026-09-19,136491
071/063,カスミのコダック,AR,single,14888,15500,2026-09-19,543243
071/063,フーディン,AR,single,4700,4800,2026-09-19,645380
071/063,ミカルゲ,AR,single,4000,4299,2026-09-19,663632
071/064,アローラペルシアンGX,SR,single,12800,11000,2026-09-19,290931
071/064,クレセリア,AR,single,6900,,2026-09-19,284951
071/064,ビブラーバ,AR,single,4980,4999,2026-09-19,379011
071/066,N SR :1ED,,single,129000,170000,2026-09-19,91636
071/066,ポケモンだいすきクラブ,SR,single,26000,,2026-09-19,105410
071/066,ハッサムGX,SR,single,25000,,2026-09-19,105351
071/066,デンジ,SR,single,14800,12000,2026-09-19,105394
071/066,サケブシッポ,AR,single,6000,8900,2026-09-19,148944
071/066,フィオネ,AR,single,5500,6500,2026-09-19,204148
071/066,テツノツツミ,AR,single,5000,6800,2026-09-19,148932
071/067,ジラーチV,SR,single,18000,17000,2026-09-19,139510
071/067,オリジンパルキアV SR,SA,single,17990,17000,2026-09-19,91141
071/067,バサギリ,CHR,single,5000,4600,2026-09-19,126700
071/068,ルージュラ,CHR,single,4679,4300,2026-09-19,95127
071/069,ライコウEX SR :1ED,,single,148000,145000,2026-09-19,91622
071/069,リーフィアV SR,SA,single,31000,29500,2026-09-19,91170
071/070,アルフの石版 ★ :1ED,,single,150000,,2026-09-19,109107
071/070,アルフの石版 ★ :1ED,,single,125000,,2026-09-19,556831
071/070,ホエルオーEX SR :1ED,,single,50000,,2026-09-19,107428
071/070,ビクティニEX SR :1ED,,single,49800,,2026-09-19,406354
071/070,ビクティニEX,SR,single,30000,,2026-09-19,91602
071/070,オーロットEX SR :1ED,,single,20000,,2026-09-19,108429
071/070,セレビィV,SR,single,10500,12380,2026-09-19,141935
071/070,バシャーモV,SR,single,8000,,2026-09-19,144031
071/070,バタフリーV,SR,single,4199,,2026-09-19,145322
071/070,アップリューV,SR,single,3980,,2026-09-19,144213
071/070,ホエルオーEX,SR,single,,99999,2026-09-19,381872
071/070,オーロットEX,SR,single,,45000,2026-09-19,381641
071/080,カイオーガ&グラードンLEGEND ☆ :1ED,,single,200000,,2026-09-19,708188
071/080,ふしぎなアメ ◆ :ミラー,,single,99999,,2026-09-19,91666
071/083,メタグロスex ☆ :1ED,,single,125000,,2026-09-19,432730
071/084,R団のセレビィ,R,single,285000,,2026-09-19,110060
071/084,R団のセレビィ ★ :1ED,,single,170000,348000,2026-09-19,437744
071/086,オノンド C :マスターボールミラー,,single,4380,4400,2026-09-19,609725
071/087,バンギラス ★,,single,559800,,2026-09-19,91949
071/087,バンギラス ★ :1ED,,single,530000,530000,2026-09-19,91948
071/088,ブラッキー ★,,single,500000,,2026-09-19,430160
071/088,ブラッキー ★ :1ED,,single,350000,520000,2026-09-19,91921
071/088,レアコイル ★ :1ED,,single,89800,,2026-09-19,430627
071/092,ヘルガー ● :1ED,,single,649999,638000,2026-09-19,91797
071/092,ディアルガ ★,,single,78800,75000,2026-09-19,449113
071/092,ディアルガ ★ :1ED,,single,30000,55000,2026-09-19,449112
071/128,リザードン ★ :1ED,,single,305000,240000,2026-09-19,92032
071/131,チャーレム,,single,,19800,2026-09-19,391093
071/165,ウツボット U: マスターボールミラー,,single,20000,15400,2026-09-19,128190
071/171,MサメハダーEX,,single,16500,18000,2026-09-19,385924
071/187,サケブシッポ :マスターボールミラー,,single,8000,14980,2026-09-19,471616
071/190,ゲンガー,,single,10400,10000,2026-09-19,144460
071/193,メガサーナイトex,RR,single,5500,,2026-09-19,730115
071/L-P,カイオーガ,プロモ,single,88888,1400000,2026-09-19,93168
071/M-P,メガヤドランex,P,single,7250,7300,2026-09-19,757135
071/S-P,シャワーズ,P,single,9500,18000,2026-09-19,299225
071/SM-P,サトシのピカチュウ,プロモ,single,180000,225000,2026-09-19,91254
0715/15,リーフィア,AR,single,32000,34999,2026-09-19,601147
072/049,シルヴァディGX,HR,single,13000,16800,2026-09-19,104570
072/060,マリィ,HR,single,22000,21980,2026-09-19,93036
072/060,ロトム図鑑,UR,single,12800,,2026-09-19,106187
072/062,ナットレイ,AR,single,3500,4500,2026-09-19,140262
072/063,カスミのラプラス,AR,single,11400,11000,2026-09-19,546106
072/063,ヌケニン,AR,single,5000,4400,2026-09-19,664116
072/063,シルシュルー,AR,single,4200,4395,2026-09-19,664100
072/064,オーキド博士のセッティング,SR,single,14700,13500,2026-09-19,104580
072/064,ゾロア,AR,single,5280,5399,2026-09-19,282237
072/064,タタッコ,AR,single,5000,4200,2026-09-19,383044
072/066,ニャース UR :1ED,,single,458000,528000,2026-09-19,91637
072/066,マーズ,SR,single,25000,22000,2026-09-19,91320
072/066,ハンサム,SR,single,7480,,2026-09-19,338364
072/066,コジョンド,AR,single,6000,6500,2026-09-19,152780
072/066,シママ,AR,single,5480,7000,2026-09-19,151706
072/066,ウッウ,AR,single,4500,4799,2026-09-19,221939
072/066,ボーマンダGX,SR,single,,14500,2026-09-19,105349
072/067,カイリキーV,SR,single,9000,8980,2026-09-19,139511
072/067,チャーレムV SR,SA,single,8000,9000,2026-09-19,96561
072/067,グラエナ,CHR,single,4590,4000,2026-09-19,126693
072/068,サーナイト,CHR,single,4399,4300,2026-09-19,95120
072/069,ダークライEX SR :1ED,,single,159000,,2026-09-19,91626
072/069,ブースターV,SR,single,10800,9500,2026-09-19,96553
072/070,フリーザーEX,SR,single,350000,,2026-09-19,91601
072/070,フリーザーEX SR :1ED,,single,320000,362000,2026-09-19,406355
072/070,カイオーガEX SR :1ED,,single,164999,162000,2026-09-19,91530
072/070,バクーダEX SR :1ED,,single,30000,,2026-09-19,108433
072/070,ビクティニV,SR,single,13000,13000,2026-09-19,144122
072/070,カイオーガEX,SR,single,,228000,2026-09-19,381873
072/070,ウオチルドンV,SR,single,,5500,2026-09-19,141936
072/071,ハヤシガメ,AR,single,7800,9800,2026-09-19,186424
072/071,アローラナッシーV,SR,single,4580,8000,2026-09-19,137120
072/071,アノクサ,AR,single,4498,4498,2026-09-19,120822
072/071,ダーテング,AR,single,4400,4500,2026-09-19,180200
072/071,ヘラクロス,AR,single,4300,4500,2026-09-19,120729
072/071,パラセクト,CHR,single,4300,4250,2026-09-19,126699
072/084,わるいハガネール,R,single,138000,,2026-09-19,110086
072/086,ヨーテリー C :マスターボールミラー,,single,6000,,2026-09-19,609881
072/086,オノノクス R :マスターボールミラー,,single,4780,,2026-09-19,609727
072/087,ハガネール ★ :1ED,,single,,699999,2026-09-19,429966
072/088,ブラッキー ★,,single,3000000,,2026-09-19,91927
072/088,ブラッキー ★ :1ED,,single,2099999,1950000,2026-09-19,91926
072/088,レアコイル ★ :1ED,,single,110000,,2026-09-19,91970
072/088,レアコイル ★,,single,,6660000,2026-09-19,91971
072/090,ボーマンダLV.X ☆: 1ED,,single,198000,250000,2026-09-19,109197
072/092,コイル ●,,single,3500,,2026-09-19,429541
072/093,ダークライEX,,single,57800,31500,2026-09-19,408123
072/093,ダークライEX :1ED,,single,23000,,2026-09-19,408122
072/095,ルギアGX,RR,single,12500,12300,2026-09-19,335139
072/098,カイリュー,R,single,9700,9499,2026-09-19,287970
072/106,サザンドラex,RR,single,,9500,2026-09-19,395716
072/131,グラードンEX,,single,20000,,2026-09-19,391094
072/141,イツキのヤドラン ● :1ED,,single,85000,,2026-09-19,427899
072/165,メノクラゲ C: マスターボールミラー,,single,14000,15000,2026-09-19,128191
072/171,ダークライEX,,single,19980,19000,2026-09-19,385925
072/172,カイリキーVMAX,RRR,single,5680,6500,2026-09-19,105002
072/173,ゲッコウガ&ゾロアークGX,RR,single,8800,8800,2026-09-19,396054
072/187,ハバタクカミ :マスターボールミラー,,single,6500,,2026-09-19,471617
072/L-P,グラードン,プロモ,single,1000000,1070000,2026-09-19,93167
072/SM-P,サトシのピカチュウ,プロモ,single,111000,139999,2026-09-19,91255
073/060,ザシアンV,UR,single,19800,27000,2026-09-19,93039
073/060,ザマゼンタV,UR,single,16000,,2026-09-19,96564
073/062,ギルガルド,AR,single,5198,5400,2026-09-19,137472
073/063,ラクライ,AR,single,4870,4799,2026-09-19,546107
073/063,ハガネール,AR,single,4199,4300,2026-09-19,664101
073/063,ハカドッグ,AR,single,4150,4200,2026-09-19,664117
073/064,ローラースケーター,SR,single,10000,8700,2026-09-19,104575
073/064,ゾウドウ,AR,single,6200,,2026-09-19,284952
073/064,エアームド,AR,single,4700,4699,2026-09-19,383045
073/066,グレイシアGX,HR,single,43999,39800,2026-09-19,105393
073/066,リーフィアGX,HR,single,35000,73000,2026-09-19,91321
073/066,地底探険隊,SR,single,24000,22400,2026-09-19,91303
073/066,エレザード,AR,single,4250,5500,2026-09-19,227626
073/066,キョジオーン,AR,single,4000,4200,2026-09-19,151709
073/066,クエスパトラ,AR,single,3900,4999,2026-09-19,146995
073/067,カイリキーV SR,SA,single,15000,15000,2026-09-19,96744
073/067,カイリューV,SR,single,14999,13299,2026-09-19,96563
073/067,ホーホー,CHR,single,5500,5500,2026-09-19,126692
073/067,バサギリV,SR,single,5000,,2026-09-19,139584
073/068,ドーブル,CHR,single,4499,5000,2026-09-19,95128
073/069,ブースターV SR,SA,single,30500,29999,2026-09-19,91171
073/069,トルネロスEX SR :1ED,,single,28000,35999,2026-09-19,108812
073/070,グラードンEX,SR,single,238000,290000,2026-09-19,381643
073/070,グラードンEX SR :1ED,,single,225000,225000,2026-09-19,91532
073/070,ゲンシカイオーガEX,SR,single,170000,600000,2026-09-19,381874
073/070,ゲンシカイオーガEX SR :1ED,,single,165000,175000,2026-09-19,91527
073/070,ミミッキュV,SR,single,25000,24500,2026-09-19,144215
073/070,ゼラオラV,SR,single,12800,,2026-09-19,96701
073/070,はくばバドレックスV SR,SA,single,11000,9400,2026-09-19,96708
073/070,コバルオンEX SR :1ED,,single,,75000,2026-09-19,406356
073/070,ガラルフリーザーV,SR,single,,8999,2026-09-19,144033
073/071,ミュウツーV,SR,single,17500,16900,2026-09-19,96755
073/071,ピカチュウ,CHR,single,15550,15549,2026-09-19,96667
073/071,マリル,AR,single,7500,7500,2026-09-19,120823
073/071,シキジカ,AR,single,6700,6800,2026-09-19,184141
073/071,ユキハミ,AR,single,5200,6990,2026-09-19,184100
073/071,ヒノヤコマ,AR,single,4799,4400,2026-09-19,120730
073/072,エンテイGX,SR,single,28999,,2026-09-19,105482
073/072,カメックスEX,,single,15000,23333,2026-09-19,381494
073/080,パルキア&ディアルガLEGEND ☆: 1ED,,single,260000,450000,2026-09-19,93173
073/080,パルキア&ディアルガLEGEND ☆: 再販,,single,,980000,2026-09-19,93175
073/086,イーブイδ-デルタ種 ◆ :1ED,,single,24500,150000,2026-09-19,437309
073/086,ハーデリア C :マスターボールミラー,,single,6000,7500,2026-09-19,609883
073/086,マメパト C :マスターボールミラー,,single,5900,,2026-09-19,609729
073/087,ハガネール ★,,single,22222,,2026-09-19,91893
073/087,ハガネール ★ :1ED,,single,,198000,2026-09-19,91892
073/087,きずぐすり U :1ED,,single,,19800,2026-09-19,386950
073/088,ハガネール ★ :1ED,,single,49800,500000,2026-09-19,430628
073/088,ヤミカラス ● :1ED,,single,,32000,2026-09-19,430161
073/090,フライゴンLV.X ☆ :1ED,,single,140000,150000,2026-09-19,448620
073/092,レアコイル ● :1ED,,single,29000,40000,2026-09-19,429542
073/095,メガミミロップ&プリンGX,RR,single,11380,12699,2026-09-19,339658
073/100,カイリューFB ◆ :1ED,,single,50000,255555,2026-09-19,449362
073/114,ニンフィアGX,RR,single,15000,14444,2026-09-19,335922
073/128,ギャロップ ★ :1ED,,single,45900,,2026-09-19,431103
073/131,ゲンシグラードンEX,,single,38999,34000,2026-09-19,391095
073/141,イツキのナッシー ● :1ED,,single,35000,,2026-09-19,427900
073/165,ドククラゲ U: マスターボールミラー,,single,12000,,2026-09-19,128192
073/171,ゾロア :ミラー,,single,14500,,2026-09-19,386055
073/187,コレクレー :マスターボールミラー,,single,7100,5798,2026-09-19,471618
073/L-P,パルキア,プロモ,single,800000,850000,2026-09-19,93166
073/SM-P,サトシのピカチュウ,プロモ,single,142000,138000,2026-09-19,91256
073/SV-P,ケロマツ,プロモ,single,,15500,2026-09-19,132895
073/XY-P,ゲッコウガ,P,single,134000,,2026-09-19,411730
074/049,リーリエのピッピ人形,UR,single,16000,18000,2026-09-19,104568
074/060,クイックボール,UR,single,15000,18000,2026-09-19,93037
074/062,モトトカゲ,AR,single,5000,5800,2026-09-19,139883
074/063,ロトム,AR,single,5000,5799,2026-09-19,530536
074/063,デリバード,AR,single,4400,4800,2026-09-19,661161
074/063,オニスズメ,AR,single,4399,4199,2026-09-19,664102
074/064,フシギバナ&ツタージャGX,HR,single,29999,28888,2026-09-19,104576
074/064,オノンド,AR,single,5000,,2026-09-19,282238
074/064,アップリュー,AR,single,4300,7199,2026-09-19,372325
074/066,TVレポーター,SR,single,48000,47000,2026-09-19,91304
074/066,ネクロズマ たそがれのたてがみGX,HR,single,24500,50000,2026-09-19,105399
074/066,ネクロズマ あかつきのつばさGX,HR,single,19800,,2026-09-19,105387
074/066,ハガネール,AR,single,7850,8400,2026-09-19,152765
074/066,ラブトロス,AR,single,4800,4444,2026-09-19,227627
074/066,チヲハウハネ,AR,single,4000,4980,2026-09-19,148945
074/067,カイリューV SR,SA,single,112000,113000,2026-09-19,91166
074/067,オリジンディアルガV,SR,single,14700,12999,2026-09-19,96740
074/067,オンバーンV SR :SA,,single,12800,18480,2026-09-19,98649
074/067,ヒスイオオニューラV,SR,single,,6500,2026-09-19,139585
074/068,チルタリス,CHR,single,6200,6200,2026-09-19,95122
074/069,サーナイト UR :1ED,,single,348000,459999,2026-09-19,91623
074/069,シャワーズV,SR,single,9800,6500,2026-09-19,96622
074/070,ルギアEX SR :1ED,,single,1550000,1550000,2026-09-19,406357
074/070,ルギアEX,SR,single,1500000,,2026-09-19,91597
074/070,ゲンシグラードンEX,SR,single,378100,340000,2026-09-19,381644
074/070,ゲンシグラードンEX SR :1ED,,single,180000,350000,2026-09-19,91535
074/070,サメハダーEX SR :1ED,,single,55000,,2026-09-19,107430
074/070,ゼラオラV SR,SA,single,26800,29500,2026-09-19,91180
074/070,エンペルトV SR,SA,single,22400,22200,2026-09-19,99573
074/070,ガラルフリーザーV SR,SA,single,14800,14999,2026-09-19,127726
074/070,サーナイトV,SR,single,13100,,2026-09-19,102275
074/070,ガラルギャロップV,SR,single,5500,,2026-09-19,141801
074/071,ミュウツーV SR,SA,single,25000,25000,2026-09-19,91133
074/071,ゲンガー,CHR,single,13500,13555,2026-09-19,126676
074/071,ライチュウ,AR,single,7800,7999,2026-09-19,117191
074/071,メブキジカ,AR,single,6499,7400,2026-09-19,184142
074/071,コオリッポ,AR,single,5505,5555,2026-09-19,120824
074/071,ドーミラー,AR,single,4400,5999,2026-09-19,186425
074/072,MカメックスEX,,single,49800,40000,2026-09-19,381495
074/072,ライチュウGX,SR,single,19800,50000,2026-09-19,105478
074/073,リザードンVMAX,RR,single,75000,75000,2026-09-19,491782
074/073,トロピウス,AR,single,4980,4500,2026-09-19,116065
074/078,ラティオスソウルリンク U :1ED,,single,24000,,2026-09-19,382191
074/080,フラワーショップのお姉さん ◆ :1ED,,single,,50000,2026-09-19,558915
074/082,カビゴン ★,,single,129800,,2026-09-19,438809
074/086,ムーランド U :マスターボールミラー,,single,5500,,2026-09-19,609885
074/086,ハトーボー C :マスターボールミラー,,single,5000,4000,2026-09-19,609731
074/087,ハッサム ★ :1ED,,single,120000,,2026-09-19,110751
074/088,ハガネール ★ :1ED,,single,130000,196000,2026-09-19,91972
074/088,フォレトス ★,,single,24800,,2026-09-19,430164
074/092,レアコイル ● :1ED,,single,69000,,2026-09-19,91859
074/131,ルカリオEX,,single,18000,,2026-09-19,391096
074/131,イーブイ C :マスターボールホロ,,single,,35000,2026-09-19,506892
074/141,イツキのルージュラ ● :1ED,,single,,198000,2026-09-19,427901
074/165,イシツブテ C: マスターボールミラー,,single,8999,8670,2026-09-19,128193
074/171,ゾロアーク: ミラー,,single,25000,,2026-09-19,106268
074/184,ニンフィアV,RR,single,6000,,2026-09-19,141086
074/L-P,ディアルガ,プロモ,single,800000,,2026-09-19,93165
074/SV-P,ピカチュウ,プロモ,single,35000,40000,2026-09-19,132896
074/XY-P,フシギバナEX,プロモ,single,65000,71000,2026-09-19,91380
075/049,無人発電所,UR,single,,20000,2026-09-19,340638
075/060,ふうせん,UR,single,9300,,2026-09-19,93038
075/062,ユキメノコex,SR,single,,4800,2026-09-19,140299
075/063,ペパーのヨクバリス,AR,single,4680,4700,2026-09-19,531301
075/063,デカグース,AR,single,4200,4480,2026-09-19,664103
075/063,ヌイコグマ,AR,single,4000,4444,2026-09-19,664118
075/064,リザードン&テールナーGX,HR,single,34567,45000,2026-09-19,93093
075/064,ペルシアン,AR,single,7000,6998,2026-09-19,284953
075/064,タルップル,AR,single,4600,4600,2026-09-19,372326
075/066,ディアルガGX,HR,single,36000,,2026-09-19,91322
075/066,パルキアGX,HR,single,25800,,2026-09-19,91316
075/066,ヒスイガーディ,AR,single,7200,7200,2026-09-19,224085
075/066,ダストダス,AR,single,5000,5000,2026-09-19,151710
075/066,エイパム,AR,single,4800,6800,2026-09-19,152766
075/067,レックウザV,SR,single,23500,23499,2026-09-19,96562
075/067,オリジンディアルガV SR,SA,single,15000,14500,2026-09-19,91140
075/067,ジュラルドンV,SR,single,12000,,2026-09-19,141527
075/067,ヒスイオオニューラV SR,SA,single,10500,8500,2026-09-19,96646
075/068,ジャローダV,SR,single,5200,7777,2026-09-19,95333
075/069,アーケオス UR :1ED,,single,150000,198000,2026-09-19,91624
075/069,シャワーズV SR,SA,single,32999,33000,2026-09-19,91172
075/070,サーナイトEX,SR,single,99000,175000,2026-09-19,381876
075/070,サーナイトEX SR :1ED,,single,87500,86999,2026-09-19,91528
075/070,アクロマ SR :1ED,,single,35000,55800,2026-09-19,91603
075/070,アクロマ,SR,single,30000,82222,2026-09-19,406358
075/070,ボスゴドラEX SR :1ED,,single,16800,75000,2026-09-19,108428
075/070,いちげきウーラオスV SR :SA,,single,13800,14999,2026-09-19,98654
075/070,ガラルギャロップV SR,SA,single,8500,9998,2026-09-19,96725
075/070,ガラルサンダーV,SR,single,5500,7500,2026-09-19,98749
075/070,こくばバドレックスV,SR,single,,7000,2026-09-19,96704
075/071,ニャビー,AR,single,5980,10000,2026-09-19,186244
075/071,ランクルス,AR,single,5650,5800,2026-09-19,179803
075/071,セビエ,AR,single,5300,5999,2026-09-19,120825
075/071,ヒスイウインディ,CHR,single,4900,5000,2026-09-19,126698
075/071,ローブシンV,SR,single,4500,,2026-09-19,137121
075/071,スナバァ,AR,single,4250,4980,2026-09-19,120731
075/072,ミュウツーGX,SR,single,88888,99800,2026-09-19,91336
075/073,ニャオハ,AR,single,5400,5500,2026-09-19,113063
075/080,レックウザ&デオキシスLEGEND ☆: 1ED,,single,830000,839999,2026-09-19,93172
075/080,ギャラドスソウルリンク U :1ED,,single,66666,44444,2026-09-19,390879
075/080,ぼうずの修行 ◆ :ミラー :1ED,,single,20000,,2026-09-19,558919
075/082,ジラーチ,R,single,278000,,2026-09-19,110090
075/082,ジラーチ ★ :1ED,,single,,329999,2026-09-19,438613
075/086,メタグロス☆ ◇: 再販,,single,1900000,,2026-09-19,92007
075/086,メタグロス☆ ◇: 1ED,,single,328000,,2026-09-19,92008
075/086,ケンホロウ U :マスターボールミラー,,single,6800,,2026-09-19,609733
075/087,ハッサム ★,,single,188000,190000,2026-09-19,91895
075/087,ハッサム ★ :1ED,,single,165000,,2026-09-19,91894
075/088,フォレトス ★,,single,,85000,2026-09-19,91929
075/092,ウィークカバー ◆ :1ED,,single,,239999,2026-09-19,429543
075/096,イーブイ,C,single,30000,,2026-09-19,390358
075/096,イーブイ C :1ED,,single,25500,25500,2026-09-19,390357
075/131,MルカリオEX,,single,29800,29300,2026-09-19,391097
075/165,ゴローン U: マスターボールミラー,,single,10800,8000,2026-09-19,128194
075/171,ゾロアークBREAK,,single,27800,25800,2026-09-19,385928
075/184,ニンフィアVMAX,RRR,single,6499,8888,2026-09-19,141087
075/187,マシマシラ :マスターボールミラー,,single,6200,,2026-09-19,471619
075/187,マシマシラ :モンスターボールミラー,,single,5555,,2026-09-19,466361
075/190,デデンネ : ミラー,,single,17000,,2026-09-19,144467
075/193,ラティアスex,RR,single,8980,8979,2026-09-19,730119
075/L-P,レックウザ,プロモ,single,5280000,,2026-09-19,93164
075/S-P,イーブイ,P,single,11000,12000,2026-09-19,299229
075/SM-P,サトシのピカチュウ,プロモ,single,162000,163878,2026-09-19,91258
075/XY-P,リザードンEX,プロモ,single,250000,190000,2026-09-19,91421
076/062,ガブリアスex,SR,single,9800,8499,2026-09-19,140300
076/063,メガヤンマex,SR,single,7500,4500,2026-09-19,546108
076/063,メガフシギバナex,SR,single,4999,4990,2026-09-19,664095
076/063,メガユキノオーex,SR,single,4000,4500,2026-09-19,664119
076/064,カメックス&ポッチャマGX,HR,single,38500,29000,2026-09-19,104572
076/064,ウォーグル,AR,single,6500,6500,2026-09-19,380940
076/064,キテルグマ,AR,single,5770,5500,2026-09-19,282194
076/066,マサキのメンテナンス,SR,single,14000,10499,2026-09-19,105338
076/066,チルット,AR,single,8000,,2026-09-19,146996
076/066,モルペコ,AR,single,7980,7699,2026-09-19,148080
076/066,ダイノーズ,AR,single,4000,4700,2026-09-19,227628
076/066,クラッシュハンマー,UR,single,,50000,2026-09-19,91318
076/067,レックウザV SR,SA,single,150000,148800,2026-09-19,91167
076/067,ジュラルドンV SR,SA,single,10999,10499,2026-09-19,91169
076/067,アヤシシV,SR,single,5500,,2026-09-19,139512
076/067,ヒスイバクフーンV,SR,single,,7000,2026-09-19,139715
076/068,レシラムV,SR,single,10500,10500,2026-09-19,95248
076/069,グレイシアV,SR,single,10499,10000,2026-09-19,96554
076/070,フウロ SR: 1ED,,single,238000,264800,2026-09-19,158884
076/070,フウロ,SR,single,220000,250000,2026-09-19,91599
076/070,MサーナイトEX,SR,single,106000,135000,2026-09-19,381877
076/070,MサーナイトEX SR :1ED,,single,95000,96666,2026-09-19,91529
076/070,MボスゴドラEX,SR,single,65000,,2026-09-19,381645
076/070,MボスゴドラEX SR :1ED,,single,49800,,2026-09-19,108427
076/070,ガラルサンダーV SR,SA,single,19000,16700,2026-09-19,91183
076/070,バンギラスV,SR,single,12999,16800,2026-09-19,144217
076/070,こくばバドレックスV SR,SA,single,11800,8500,2026-09-19,96682
076/071,ローブシンV SR,SA,single,7000,6666,2026-09-19,96749
076/071,セゴール,AR,single,5555,5800,2026-09-19,120826
076/071,ミカルゲ,CHR,single,5200,5200,2026-09-19,126709
076/071,デンヂムシ,AR,single,4838,4480,2026-09-19,182580
076/071,カヌチャン,AR,single,4700,4500,2026-09-19,120732
076/071,ハバタクカミ,AR,single,4100,6499,2026-09-19,179804
076/072,ゾロアークGX,SR,single,23000,45000,2026-09-19,105480
076/073,ニャローテ,AR,single,5500,5999,2026-09-19,116066
076/080,ロケット団の手口 ◆ :ミラー :1ED,,single,9980,,2026-09-19,558923
076/086,レジスチル☆ ◇: 1ED,,single,1000000,1500000,2026-09-19,92060
076/088,エアームド ● :1ED,,single,34999,,2026-09-19,430165
076/095,カビゴン,R,single,20000,20000,2026-09-19,393022
076/095,プテラ,U,single,,150000,2026-09-19,396378
076/096,エネコロロ ★ :1ED,,single,46000,,2026-09-19,447992
076/096,エネコロロ ★,,single,,49800,2026-09-19,447993
076/128,カメックス ★ :1ED,,single,198000,,2026-09-19,92043
076/141,イツキのエーフィ ● :1ED,,single,160000,189999,2026-09-19,92091
076/165,ゴローニャex,RR,single,5000,,2026-09-19,127907
076/184,ミミッキュV,RR,single,9500,13999,2026-09-19,141088
076/187,キチキギス :モンスターボールミラー,,single,6600,,2026-09-19,466363
076/187,キチキギス :マスターボールミラー,,single,5499,,2026-09-19,471620
076/190,ミュウex,RR,single,8800,8800,2026-09-19,151727
076/414,コダック :ミラー,,single,18000,16500,2026-09-19,380164
076/L-P,デオキシス,プロモ,single,1500000,,2026-09-19,93169
076/PCG-P,ホウオウex,P,single,500000,450000,2026-09-19,452713
076/SM-P,サトシのピカチュウ,プロモ,single,149000,140000,2026-09-19,91261
076/SV-P,リオル,プロモ,single,12000,,2026-09-19,132898
076/XY-P,カメックスEX,プロモ,single,65000,,2026-09-19,91381
077/062,カプ・コケコex,SR,single,5480,5480,2026-09-19,140301
077/063,ヒビキのホウオウex,SR,single,4579,7999,2026-09-19,546109
077/063,メガライボルトex,SR,single,4399,4300,2026-09-19,664089
077/063,メガバクーダex,SR,single,4100,4050,2026-09-19,664104
077/064,ブラックキュレムex,SR,single,8500,8300,2026-09-19,378062
077/064,キングドラex,SR,single,4600,5500,2026-09-19,283610
077/064,アローラペルシアンGX,HR,single,,14800,2026-09-19,290932
077/066,モノマネむすめ,SR,single,45000,45000,2026-09-19,91305
077/066,ポリゴンZ,AR,single,6100,5900,2026-09-19,151707
077/066,アラブルタケ,AR,single,6000,7600,2026-09-19,138258
077/066,カジッチュ,AR,single,5000,5250,2026-09-19,221940
077/067,サナ,SR,single,13400,12999,2026-09-19,91168
077/067,カイ,SR,single,12000,12000,2026-09-19,91142
077/067,キバナ,SR,single,8000,11000,2026-09-19,98651
077/067,セキ,SR,single,5800,7500,2026-09-19,96736
077/068,アローラロコンV,SR,single,7480,7500,2026-09-19,95112
077/069,グレイシアV SR,SA,single,33333,35500,2026-09-19,91173
077/070,リザードン,UR,single,2500000,4800000,2026-09-19,406359
077/070,リザードン UR :1ED,,single,1800000,,2026-09-19,91598
077/070,センパイとコウハイ,SR,single,105000,100000,2026-09-19,381646
077/070,バンギラスV SR,SA,single,87000,82000,2026-09-19,91189
077/070,センパイとコウハイ SR :1ED,,single,83500,100000,2026-09-19,91533
077/070,アオギリの切り札,SR,single,44800,,2026-09-19,381878
077/070,ソニア,SR,single,39000,39000,2026-09-19,91203
077/070,アオギリの切り札 SR :1ED,,single,18000,27500,2026-09-19,107427
077/070,れんげきウーラオスV SR,SA,single,11000,9800,2026-09-19,99574
077/070,ガラルファイヤーV,SR,single,10980,9200,2026-09-19,98704
077/070,メタグロスV,SR,single,7800,9800,2026-09-19,141937
077/070,カブ,SR,single,4500,,2026-09-19,102276
077/071,カビゴン,CHR,single,9800,9800,2026-09-19,126680
077/071,セグレイブ,AR,single,5700,5899,2026-09-19,120827
077/071,メルメタルV,SR,single,5500,,2026-09-19,137122
077/071,ジーランス,AR,single,4750,,2026-09-19,180177
077/071,ナカヌチャン,AR,single,4300,4699,2026-09-19,120733
077/071,テツノイバラ,AR,single,4250,4849,2026-09-19,179805
077/072,ポケモンブリーダー,SR,single,40000,38800,2026-09-19,91340
077/073,カエンジシ,AR,single,4499,4500,2026-09-19,116067
077/076,ビリジオンEX,SR,single,,78000,2026-09-19,108763
077/078,ミモザ,U,single,4000,,2026-09-19,270398
077/083,ホミカの演奏,U,single,,9000,2026-09-19,774224
077/086,ウォーグル U :マスターボールミラー,,single,6000,5980,2026-09-19,609889
077/090,アルセウスLV.X ☆: 再販,,single,199000,,2026-09-19,109200
077/090,アルセウスLV.X ☆: 1ED,,single,185000,170000,2026-09-19,109196
077/093,レックウザ :ミラー :1ED,,single,175000,328000,2026-09-19,408139
077/093,レックウザ :1ED,,single,,100000,2026-09-19,408138
077/128,ニョロボン ★ :1ED,,single,,75000,2026-09-19,431106
077/141,イツキのヤドキング ● :1ED,,single,105000,130000,2026-09-19,427903
077/165,ポニータ C: マスターボールミラー,,single,15600,15600,2026-09-19,128195
077/173,ダークライ,PR,single,20000,19999,2026-09-19,396059
077/184,ミミッキュVMAX,RRR,single,6200,6580,2026-09-19,141089
077/187,テツノイワオ :マスターボールミラー,,single,5500,6200,2026-09-19,471621
077/XY-P,メタモン,プロモ,single,258000,275000,2026-09-19,91441
078/062,フーパex,SR,single,10000,,2026-09-19,140302
078/063,メガルカリオex,SR,single,7000,7500,2026-09-19,664105
078/063,ヘイラッシャex,SR,single,4400,4000,2026-09-19,546110
078/063,メガサーナイトex,SR,single,4395,4500,2026-09-19,664090
078/064,ラティアスex,SR,single,8000,9499,2026-09-19,385167
078/064,ブロロロームex,SR,single,3980,4890,2026-09-19,284954
078/066,フリーザーGX,HR,single,39800,45000,2026-09-19,91306
078/066,イーブイ,AR,single,11800,11800,2026-09-19,224086
078/066,テツノコウベ,AR,single,4500,5600,2026-09-19,148933
078/066,ドゴーム,AR,single,4250,5200,2026-09-19,152781
078/067,ナタネの活気,SR,single,11500,11300,2026-09-19,91138
078/067,スクールガール,SR,single,9500,7000,2026-09-19,98669
078/067,ザクロ,SR,single,6900,5000,2026-09-19,126539
078/067,ヒスイダイケンキV,SR,single,5999,,2026-09-19,139717
078/067,スクールボーイ,SR,single,4500,,2026-09-19,113259
078/068,クチートV,SR,single,7400,,2026-09-19,95334
078/069,サンダースV,SR,single,8000,8450,2026-09-19,96551
078/070,カメックス UR :1ED,,single,480000,,2026-09-19,406360
078/070,カメックス,UR,single,160000,828880,2026-09-19,91600
078/070,ガラルファイヤーV SR,SA,single,73000,71000,2026-09-19,91185
078/070,オダマキ博士の観察,SR,single,28888,46000,2026-09-19,381879
078/070,マツブサの隠し玉 SR :1ED,,single,25000,37999,2026-09-19,108426
078/070,オダマキ博士の観察 SR :1ED,,single,20000,20000,2026-09-19,107429
078/070,ヤロー,SR,single,14500,,2026-09-19,126506
078/070,ハピナスV,SR,single,12000,23000,2026-09-19,141938
078/070,ポケモンブリーダーの育成,SR,single,4800,8000,2026-09-19,102284
078/071,カイリューV,SR,single,8400,8000,2026-09-19,137123
078/071,バンバドロ,AR,single,6170,5999,2026-09-19,186426
078/071,アブリー,AR,single,4799,4799,2026-09-19,186441
078/071,ゴチミル,AR,single,4600,4800,2026-09-19,120828
078/071,コジオ,AR,single,4250,4200,2026-09-19,120734
078/071,ヒスイマルマインV,SR,single,3980,,2026-09-19,139428
078/072,エンテイGX,HR,single,86000,39700,2026-09-19,91337
078/073,ホゲータ,AR,single,6000,6600,2026-09-19,113064
078/076,ゲノセクトEX,SR,single,150000,,2026-09-19,108762
078/076,ゲノセクトEX SR :1ED,,single,150000,,2026-09-19,406756
078/076,デンリュウV,SR,single,,10000,2026-09-19,145136
078/080,焼けた塔 ◆ :ミラー :1ED,,single,107000,,2026-09-19,558931
078/080,焼けた塔 ◆ :1ED,,single,29999,49800,2026-09-19,558930
078/080,ふたごちゃん ◆ :1ED,,single,,39800,2026-09-19,562559
078/086,チラチーノ U :マスターボールミラー,,single,7400,7500,2026-09-19,609739
078/086,トルネロス R :マスターボールミラー,,single,5000,8500,2026-09-19,609891
078/092,ポケモン大好きクラブ ◆ :1ED,,single,,59000,2026-09-19,429549
078/098,ロケット団のニャース,C,single,5800,,2026-09-19,550915
078/100,レックウザC ★ :1ED,,single,280000,299000,2026-09-19,449372
078/100,レックウザC ★,,single,,400000,2026-09-19,449373
078/141,イツキのキリンリキ ● :1ED,,single,,69800,2026-09-19,427904
078/165,ギャロップ U: マスターボールミラー,,single,12500,11000,2026-09-19,128196
078/172,かがやくルチャブル,K,single,3980,198000,2026-09-19,105533
078/175,バンギラスex,,single,6400,8000,2026-09-19,425289
078/DP-P,エンペルトLV.X :キラ,プロモ,single,100000,145000,2026-09-19,453268
078/XY-P,デデンネ,P,single,70000,,2026-09-19,411731
079/062,サーフゴーex,SR,single,6000,,2026-09-19,140303
079/063,エレキブルex,SR,single,5199,4599,2026-09-19,546111
079/063,メガアブソルex,SR,single,4500,4400,2026-09-19,664106
079/063,メガラティアスex,SR,single,4400,4500,2026-09-19,664120
079/064,フライゴンex,SR,single,6500,6500,2026-09-19,385168
079/064,イイネイヌex,SR,single,6222,6500,2026-09-19,284955
079/066,グレンアルマex,SR,single,4999,5999,2026-09-19,152782
079/066,ヤバソチャex,SR,single,4900,7500,2026-09-19,227629
079/066,テツノカイナex,SR,single,4700,4700,2026-09-19,152767
079/066,マルマインGX,HR,single,,47800,2026-09-19,105345
079/067,ヒガナの決意,SR,single,19000,15999,2026-09-19,91165
079/067,ガブリアスV,SR,single,14990,13450,2026-09-19,139718
079/067,モノマネむすめ,SR,single,7900,6999,2026-09-19,98675
079/068,マギアナV,SR,single,4280,,2026-09-19,95249
079/069,サンダースV SR,SA,single,36500,34000,2026-09-19,91174
079/070,ポケモンいれかえ UR :1ED,,single,25900,38000,2026-09-19,91534
079/070,ハピナスV SR,SA,single,15600,12500,2026-09-19,96686
079/070,コルニの気合い,SR,single,14500,14500,2026-09-19,91186
079/070,トルネロスV SR,SA,single,13500,10800,2026-09-19,96711
079/070,ゴリランダーVMAX,HR,single,7980,,2026-09-19,145512
079/070,バタフリーVMAX,HR,single,,25000,2026-09-19,102282
079/071,バンギラス,AR,single,7000,7000,2026-09-19,120735
079/071,ケッキングV,SR,single,6600,6599,2026-09-19,137124
079/071,ドリュウズ,AR,single,6500,5999,2026-09-19,186442
079/071,ジバコイルV,SR,single,6480,6500,2026-09-19,139429
079/071,アーボック,AR,single,5200,5500,2026-09-19,186427
079/071,ベラカス,AR,single,4900,4899,2026-09-19,117187
079/072,ライチュウGX,HR,single,,85000,2026-09-19,91338
079/073,リザードンV,SUR,single,45000,,2026-09-19,491787
079/073,アチゲータ,AR,single,4350,4300,2026-09-19,116068
079/076,ジラーチEX SR :1ED,,single,210000,220000,2026-09-19,406757
079/076,ジラーチEX,SR,single,198000,481000,2026-09-19,91576
079/076,マホイップV,SR,single,8600,,2026-09-19,102274
079/078,グレイシアEX SR :1ED,,single,188000,120000,2026-09-19,91482
079/078,ボルトロスEX,SR,single,24800,,2026-09-19,382201
079/078,ボルトロスEX SR :1ED,,single,16800,,2026-09-19,107424
079/078,タマンチュラ,AR,single,6000,6400,2026-09-19,110787
079/078,オリーニョ,AR,single,5500,,2026-09-19,110909
079/078,グレイシアEX,SR,single,,3900000,2026-09-19,389653
079/080,ポケモンだいすきクラブ U :1ED,,single,33000,33000,2026-09-19,380792
079/080,特殊悪エネルギー ◆ :1ED,,single,,49800,2026-09-19,558933
079/084,ロケット団の幹部 ◆ :1ED,,single,,59800,2026-09-19,437758
079/092,町のボランティア ◆ :1ED,,single,49800,199999,2026-09-19,429550
079/092,レジギガス ★ :1ED,,single,29800,45000,2026-09-19,449128
079/098,ルギアV,RR,single,10500,10500,2026-09-19,100554
079/100,レックウザCLV.X ☆ :1ED,,single,1050000,1000000,2026-09-19,109206
079/128,キングラー ★ :1ED,,single,46666,,2026-09-19,431108
079/165,ヤドン C: マスターボールミラー,,single,29400,23999,2026-09-19,128197
079/165,ヤドン C: モンスターボールミラー,,single,6980,,2026-09-19,127913
079/171,イベルタルEX,,single,10000,25000,2026-09-19,385932
079/187,ジーランス :マスターボールミラー,,single,5000,,2026-09-19,471622
079/193,ロケット団のミミッキュ :エネルギーマークミラー,,single,11900,,2026-09-19,732729
079/193,ロケット団のミミッキュ :ロケット団マークミラー,,single,10300,10200,2026-09-19,732728
079/L-P,おかいものピカチュウ,プロモ,single,1110000,1045000,2026-09-19,91658
079/XY-P,MゲンガーEX,P,single,149000,140000,2026-09-19,411732
080/062,オトシドリex,SR,single,3980,,2026-09-19,140304
080/063,シロナのガブリアスex,SR,single,5900,5500,2026-09-19,541529
080/063,メガクチートex,SR,single,4500,4300,2026-09-19,663633
080/063,メガガルーラex,SR,single,4379,4500,2026-09-19,664096
080/064,マシマシラex,SR,single,5000,,2026-09-19,284956
080/066,アマージョex,SR,single,7280,6999,2026-09-19,151711
080/066,マグカルゴex,SR,single,6480,7500,2026-09-19,227630
080/067,ヒスイドレディアVSTAR,HR,single,6500,5555,2026-09-19,96658
080/067,ヒードランVMAX,HR,single,2500,14000,2026-09-19,139587
080/068,ホウオウV,SR,single,7600,7350,2026-09-19,95247
080/069,エーフィV,SR,single,9000,8000,2026-09-19,96550
080/070,ガラルヤドキングV SR :SA,,single,28400,28500,2026-09-19,98681
080/070,アスナ,SR,single,16400,7000,2026-09-19,96710
080/070,カトレア,SR,single,13500,14700,2026-09-19,91181
080/070,エースバーンVMAX,HR,single,8800,,2026-09-19,102304
080/070,フヨウ,SR,single,7500,8800,2026-09-19,98666
080/070,マスタード れんげきのかた,SR,single,,14500,2026-09-19,122004
080/071,ゴース,AR,single,14000,14400,2026-09-19,186428
080/071,ウソッキー,AR,single,6000,9800,2026-09-19,120829
080/071,メタグロス,AR,single,5999,6800,2026-09-19,186443
080/071,タギングル,AR,single,4700,4800,2026-09-19,120736
080/072,ミュウツーGX,HR,single,220000,224000,2026-09-19,91341
080/073,コイキング,AR,single,33000,31111,2026-09-19,116069
080/076,ディアルガEX,SR,single,660000,,2026-09-19,91577
080/076,ディアルガEX SR :1ED,,single,400000,458000,2026-09-19,406758
080/078,フーディンEX SR :1ED,,single,79800,100000,2026-09-19,106710
080/078,エルレイドEX SR :1ED,,single,41000,42000,2026-09-19,107423
080/078,エルレイドEX,SR,single,39000,57800,2026-09-19,382202
080/078,グレンアルマ,AR,single,5380,4999,2026-09-19,110785
080/078,ノノクラゲ,AR,single,4838,4799,2026-09-19,110921
080/080,特殊鋼エネルギー ◆ :1ED,,single,,85800,2026-09-19,558937
080/087,カメックスソウルリンク U :1ED,,single,25800,24999,2026-09-19,386956
080/092,レジギガスLV.X ☆,,single,30000,,2026-09-19,449130
080/093,ガブリアス :ミラー :1ED,,single,85000,300000,2026-09-19,408149
080/098,ルギアVSTAR,RRR,single,7999,7480,2026-09-19,100555
080/100,ギラティナV,RR,single,9980,5980,2026-09-19,137021
080/100,ボーマンダV,RR,single,7777,,2026-09-19,145223
080/108,コモルー ◆ :1ED,,single,,39800,2026-09-19,435076
080/141,キョウのフォレトス ● :1ED,,single,,33000,2026-09-19,427905
080/165,ヤドラン U: マスターボールミラー,,single,17500,16500,2026-09-19,128198
080/171,ジラーチ: ミラー,,single,64000,70000,2026-09-19,106306
080/171,ジラーチ,,single,18980,16500,2026-09-19,385933
080/172,ガラルファイヤーV,RR,single,7999,,2026-09-19,105003
080/187,グラードン :モンスターボールミラー,,single,11000,,2026-09-19,466369
080/187,グラードン :マスターボールミラー,,single,7000,6799,2026-09-19,471623
080/SM-P,リーリエ,プロモ,single,139000,140000,2026-09-19,91232
081/063,なかよしポフィン,SR,single,6000,,2026-09-19,664121
081/063,ペパーのマフィティフex,SR,single,,4000,2026-09-19,544396
081/064,アローラナッシーex,SR,single,7900,4600,2026-09-19,385170
081/066,グソクムシャex,SR,single,6500,5300,2026-09-19,152783
081/066,ストリンダーex,SR,single,6450,4800,2026-09-19,152769
081/066,ジュペッタGX,HR,single,,79800,2026-09-19,105342
081/066,テツノイバラex,SR,single,,4400,2026-09-19,227631
081/067,オリジンパルキアVSTAR,HR,single,14999,5800,2026-09-19,96637
081/067,ギャラドスVMAX,HR,single,13333,14000,2026-09-19,113261
081/067,カイリキーVMAX,HR,single,5999,9000,2026-09-19,139513
081/067,ツツジ,SR,single,5000,6000,2026-09-19,96587
081/068,セレナ,SR,single,17000,15699,2026-09-19,95124
081/069,エーフィV SR,SA,single,43500,43500,2026-09-19,91175
081/070,サーナイトVMAX,HR,single,20000,24999,2026-09-19,102272
081/070,モミ,SR,single,13500,12000,2026-09-19,91187
081/070,カリンの信念,SR,single,10000,10000,2026-09-19,98677
081/070,キクコ,SR,single,7280,,2026-09-19,126516
081/070,ドクター,SR,single,6999,6900,2026-09-19,126515
081/070,インテレオンVMAX,HR,single,,30000,2026-09-19,102305
081/071,イッカネズミ,AR,single,10500,10400,2026-09-19,117192
081/071,エルレイドV,SR,single,6999,6000,2026-09-19,139431
081/071,ペラップ,AR,single,5500,,2026-09-19,186429
081/071,ミミズズ,AR,single,5000,,2026-09-19,120830
081/071,メルタン,AR,single,4980,4799,2026-09-19,186444
081/071,スパーク,SR,single,4000,12000,2026-09-19,122008
081/072,ゾロアークGX,HR,single,54000,49500,2026-09-19,91343
081/073,クワッス,AR,single,5450,4799,2026-09-19,113065
081/076,パルキアEX SR :1ED,,single,289000,450000,2026-09-19,406759
081/076,パルキアEX,SR,single,42000,,2026-09-19,91582
081/078,MフーディンEX SR :1ED,,single,100000,224000,2026-09-19,91485
081/078,MエルレイドEX SR :1ED,,single,80800,98000,2026-09-19,107421
081/078,MエルレイドEX,SR,single,50000,,2026-09-19,382203
081/078,ウミディグダ,AR,single,4500,4999,2026-09-19,110908
081/078,スコヴィラン,AR,single,4299,6350,2026-09-19,110922
081/080,リザードンEX,SR,single,1500000,1680000,2026-09-19,654883
081/080,リザードンEX SR :1ED,,single,330000,330000,2026-09-19,91545
081/080,ギャラドスEX SR :1ED,,single,214800,188000,2026-09-19,91498
081/080,アルフの石版 ★ :1ED,,single,148000,,2026-09-19,558941
081/080,ギャラドスEX,SR,single,80000,,2026-09-19,390891
081/080,ルンパッパ,AR,single,4398,4400,2026-09-19,704376
081/080,コフーライ,AR,single,4099,4200,2026-09-19,753256
081/087,ピジョットソウルリンク U :1ED,,single,15900,,2026-09-19,386957
081/092,ファイヤーキューブ01 ◆ :1ED,,single,9999,,2026-09-19,429553
081/100,ムクホークFBLV.X ☆ :1ED,,single,55000,,2026-09-19,109215
081/100,ボーマンダVMAX,RRR,single,8999,8999,2026-09-19,145224
081/100,ギラティナVSTAR,RRR,single,6666,6500,2026-09-19,137022
081/106,シャリタツex,RR,single,3500,,2026-09-19,395717
081/108,ボーマンダex ☆,,single,280000,,2026-09-19,91730
081/128,ライチュウ ★ :1ED,,single,120000,,2026-09-19,431110
081/165,コイル C: マスターボールミラー,,single,19000,19000,2026-09-19,128199
081/187,フカマル :マスターボールミラー,,single,8000,11300,2026-09-19,471624
081/BW-P,エモンガ,P,single,72000,400000,2026-09-19,91561
081/SM-P,コスモッグ,プロモ,single,21500,17000,2026-09-19,107459
082/062,シキミ,SR,single,8900,8800,2026-09-19,140157
082/063,MCの盛り上げ,SR,single,6980,7000,2026-09-19,546112
082/063,ふしぎなアメ,SR,single,5500,,2026-09-19,628175
082/063,ファイトゴング,SR,single,5000,,2026-09-19,663634
082/064,モモワロウex,SR,single,4800,4780,2026-09-19,284958
082/064,モトトカゲex,SR,single,4399,4444,2026-09-19,385171
082/066,デスカーンex,SR,single,5399,4990,2026-09-19,152784
082/066,ギルガルドex,SR,single,4980,,2026-09-19,152770
082/066,サケブシッポex,SR,single,4500,6999,2026-09-19,227632
082/067,レックウザVMAX,HR,single,39500,43800,2026-09-19,96630
082/067,オリジンディアルガVSTAR,HR,single,6999,12900,2026-09-19,96735
082/067,バサギリVSTAR,HR,single,6000,,2026-09-19,139588
082/068,ふりそで,SR,single,11000,9000,2026-09-19,95125
082/069,ニンフィアV,SR,single,15400,15200,2026-09-19,96552
082/070,ビクティニVMAX,HR,single,22000,22200,2026-09-19,99579
082/070,クララ,SR,single,14000,15000,2026-09-19,91184
082/070,ソニア,HR,single,13970,13000,2026-09-19,91204
082/070,シャクヤ,SR,single,6500,6300,2026-09-19,96693
082/070,ピオニー,SR,single,4199,,2026-09-19,96730
082/071,ベロリンガ,AR,single,9800,,2026-09-19,186445
082/071,ヒスイヌメルゴンV,SR,single,7500,,2026-09-19,139432
082/071,チラーミィ,AR,single,5900,6600,2026-09-19,184101
082/071,カラミンゴ,AR,single,4800,6400,2026-09-19,117828
082/071,ココガラ,AR,single,4500,4500,2026-09-19,120831
082/072,ミュウツーGX ☆,,single,720000,644000,2026-09-19,91342
082/073,ウェルカモ,AR,single,5500,5279,2026-09-19,116070
082/076,アイリス SR :1ED,,single,360000,215000,2026-09-19,406760
082/076,アイリス,SR,single,268000,315000,2026-09-19,91575
082/078,ブラッキーEX SR :1ED,,single,809000,810000,2026-09-19,91481
082/078,ラティオスEX SR :1ED,,single,145000,128000,2026-09-19,107419
082/078,ラティオスEX,SR,single,130000,165000,2026-09-19,382204
082/078,ヤドン,AR,single,10600,10650,2026-09-19,109861
082/078,ヘイラッシャ,AR,single,5190,5190,2026-09-19,110907
082/080,MギャラドスEX SR :1ED,,single,160000,164999,2026-09-19,91501
082/080,ジバコイルEX SR :1ED,,single,25000,,2026-09-19,108503
082/080,モクロー,AR,single,4099,4200,2026-09-19,753257
082/080,マメバッタ,AR,single,3999,4480,2026-09-19,704377
082/081,ジュカインEX SR :1ED,,single,19999,90000,2026-09-19,107414
082/081,ジュカインEX,SR,single,,140000,2026-09-19,385521
082/081,カリキリ,AR,single,,5500,2026-09-19,825118
082/087,フシギバナソウルリンク U :1ED,,single,23000,22000,2026-09-19,386958
082/128,ピチュー ★ :1ED,,single,189999,100000,2026-09-19,431111
082/150,ソルガレオ,PR,single,7500,13500,2026-09-19,112760
082/165,レアコイル U: マスターボールミラー,,single,12500,12900,2026-09-19,128200
082/171,ドータクン :ミラー,,single,,160011,2026-09-19,386059
082/187,ガバイト :マスターボールミラー,,single,8000,8000,2026-09-19,471625
082/193,ロケット団のディグダ :ロケット団マークミラー,,single,6200,,2026-09-19,732734
083/062,チリ,SR,single,15000,8000,2026-09-19,138231
083/063,メガシグナル,SR,single,5000,,2026-09-19,664091
083/063,夜のタンカ,SR,single,,19800,2026-09-19,628162
083/064,カキツバタ,SR,single,,111111,2026-09-19,379012
083/066,ボーマンダGX,HR,single,40000,40000,2026-09-19,105339
083/066,チルタリスex,SR,single,7400,7000,2026-09-19,152771
083/066,ゲッコウガex,SR,single,4780,4980,2026-09-19,227633
083/066,スナノケガワex,SR,single,,10800,2026-09-19,152785
083/067,レックウザVMAX HR,SA,single,720000,825000,2026-09-19,93017
083/067,スターミーV,CSR,single,43499,41500,2026-09-19,96585
083/067,ジュラルドンVMAX HR,SA,single,21000,22000,2026-09-19,93019
083/067,カイ,HR,single,9500,8000,2026-09-19,96610
083/067,セキ,HR,single,6000,,2026-09-19,96734
083/068,ミクリ,SR,single,5500,7500,2026-09-19,95240
083/069,ニンフィアV SR,SA,single,45000,44799,2026-09-19,91177
083/070,れんげきウーラオスVMAX,HR,single,19800,15000,2026-09-19,100078
083/070,メロン,SR,single,10499,8500,2026-09-19,96709
083/070,セイボリー,SR,single,7499,7499,2026-09-19,98685
083/070,ズミ,SR,single,,14000,2026-09-19,126517
083/071,ヒスイゾロアークV,SR,single,7499,,2026-09-19,96664
083/071,ブランシェ,SR,single,7300,7200,2026-09-19,126543
083/071,チラチーノ,AR,single,7150,5200,2026-09-19,184102
083/071,ジジーロン,AR,single,6000,8000,2026-09-19,184143
083/071,リキキリン,AR,single,4900,4700,2026-09-19,120737
083/071,ノココッチ,AR,single,4500,4444,2026-09-19,117188
083/073,ムウマージ,AR,single,7000,7000,2026-09-19,115236
083/076,タマタマ UR :1ED,,single,300000,,2026-09-19,406761
083/076,おとなのおねえさん,SR,single,7200,12000,2026-09-19,102288
083/078,MラティオスEX SR :1ED,,single,130000,127800,2026-09-19,107422
083/078,MラティオスEX,SR,single,120000,114999,2026-09-19,382205
083/078,ゲノセクトEX SR :1ED,,single,44800,60000,2026-09-19,106714
083/078,ラルトス,AR,single,8300,6000,2026-09-19,109867
083/078,ウデッポウ,AR,single,4500,4600,2026-09-19,110920
083/080,マナフィEX SR :1ED,,single,45000,44000,2026-09-19,107345
083/080,ドクロッグEX SR :1ED,,single,29000,66666,2026-09-19,108505
083/080,カルボウ,AR,single,4200,4299,2026-09-19,704378
083/080,ファイアロー,AR,single,3333,4280,2026-09-19,752786
083/081,MジュカインEX SR :1ED,,single,69800,89000,2026-09-19,107415
083/081,MジュカインEX,SR,single,60000,,2026-09-19,385522
083/081,グレンアルマ,AR,single,9800,7980,2026-09-19,825119
083/087,リザードンソウルリンク U :1ED,,single,33333,33333,2026-09-19,386959
083/114,イーブイ :ミラー,,single,27500,15000,2026-09-19,335932
083/128,デンリュウ ★ :1ED,,single,35000,,2026-09-19,431112
083/131,トゲピー,,single,,23000,2026-09-19,391105
083/141,シバのエビワラー ● :1ED,,single,65000,,2026-09-19,427908
083/165,カモネギ C: マスターボールミラー,,single,20000,,2026-09-19,128201
083/173,ルカリオ&メルメタルGX,RR,single,8444,8500,2026-09-19,396065
083/175,ディアルガex,,single,6899,,2026-09-19,425292
083/184,こくばバドレックスVMAX,RRR,single,7280,6000,2026-09-19,141098
083/187,モグリュー :マスターボールミラー,,single,4580,5000,2026-09-19,471626
083/193,ロケット団のダグトリオ :ロケット団マークミラー,,single,6000,,2026-09-19,732736
083/742,ヒトカゲ :ミラー,,single,7000,8999,2026-09-19,740241
083/DP-P,ヒードラン,プロモ,single,,500000,2026-09-19,453273
083/SM-P,ひかるホウオウ,プロモ,single,77800,53000,2026-09-19,91245
084/062,パラソルおねえさん,SR,single,7499,7500,2026-09-19,136492
084/063,アセロラのいたずら,SR,single,10999,10000,2026-09-19,664122
084/063,ヒビキの冒険,SR,single,5999,5000,2026-09-19,546114
084/063,ふうせん,SR,single,,6200,2026-09-19,664108
084/064,アンズの秘技,SR,single,,7000,2026-09-19,282728
084/066,イッカネズミex,SR,single,9200,,2026-09-19,152772
084/066,ガチグマ アカツキex,SR,single,5300,,2026-09-19,227634
084/066,トドロクツキex,SR,single,4000,6480,2026-09-19,151712
084/067,ガブリアスV,CSR,single,19000,18900,2026-09-19,96586
084/067,サナ,HR,single,9998,33500,2026-09-19,113262
084/067,ナタネの活気,HR,single,7000,7000,2026-09-19,96737
084/068,ジャローダV,CSR,single,14989,12500,2026-09-19,95123
084/069,ブラッキーV,SR,single,15500,15950,2026-09-19,96549
084/070,れんげきウーラオスVMAX HR,SA,single,95000,98000,2026-09-19,91188
084/070,セレビィVMAX,HR,single,9800,19800,2026-09-19,96647
084/070,はくばバドレックスVMAX,HR,single,5000,15000,2026-09-19,96728
084/071,ミュウツーVSTAR,HR,single,15300,14700,2026-09-19,93010
084/071,フォレトスex,SR,single,7980,5500,2026-09-19,120738
084/071,チオンジェンex,SR,single,6500,4980,2026-09-19,120832
084/071,ドダイトスex,SR,single,5800,5500,2026-09-19,186430
084/071,テツノイサハex,SR,single,5000,5500,2026-09-19,186446
084/071,ウォロ,SR,single,4900,,2026-09-19,96663
084/073,パルデアケンタロス,AR,single,4500,5499,2026-09-19,116071
084/076,ビリジオン,UR,single,220000,,2026-09-19,91580
084/076,オニオン,SR,single,60000,27000,2026-09-19,102290
084/076,ビリジオン UR :1ED,,single,,250000,2026-09-19,406762
084/078,サザンドラEX,SR,single,60000,70000,2026-09-19,382206
084/078,MチルタリスEX SR :1ED,,single,49800,65000,2026-09-19,106709
084/078,サザンドラEX SR :1ED,,single,45000,,2026-09-19,91518
084/078,キルリア,AR,single,7300,7400,2026-09-19,109866
084/078,パチリス,AR,single,7000,7250,2026-09-19,109862
084/080,エーフィEX SR :1ED,,single,185000,179000,2026-09-19,91496
084/080,ガルーラEX SR :1ED,,single,19800,57000,2026-09-19,108501
084/080,ジュゴン,AR,single,4400,4500,2026-09-19,704379
084/080,アマルルガ,AR,single,4300,4800,2026-09-19,753307
084/081,キュレムEX,SR,single,88000,,2026-09-19,385523
084/081,キュレムEX SR :1ED,,single,50000,86000,2026-09-19,107417
084/081,トサキント,AR,single,5480,5800,2026-09-19,825120
084/083,ハリマロン,AR,single,5390,4998,2026-09-19,776337
084/087,オーキド博士のヒント U :25thホロ,,single,200000,3350000,2026-09-19,428835
084/088,古代遺跡 ◆,,single,23800,,2026-09-19,430649
084/095,エリカのおもてなし,R,single,7000,,2026-09-19,396386
084/100,アルセウスVSTAR,RRR,single,15000,,2026-09-19,139827
084/100,カビゴン,R,single,12980,12500,2026-09-19,145036
084/114,レックウザ :ミラー,,single,38900,36800,2026-09-19,335933
084/128,フーディン ★ :1ED,,single,99999,,2026-09-19,431113
084/141,シバのハガネール ★ :1ED,,single,188000,270000,2026-09-19,111790
084/165,ドードー C: マスターボールミラー,,single,10000,11799,2026-09-19,128202
084/190,イエッサンV,RR,single,3000,,2026-09-19,144483
084/742,リザード :ミラー,,single,11800,21500,2026-09-19,740243
084/PCG-P,ピカチュウ,P,single,548000,798000,2026-09-19,452721
084/SM-P,ロイヤルマスク,P,single,,139999,2026-09-19,403596
084/XY-P,エルレイドEX,P,single,17000,,2026-09-19,411737
085/062,ガブリアスex,SAR,single,12800,11900,2026-09-19,136493
085/063,メガヤンマex,SAR,single,8400,,2026-09-19,546115
085/063,ミツルの思いやり,SR,single,7222,6498,2026-09-19,664123
085/063,マチスの取引,SR,single,5999,9990,2026-09-19,663635
085/064,カシオペア,SR,single,4580,7800,2026-09-19,282196
085/067,ヒスイバクフーンVSTAR,HR,single,8999,8000,2026-09-19,96594
085/067,タイサイ,HR,single,3980,,2026-09-19,139590
085/068,クチートV,CSR,single,7500,7780,2026-09-19,95246
085/069,ブラッキーV SR,SA,single,76800,76400,2026-09-19,91176
085/070,いちげきウーラオスVMAX HR,SA,single,74998,73900,2026-09-19,93034
085/070,はくばバドレックスVMAX HR,SA,single,65000,70800,2026-09-19,93029
085/070,バシャーモVMAX,HR,single,8500,19800,2026-09-19,99567
085/071,パオジアンex,SR,single,8000,6600,2026-09-19,120833
085/071,ススキ,SR,single,6500,,2026-09-19,126541
085/071,ガオガエンex,SR,single,6000,5900,2026-09-19,186447
085/071,ウガツホムラex,SR,single,5000,5200,2026-09-19,186431
085/071,イーユイex,SR,single,4900,4500,2026-09-19,120739
085/073,パルデアウパー,AR,single,5900,4200,2026-09-19,115235
085/076,ヨノワール,UR,single,120000,450000,2026-09-19,91581
085/076,ヨノワール UR :1ED,,single,89500,,2026-09-19,406763
085/076,ポプラ,SR,single,14500,20000,2026-09-19,122005
085/078,レックウザEX SR :1ED,,single,480000,450000,2026-09-19,91520
085/078,レックウザEX,SR,single,450000,,2026-09-19,382207
085/078,キングドラEX SR :1ED,,single,69800,75000,2026-09-19,106712
085/078,パピモッチ,AR,single,5500,5500,2026-09-19,110906
085/078,パーモット,AR,single,4580,4500,2026-09-19,110919
085/080,ダークライEX SR :1ED,,single,129000,150000,2026-09-19,91500
085/080,フラダリ SR :1ED,,single,29000,,2026-09-19,91544
085/080,ポッチャマ,AR,single,4600,4799,2026-09-19,704380
085/080,デデンネ,AR,single,4200,4299,2026-09-19,753258
085/081,デンリュウEX,SR,single,230000,218000,2026-09-19,385524
085/081,デンリュウEX SR :1ED,,single,60000,,2026-09-19,107412
085/081,アシレーヌ,AR,single,15000,7980,2026-09-19,826526
085/083,フォッコ,AR,single,5000,4399,2026-09-19,776338
085/087,クリスタルエネルギー ◆ :25thホロ,,single,380000,550000,2026-09-19,428842
085/087,カスミのやる気 U :1ED,,single,10500,15999,2026-09-19,386961
085/093,ホワイトキュレムEX :1ED,,single,12000,16500,2026-09-19,408163
085/100,ガブリアス ☆,,single,180000,,2026-09-19,449383
085/100,ガブリアス ☆ :1ED,,single,,100000,2026-09-19,449382
085/108,ブロロロームex,RR,single,4900,,2026-09-19,132230
085/128,ゲンガー ★ :1ED,,single,498000,798000,2026-09-19,92041
085/131,トゲキッス,,single,16000,,2026-09-19,391107
085/165,ドードリオ R: マスターボールミラー,,single,12500,8980,2026-09-19,128203
085/171,コバルオン :ミラー,,single,6999,160111,2026-09-19,386061
085/187,ガチグマ アカツキ :マスターボールミラー,,single,6800,,2026-09-19,471628
085/187,ガチグマ アカツキ,,single,4800,,2026-09-19,466376
085/742,メガリザードンYex :ミラー,,single,11750,11800,2026-09-19,740244
085/742,メガリザードンYex,,single,9300,10000,2026-09-19,737018
085/DP-P,フィオネ,プロモ,single,20000,,2026-09-19,453275
085/PCG-P,ミュウ,P,single,1480000,,2026-09-19,452722
085/SM-P,ロイヤルマスク,プロモ,single,13500000,13955000,2026-09-19,93368
086/062,カプ・コケコex,SAR,single,9000,,2026-09-19,140158
086/063,ヒビキのホウオウex,SAR,single,33000,32000,2026-09-19,525751
086/063,リーリエの決心,SR,single,13000,13400,2026-09-19,663636
086/063,ミステリーガーデン,SR,single,6500,,2026-09-19,663640
086/064,ルチアのアピール,SR,single,18888,18500,2026-09-19,379013
086/066,ゴヨウ,SR,single,,11500,2026-09-19,227636
086/067,ヒガナの決意,HR,single,12800,19800,2026-09-19,113264
086/067,オリジンディアルガVSTAR,UR,single,9500,7999,2026-09-19,93011
086/067,オリジンパルキアVSTAR,UR,single,8200,7900,2026-09-19,91143
086/067,モノマネむすめ,HR,single,5800,,2026-09-19,99565
086/067,ヒスイ ジュナイパーVSTAR,HR,single,,7980,2026-09-19,139723
086/068,ジャローダVSTAR,HR,single,,10000,2026-09-19,95332
086/069,アロマなおねえさん,SR,single,12000,11200,2026-09-19,95318
086/070,バシャーモVMAX HR,SA,single,109999,129000,2026-09-19,93030
086/070,こくばバドレックスVMAX HR,SA,single,90000,87000,2026-09-19,91182
086/070,コルニの気合い,HR,single,8599,23900,2026-09-19,99576
086/071,ヤドキングex,SR,single,13900,12500,2026-09-19,120834
086/071,ヒナツ,SR,single,12200,10999,2026-09-19,91135
086/071,カイリューVSTAR,HR,single,11111,11000,2026-09-19,96746
086/071,ウネルミナモex,SR,single,6500,4999,2026-09-19,186432
086/071,ハラバリーex,SR,single,5500,5200,2026-09-19,120740
086/071,テツノカシラex,SR,single,5000,9999,2026-09-19,186448
086/073,マスカーニャex,SR,single,5400,5400,2026-09-19,116072
086/078,MレックウザEX,SR,single,900000,978000,2026-09-19,382208
086/078,MレックウザEX SR :1ED,,single,895000,830000,2026-09-19,91521
086/078,チルタリスEX,SR,single,298000,,2026-09-19,389656
086/078,チルタリスEX SR :1ED,,single,68000,58000,2026-09-19,106711
086/078,スリープ,AR,single,11000,11800,2026-09-19,110918
086/078,リオル,AR,single,7500,7999,2026-09-19,109864
086/080,ポケモンセンターのお姉さん SR :1ED,,single,82000,93000,2026-09-19,91543
086/080,ハッサムEX SR :1ED,,single,63000,63000,2026-09-19,107344
086/080,ピッピ,AR,single,4500,4798,2026-09-19,752787
086/080,ワンパチ,AR,single,4350,4300,2026-09-19,704245
086/081,MデンリュウEX SR :1ED,,single,53000,52888,2026-09-19,107410
086/081,ライボルト,AR,single,,7980,2026-09-19,826527
086/083,ケロマツ,AR,single,4599,5400,2026-09-19,776339
086/087,ブーストエネルギー ◆,,single,,23800,2026-09-19,429987
086/093,ルギアEX :1ED,,single,211111,160000,2026-09-19,408165
086/100,ヨクバリスVMAX,RRR,single,7500,,2026-09-19,141383
086/128,ミュウツー ★ :1ED,,single,175000,230000,2026-09-19,92038
086/165,パウワウ C: マスターボールミラー,,single,14000,15500,2026-09-19,128204
086/172,ヒスイダイケンキV,RR,single,6000,,2026-09-19,103076
086/187,イダイナキバ :マスターボールミラー,,single,6480,,2026-09-19,471629
086/DP-P,レントラー,プロモ,single,21000,,2026-09-19,453276
086/PCG-P,ロータのマネネ,P,single,,180000,2026-09-19,452723
086/S-P,マリィ,P,single,7800,8999,2026-09-19,509742
086/SM-P,サトシのピカチュウ,プロモ,single,130000,165000,2026-09-19,91259
087/062,サーフゴーex,SAR,single,22990,20000,2026-09-19,138232
087/063,シロナのガブリアスex,SAR,single,48999,47500,2026-09-19,538636
087/063,メガサーナイトex,SAR,single,19480,19499,2026-09-19,657365
087/063,メガフシギバナex,SAR,single,11900,11480,2026-09-19,657363
087/064,ラティアスex,SAR,single,37777,37000,2026-09-19,358115
087/064,イイネイヌex,SAR,single,8000,8000,2026-09-19,284960
087/066,リップ,SR,single,11800,11000,2026-09-19,150013
087/066,サザレ,SR,single,9999,9000,2026-09-19,221941
087/066,メロコ,SR,single,7222,,2026-09-19,152787
087/067,クレセリア,UR,single,17000,15000,2026-09-19,99563
087/067,ユキメノコ,UR,single,8500,14700,2026-09-19,113265
087/067,シンオウ神殿,UR,single,4600,,2026-09-19,96635
087/067,ヒスイ ダイケンキVSTAR,HR,single,,7980,2026-09-19,139724
087/068,アローラロコンVSTAR,HR,single,10800,11999,2026-09-19,95244
087/069,マクワ,SR,single,6400,,2026-09-19,112527
087/070,フヨウ,HR,single,6999,,2026-09-19,98652
087/070,パッチラゴンVMAX,HR,single,4000,,2026-09-19,144035
087/070,メタグロスVMAX,HR,single,,55500,2026-09-19,141939
087/071,野盗三姉妹,SR,single,10000,7500,2026-09-19,96669
087/071,ウミトリオex,SR,single,6800,,2026-09-19,186433
087/071,デカヌチャンex,SR,single,6700,8500,2026-09-19,120741
087/071,コノヨザルex,SR,single,4500,5000,2026-09-19,120835
087/071,テツノイワオex,SR,single,4500,4450,2026-09-19,186449
087/073,ラウドボーンex,SR,single,5399,6000,2026-09-19,116073
087/078,ロケット団の工作 SR :1ED,,single,90000,90000,2026-09-19,91483
087/078,シェイミEX SR :1ED,,single,50000,,2026-09-19,107420
087/078,シェイミEX,SR,single,35000,,2026-09-19,382209
087/078,メグロコ,AR,single,5800,4800,2026-09-19,110905
087/078,ボチ,AR,single,5500,5500,2026-09-19,109863
087/080,MハッサムEX SR :1ED,,single,54000,58900,2026-09-19,107347
087/080,ポケモンだいすきクラブ SR :1ED,,single,54000,,2026-09-19,91547
087/080,ニャスパー,AR,single,4250,4299,2026-09-19,752788
087/080,ザシアン,AR,single,4000,4100,2026-09-19,693513
087/081,フーパEX,SR,single,70000,,2026-09-19,385526
087/081,フーパEX SR :1ED,,single,49800,52000,2026-09-19,107418
087/081,ヤドラン,AR,single,4700,4399,2026-09-19,826528
087/083,ゲコガシラ,AR,single,4980,5499,2026-09-19,776340
087/086,ツタージャ,AR,single,7399,7400,2026-09-19,584784
087/086,クルミル,AR,single,7199,7200,2026-09-19,608534
087/100,レジギガスFB ★ :1ED,,single,,99999,2026-09-19,449386
087/128,ミュウ ★ :1ED,,single,328000,310000,2026-09-19,92034
087/141,カリンのギャロップ ● :1ED,,single,27000,25000,2026-09-19,427911
087/165,ジュゴン U: マスターボールミラー,,single,13000,26800,2026-09-19,128205
087/172,ヒスイダイケンキVSTAR,RRR,single,,6800,2026-09-19,103075
087/187,チヲハウハネ :マスターボールミラー,,single,9980,10000,2026-09-19,471630
087/187,チヲハウハネ :モンスターボールミラー,,single,6000,6500,2026-09-19,466381
087/414,シャワーズV :ミラー,,single,,13999,2026-09-19,380179
087/XY-P,ハピナス,P,single,30000,,2026-09-19,411740
088/062,チリ,SAR,single,12000,12000,2026-09-19,139884
088/063,メガルカリオex,SAR,single,16800,15500,2026-09-19,657364
088/063,メガラティアスex,SAR,single,11110,11111,2026-09-19,664092
088/063,ペパーのマフィティフex,SAR,single,8000,6400,2026-09-19,546116
088/064,マシマシラex,SAR,single,9000,,2026-09-19,284961
088/064,ブリジュラスex,SAR,single,7000,7700,2026-09-19,379014
088/066,グソクムシャex,SAR,single,11000,10700,2026-09-19,146988
088/066,スイレンのお世話,SR,single,10500,10500,2026-09-19,221942
088/066,テツノカイナex,SAR,single,5980,7500,2026-09-19,152773
088/067,頂への雪道,UR,single,15000,8000,2026-09-19,93012
088/067,ダブルターボエネルギー,UR,single,10000,11000,2026-09-19,91144
088/068,クチートVSTAR,HR,single,8000,32999,2026-09-19,95331
088/069,リーフィアVMAX,HR,single,13000,10500,2026-09-19,96557
088/070,モミ,HR,single,9700,9999,2026-09-19,100080
088/070,カトレア,HR,single,8200,8000,2026-09-19,96644
088/070,アスナ,HR,single,6000,7000,2026-09-19,141807
088/071,ゲンガーex,SR,single,17500,17500,2026-09-19,186243
088/071,ラブトロスV,CSR,single,12000,11680,2026-09-19,96650
088/071,リキキリンex,SR,single,7500,4299,2026-09-19,186450
088/071,ディンルーex,SR,single,4000,6800,2026-09-19,120742
088/071,ダイオウドウex,SR,single,,4500,2026-09-19,120836
088/073,ウェーニバルex,SR,single,4580,4500,2026-09-19,116074
088/078,フーディンEX UR :1ED,,single,318000,382000,2026-09-19,91484
088/078,ナギ,SR,single,74999,89999,2026-09-19,333628
088/078,ナギ SR :1ED,,single,69999,73000,2026-09-19,91519
088/078,マフィティフ,AR,single,4800,4500,2026-09-19,110917
088/078,ガケガニ,AR,single,4700,4250,2026-09-19,110904
088/080,MリザードンEX UR :1ED,,single,285000,238000,2026-09-19,93137
088/080,ホウオウEX SR :1ED,,single,177000,128000,2026-09-19,91499
088/080,フライゴン,AR,single,5400,4299,2026-09-19,704381
088/080,ダイノーズ,AR,single,4100,4300,2026-09-19,753308
088/081,カイリキーEX SR :1ED,,single,38500,36000,2026-09-19,107413
088/081,ダダリン,AR,single,4500,4500,2026-09-19,826529
088/083,デンリュウ,AR,single,5200,5380,2026-09-19,774256
088/086,クルマユ,AR,single,6468,4777,2026-09-19,608535
088/086,ジャノビー,AR,single,5000,5400,2026-09-19,584785
088/087,ニドキング ☆ :1ED,,single,1380000,1200000,2026-09-19,91945
088/087,ニドキング ☆,,single,910000,,2026-09-19,91946
088/087,フシギバナEX SR :1ED,,single,214800,204800,2026-09-19,91466
088/093,チラーミィ :ミラー,,single,,49800,2026-09-19,408174
088/165,ベトベター C: マスターボールミラー,,single,14500,14500,2026-09-19,128206
088/171,マギアナ :ミラー,,single,,160111,2026-09-19,386062
088/190,ミミッキュ,,single,13000,,2026-09-19,156436
088/193,シロナのフカマル :エネルギーマークミラー,,single,6200,,2026-09-19,732747
088/DP-P,リオルLV.6,プロモ,single,,92800,2026-09-19,453278
088/S-P,シロナ&カトレア,P,single,20000,20000,2026-09-19,509744
088/SM-P,トウホクのピカチュウ,プロモ,single,309999,315000,2026-09-19,91246
089/062,パラソルおねえさん,SAR,single,29000,26000,2026-09-19,140105
089/063,ヒビキの冒険,SAR,single,20500,21800,2026-09-19,546117
089/063,メガガルーラex,SAR,single,11000,9500,2026-09-19,657366
089/063,メガアブソルex,SAR,single,7500,8000,2026-09-19,664109
089/064,アローラナッシーex,SAR,single,11000,11000,2026-09-19,358116
089/064,キチキギスex,SAR,single,9700,11000,2026-09-19,284962
089/066,テツノブジンex,SAR,single,8500,9000,2026-09-19,148935
089/066,スナノケガワex,SAR,single,7500,,2026-09-19,152788
089/066,ヤバソチャex,SAR,single,7500,,2026-09-19,227637
089/067,ツツジ,HR,single,5300,9999,2026-09-19,96591
089/068,セレナ,HR,single,13000,11999,2026-09-19,95239
089/069,リーフィアVMAX HR,SA,single,83000,76000,2026-09-19,93023
089/070,ヘルガー,UR,single,13000,15000,2026-09-19,99571
089/070,カリンの信念,HR,single,9800,22900,2026-09-19,99570
089/070,オクタン,UR,single,7000,,2026-09-19,100079
089/071,エルレイドV,CSR,single,8999,10500,2026-09-19,96636
089/071,イキリンコex,SR,single,6000,5800,2026-09-19,120837
089/071,オンバーンex,SR,single,4700,6000,2026-09-19,120743
089/071,タケルライコex,SR,single,4650,4500,2026-09-19,186434
089/071,ハッサムex,SR,single,4400,4500,2026-09-19,186451
089/073,デデンネex,SR,single,5555,6800,2026-09-19,116075
089/078,ミツル,SR,single,24800,,2026-09-19,370623
089/078,ミツル SR :1ED,,single,15000,15000,2026-09-19,91524
089/078,ドドゲザン,AR,single,5500,7700,2026-09-19,110903
089/078,オトシドリ,AR,single,4900,4999,2026-09-19,110916
089/080,ギャラドスEX,UR,single,450000,,2026-09-19,792182
089/080,MリザードンEX UR :1ED,,single,440000,432000,2026-09-19,91546
089/080,ギャラドスEX UR :1ED,,single,290000,300000,2026-09-19,91497
089/080,チゴラス,AR,single,4200,4500,2026-09-19,753309
089/080,ストリンダー,AR,single,4100,4400,2026-09-19,704382
089/081,バンギラスEX SR :1ED,,single,98000,100000,2026-09-19,91516
089/081,バンギラスEX,SR,single,98000,,2026-09-19,385528
089/083,ゼルネアス,AR,single,4299,4550,2026-09-19,776341
089/086,ヤナップ,AR,single,4500,,2026-09-19,608463
089/086,ハハコモリ,AR,single,4450,5480,2026-09-19,606689
089/087,キングドラ ☆ :1ED,,single,1180000,920000,2026-09-19,91944
089/087,キングドラ ☆,,single,1038000,1075000,2026-09-19,91947
089/087,MフシギバナEX SR :1ED,,single,99800,95500,2026-09-19,91468
089/088,リザードン ☆ :1ED,,single,9700000,,2026-09-19,93286
089/088,ゴローニャ ☆ :1ED,,single,890000,860000,2026-09-19,91930
089/088,ライボルトEX SR :1ED,,single,28500,37500,2026-09-19,108462
089/088,リザードン ☆,,single,,23850000,2026-09-19,128597
089/088,ゴローニャ ☆,,single,,1580000,2026-09-19,91931
089/093,チラチーノ :ミラー :1ED,,single,59800,,2026-09-19,408176
089/106,ハピナスex ☆,,single,45000,,2026-09-19,110023
089/128,カイリキー ★ :1ED,,single,56000,110000,2026-09-19,431115
089/131,ゼルネアス,,single,,100000,2026-09-19,391111
089/141,カリンのブースター ● :1ED,,single,100000,149999,2026-09-19,92092
089/150,アローラキュウコン,,single,14800,,2026-09-19,397611
089/165,ベトベトン U: マスターボールミラー,,single,22000,20000,2026-09-19,128207
089/171,マギアナEX,,single,4800,12000,2026-09-19,385941
089/175,ザシアンex,,single,6000,,2026-09-19,425293
089/187,ディンルー :マスターボールミラー,,single,3980,9800,2026-09-19,471631
089/190,ドラパルトVMAX,RRR,single,7499,,2026-09-19,144490
089/193,シロナのガバイト :エネルギーマークミラー,,single,6500,,2026-09-19,732749
089/193,シロナのガバイト :モンスターボール/オシャボミラー,,single,6200,,2026-09-19,732748
089/S-P,マオ&スイレン,P,single,9000,20000,2026-09-19,509745
089/SM-P,ジラーチ,プロモ,single,128000,135000,2026-09-19,91262
090/062,ガブリアスex,UR,single,7900,7800,2026-09-19,140159
090/063,アセロラのいたずら,SAR,single,14000,15500,2026-09-19,663641
090/063,ヒビキのホウオウex,UR,single,8800,8199,2026-09-19,546118
090/063,マチスの取引,SAR,single,5999,6000,2026-09-19,664110
090/064,モモワロウex,SAR,single,8800,8800,2026-09-19,277255
090/064,カキツバタ,SAR,single,6500,8500,2026-09-19,385173
090/066,ゲッコウガex,SAR,single,47800,47699,2026-09-19,224087
090/066,チルタリスex,SAR,single,13000,13000,2026-09-19,146997
090/066,トドロクツキex SAR (ツキSAR),,single,9499,9500,2026-09-19,148947
090/067,基本雷エネルギー,UR,single,12000,,2026-09-19,93018
090/068,ふりそで,HR,single,7480,8000,2026-09-19,95126
090/069,グレイシアVMAX,HR,single,10000,9700,2026-09-19,96619
090/070,レベルボール,UR,single,11000,,2026-09-19,93033
090/070,クララ,HR,single,9999,14999,2026-09-19,99569
090/070,シャクヤ,HR,single,7990,14990,2026-09-19,96707
090/071,グルーシャ,SR,single,11000,8888,2026-09-19,120838
090/071,暗号マニアの解読,SR,single,8580,8500,2026-09-19,186245
090/071,ジバコイルVSTAR,HR,single,7000,,2026-09-19,139433
090/071,サワロ,SR,single,5000,4800,2026-09-19,120744
090/073,ルガルガンex,SR,single,6900,9999,2026-09-19,116076
090/078,エネルギーつけかえ,UR,single,33000,,2026-09-19,382210
090/078,ムックル,AR,single,5555,5200,2026-09-19,110902
090/078,ホシガリス,AR,single,4200,4899,2026-09-19,110915
090/080,MガルーラEX UR :1ED,,single,57500,45000,2026-09-19,91548
090/080,ドラピオン,AR,single,4000,4499,2026-09-19,753310
090/080,トゲデマル,AR,single,3999,4400,2026-09-19,703344
090/081,MバンギラスEX SR :1ED,,single,68800,74000,2026-09-19,107411
090/081,MバンギラスEX,SR,single,64999,195000,2026-09-19,385529
090/081,ザルード,AR,single,,7980,2026-09-19,826531
090/083,ネンドール,AR,single,4580,4680,2026-09-19,776342
090/086,モンメン,AR,single,5299,4790,2026-09-19,608536
090/086,ヤナッキー,AR,single,4980,4799,2026-09-19,608464
090/087,ルギア クリスタルタイプ ☆,,single,7800000,,2026-09-19,343184
090/087,ルギア クリスタルタイプ ☆: 1ED,,single,4900000,,2026-09-19,93291
090/087,リザードンEX SR :1ED,,single,438000,450000,2026-09-19,91462
090/088,ゲンガーEX SR :1ED,,single,1300000,1249999,2026-09-19,91537
090/088,ゲンガーEX,SR,single,1250000,,2026-09-19,752785
090/088,カブトプス ☆ :1ED,,single,1050000,850000,2026-09-19,91932
090/088,カブトプス ☆,,single,1000000,,2026-09-19,91933
090/088,クロバット ☆ :1ED,,single,420000,1278000,2026-09-19,91974
090/095,レッド&グリーン,U,single,12000,,2026-09-19,339675
090/106,ルギアex ☆,,single,2080000,,2026-09-19,91784
090/106,ルギアex ☆ :1ED,,single,1900000,,2026-09-19,438335
090/131,ゼルネアスEX,,single,,33333,2026-09-19,391112
090/139,カイリューex,,single,9200,9800,2026-09-19,129880
090/141,カリンのバンギラス ★ :1ED,,single,300000,500000,2026-09-19,92082
090/165,シェルダー C: マスターボールミラー,,single,16999,16499,2026-09-19,128208
090/173,ジラーチ,,single,17000,11780,2026-09-19,396072
090/187,イイネイヌ :マスターボールミラー,,single,6580,,2026-09-19,471632
090/193,シロナのガブリアスex,RR,single,,7777,2026-09-19,730134
090/PCG-P,波導のルカリオ,P,single,,700000,2026-09-19,452727
090/XY-P,ピカチュウ: バトルフェスタ2014,プロモ,single,1345000,1250000,2026-09-19,91407
091/063,リーリエの決心,SAR,single,48000,48500,2026-09-19,663637
091/063,シロナのガブリアスex,UR,single,16666,11000,2026-09-19,546119
091/063,ミツルの思いやり,SAR,single,5500,6900,2026-09-19,664124
091/064,ルチアのアピール,SAR,single,36900,35999,2026-09-19,382399
091/064,カシオペア,SAR,single,11999,7190,2026-09-19,283815
091/066,オーリム博士の気迫,SAR,single,15000,8999,2026-09-19,152789
091/066,ガチグマ アカツキex,SAR,single,10000,10800,2026-09-19,204149
091/067,ヒスイダイケンキVSTAR,UR,single,9800,5800,2026-09-19,96590
091/068,ミクリ,HR,single,4100,15000,2026-09-19,95245
091/069,グレイシアVMAX HR,SA,single,128888,104000,2026-09-19,93024
091/070,メロン,HR,single,7000,5500,2026-09-19,96713
091/071,ミュウツーVSTAR,UR,single,14100,14100,2026-09-19,93009
091/071,ナンジャモ,SR,single,14000,13500,2026-09-19,120745
091/071,ビワ,SR,single,7980,19999,2026-09-19,183378
091/071,セイジ,SR,single,6000,,2026-09-19,186452
091/073,パルデア ドオーex,SR,single,5000,4500,2026-09-19,116077
091/078,ギャラドスex,SR,single,8000,7200,2026-09-19,110942
091/078,ワナイダーex,SR,single,4500,5000,2026-09-19,110930
091/080,プクリン,AR,single,4298,4299,2026-09-19,704383
091/080,ニダンギル,AR,single,4150,4200,2026-09-19,753259
091/081,ギラティナEX SR :1ED,,single,230000,214999,2026-09-19,91517
091/081,ギラティナEX,SR,single,180000,230000,2026-09-19,385530
091/081,トリデプス,AR,single,,7980,2026-09-19,826532
091/083,クロバット,AR,single,4688,4800,2026-09-19,776343
091/086,シキジカ,AR,single,7200,7548,2026-09-19,608537
091/086,チュリネ,AR,single,6000,5000,2026-09-19,608465
091/087,MリザードンEX SR :1ED,,single,550000,628000,2026-09-19,91459
091/088,ホウオウ ☆,,single,3000000,,2026-09-19,93292
091/088,ホウオウ ☆ :1ED,,single,2750000,2400000,2026-09-19,93290
091/088,セレビィ ☆ :1ED,,single,2199999,2410000,2026-09-19,430656
091/088,カラマネロEX SR :1ED,,single,31500,,2026-09-19,390654
091/088,セレビィ ☆,,single,,3500000,2026-09-19,91871
091/092,鋼エネルギー ◆,,single,30000,,2026-09-19,429572
091/094,リーリエ,U,single,15000,,2026-09-19,334650
091/095,リーリエ,U,single,15000,,2026-09-19,335158
091/106,ブラッキーex ☆: 1ED,,single,1800000,,2026-09-19,91786
091/106,ブラッキーex ☆,,single,880000,3500000,2026-09-19,438336
091/128,ピジョット ★ :1ED,,single,,135000,2026-09-19,431117
091/131,ギラティナEX,,single,35000,34000,2026-09-19,391113
091/141,カリンのブラッキー ★ :1ED,,single,2300000,2400000,2026-09-19,92081
091/165,パルシェン U: マスターボールミラー,,single,11000,19800,2026-09-19,128209
091/171,サーナイトEX,,single,12800,13000,2026-09-19,385943
091/173,ジラーチ,PR,single,21000,33800,2026-09-19,396073
091/DP-P,ゴンベLV.7,プロモ,single,,800000,2026-09-19,453281
091/PCG-P,ミュウ,P,single,3780000,,2026-09-19,452728
091/XY-P,ニンフィア,P,single,150000,150000,2026-09-19,411743
0915/15,ニンフィア,AR,single,30000,33000,2026-09-19,601146
092/063,メガサーナイトex,MUR,single,143800,140000,2026-09-19,663661
092/063,メガルカリオex,MUR,single,132000,128000,2026-09-19,663638
092/064,モモワロウex,UR,single,9800,8999,2026-09-19,284963
092/064,アローラナッシーex,UR,single,7000,10800,2026-09-19,383445
092/066,サザレ,SAR,single,28500,30000,2026-09-19,224088
092/066,メロコ,SAR,single,17900,11400,2026-09-19,152790
092/066,リップ,SAR,single,8500,,2026-09-19,152775
092/068,ジャローダVSTAR,UR,single,12900,6700,2026-09-19,95243
092/069,ニンフィアVMAX,HR,single,11299,9500,2026-09-19,96620
092/070,マルマイン,UR,single,18000,16500,2026-09-19,96697
092/070,ドータクン,UR,single,12500,,2026-09-19,96727
092/070,トウキ,HR,single,7700,,2026-09-19,144037
092/071,ベルのまごころ,SR,single,15000,8800,2026-09-19,186246
092/071,イーユイex,SAR,single,12999,12890,2026-09-19,118630
092/071,チオンジェンex,SAR,single,10499,10500,2026-09-19,118633
092/071,ヒスイゾロアークVSTAR,HR,single,8000,9280,2026-09-19,96668
092/073,キハダ,SR,single,9000,8800,2026-09-19,115237
092/078,ウインディex,SR,single,9400,9280,2026-09-19,110914
092/078,サーナイトex,SR,single,8800,6888,2026-09-19,110901
092/080,エテボース,AR,single,4499,4499,2026-09-19,702702
092/080,ラッタ,AR,single,4199,4200,2026-09-19,753260
092/081,ルギアEX,SR,single,450000,448888,2026-09-19,385531
092/081,ルギアEX SR :1ED,,single,279800,275000,2026-09-19,91514
092/081,ドデカバシ,AR,single,,7980,2026-09-19,826533
092/083,メタング,AR,single,5500,5500,2026-09-19,776344
092/086,ドレディア,AR,single,6900,8900,2026-09-19,608466
092/086,メブキジカ,AR,single,4799,7999,2026-09-19,608538
092/087,カメックスEX SR :1ED,,single,320000,308000,2026-09-19,91458
092/088,フラージェスEX SR :1ED,,single,25000,26000,2026-09-19,108463
092/092,リザードン ☆: 1ED,,single,833777,876000,2026-09-19,92070
092/092,リザードン ☆: 復刻/再販,,single,660000,898000,2026-09-19,92071
092/094,ポケギア3.0,TR,single,,30011,2026-09-19,166678
092/095,ルザミーネ,PR,single,9800,14250,2026-09-19,335159
092/096,リーリエ(虹リーリエ),U,single,12000,60000,2026-09-19,127421
092/128,オニドリル ★ :1ED,,single,80000,,2026-09-19,431118
092/141,カリンのヘルガー ● :1ED,,single,95000,,2026-09-19,111813
092/150,サーナイトGX,RR,single,9679,9679,2026-09-19,112763
092/165,ゴース C: マスターボールミラー,,single,19999,19500,2026-09-19,128210
092/165,ゴース C: モンスターボールミラー,,single,14999,,2026-09-19,127939
092/171,MサーナイトEX,,single,22000,23000,2026-09-19,385944
092/184,いちげきウーラオスV,RR,single,7000,,2026-09-19,141113
092/187,ブラッキー :マスターボールミラー,,single,25000,24999,2026-09-19,471633
092/187,ブラッキー,,single,11500,,2026-09-19,434897
092/187,ブラッキー :モンスターボールミラー,,single,9799,9900,2026-09-19,466388
092/193,メガルカリオex,RR,single,4999,,2026-09-19,730136
092/DP-P,ヒードランLV.X :キラ,プロモ,single,,99999,2026-09-19,453282
092/XY-P,ディアンシーEX,P,single,10000,19800,2026-09-19,411744
093/066,スイレンのお世話,SAR,single,13500,13000,2026-09-19,225734
093/066,テツノブジンex,UR,single,12999,,2026-09-19,152776
093/066,トドロクツキex,UR,single,11111,9000,2026-09-19,152791
093/067,コトブキムラ,UR,single,3980,,2026-09-19,96593
093/068,エネルギーつけかえ,UR,single,2999,,2026-09-15,95241
093/069,ニンフィアVMAX HR,SA,single,216000,210000,2026-09-19,93022
093/070,カビゴン,UR,single,45000,44999,2026-09-19,93031
093/070,霧の水晶,UR,single,6300,,2026-09-19,91179
093/071,デカヌチャンex,SAR,single,15000,12950,2026-09-19,120746
093/071,ウガツホムラex,SAR,single,9000,9400,2026-09-19,180178
093/071,パオジアンex,SAR,single,7500,7800,2026-09-19,118634
093/071,テツノイサハex,SAR,single,7280,7270,2026-09-19,180201
093/078,ジバコイルex,SR,single,7400,4980,2026-09-19,110913
093/078,イダイナキバex,SR,single,5000,,2026-09-19,110943
093/080,ジュナイパーex,SR,single,5600,4000,2026-09-19,753261
093/080,メガヘラクロスex,SR,single,5000,4699,2026-09-19,704384
093/081,ゲンシカイオーガEX,UR,single,235000,190000,2026-09-19,385532
093/081,ゲンシカイオーガEX UR :1ED,,single,150000,161800,2026-09-19,91511
093/081,シルヴァディ,AR,single,7980,6800,2026-09-19,826534
093/083,ヌメイル,AR,single,5490,4200,2026-09-19,776345
093/086,チョボマキ,AR,single,5300,,2026-09-19,608539
093/086,マラカッチ,AR,single,4980,4800,2026-09-19,608467
093/087,MカメックスEX SR :1ED,,single,109500,110000,2026-09-19,91465
093/088,AZ SR :1ED,,single,30000,64800,2026-09-19,91539
093/106,バンギラスex ☆,,single,480000,,2026-09-19,438339
093/106,バンギラスex ☆: 1ED,,single,420000,,2026-09-19,91788
093/128,ピクシー ★ :1ED,,single,130000,,2026-09-19,431119
093/141,R団のソーナンス ★ :1ED,,single,259000,359999,2026-09-19,111792
093/165,ゴースト U: マスターボールミラー,,single,25499,31800,2026-09-19,128211
093/165,ゴースト U: モンスターボールミラー,,single,12000,,2026-09-19,127941
093/187,ブラッキーex,RR,single,6999,6999,2026-09-19,434898
093/DP-P,ジバコイル,プロモ,single,20000,48000,2026-09-19,453283
093/PCG-P,波導のルカリオ,P,single,150000,175000,2026-09-19,452730
093/XY-P,MディアンシーEX,P,single,13000,13000,2026-09-19,411745
094/066,ガチグマ アカツキex,UR,single,11000,10900,2026-09-19,227638
094/069,ブラッキーVMAX,HR,single,17999,16900,2026-09-19,96618
094/071,ウネルミナモex,SAR,single,11799,12500,2026-09-19,180179
094/071,テツノカシラex,SAR,single,9170,10390,2026-09-19,180202
094/071,ディンルーex,SAR,single,6900,6800,2026-09-19,118631
094/071,イキリンコex,SAR,single,5980,5800,2026-09-19,120840
094/071,ススキ,HR,single,4980,,2026-09-19,139434
094/073,ハヤト,SR,single,6800,6500,2026-09-19,116079
094/078,コライドンex,SR,single,7500,6000,2026-09-19,110900
094/078,ミライドンex,SR,single,7000,5299,2026-09-19,110931
094/080,メガリザードンXex,SR,single,8200,8777,2026-09-19,704385
094/080,エンニュートex,SR,single,,4300,2026-09-19,753311
094/081,ゲンシグラードンEX,UR,single,175000,210000,2026-09-19,385533
094/081,ゲンシグラードンEX UR :1ED,,single,165000,168500,2026-09-19,91512
094/081,ラランテスex,SR,single,6000,,2026-09-19,826535
094/083,ケンタロス,AR,single,5000,4100,2026-09-19,774257
094/086,カブルモ,AR,single,4699,6000,2026-09-19,608468
094/086,アギルダー,AR,single,3900,4850,2026-09-19,608540
094/087,ピカチュウEX SR :1ED,,single,1330000,1340000,2026-09-19,91461
094/088,クセロシキ SR :1ED,,single,15000,23900,2026-09-19,108460
094/093,レシラム,SR,single,857000,,2026-09-19,91572
094/093,レシラム :1ED,,single,650000,630000,2026-09-19,408193
094/094,かんこうきゃく,TR,single,14700,14700,2026-09-19,126386
094/095,カキ,TR,single,5000,,2026-09-19,393040
094/100,ダンデ,R,single,,9800,2026-09-19,145046
094/128,カイリュー ★ :1ED,,single,150000,135000,2026-09-19,431120
094/131,MガルーラEX,,single,18400,16500,2026-09-19,391116
094/141,R団のライコウ ★ :1ED,,single,215000,198000,2026-09-19,92085
094/150,ディアンシー,,single,,14800,2026-09-19,397615
094/165,ゲンガー R: マスターボールミラー,,single,175000,172000,2026-09-19,128212
094/165,ゲンガー R: モンスターボールミラー,,single,66666,59999,2026-09-19,127943
094/165,ゲンガー,R,single,14000,14400,2026-09-19,127942
094/173,トゲピー&ピィ&ププリンGX,RR,single,11980,11840,2026-09-19,396076
094/175,カビゴンex,,single,8000,5999,2026-09-19,425295
094/187,ヤブクロン :マスターボールミラー,,single,,5999,2026-09-19,471634
094/193,メガルチャブルex,RR,single,6999,,2026-09-19,730138
094/742,ブースターex :ミラー,,single,10000,,2026-09-19,740255
094/DP-P,ヨノワール,プロモ,single,21990,20000,2026-09-19,453284
094/PCG-P,レックウザ,P,single,1050000,,2026-09-19,452731
094/XY-P,あったかピカチュウ,プロモ,single,770000,878800,2026-09-19,91403
095/069,ブラッキーVMAX HR,SA,single,750000,700000,2026-09-19,93021
095/070,基本水エネルギー,UR,single,8000,12800,2026-09-19,93028
095/070,活力の壺,UR,single,6222,,2026-09-19,99566
095/070,基本超エネルギー,UR,single,6200,,2026-09-19,93027
095/071,グルーシャ,SAR,single,16400,15800,2026-09-19,120841
095/071,タケルライコex,SAR,single,13800,13500,2026-09-19,180180
095/071,サワロ,SAR,single,8700,8000,2026-09-19,120747
095/071,ヒナツ,HR,single,7000,7900,2026-09-19,96638
095/071,テツノイワオex,SAR,single,6499,7400,2026-09-19,180203
095/078,ジュペッタex,SR,single,4999,4650,2026-09-19,110932
095/078,ドクロッグex,SR,single,4500,4700,2026-09-19,110944
095/080,オドリドリex,SR,single,4200,4200,2026-09-19,704386
095/080,メガスターミーex,SR,single,4200,4200,2026-09-19,753262
095/081,MレックウザEX,UR,single,578000,520000,2026-09-19,385534
095/081,MレックウザEX UR :1ED,,single,458000,459999,2026-09-19,91515
095/083,ミルホッグ,AR,single,4800,4800,2026-09-19,776346
095/086,タマゲタケ,AR,single,6300,,2026-09-19,608469
095/086,ビリジオン,AR,single,4500,,2026-09-19,608541
095/087,ミュウツーEX SR :1ED,,single,259999,244999,2026-09-19,91463
095/088,フラダリの奥の手 SR :1ED,,single,32500,34000,2026-09-19,108461
095/093,ゼクロム :1ED,,single,500000,,2026-09-19,408194
095/093,ゼクロム,SR,single,280000,,2026-09-19,91573
095/094,ヤドン&コダックGX,SR,single,59800,59799,2026-09-19,104600
095/094,ゲッコウガGX,SR,single,26500,27000,2026-09-19,105369
095/095,シロナ,TR,single,8300,,2026-09-19,393041
095/128,バンギラス ★ :1ED,,single,195000,175000,2026-09-19,431121
095/141,R団のエンテイ ★ :1ED,,single,280000,350000,2026-09-19,92084
095/150,ミミッキュ :ミラー,,single,44444,40000,2026-09-19,397783
095/150,ミミッキュ,,single,,20000,2026-09-19,397616
095/165,イワーク U: マスターボールミラー,,single,9280,7440,2026-09-19,128213
095/171,ゼルネアス :ミラー,,single,16800,,2026-09-19,386066
095/173,アローラキュウコンGX,RR,single,6000,7980,2026-09-19,396077
095/184,れんげきウーラオスVMAX,RRR,single,,7500,2026-09-19,141116
095/187,ダストダス :マスターボールミラー,,single,6200,5300,2026-09-19,471635
095/DP-P,ピカチュウLV.12,プロモ,single,199999,260000,2026-09-19,453285
095/XY-P,あったかピカチュウ,プロモ,single,850000,1000000,2026-09-19,91402
096/066,ルミナスエネルギー,UR,single,7222,,2026-09-19,227640
096/069,アロマなおねえさん,HR,single,7200,6500,2026-09-19,96558
096/070,基本闘エネルギー,UR,single,12800,,2026-09-19,93032
096/071,ナンジャモ,SAR,single,70000,70000,2026-09-19,120748
096/071,野盗三姉妹,HR,single,8330,8888,2026-09-19,96641
096/071,ビワ,SAR,single,6000,16000,2026-09-19,186437
096/071,セイジ,SAR,single,4999,,2026-09-19,186453
096/073,マスカーニャex,SAR,single,14800,13400,2026-09-19,116081
096/078,パフュートンex,SR,single,6000,4500,2026-09-19,110899
096/078,テツノワダチex,SR,single,5500,4580,2026-09-19,110911
096/080,メガピクシーex,SR,single,4500,4300,2026-09-19,753263
096/080,ロトムex,SR,single,4300,4300,2026-09-19,704387
096/081,エネルギー回収,UR,single,,27000,2026-09-19,385535
096/081,メガゼラオラex,SR,single,,7600,2026-09-19,826537
096/083,スピアーex,SR,single,6499,,2026-09-19,776347
096/086,ポカブ,AR,single,6980,7900,2026-09-19,584795
096/086,モロバレル,AR,single,6000,8800,2026-09-19,608470
096/087,ピジョットEX SR :1ED,,single,53600,38000,2026-09-19,91469
096/088,MライボルトEX UR :1ED,,single,30000,34444,2026-09-19,108437
096/093,イマクニ？: ミラー,,single,75000,,2026-09-19,108516
096/094,ヤドン&コダックGX SR,SA,single,189000,184000,2026-09-19,104592
096/094,ジガルデGX,SR,single,14800,,2026-09-19,334654
096/095,レシラム&リザードンGX,SR,single,55555,49999,2026-09-19,104620
096/095,セレビィ&フシギバナGX,SR,single,25000,26000,2026-09-19,396398
096/095,ウルガモスGX,SR,single,7000,6800,2026-09-19,339681
096/096,エビワラー ☆,,single,,69800,2026-09-19,448033
096/100,カミツレのきらめき,U,single,2980,,2026-09-15,141392
096/106,ハッサムex ☆ :1ED,,single,449999,,2026-09-19,438343
096/106,ハッサムex ☆,,single,300000,,2026-09-19,91789
096/128,エアームド ★ :1ED,,single,,135000,2026-09-19,431122
096/131,レックウザEX,,single,69000,67800,2026-09-19,391118
096/165,スリープ C: マスターボールミラー,,single,21700,21100,2026-09-19,128214
096/165,スリープ C: モンスターボールミラー,,single,6500,,2026-09-19,127947
096/171,ゼルネアス :ミラー,,single,,150001,2026-09-19,386067
096/184,ガラルファイヤーV,RR,single,2500,,2026-09-13,141117
096/187,ゾロア :モンスターボールミラー,,single,6999,,2026-09-19,466394
096/187,ゾロア :マスターボールミラー,,single,5500,,2026-09-19,471636
096/XY-P,あったかピカチュウ,プロモ,single,950000,930000,2026-09-19,91405
097/069,マクワ,HR,single,4100,,2026-09-19,112528
097/071,ベルのまごころ,SAR,single,30000,28000,2026-09-19,184144
097/071,マツバの確信,SAR,single,22990,20000,2026-09-19,184103
097/071,パオジアンex,UR,single,8499,8888,2026-09-19,120843
097/071,ヒスイゾロアークVSTAR,UR,single,6580,10000,2026-09-19,91136
097/071,ディンルーex,UR,single,5700,6800,2026-09-19,120749
097/073,ラウドボーンex,SAR,single,9000,9200,2026-09-19,116082
097/078,カエデ,SR,single,10500,10000,2026-09-19,110933
097/078,ジニア,SR,single,5980,,2026-09-19,110945
097/080,ムウマージex,SR,single,4980,5000,2026-09-19,704388
097/080,メガジガルデex,SR,single,3999,4599,2026-09-19,753264
097/081,メガシャンデラex,SR,single,9800,,2026-09-19,826538
097/083,メガカエンジシex,SR,single,,4900,2026-09-19,776348
097/086,ビクティニ,AR,single,7199,7199,2026-09-19,584786
097/086,チャオブー,AR,single,6600,5000,2026-09-19,584796
097/087,MピジョットEX SR :1ED,,single,47000,42888,2026-09-19,91471
097/088,MゲンガーEX UR :1ED,,single,290000,289000,2026-09-19,91538
097/094,ミュウツー&ミュウGX,SR,single,80000,75500,2026-09-19,104593
097/094,イベルタルGX,SR,single,,28000,2026-09-19,334655
097/095,レシラム&リザードンGX SR,SA,single,315000,318888,2026-09-19,91286
097/095,セレビィ&フシギバナGX SR,SA,single,102000,93000,2026-09-19,127727
097/095,オドリドリGX,SR,single,,9800,2026-09-19,339682
097/096,ヘラクロスEX SR :1ED,,single,25980,,2026-09-19,108480
097/096,ダーテングGX,SR,single,7000,,2026-09-19,334422
097/096,ヘラクロスEX,SR,single,,80000,2026-09-19,390400
097/128,フシギバナ ★ :1ED,,single,210000,219999,2026-09-19,92025
097/131,MレックウザEX,,single,52500,52400,2026-09-19,391119
097/141,ワタルのリザードン ● :1ED,,single,840000,790000,2026-09-19,92083
097/165,スリーパー U: マスターボールミラー,,single,11400,11499,2026-09-19,128215
097/165,スリーパー U: モンスターボールミラー,,single,11200,,2026-09-19,127949
097/171,ゼルネアスBREAK,,single,12800,12800,2026-09-19,385949
097/175,ルギアex,,single,6000,5550,2026-09-19,425296
097/187,ゾロアーク :マスターボールミラー,,single,11000,,2026-09-19,471637
097/187,ゾロアーク :モンスターボールミラー,,single,4500,,2026-09-19,466396
097/DP-P,フカマルLV.9,プロモ,single,68000,,2026-09-19,453287
097/XY-P,あったかピカチュウ,プロモ,single,820000,950000,2026-09-19,91404
098/069,インテレオン,UR,single,8899,8999,2026-09-19,96548
098/071,ウガツホムラex,UR,single,11500,,2026-09-19,186438
098/071,テツノイサハex,UR,single,8000,,2026-09-19,186454
098/071,すごいつりざお,UR,single,,8900,2026-09-19,120844
098/073,ウェーニバルex,SAR,single,9900,13000,2026-09-19,116083
098/078,スター団のしたっぱ,SR,single,7000,,2026-09-19,110946
098/078,博士の研究（フトゥー博士）,SR,single,5000,,2026-09-19,110934
098/080,イベルタルex,SR,single,7100,5695,2026-09-19,753265
098/080,メガサメハダーex,SR,single,4950,5400,2026-09-19,704389
098/083,メガゲッコウガex,SR,single,5200,5490,2026-09-19,776349
098/086,ダルマッカ,AR,single,6300,5750,2026-09-19,608471
098/086,エンブオー,AR,single,5250,6000,2026-09-19,584797
098/087,カイリューEX SR :1ED,,single,185000,180000,2026-09-19,91464
098/093,ポケモンエンタープライズ しょこたん部長 :1ED,,single,69800,98000,2026-09-19,408198
098/094,ミュウツー&ミュウGX SR,SA,single,410000,410000,2026-09-19,91282
098/094,ゼルネアスGX,SR,single,,42000,2026-09-19,334656
098/095,コイキング&ホエルオーGX,SR,single,35340,35350,2026-09-19,396399
098/095,スイクンGX,SR,single,23333,36000,2026-09-19,104690
098/095,ベトベトン&アローラベトベトンGX,SR,single,11777,17800,2026-09-19,393042
098/095,フライゴンGX,SR,single,,15800,2026-09-19,339683
098/096,ガマゲロゲEX SR :1ED,,single,40000,,2026-09-19,108482
098/096,バシャーモGX,SR,single,22000,30000,2026-09-19,334423
098/096,キュウコンV,SR,single,22000,,2026-09-19,145426
098/128,バタフリー ★ :1ED,,single,150000,188000,2026-09-19,92039
098/131,シェイミEX,,single,,22000,2026-09-19,391120
098/141,ワタルのギャラドス ● :1ED,,single,349800,328000,2026-09-19,111797
098/150,レックウザGX,RR,single,12500,12480,2026-09-19,112764
098/165,クラブ C: マスターボールミラー,,single,17000,19500,2026-09-19,128216
098/171,ギラティナEX,,single,29800,39999,2026-09-19,385950
098/187,モルペコ :マスターボールミラー,,single,8780,11000,2026-09-19,471638
098/187,モルペコ,,single,,5999,2026-09-19,466397
098/BW-P,ベル,P,single,30000,50000,2026-09-19,415456
098/DP-P,ピカチュウ 東京,プロモ,single,470000,568000,2026-09-19,91697
098/SV-P,名探偵ピカチュウ,プロモ,single,42300,42000,2026-09-19,135232
098/XY-P,メガトウキョーのピカチュウ,プロモ,single,385000,369999,2026-09-19,91422
099/071,テツノカシラex,UR,single,12990,,2026-09-19,186455
099/071,ウネルミナモex,UR,single,8500,,2026-09-19,186439
099/071,基本草エネルギー,UR,single,4999,,2026-09-19,120751
099/073,キハダ,SAR,single,15800,14500,2026-09-19,115238
099/078,博士の研究（オーリム博士）,SR,single,8000,12000,2026-09-19,110947
099/078,ペパー,SR,single,4200,15000,2026-09-19,110912
099/080,エンペルトex,SR,single,4900,6000,2026-09-19,704390
099/080,メガエアームドex,SR,single,4789,4699,2026-09-19,753266
099/081,メガダークライex,SR,single,7980,6800,2026-09-19,826540
099/083,メガフラエッテex,SR,single,5500,,2026-09-19,776350
099/086,ヒヒダルマ,AR,single,4450,,2026-09-19,608472
099/086,バオップ,AR,single,4399,5200,2026-09-19,608542
099/087,カスミのやる気 SR :1ED,,single,159000,150000,2026-09-19,91460
099/093,ポケモンエンタープライズ ルカリオ部長 :ミラー :1ED,,single,77777,,2026-09-19,408200
099/093,ポケモンエンタープライズ ルカリオ部長 :1ED,,single,,175000,2026-09-19,408199
099/094,ラティオスGX,SR,single,23000,19000,2026-09-19,321603
099/094,ウルトラネクロズマGX,SR,single,18000,33000,2026-09-19,105371
099/095,コイキング&ホエルオーGX SR,SA,single,269999,250000,2026-09-19,91292
099/095,ベトベトン&アローラベトベトンGX SR,SA,single,25000,27980,2026-09-19,104623
099/095,アルセウス&ディアルガ&パルキアGX,SR,single,21000,21780,2026-09-19,104561
099/095,バンギラスGX,SR,single,18500,21000,2026-09-19,335165
099/096,ルカリオEX SR :1ED,,single,177000,175000,2026-09-19,91541
099/098,ブリガロンV,SR,single,6500,,2026-09-19,100556
099/098,ロケット団のワナイダー,AR,single,5500,4400,2026-09-19,568892
099/128,アーボック ★ :1ED,,single,,112000,2026-09-19,92044
099/131,レックウザ,,single,28000,28000,2026-09-19,401382
099/141,ワタルのプテラ ● :1ED,,single,240000,205555,2026-09-19,427913
099/165,キングラー U: マスターボールミラー,,single,18500,19999,2026-09-19,128217
099/171,サザンドラEX,,single,8500,11800,2026-09-19,385951
099/173,ガブリアス&ギラティナGX,RR,single,9100,9080,2026-09-19,396081
099/193,ロケット団のズバット :ロケット団マークミラー,,single,,6000,2026-09-19,732762
099/DP-P,ピカチュウ 横浜,プロモ,single,648000,868000,2026-09-19,91698
099/S-P,名探偵ピカチュウ,プロモ,single,120000,124800,2026-09-19,91122
099/SV-P,コレクレー CS2024,プロモ,single,7000,15000,2026-09-19,136510
099/XY-P,おきがえピカチュウ,プロモ,single,260000,259000,2026-09-19,91418
1/NEOI,ピカチュウ: 旧裏,,single,700000,798000,2026-09-19,111859
100/071,テツノイワオex,UR,single,18000,6000,2026-09-19,186456
100/071,タケルライコex,UR,single,9480,8980,2026-09-19,186440
100/073,ボスの指令（ゲーチス）,SAR,single,8490,9500,2026-09-19,116084
100/078,ミモザ,SR,single,15799,12000,2026-09-19,110910
100/078,ボタン,SR,single,6100,5000,2026-09-19,110948
100/080,ニャースex,SR,single,6398,6200,2026-09-19,753267
100/080,メガミミロップex,SR,single,4500,4200,2026-09-19,704391
100/081,モルペコex,SR,single,,6000,2026-09-19,826541
100/083,パンプジンex,SR,single,,5000,2026-09-19,776351
100/086,ヒトモシ,AR,single,7000,7400,2026-09-19,608473
100/086,バオッキー,AR,single,6480,7980,2026-09-19,608543
100/087,タケシのガッツ SR :1ED,,single,38000,38980,2026-09-19,91470
100/094,おじょうさま,SR,single,39999,40000,2026-09-19,91312
100/094,プテラGX,SR,single,7500,12000,2026-09-19,321604
100/095,アルセウス&ディアルガ&パルキアGX SR: SA (三神),,single,155000,159000,2026-09-19,91274
100/095,ルギアGX,SR,single,67500,67800,2026-09-19,104644
100/095,ピカチュウ&ゼクロムGX,SR,single,62980,62990,2026-09-19,129023
100/095,マーシャドー&カイリキーGX,SR,single,20000,24000,2026-09-19,393043
100/096,カイリューEX SR :1ED,,single,164000,160000,2026-09-19,108465
100/096,カイリューEX,SR,single,90000,650000,2026-09-19,390402
100/096,チルタリスGX,SR,single,2000,15800,2026-09-19,334425
100/098,オムスターV,SR,single,7400,6600,2026-09-19,100557
100/098,ロケット団のヘルガー,AR,single,4600,4800,2026-09-19,568315
100/128,ラフレシア ★ :1ED,,single,119800,102000,2026-09-19,92017
100/141,ワタルのカイリュー ● :1ED,,single,190000,229999,2026-09-19,111793
100/165,ビリリダマ C: マスターボールミラー,,single,12000,8888,2026-09-19,128218
100/171,イーブイ :ミラー,,single,74000,72500,2026-09-19,386068
100/171,イーブイ,,single,,11000,2026-09-19,385952
100/172,オリジンディアルガV,RR,single,5780,,2026-09-19,103045
100/173,レックウザGX,RR,single,10000,9900,2026-09-19,396082
100/184,ブラッキーV,RR,single,14390,9999,2026-09-19,141123
100/187,トドロクツキ :マスターボールミラー,,single,5980,9500,2026-09-19,471640
100/193,ロケット団のゴルバット :ロケット団マークミラー,,single,6500,8800,2026-09-19,732764
100/DP-P,ピカチュウ 大阪,プロモ,single,648000,800000,2026-09-19,91700
100/SM-P,アローラライチュウ,P,single,20000,20000,2026-09-19,403607
100/XY-P,レックウザ イラストコレクション,プロモ,single,89000,109900,2026-09-19,91438
101/069,基本悪エネルギー,UR,single,9800,9800,2026-09-19,93025
101/073,マスカーニャex,UR,single,9999,10000,2026-09-19,116085
101/078,サーナイトex,SAR,single,49000,39000,2026-09-19,109865
101/078,ワナイダーex,SAR,single,6000,7000,2026-09-19,110786
101/080,エネルギーリサイクル,SR,single,,19800,2026-09-19,753312
101/083,コバルオンex,SR,single,5500,,2026-09-19,776352
101/086,ランプラー,AR,single,5900,5900,2026-09-19,608474
101/086,クイタラン,AR,single,4350,6800,2026-09-19,608544
101/094,カルネ,SR,single,24500,21500,2026-09-19,91311
101/094,メガヤミラミ&バンギラスGX,SR,single,15800,13999,2026-09-19,321605
101/095,ピカチュウ&ゼクロムGX SR,SA,single,615000,670000,2026-09-19,91290
101/095,マーシャドー&カイリキーGX SR,SA,single,35000,85000,2026-09-19,104622
101/095,アカネ,SR,single,23000,24800,2026-09-19,104687
101/095,アーゴヨン&アクジキングGX,SR,single,9800,8900,2026-09-19,339684
101/096,レックウザGX,SR,single,65000,72800,2026-09-19,105324
101/096,化石研究員 SR :1ED,,single,24000,38000,2026-09-19,108467
101/098,バシャーモ,AR,single,4800,4850,2026-09-19,568893
101/098,レジエレキV,SR,single,4400,,2026-09-19,100558
101/100,アマージョV,SR,single,7000,,2026-09-19,141397
101/100,マラカッチ,AR,single,4500,4200,2026-09-19,502656
101/100,シェイミV,SR,single,2700,,2026-09-14,139844
101/100,ヘルガーV,SR,single,,9500,2026-09-19,145244
101/100,マフォクシーV,SR,single,,5500,2026-09-19,137042
101/108,MリザードンEX,UR,single,159800,,2026-09-19,504582
101/128,マタドガス ★ :1ED,,single,98000,89999,2026-09-19,92016
101/141,ワタルのデンリュウ ● :1ED,,single,299000,138000,2026-09-19,111807
101/150,ガブリアス,,single,,14800,2026-09-19,397621
101/165,マルマイン R: マスターボールミラー,,single,10980,7500,2026-09-19,128219
101/172,オリジンディアルガVSTAR,RRR,single,8000,,2026-09-19,103044
101/173,ウルトラネクロズマGX,RR,single,,8999,2026-09-19,396083
101/184,ブラッキーVMAX,RRR,single,7500,7400,2026-09-19,141124
101/187,トドロクツキex,RR,single,3999,,2026-09-19,427224
101/DP-P,ピカチュウ 名古屋,プロモ,single,648000,758000,2026-09-19,91696
101/S-P,イーブイVMAX,プロモ,single,10999,10000,2026-09-19,106799
101/SM-P,ラティアス,P,single,23000,23000,2026-09-19,403608
101/SV-P,バティックシャツを着たピカチュウ (ピカチュウ柄),P,single,20000,19900,2026-09-19,708757
101/XY-P,メタグロスEX,P,single,20000,20000,2026-09-19,411746
102/073,ラウドボーンex,UR,single,7980,,2026-09-19,116086
102/078,イダイナキバex,SAR,single,12000,11999,2026-09-19,110898
102/078,ミライドンex,SAR,single,10999,11000,2026-09-19,110935
102/080,せいなるはい,SR,single,4300,,2026-09-19,753313
102/083,メガドラミドロex,SR,single,4000,5580,2026-09-19,776353
102/086,ミジュマル,AR,single,13700,13900,2026-09-19,584798
102/086,シャンデラ,AR,single,7200,7600,2026-09-19,596232
102/087,イマクニ?のドードー U :1ED,,single,77000,59999,2026-09-19,106662
102/094,メガヤミラミ&バンギラスGX SR,SA,single,87800,89400,2026-09-19,104582
102/094,ユリーカ,SR,single,17800,22500,2026-09-19,91313
102/095,ゲンガー＆ミミッキュGX,SR,single,83500,84000,2026-09-19,149334
102/095,ウツギ博士のレクチャー,SR,single,59999,58000,2026-09-19,104645
102/095,アーゴヨン&アクジキングGX SR,SA,single,19800,21000,2026-09-19,104555
102/096,コルニ SR :1ED,,single,119999,124000,2026-09-19,91540
102/096,ダイゴの決断,SR,single,14499,15000,2026-09-19,105320
102/098,アンノーンV,SR,single,7980,6599,2026-09-19,100559
102/098,パールル,AR,single,4100,4899,2026-09-19,558070
102/100,リザードンV,SR,single,9000,9780,2026-09-19,96570
102/100,フリーザー,AR,single,7000,6500,2026-09-19,502986
102/100,シャンデラV,SR,single,6480,,2026-09-19,141398
102/100,キュレムV,SR,single,5000,,2026-09-19,137043
102/101,キマワリ,AR,single,4699,4599,2026-09-19,256064
102/128,メガニウム ★ :1ED,,single,165000,,2026-09-19,92033
102/141,ワタルのキングドラ ● :1ED,,single,115000,99800,2026-09-19,111802
102/165,タマタマ C: マスターボールミラー,,single,15000,,2026-09-19,128220
102/171,ルギア :ミラー,,single,195000,198000,2026-09-19,386070
102/171,ルギア,,single,36800,34000,2026-09-19,385954
102/173,ファイヤー&サンダー&フリーザーGX,RR,single,13980,13300,2026-09-19,396084
102/190,タイレーツV,RR,single,4499,,2026-09-19,144513
102/DP-P,ピカチュウ 福岡,プロモ,single,800000,,2026-09-19,91695
102/XY-P,MメタグロスEX,P,single,28500,23000,2026-09-19,411747
103/073,ウェーニバルex,UR,single,6480,6200,2026-09-19,116087
103/078,コライドンex,SAR,single,12000,12000,2026-09-19,110953
103/078,テツノワダチex,SAR,single,6000,9980,2026-09-19,110936
103/080,ポケパッド,SR,single,,9500,2026-09-19,753314
103/083,チラチーノex,SR,single,4900,4800,2026-09-19,776354
103/086,フタチマル,AR,single,6250,6600,2026-09-19,584799
103/086,メラルバ,AR,single,5280,4999,2026-09-19,608475
103/087,ロケット団参上! U :1ED,,single,39800,17999,2026-09-19,106313
103/094,ゲッコウガGX,HR,single,59980,50000,2026-09-19,105365
103/094,カイリューGX,SR,single,27800,29000,2026-09-19,321472
103/095,ゲンガー&ミミッキュGX SR,SA,single,499999,450000,2026-09-19,93096
103/095,メガミミロップ&プリンGX,SR,single,12800,13000,2026-09-19,339685
103/095,エルフーンGX,SR,single,4199,13000,2026-09-19,393045
103/096,バトルレポーター SR :1ED,,single,15000,,2026-09-19,108479
103/096,フウとラン,SR,single,11500,10200,2026-09-19,105325
103/098,アンノーンV SR:SA,,single,17000,11500,2026-09-19,100560
103/098,ロケット団のソーナンス,AR,single,4900,4840,2026-09-19,554341
103/100,リザードンV SR,SA,single,54900,52000,2026-09-19,91147
103/100,ホエルオー,AR,single,5000,5000,2026-09-19,497652
103/100,ケケンカニV,SR,single,4580,,2026-09-19,141399
103/100,ガラルヒヒダルマV,SR,single,3980,,2026-09-19,145054
103/101,カミッチュ,AR,single,5000,4999,2026-09-19,245817
103/102,レディアン,AR,single,4150,4530,2026-09-19,318876
103/108,ミュウツーEX,UR,single,,500000,2026-09-19,504584
103/114,アセロラ :ミラー,,single,,98880,2026-09-19,335951
103/128,リザードン ★ :1ED,,single,880000,888888,2026-09-19,92019
103/165,ナッシー U: マスターボールミラー,,single,14800,12500,2026-09-19,128221
103/171,ルギアEX,,single,25000,14500,2026-09-19,385955
103/414,グレイシアV,,single,,8500,2026-09-19,380199
103/BW-P,ルクシオ,P,single,,30000,2026-09-19,415461
103/DP-P,ガバイト :キラ,プロモ,single,80000,79800,2026-09-19,453288
103/PCG-P,レックウザδ-デルタ種,P,single,999999,,2026-09-19,452738
103/S-P,リザードンV SR: 争奪戦,プロモ,single,345000,358000,2026-09-19,91105
103/XY-P,アチャモ,P,single,38000,30000,2026-09-19,411748
104/078,ジニア,SAR,single,6000,,2026-09-19,110949
104/078,ペパー,SAR,single,5480,,2026-09-19,110937
104/086,ダイケンキ,AR,single,7900,7500,2026-09-19,584800
104/086,ウルガモス,AR,single,5980,5900,2026-09-19,608476
104/094,カスミのおねがい,SR,single,59800,63500,2026-09-19,93094
104/095,メガミミロップ＆プリンGX SR,SA,single,39500,39500,2026-09-19,127037
104/095,ラティアス&ラティオスGX,SR,single,38000,33980,2026-09-19,396401
104/095,ペルシアンGX,SR,single,12800,,2026-09-19,393046
104/095,ツボツボGX,HR,single,10800,42000,2026-09-19,104646
104/096,ルチア,SR,single,230000,228000,2026-09-19,91302
104/096,MヘラクロスEX UR :1ED,,single,48888,45000,2026-09-19,108481
104/098,ヒスイウインディV,SR,single,6800,7200,2026-09-19,100561
104/098,ロケット団のイオルブ,AR,single,3900,4200,2026-09-19,564042
104/100,ピカチュウV,SR,single,46000,46000,2026-09-19,101654
104/100,ドサイドンV,SR,single,7498,,2026-09-19,145247
104/100,ナンジャモのタイカイデン,AR,single,6799,6800,2026-09-19,489823
104/100,パルスワンV,SR,single,6650,4800,2026-09-19,141400
104/100,ロトムV SR,SA,single,5400,8400,2026-09-19,93375
104/100,ネオラントV,SR,single,,4500,2026-09-19,96575
104/101,ユキメノコ,AR,single,4600,4599,2026-09-19,246175
104/102,リリーラ,AR,single,4200,4780,2026-09-19,318877
104/128,キュウコン ★ :1ED,,single,95000,299900,2026-09-19,92015
104/150,ウルトラネクロズマGX,RR,single,,11999,2026-09-19,112765
104/165,カラカラ C: マスターボールミラー,,single,14500,,2026-09-19,128222
104/171,レックウザEX,,single,32000,31000,2026-09-19,385956
104/193,ロケット団のニューラ :ロケット団マークミラー,,single,6500,4000,2026-09-19,732770
104/193,ロケット団のニューラ :エネルギーマークミラー,,single,4000,,2026-09-19,732771
104/414,グレイシアVMAX,,single,,8900,2026-09-19,380201
104/BW-P,リオル,P,single,40000,40000,2026-09-19,415462
104/DP-P,ガブリアス :キラ,プロモ,single,85000,165000,2026-09-19,453289
104/PCG-P,シャワーズ,P,single,148000,,2026-09-19,452739
104/S-P,リザードンVMAX HR: 争奪戦,プロモ,single,1800000,1955000,2026-09-19,91103
104/XY-P,レジロック,P,single,,55000,2026-09-19,411749
105/078,ミモザ,SAR,single,34500,34000,2026-09-19,110938
105/078,ボタン,SAR,single,6500,8000,2026-09-19,110950
105/080,ギーマの一手,SR,single,7500,4600,2026-09-19,704396
105/080,タラゴン,SR,single,,8500,2026-09-19,753268
105/086,バスラオ,AR,single,6999,,2026-09-19,608545
105/086,ヒヤップ,AR,single,6400,4500,2026-09-19,608477
105/094,イベルタルGX,HR,single,26000,,2026-09-19,91314
105/094,プクリン,IR,single,18500,18500,2026-09-19,841954
105/094,きとうし,SR,single,9900,9900,2026-09-19,127029
105/095,ラティアス&ラティオスGX SR: SA (ラティラティGX),,single,980000,965000,2026-09-19,93097
105/095,サカキの追放,SR,single,19800,19280,2026-09-19,128523
105/095,グズマ&ハラ,SR,single,12800,12800,2026-09-19,104562
105/096,MルカリオEX UR :1ED,,single,106800,64000,2026-09-19,91542
105/096,ダーテングGX,HR,single,12999,,2026-09-19,334426
105/096,オリーヴ,SR,single,9000,8000,2026-09-19,102295
105/098,ロケット団のマタドガス,AR,single,4500,4500,2026-09-19,568894
105/100,フーディンV,SR,single,38000,,2026-09-19,145055
105/100,ミュウV,SR,single,12500,12999,2026-09-19,96582
105/100,ネオラントV:SA,SR,single,6500,6800,2026-09-19,96567
105/100,リーリエのアブリボン,AR,single,6400,5950,2026-09-19,505952
105/100,クロバットV,SR,single,4000,,2026-09-19,102308
105/100,プテラV,SR,single,,9800,2026-09-19,137045
105/101,カイデン,AR,single,4000,5800,2026-09-19,251915
105/102,バクガメス,AR,single,4838,5280,2026-09-19,326009
105/128,ギャロップ ★ :1ED,,single,134000,145000,2026-09-19,92040
105/150,イーブイ :ミラー,,single,45800,24799,2026-09-19,397791
105/165,ガラガラ R: マスターボールミラー,,single,15000,18000,2026-09-19,128223
105/171,MレックウザEX,,single,39000,39000,2026-09-19,385957
105/173,ニャース,,single,45555,38888,2026-09-19,396087
105/190,ルカリオ :ミラー,,single,,25000,2026-09-19,162159
105/BW-P,ニャース,P,single,100000,58000,2026-09-19,415463
105/DP-P,パルキアLV.X,プロモ,single,172000,,2026-09-19,453290
105/S-P,まるのみされたピカチュウ,プロモ,single,150000,159799,2026-09-19,91132
105/SM-P,ゾロア,P,single,15000,,2026-09-19,403612
106/078,コライドンex,UR,single,10980,10999,2026-09-19,110951
106/078,ミライドンex,UR,single,9800,5600,2026-09-19,110939
106/080,ピュール,SR,single,7777,,2026-09-19,753269
106/080,ヒカリ,SR,single,6500,6666,2026-09-19,704397
106/086,コアルヒー,AR,single,7777,,2026-09-19,608546
106/086,ヒヤッキー,AR,single,5500,5599,2026-09-19,608478
106/094,グリーンの戦略,SR,single,17799,17800,2026-09-19,104597
106/094,ゼルネアスGX,HR,single,15800,,2026-09-19,105362
106/095,スイクンGX,HR,single,38800,39000,2026-09-19,93101
106/095,シロナ&カトレア,SR,single,32000,32000,2026-09-19,91276
106/095,イーブイ&カビゴンGX,SR,single,30999,31400,2026-09-19,396402
106/095,溶接工,SR,single,11900,11900,2026-09-19,104624
106/096,ボスの指令（サカキ）SR,,single,30500,29999,2026-09-19,91200
106/096,バシャーモGX,HR,single,,27500,2026-09-19,105333
106/098,スカタンクV SR:SA,,single,7500,6999,2026-09-19,100563
106/098,ロケット団のヤミカラス,AR,single,4490,4490,2026-09-19,568316
106/100,ミュウV SR,SA,single,35400,34000,2026-09-19,91163
106/100,プテラV SR,SA,single,24980,24999,2026-09-19,93378
106/100,ムゲンダイナV,SR,single,12999,,2026-09-19,102310
106/100,ライチュウV,SR,single,6999,7800,2026-09-19,139845
106/100,ウリムー,AR,single,4150,4300,2026-09-19,506146
106/101,チリーン,AR,single,5999,8100,2026-09-19,251916
106/102,ラビフット,AR,single,5100,5600,2026-09-19,318878
106/128,バクフーン ★ :1ED,,single,134000,135000,2026-09-19,92027
106/165,サワムラー U: マスターボールミラー,,single,19500,23800,2026-09-19,128224
106/171,シェイミEX,,single,,22000,2026-09-19,385958
106/173,ペルシアン :ミラー,,single,,22222,2026-09-19,396235
106/187,ダンバル :マスターボールミラー,,single,5999,,2026-09-19,471641
106/DP-P,ポリゴンZ,プロモ,single,50000,,2026-09-19,453291
106/PCG-P,サンダース,P,single,198000,,2026-09-19,452741
106/S-P,ココ: プロモ P (開封済),プロモ,single,10000,,2026-09-19,292717
106/XY-P,ニャース,P,single,32800,,2026-09-19,411751
107/078,ふしぎなアメ,UR,single,11111,25000,2026-09-19,110940
107/078,ネストボール,UR,single,9999,10000,2026-09-19,110952
107/080,ひふきやろう,SR,single,9000,5500,2026-09-19,704398
107/080,メイのはげまし,SR,single,6999,7700,2026-09-19,753270
107/086,オタマロ,AR,single,6400,5500,2026-09-19,608479
107/086,スワンナ,AR,single,5000,,2026-09-19,608547
107/094,ヤドン&コダックGX,HR,single,80000,77777,2026-09-19,104594
107/094,ウルトラネクロズマGX,HR,single,45000,,2026-09-19,105367
107/095,エリカのおもてなし,SR,single,42500,41000,2026-09-19,91291
107/095,バンギラスGX,HR,single,36800,35999,2026-09-19,104688
107/095,マオ&スイレン,SR,single,30000,25000,2026-09-19,91275
107/095,レッドの挑戦,SR,single,29800,29800,2026-09-19,104619
107/098,ザマゼンタ,AR,single,4600,5000,2026-09-19,555474
107/098,レジドラゴV,SR,single,4199,,2026-09-19,100564
107/100,ハッサムV,SR,single,12800,12800,2026-09-19,145248
107/100,ドラピオンV,SR,single,7000,5000,2026-09-19,137046
107/100,ドラピオンV,SR,single,4980,,2026-09-19,145057
107/100,ルガルガン,AR,single,4450,4399,2026-09-19,506147
107/100,エルフーンV,SR,single,4000,5800,2026-09-19,139846
107/100,フーパV,SR,single,3980,,2026-09-19,141401
107/101,マシマシラ,AR,single,5499,5500,2026-09-19,245818
107/102,ケケンカニ,AR,single,4899,4550,2026-09-19,318879
107/106,ビビヨン,AR,single,4300,4900,2026-09-19,410059
107/128,ブビィ ★ :1ED,,single,110000,120000,2026-09-19,92045
107/165,エビワラー U: マスターボールミラー,,single,20000,21000,2026-09-19,128225
107/172,レックウザV,RR,single,5800,5500,2026-09-19,105004
107/187,メタング :マスターボールミラー,,single,,16000,2026-09-19,471642
107/414,ゲッコウガV,,single,7000,,2026-09-19,380205
107/742,ビクティニ :ミラー,,single,6800,,2026-09-19,740270
107/DP-P,ディアルガLV.X,プロモ,single,140000,137000,2026-09-19,453292
107/PCG-P,ミュウツーδ-デルタ種,P,single,69800,,2026-09-19,452742
108/078,基本雷エネルギー,UR,single,8000,,2026-09-19,110941
108/080,ユカリ,SR,single,10000,9999,2026-09-19,753271
108/081,カスミの元気,SR,single,10500,10500,2026-09-19,826548
108/086,バニプッチ,AR,single,5800,,2026-09-19,608548
108/086,ガマガル,AR,single,4480,5000,2026-09-19,608480
108/094,ミュウツー&ミュウGX,HR,single,165500,142000,2026-09-19,93095
108/094,エネポーター,UR,single,,50000,2026-09-19,166681
108/095,ルギアGX,HR,single,87000,98000,2026-09-19,93100
108/095,レシラム&リザードンGX,HR,single,64000,52000,2026-09-19,91287
108/095,レッド&グリーン,SR,single,20000,20000,2026-09-19,104563
108/095,タケシのガッツ,SR,single,9200,9999,2026-09-19,122007
108/096,チルタリスGX,HR,single,30000,27800,2026-09-19,105318
108/098,レジドラゴV SR:SA,,single,8000,8000,2026-09-19,100565
108/098,ロケット団のラッタ,AR,single,4199,4100,2026-09-19,568895
108/100,ボーマンダV,SR,single,18000,19300,2026-09-19,145249
108/100,Nのゾロア,AR,single,5900,5979,2026-09-19,506148
108/100,ゲノセクトV,SR,single,5500,,2026-09-19,96579
108/100,ドンカラスV,SR,single,,7800,2026-09-19,139847
108/101,キチキギス,AR,single,4300,4500,2026-09-19,245819
108/102,バチュル,AR,single,4350,4999,2026-09-19,307290
108/106,メラルバ,AR,single,4000,4800,2026-09-19,418740
108/108,カスミのやる気,UR,single,35000,,2026-09-19,504589
108/114,リーリエ(虹リーリエ):ミラー,,single,28000,88000,2026-09-19,105435
108/128,カメックス ★ :1ED,,single,410000,399999,2026-09-19,92021
108/165,ベロリンガ C: マスターボールミラー,,single,19980,19999,2026-09-19,128226
108/172,レックウザVMAX,RRR,single,5600,5700,2026-09-19,105005
108/173,メタモン,PR,single,34800,55555,2026-09-19,396090
108/187,ジラーチ :マスターボールミラー,,single,12000,11000,2026-09-19,471643
108/187,ジラーチ :モンスターボールミラー,,single,9000,9600,2026-09-19,466407
108/190,クロバットV,RR,single,6980,,2026-09-19,144522
108/BW-P,ピカチュウ,P,single,899000,800000,2026-09-19,91557
108/DP-P,グライオン,プロモ,single,,150000,2026-09-19,453293
108/PCG-P,メタモン,P,single,,600000,2026-09-19,452743
108/S-P,ザルードV ガリガリ君,プロモ,single,38500,39999,2026-09-19,91129
108/SM-P,ピカチュウ P :ミラー,,single,53800,48000,2026-09-19,253253
108/SV-P,サンダーex CS2024,プロモ,single,11500,10800,2026-09-19,138485
109/086,ガマゲロゲ,AR,single,17000,17000,2026-09-19,607932
109/086,バニリッチ,AR,single,4200,4900,2026-09-19,608549
109/094,ラティオスGX,HR,single,37000,29799,2026-09-19,104598
109/094,ミステリートレジャー,UR,single,24000,44444,2026-09-19,105366
109/094,メガリザードンXex,UR,single,,32747,2026-09-19,728069
109/095,ナツメの暗示,SR,single,21700,18500,2026-09-19,100073
109/095,ベトベトン&アローラベトベトンGX,HR,single,13000,,2026-09-19,393047
109/095,ウルガモスGX,HR,single,9800,24900,2026-09-19,339686
109/095,あとだしハンマー,UR,single,7000,,2026-09-19,335168
109/096,レックウザGX,HR,single,200000,180000,2026-09-19,91301
109/098,ロケット団のニャース,AR,single,7500,7500,2026-09-19,550925
109/098,ルギアV,SR,single,7499,7499,2026-09-19,100566
109/100,サイトウ,SR,single,13800,10500,2026-09-19,91195
109/100,ゲノセクトV SR,SA,single,9999,11000,2026-09-19,96577
109/100,ガラルニャイキングV SR,SA,single,8400,8799,2026-09-19,96624
109/100,Nのレシラム,AR,single,8300,8300,2026-09-19,485654
109/100,ドンカラスV SR,SA,single,4700,6980,2026-09-19,139848
109/100,ネズ,SR,single,,14000,2026-09-19,102303
109/101,ドッコラー,AR,single,4540,5500,2026-09-19,245820
109/102,ゼラオラ,AR,single,3999,5555,2026-09-19,318880
109/106,ソウブレイズ,AR,single,6500,6500,2026-09-19,411885
109/108,クサイハナ,AR,single,7500,8900,2026-09-19,132254
109/108,ナッシー,R,single,,120000,2026-09-19,504590
109/114,ルザミーネ :ミラー,,single,30000,,2026-09-19,335956
109/128,ニョロボン ★ :1ED,,single,158000,160000,2026-09-19,92036
109/165,ドガース C: マスターボールミラー,,single,15500,14500,2026-09-19,128227
109/172,ガブリアスV,RR,single,,9990,2026-09-19,105006
109/173,イーブイ :ミラー,,single,,12800,2026-09-19,396237
109/184,ムゲンダイナV,RR,single,,9000,2026-09-19,141136
109/187,ヒトツキ :マスターボールミラー,,single,7000,,2026-09-19,471644
109/190,クロバットVMAX,RRR,single,4500,,2026-09-19,144523
109/DP-P,現実世界のギラティナ,プロモ,single,,105000,2026-09-19,453294
109/SM-P,カプ・コケコ,P,single,7400,,2026-09-19,403677
109/XY-P,ミズゴロウ,P,single,160000,120000,2026-09-19,411754
10TH,はじまりの樹のミュウ,,single,105000,115000,2026-09-19,450631
10TH,逆襲のミュウツー,,single,104000,89000,2026-09-19,450623
10TH,爆誕のルギア,,single,98000,82500,2026-09-19,450624
10TH,水の都のラティオス,,single,68000,63000,2026-09-19,450627
10TH,水の都のラティアス,,single,54999,52000,2026-09-19,450628
10TH,波導の勇者ルカリオ,,single,42000,38000,2026-09-19,450632
10TH,裂空の訪問者デオキシス,,single,38000,37800,2026-09-19,450630
10TH,七夜のジラーチ,,single,32999,30800,2026-09-19,450629
10TH,時を超えたセレビィ,,single,31000,28000,2026-09-19,450626
10TH,結晶塔のエンテイ,,single,21800,19999,2026-09-19,450625
10TH,蒼海の王子マナフィ,,single,18900,18400,2026-09-19,450633
110/080,メガリザードンXex,SAR,single,12899,127500,2026-09-19,704401
110/080,ミアレシティ,SR,single,,8500,2026-09-19,753317
110/083,ホミカの演奏,SR,single,,7200,2026-09-19,776361
110/086,バイバニラ,AR,single,5980,6300,2026-09-19,608550
110/086,プロトーガ,AR,single,4830,7800,2026-09-19,608481
110/094,プテラGX,HR,single,28000,,2026-09-19,321606
110/095,セレビィ&フシギバナGX,HR,single,24980,28000,2026-09-19,396403
110/095,マーシャドー&カイリキーGX,HR,single,16666,,2026-09-19,393048
110/095,オドリドリGX,HR,single,9700,12800,2026-09-19,339687
110/096,ダイオウドウVMAX,HR,single,5500,,2026-09-19,145435
110/098,ルギアV SR:SA,,single,153500,154000,2026-09-19,100567
110/098,ガルーラ,AR,single,4800,4850,2026-09-19,568317
110/100,ローズ,SR,single,12000,,2026-09-19,102313
110/100,ダンデ,SR,single,10888,11800,2026-09-19,101670
110/100,ギラティナV,SR,single,8500,9800,2026-09-19,92206
110/100,フライゴンV,SR,single,6500,,2026-09-19,139849
110/100,オオタチ,AR,single,4900,4899,2026-09-19,499421
110/101,イイネイヌ,AR,single,4499,4700,2026-09-19,245821
110/102,マホミル,AR,single,5000,5839,2026-09-19,320345
110/106,ヒンバス,AR,single,5000,5800,2026-09-19,408338
110/108,そらをとぶピカチュウ,R,single,65000,90000,2026-09-19,504591
110/108,キュウコン,AR,single,9300,9400,2026-09-19,132255
110/128,パルシェン ★ :1ED,,single,87000,94500,2026-09-19,92018
110/131,グラードンソウルリンク,,single,34300,70000,2026-09-19,391125
110/165,マタドガス R: マスターボールミラー,,single,25000,27800,2026-09-19,128228
110/165,マタドガス,R,single,4800,,2026-09-19,127974
110/172,ギラティナV,RR,single,6700,6700,2026-09-19,103067
110/187,ニダンギル :マスターボールミラー,,single,5500,4998,2026-09-19,471645
110/BW-P,レシラム,P,single,90000,200000,2026-09-19,415467
110/SV-P,おいわいファンファーレ,P,single,94999,300000,2026-09-19,289442
1107/07,シャンデラ,AR,single,15999,15999,2026-09-19,706808
111/080,オドリドリex,SAR,single,9500,9900,2026-09-19,704402
111/080,メガスターミーex,SAR,single,5700,5400,2026-09-19,753272
111/081,ムク,SR,single,13500,13480,2026-09-19,826551
111/083,マチエール,SR,single,7000,28999,2026-09-19,776362
111/086,アバゴーラ,AR,single,6380,6379,2026-09-19,608482
111/086,シママ,AR,single,4500,4444,2026-09-19,608551
111/094,メガヤミラミ&バンギラスGX,HR,single,17000,39990,2026-09-19,104595
111/095,コイキング&ホエルオーGX,HR,single,36000,36000,2026-09-19,396404
111/095,フライゴンGX,HR,single,11000,12800,2026-09-19,339688
111/098,さぎょういん,SR,single,8500,5999,2026-09-19,100568
111/098,オリーヴァex,SR,single,5399,4900,2026-09-19,568896
111/100,ギラティナV SR,SA,single,249500,250000,2026-09-19,93379
111/100,ルリナ,SR,single,12000,10300,2026-09-19,91196
111/100,ヨクバリスV SR,SA,single,11000,6000,2026-09-19,96578
111/100,アルセウスV,SR,single,8400,8700,2026-09-19,96572
111/100,オンバット,AR,single,4500,4700,2026-09-19,506149
111/101,コドラ,AR,single,4900,4980,2026-09-19,256065
111/102,アサナン,AR,single,4150,5499,2026-09-19,325988
111/106,タマザラシ,AR,single,6000,6400,2026-09-19,413848
111/108,イルカマン,AR,single,4389,4290,2026-09-19,132256
111/128,キングラー ★ :1ED,,single,72000,,2026-09-19,92046
111/131,ゲンガーソウルリンク,,single,54000,68000,2026-09-19,391126
111/150,シルヴァディGX,RR,single,,16800,2026-09-19,112766
111/165,サイホーン C: マスターボールミラー,,single,11000,,2026-09-19,128229
111/172,ギラティナVSTAR,RRR,single,6499,5500,2026-09-19,103065
111/187,ギルガルド :マスターボールミラー,,single,6999,7999,2026-09-19,471646
111/187,ギルガルド,,single,5999,,2026-09-19,466412
111/190,キラフロルex,RR,single,4444,,2026-09-19,156438
111/BW-P,ゼクロム,P,single,,640000,2026-09-19,415468
111/DP-P,レジギガス,プロモ,single,39000,,2026-09-19,453296
111/PCG-P,イーブイ,P,single,250000,,2026-09-19,452746
112/080,メガピクシーex,SAR,single,6400,6500,2026-09-19,753273
112/080,ロトムex,SAR,single,5700,5899,2026-09-19,704403
112/081,メガゼラオラex,SAR,single,14700,14480,2026-09-19,826552
112/086,ママンボウ,AR,single,5100,4780,2026-09-19,608483
112/086,ゼブライカ,AR,single,4000,5200,2026-09-19,608552
112/094,カイリューGX,HR,single,34800,37900,2026-09-19,104596
112/095,ピカチュウ&ゼクロムGX,HR,single,68000,52000,2026-09-19,93098
112/095,アルセウス&ディアルガ&パルキアGX,HR,single,22500,19999,2026-09-19,104556
112/095,エルフーンGX,HR,single,10000,12000,2026-09-19,393050
112/096,ボスの指令（サカキ）HR,,single,16000,,2026-09-19,91201
112/098,ロケット団のファイヤーex,SR,single,6889,6660,2026-09-19,562038
112/098,ジンダイ,SR,single,6000,7800,2026-09-19,100569
112/100,アルセウスV SR,SA,single,17999,18000,2026-09-19,91145
112/100,ムゲンダイナVMAX,HR,single,5000,,2026-09-19,102312
112/100,ホップのウールー,AR,single,4500,5100,2026-09-19,502987
112/100,イオルブVMAX,HR,single,,23000,2026-09-19,145059
112/101,シャリタツ,AR,single,6400,6400,2026-09-19,252247
112/102,ゴクリン,AR,single,6500,6777,2026-09-19,320346
112/106,レアコイル,AR,single,6998,6999,2026-09-19,418741
112/108,ハラバリー,AR,single,4800,4800,2026-09-19,132257
112/128,オーダイル ★ :1ED,,single,39000,,2026-09-19,92029
112/165,サイドン U: マスターボールミラー,,single,11500,10799,2026-09-19,128230
112/193,Nのゾロアークex,RR,single,,6666,2026-09-19,727386
112/BW-P,ランドロス,P,single,43000,,2026-09-19,415469
112/DP-P,ピチュー,プロモ,single,270000,278000,2026-09-19,453297
112/PCG-P,ピカチュウδ-デルタ種,P,single,700000,950000,2026-09-19,452747
112/S-P,ヒトカゲ,P,single,,25000,2026-09-19,299233
113/080,メガサメハダーex,SAR,single,6500,6480,2026-09-19,704404
113/080,メガジガルデex,SAR,single,6400,6600,2026-09-19,753318
113/081,メガシャンデラex,SAR,single,11400,10500,2026-09-19,819812
113/086,バチュル,AR,single,7800,6000,2026-09-19,608553
113/086,クマシュン,AR,single,5250,7480,2026-09-19,608484
113/094,プレシャスボール,UR,single,20000,,2026-09-19,104601
113/095,ゲンガー&ミミッキュGX,HR,single,144000,138000,2026-09-19,396405
113/095,アーゴヨン&アクジキングGX,HR,single,13500,,2026-09-19,339689
113/095,ペルシアンGX,HR,single,10500,,2026-09-19,393051
113/098,スズナ,SR,single,9400,8888,2026-09-19,100570
113/098,ハルクジラex,SR,single,6400,4380,2026-09-19,568318
113/100,カミツレのきらめき,SR,single,9900,9500,2026-09-19,91164
113/100,アクロマの実験,SR,single,6800,7800,2026-09-19,93377
113/100,ボルケニオンex,SR,single,4100,4000,2026-09-19,506150
113/100,キャンプファイヤー,SR,single,4000,,2026-09-19,126533
113/101,ラッキー,AR,single,9100,9099,2026-09-19,246355
113/102,ブリジュラス,AR,single,4700,4500,2026-09-19,325684
113/106,マッギョ,AR,single,4800,5000,2026-09-19,418742
113/108,ピィ,AR,single,11000,11000,2026-09-19,132258
113/114,レシラム,,single,18000,28000,2026-09-19,489512
113/128,ライチュウ ★ :1ED,,single,278000,244999,2026-09-19,92026
113/165,ラッキー R: マスターボールミラー,,single,10300,10500,2026-09-19,128231
113/187,ブリジュラス :マスターボールミラー,,single,,7999,2026-09-19,471648
113/742,メガエンブオーex :ミラー,,single,6500,,2026-09-19,740279
113/DP-P,ピカチュウLV.18,プロモ,single,700000,750000,2026-09-19,453298
113/PCG-P,ピカチュウδ-デルタ種,プロモ,single,2050000,3500000,2026-09-19,91716
114/080,ニャースex,SAR,single,12500,12500,2026-09-19,753242
114/080,メガミミロップex,SAR,single,5950,4979,2026-09-19,704405
114/081,メガダークライex,SAR,single,32500,32500,2026-09-19,826553
114/083,メガゲッコウガex,SAR,single,28500,28500,2026-09-19,776365
114/086,ツンベアー,AR,single,5280,4900,2026-09-19,608485
114/086,デンチュラ,AR,single,4650,7800,2026-09-19,608554
114/095,ラティアス&ラティオスGX,HR,single,39000,54000,2026-09-19,396406
114/095,メガミミロップ&プリンGX,HR,single,17999,17800,2026-09-19,339690
114/098,ワタル,SR,single,14500,,2026-09-19,100571
114/098,ロケット団のミュウツーex,SR,single,12000,11980,2026-09-19,568897
114/100,ピカチュウVMAX,HR,single,90000,89999,2026-09-19,91197
114/100,ボーマンダVMAX,HR,single,13000,55500,2026-09-19,102323
114/100,おじょうさま,SR,single,12000,8400,2026-09-19,93374
114/100,ダンサー,SR,single,8800,8400,2026-09-19,126519
114/100,シロナの覇気,SR,single,8500,9500,2026-09-19,96568
114/100,ナンジャモのハラバリーex,SR,single,4900,5099,2026-09-19,506151
114/101,オーガポン みどりのめんex,SR,single,5000,4900,2026-09-19,256066
114/102,ヨルノズク,AR,single,4500,4600,2026-09-19,307291
114/106,エムリット,AR,single,4999,5000,2026-09-19,408335
114/108,ヨーギラス,AR,single,5380,5499,2026-09-19,132259
114/114,ゼクロム,,single,39999,34800,2026-09-19,489513
114/128,ピチュー ★ :1ED,,single,355000,350000,2026-09-19,92031
114/131,ミュウツーソウルリンク,,single,,67500,2026-09-19,391129
114/165,モンジャラ C: マスターボールミラー,,single,8499,8400,2026-09-19,128232
114/190,コライドンex,RR,single,,4999,2026-09-19,151729
114/DP-P,ライチュウ,プロモ,single,340000,338000,2026-09-19,453299
114/S-P,サンダース,P,single,24800,23800,2026-09-19,299235
114/SM-P,ピカチュウ,プロモ,single,169999,170000,2026-09-19,107571
114/XY-P,フライゴンEX,P,single,18000,20000,2026-09-19,411759
115/080,メイのはげまし,SAR,single,24000,24999,2026-09-19,753274
115/080,ヒカリ,SAR,single,8000,7777,2026-09-19,704406
115/081,モルペコex,SAR,single,10500,10400,2026-09-19,826554
115/083,メガフラエッテex,SAR,single,5999,5500,2026-09-19,776366
115/086,マッギョ,AR,single,7000,4280,2026-09-19,608555
115/086,フリージオ,AR,single,5700,7000,2026-09-19,608486
115/095,イーブイ&カビゴンGX,HR,single,46500,42000,2026-09-19,396407
115/098,レジエレキVMAX,HR,single,5600,,2026-09-19,100572
115/098,レジロックex,SR,single,4500,,2026-09-19,568319
115/100,リーリエのピッピex,SR,single,9500,9400,2026-09-19,505953
115/100,チェレンの気くばり,SR,single,5000,9800,2026-09-19,126534
115/100,ネジキ,SR,single,4800,,2026-09-19,126544
115/100,ポッドとデントとコーン,SR,single,4199,7800,2026-09-19,126520
115/101,オーガポン かまどのめんex,SR,single,6280,,2026-09-19,256067
115/106,ゴマゾウ,AR,single,4500,4600,2026-09-19,414089
115/108,デルビル,AR,single,5555,4999,2026-09-19,132260
115/114,フェローチェGX,SR,single,12500,,2026-09-19,335962
115/128,デンリュウ ★ :1ED,,single,70000,179000,2026-09-19,92035
115/172,かがやくムゲンダイナ,K,single,4300,6800,2026-09-19,103522
115/187,ブロロローム :マスターボールミラー,,single,6000,14800,2026-09-19,471650
115/187,ブロロローム :モンスターボールミラー,,single,,10000,2026-09-19,466419
115/190,リザードンex,RR,single,6700,6999,2026-09-19,151730
115/BW-P,ブラッキー,P,single,94000,107000,2026-09-19,415472
115/DP-P,ミミロルLV.8,プロモ,single,40000,43000,2026-09-19,453300
116/080,メガリザードンXex,MUR,single,318000,338000,2026-09-19,704407
116/080,ユカリ,SAR,single,7200,6800,2026-09-19,753275
116/081,グラジオの決戦,SAR,single,9000,7500,2026-09-19,826555
116/083,メガドラミドロex,SAR,single,5477,5500,2026-09-19,776367
116/086,エモンガ,AR,single,8480,,2026-09-19,608487
116/086,コロモリ,AR,single,5400,4950,2026-09-19,608556
116/098,ロケット団のニドキングex,SR,single,7800,7390,2026-09-19,567639
116/098,アンノーンVSTAR,HR,single,5000,13000,2026-09-19,100573
116/100,シャンデラVMAX:エラー版,HR,single,13490,14000,2026-09-19,96581
116/100,ハマナのバックアップ,SR,single,8000,7800,2026-09-19,126535
116/100,サイトウ,HR,single,7999,,2026-09-19,101652
116/100,マンムーex,SR,single,7000,5500,2026-09-19,506152
116/100,メリッサ,SR,single,4180,7480,2026-09-19,126545
116/100,シャンデラVMAX:エラー修正版,HR,single,,188000,2026-09-19,96583
116/101,イルカマンex,SR,single,6500,,2026-09-19,256068
116/102,エースバーンex,SR,single,7000,10000,2026-09-19,326011
116/106,アローラダグトリオ,AR,single,5000,5999,2026-09-19,418743
116/108,ハッサム,AR,single,5800,5999,2026-09-19,132261
116/114,デンジュモクGX,SR,single,15000,15000,2026-09-19,335963
116/128,フーディン ★ :1ED,,single,288000,365000,2026-09-19,92030
116/131,レックウザソウルリンク,,single,92500,45000,2026-09-19,391131
116/165,タッツー C: マスターボールミラー,,single,11000,14600,2026-09-19,128233
116/184,アーマーガアVMAX,RRR,single,5500,5500,2026-09-19,141144
116/BW-P,ゾロア,P,single,60000,79800,2026-09-19,415473
116/DP-P,ミミロップLV.36,プロモ,single,,70000,2026-09-19,453301
117/080,メガジガルデex,MUR,single,37400,36700,2026-09-19,753276
117/081,ムク,SAR,single,11500,12400,2026-09-19,819813
117/083,チラチーノex,SAR,single,7999,7800,2026-09-19,776368
117/086,シビシラス,AR,single,7250,,2026-09-19,608488
117/086,ココロモリ,AR,single,4000,4500,2026-09-19,608557
117/098,ロケット団のクロバットex,SR,single,5500,5500,2026-09-19,568898
117/098,レジドラゴVSTAR,HR,single,5000,,2026-09-19,100574
117/100,キュレムVMAX,HR,single,10000,9800,2026-09-19,96628
117/100,パルスワンVMAX,HR,single,7000,9800,2026-09-19,141403
117/100,Nのゾロアークex,SR,single,5500,5900,2026-09-19,506153
117/100,ダンデ,HR,single,,19800,2026-09-19,101671
117/100,シェイミVSTAR,HR,single,,8200,2026-09-19,139850
117/101,オーガポン いどのめんex,SR,single,5500,,2026-09-19,256069
117/102,ラプラスex,SR,single,9800,11000,2026-09-19,325074
117/106,ナマケロ,AR,single,4400,4350,2026-09-19,418744
117/108,ブロロン,AR,single,4300,4400,2026-09-19,132262
117/114,テッカグヤGX,SR,single,,15800,2026-09-19,335964
117/128,ゲンガー ★ :1ED,,single,970000,1040000,2026-09-19,92028
117/165,シードラ U: マスターボールミラー,,single,13000,19500,2026-09-19,128234
117/172,メタモン,,single,9500,38500,2026-09-19,285713
117/190,イベルタル,,single,4400,4100,2026-09-19,144536
117/PCG-P,バトルロードスタジアム,P,single,,3000000,2026-09-19,452806
117/S-P,イーブイ,P,single,18000,19500,2026-09-19,299238
118/081,メガダークライex,MUR,single,69000,68000,2026-09-19,826556
118/083,AZの安らぎ,SAR,single,7800,6700,2026-09-19,776369
118/086,シビビール,AR,single,7100,5100,2026-09-19,608489
118/086,シンボラー,AR,single,5500,5980,2026-09-19,608558
118/095,せせらぎの丘,UR,single,120000,70000,2026-09-19,396409
118/098,ルギアVSTAR,HR,single,14000,14000,2026-09-19,100575
118/098,ロケット団のペルシアンex,SR,single,10999,10800,2026-09-19,568320
118/100,ミュウVMAX,HR,single,26000,25000,2026-09-19,96576
118/100,リザードンVSTAR,HR,single,21000,20800,2026-09-19,91146
118/100,ルリナ,HR,single,14555,11111,2026-09-19,101651
118/100,プテラVSTAR,HR,single,11999,13500,2026-09-19,137049
118/100,ホップのザシアンex,SR,single,4400,5450,2026-09-19,505954
118/101,レントラーex,SR,single,5200,4500,2026-09-19,256070
118/102,デンチュラex,SR,single,,5780,2026-09-19,326012
118/106,カクレオン,AR,single,4500,4800,2026-09-19,414090
118/108,ポッポ,AR,single,6500,6450,2026-09-19,132263
118/114,スイレン,SR,single,253000,250000,2026-09-19,91324
118/128,ミュウツー ★ :1ED,,single,735000,590000,2026-09-19,92022
118/131,アズサ,,single,8888,,2026-09-19,391133
118/165,トサキント C: マスターボールミラー,,single,19490,19999,2026-09-19,128235
118/187,ドラメシヤ :マスターボールミラー,,single,4600,,2026-09-19,471652
118/PCG-P,ピカチュウδ-デルタ種,P,single,1600000,,2026-09-19,452749
118/SM-P,サザンドラ,P,single,,14800,2026-09-19,403685
119/083,ホミカの演奏,SAR,single,7400,7400,2026-09-19,776370
119/086,デスマス,AR,single,6000,,2026-09-19,608559
119/086,シビルドン,AR,single,5500,4500,2026-09-19,608490
119/098,ロケット団のアテナ,SR,single,7580,9500,2026-09-19,568899
119/098,さぎょういん,HR,single,6999,7800,2026-09-19,100576
119/100,ミュウVMAX HR,SA,single,173000,172000,2026-09-19,93016
119/100,キャプチャーエネルギー,UR,single,20000,,2026-09-19,91198
119/100,ガラルタチフサグマ,UR,single,7500,,2026-09-19,101674
119/100,エルフーンVSTAR,HR,single,6900,11000,2026-09-19,139851
119/100,ボーマンダex,SR,single,5800,6500,2026-09-19,506154
119/100,ドラピオンVSTAR,HR,single,3500,,2026-09-19,137050
119/102,バウッツェルex,SR,single,5500,,2026-09-19,326013
119/106,アイアントex,SR,single,5399,,2026-09-19,418745
119/108,ピジョン,AR,single,6580,6980,2026-09-19,132264
119/114,リーリエ（がんばリーリエ）,SR,single,2480000,2450000,2026-09-19,91323
119/124,ブラッキーEX,UR,single,700000,,2026-09-19,504607
119/128,ミュウ ★ :1ED,,single,1650000,1750000,2026-09-19,92020
119/165,アズマオウ U: マスターボールミラー,,single,11999,12000,2026-09-19,128236
119/184,レックウザV,RR,single,5000,5800,2026-09-19,141147
119/187,ドロンチ :マスターボールミラー,,single,5500,,2026-09-19,471653
119/187,ドロンチ :モンスターボールミラー,,single,4500,,2026-09-19,466423
119/DP-P,ポッチャマLV.6,プロモ,single,199999,,2026-09-19,453304
119/S-P,ふくよかミュージシャン,プロモ,single,30000,,2026-09-19,106795
119/SV-P,ラティアス,P,single,26000,18000,2026-09-19,158883
12,ミュウツー,P,single,399999,430000,2026-09-19,746073
12/NEOI,ガーディ: 旧裏,,single,,80000,2026-09-19,111867
120/083,メガゲッコウガex,MUR,single,112000,112500,2026-09-19,776371
120/086,デスカーン,AR,single,6800,,2026-09-19,608560
120/086,ボルトロス,AR,single,4180,4800,2026-09-19,585874
120/098,ロケット団のアポロ,SR,single,5200,,2026-09-19,568900
120/100,アルセウスVSTAR,HR,single,13100,11900,2026-09-19,96571
120/100,ギラティナVSTAR,HR,single,11800,10888,2026-09-19,96559
120/100,ヨクバリスVMAX,HR,single,7980,,2026-09-19,141404
120/100,ノココッチex,SR,single,6600,4300,2026-09-19,506155
120/102,チャーレムex,SR,single,4500,3900,2026-09-19,326014
120/106,スコヴィランex,SR,single,5999,4300,2026-09-19,418746
120/108,グルトン,AR,single,6700,6400,2026-09-19,132265
120/114,ルザミーネ,SR,single,400000,340000,2026-09-19,91325
120/128,ダグトリオ ★ :1ED,,single,98000,,2026-09-19,92047
120/131,コルニ,,single,15000,19000,2026-09-19,391135
120/165,ヒトデマン C: マスターボールミラー,,single,7999,7500,2026-09-19,128237
120/184,レックウザVMAX,RRR,single,6470,5800,2026-09-19,141148
120/BW-P,ピカチュウ,P,single,750000,750000,2026-09-19,93151
120/PCG-P,ラティアスδ-デルタ種,P,single,175000,,2026-09-19,452751
120/SV-P,ピカチュウ,プロモ,single,8180,8050,2026-09-19,134393
121/086,ゴチム,AR,single,6600,5100,2026-09-19,608561
121/086,ムンナ,AR,single,4999,,2026-09-19,608491
121/098,ロケット団のサカキ,SR,single,20000,19999,2026-09-19,568901
121/098,スズナ,HR,single,5980,9000,2026-09-19,100578
121/100,アクロマの実験,HR,single,5500,,2026-09-19,96629
121/100,アイリスの闘志,SR,single,5200,5000,2026-09-19,506156
121/101,ハピナスex,SR,single,,12500,2026-09-19,256073
121/102,ミミズズex,SR,single,5000,,2026-09-19,325075
121/106,ミロカロスex,SR,single,4000,6800,2026-09-19,418747
121/108,コオリッポex,SR,single,5000,4900,2026-09-19,132266
121/114,フェローチェGX,HR,single,35000,48000,2026-09-19,105434
121/128,カイリキー ★ :1ED,,single,118000,128000,2026-09-19,92049
121/165,スターミー R: マスターボールミラー,,single,9099,8900,2026-09-19,128238
121/171,レベルボール: ミラー,,single,,150001,2026-09-19,106284
121/187,シャリタツ :マスターボールミラー,,single,7850,8800,2026-09-19,471654
121/187,シャリタツ :モンスターボールミラー,,single,4000,,2026-09-19,466424
121/PCG-P,ゼニガメ,P,single,,800000,2026-09-19,452752
121/S-P,ピカチュウV,P,single,12000,11800,2026-09-19,727720
121/XY-P,ダイゴ,プロモ,single,64000,49500,2026-09-19,91411
122/086,ゴチミル,AR,single,7300,6100,2026-09-19,608562
122/086,ムシャーナ,AR,single,4680,4200,2026-09-19,608492
122/100,シロナの覇気,HR,single,18000,,2026-09-19,96573
122/100,カミツレのきらめき,HR,single,10900,10500,2026-09-19,96580
122/100,おじょうさま,HR,single,9000,9000,2026-09-19,96627
122/100,怖いお兄さん,SR,single,4998,,2026-09-19,506157
122/101,スグリ,SR,single,5990,,2026-09-19,251917
122/102,テラパゴスex,SR,single,5600,5500,2026-09-19,326015
122/106,ピカチュウex,SR,single,11700,11600,2026-09-19,395201
122/108,バンギラスex,SR,single,8500,7800,2026-09-19,132267
122/122,フウロ,UR,single,38000,,2026-09-19,487824
122/128,ゴローニャ ★ :1ED,,single,100000,82000,2026-09-19,92048
122/165,バリヤード R: マスターボールミラー,,single,16980,17500,2026-09-19,128239
122/187,コライドン :マスターボールミラー,,single,7299,7249,2026-09-19,471655
122/PCG-P,ラティオスδ-デルタ種,P,single,310000,,2026-09-19,452753
122/S-P,ピカチュウV,P,single,12000,12000,2026-09-19,334017
122/XY-P,レックウザEX,P,single,69800,66000,2026-09-19,411766
123/086,ユニラン,AR,single,7499,7600,2026-09-19,608493
123/086,ゴチルゼル,AR,single,4949,4999,2026-09-19,608563
123/098,ルギアVSTAR,UR,single,11999,12000,2026-09-19,100580
123/100,チェレンの気くばり,HR,single,6500,,2026-09-19,139853
123/100,タケシのスカウト,SR,single,5500,,2026-09-19,505955
123/100,ダンサー,HR,single,2000,,2026-09-15,141406
123/101,ゼイユ,SR,single,10978,10980,2026-09-19,251918
123/102,アカマツ,SR,single,6900,,2026-09-19,320347
123/106,シロデスナex,SR,single,5400,5933,2026-09-19,418748
123/108,ビークインex,SR,single,5499,4500,2026-09-19,132268
123/128,ピジョット ★ :1ED,,single,109000,109000,2026-09-19,92042
123/131,センパイとコウハイ,,single,,30000,2026-09-19,391138
123/165,ストライク U: マスターボールミラー,,single,19500,19500,2026-09-19,128240
123/172,アルセウスVSTAR UR :メタルカード,プロモ,single,39999,,2026-09-19,746381
123/187,ミライドン :マスターボールミラー,,single,10000,9800,2026-09-19,471656
123/BW-P,キュウコン,P,single,90000,,2026-09-19,415479
123/PCG-P,ピカチュウ,P,single,1098000,1150000,2026-09-19,452754
123/S-P,ピカチュウVMAX（バンザイピカチュウ）,プロモ,single,61500,56500,2026-09-19,91130
123/XY-P,レックウザEX,P,single,85000,95000,2026-09-19,411767
124/086,ダブラン,AR,single,7500,7699,2026-09-19,608494
124/086,プルリル,AR,single,5200,6500,2026-09-19,608564
124/098,ロケット団のファイヤーex,SAR,single,26000,27000,2026-09-19,568323
124/100,ハマナのバックアップ,HR,single,7500,,2026-09-19,139854
124/100,ボルケニオンex,SAR,single,5400,4999,2026-09-19,506158
124/100,メリッサ,HR,single,,15000,2026-09-19,137052
124/102,タロ,SR,single,9700,9500,2026-09-19,320348
124/106,サザンドラex,SR,single,6480,,2026-09-19,418749
124/108,キラフロルex,SR,single,3980,6480,2026-09-19,132269
124/114,ルナアーラGX,UR,single,65000,69800,2026-09-19,91326
124/128,オニドリル ★ :1ED,,single,59000,,2026-09-19,92050
124/165,ルージュラex,RR,single,5000,,2026-09-19,128001
124/172,レジギガスV,RR,single,8999,,2026-09-19,103554
124/190,ムゲンダイナV,RR,single,,5000,2026-09-19,144547
124/193,ミニリュウ :モンスターボール/オシャボミラー,,single,7380,,2026-09-19,732798
124/193,ミニリュウ :エネルギーマークミラー,,single,,8900,2026-09-19,732799
124/DP-P,ヒトカゲ,プロモ,single,,1400000,2026-09-19,91702
124/S-P,ピカチュウ,P,single,24000,24000,2026-09-19,334018
124/SM-P,エーフィGX,プロモ,single,68500,58500,2026-09-19,91221
125/086,ランクルス,AR,single,5400,,2026-09-19,608495
125/086,ダンゴロ,AR,single,4000,,2026-09-19,608565
125/098,ロケット団のミュウツーex,SAR,single,79000,78500,2026-09-19,568902
125/098,大口の沼,UR,single,,15999,2026-09-19,100582
125/100,ナンジャモのハラバリーex,SAR,single,13400,12999,2026-09-19,485655
125/100,モココ,UR,single,12900,12999,2026-09-19,141408
125/100,ギラティナVSTAR,UR,single,11000,11500,2026-09-19,93380
125/100,アルセウスVSTAR,UR,single,7888,7777,2026-09-19,93014
125/101,オーガポンみどりのめんex,SAR,single,7450,11000,2026-09-19,246360
125/102,ハイダイ,SR,single,5000,,2026-09-19,326016
125/106,シャリタツex,SR,single,7800,7980,2026-09-19,418750
125/108,リザードンex,SR,single,10898,10680,2026-09-19,132270
125/114,ソルガレオGX,UR,single,40000,69999,2026-09-19,91327
125/128,ピクシー ★ :1ED,,single,195000,195000,2026-09-19,92037
125/165,エレブー C: マスターボールミラー,,single,19600,19600,2026-09-19,128241
125/184,イーブイ : ミラー,,single,30000,15500,2026-09-19,141155
125/184,イーブイ,,single,,18999,2026-09-19,141154
125/187,イーブイ :マスターボールミラー,,single,10900,10300,2026-09-19,471657
125/187,イーブイ :モンスターボールミラー,,single,4000,5290,2026-09-19,466427
125/190,ムゲンダイナVMAX,RRR,single,7300,9800,2026-09-19,144548
125/193,ハクリュー :エネルギーマークミラー,,single,7499,4000,2026-09-19,732801
125/193,ハクリュー :モンスターボール/オシャボミラー,,single,6800,7500,2026-09-19,732800
125/DP-P,ゴンベ,プロモ,single,380000,,2026-09-19,91701
125/S-P,ピカチュウ,P,single,12980,14990,2026-09-19,334019
125/SM-P,ブラッキーGX,プロモ,single,220000,189999,2026-09-19,91219
126/086,ガントル,AR,single,6000,5780,2026-09-19,608566
126/086,リグレー,AR,single,5100,8800,2026-09-19,608496
126/098,ロケット団のニドキングex,SAR,single,21000,22000,2026-09-19,568324
126/100,リーリエのピッピex,SAR,single,28700,28999,2026-09-19,505956
126/100,ハイパーボール,UR,single,8888,15000,2026-09-19,91148
126/101,オーガポンかまどのめんex,SAR,single,9000,9000,2026-09-19,246359
126/102,ブライア,SR,single,9200,,2026-09-19,318881
126/106,ケッキングex,SR,single,,5800,2026-09-19,418751
126/108,アブソルex,SR,single,6980,6380,2026-09-19,132271
126/128,カイリュー ★ :1ED,,single,1190000,898000,2026-09-19,92023
126/131,リーリエ,,single,24800,,2026-09-19,401409
126/165,ブーバー C: マスターボールミラー,,single,20000,20000,2026-09-19,128242
126/172,アルセウスV,RR,single,8000,1111111,2026-09-19,103057
126/184,カビゴン,,single,12000,,2026-09-19,141156
126/187,イーブイex,RR,single,8500,8000,2026-09-19,427228
126/193,メガカイリューex,RR,single,3999,4999,2026-09-19,724992
126/414,はくばバドレックスVMAX,,single,5500,,2026-09-19,380230
126/742,レシラムex :ミラー,,single,9500,7500,2026-09-19,740294
126/DP-P,カビゴン,プロモ,single,370000,700000,2026-09-19,91694
126/S-P,ピカチュウ,P,single,11800,11800,2026-09-19,334020
126/XY-P,レックウザソウルリンク,P,single,59500,88000,2026-09-19,411770
127/086,オーベム,AR,single,6567,5429,2026-09-19,608497
127/086,ギガイアス,AR,single,5300,4300,2026-09-19,608567
127/094,メガサメハダーex,SIR,single,,18500,2026-09-19,728086
127/098,ロケット団のクロバットex,SAR,single,14400,13000,2026-09-19,568325
127/100,Nのゾロアークex,SAR,single,9700,9800,2026-09-19,506159
127/101,オーガポンいどのめんex,SAR,single,8000,,2026-09-19,246358
127/102,カミツオロチex,SAR,single,8499,8500,2026-09-19,307292
127/108,ブロロロームex,SR,single,6450,4450,2026-09-19,132272
127/128,バンギラス ★ :1ED,,single,470000,570000,2026-09-19,92024
127/165,カイロス U: マスターボールミラー,,single,9500,,2026-09-19,128243
127/172,アルセウスVSTAR,RRR,single,6900,6480,2026-09-19,103055
127/187,ホーホー :マスターボールミラー,,single,5500,,2026-09-19,471658
127/193,レックウザ,,single,7999,6800,2026-09-19,730169
127/193,レックウザ :モンスターボール/オシャボミラー,,single,5500,5800,2026-09-19,732802
127/193,レックウザ :エネルギーマークミラー,,single,4800,4980,2026-09-19,732803
127/414,ピカチュウ,,single,11500,18000,2026-09-19,380231
127/414,ピカチュウ :ミラー,,single,6600,6500,2026-09-19,380232
127/DP-P,カビゴンLV.X,プロモ,single,870000,900000,2026-09-19,93193
127/S-P,プレイヤーズセレモニー,プロモ,single,78800,77000,2026-09-19,91131
127/XY-P,バシャーモEX,P,single,9000,17000,2026-09-19,411771
128/086,ゴビット,AR,single,7000,4500,2026-09-19,608498
128/086,ダゲキ,AR,single,4950,4980,2026-09-19,608568
128/098,ロケット団のアテナ,SAR,single,11000,9990,2026-09-19,568903
128/100,ホップのザシアンex,SAR,single,9499,8980,2026-09-19,489824
128/100,基本草エネルギー,UR,single,,7000,2026-09-19,141409
128/101,オーガポンいしずえのめんex,SAR,single,5555,,2026-09-19,246357
128/102,デンチュラex,SAR,single,6451,6398,2026-09-19,325076
128/108,ピジョットex,SR,single,5999,4600,2026-09-19,132273
128/150,アセロラ,,single,6000,,2026-09-19,397645
128/165,ケンタロス U: マスターボールミラー,,single,20000,24800,2026-09-19,128244
128/171,サーナイトソウルリンク :ミラー,,single,59800,54800,2026-09-19,386087
128/172,ヒスイゾロアークV,RR,single,7800,,2026-09-19,103047
128/187,ヨルノズク :マスターボールミラー,,single,5600,6999,2026-09-19,471659
128/193,Nのレシラム :モンスターボール/オシャボミラー,,single,6000,4000,2026-09-19,732804
128/193,Nのレシラム :エネルギーマークミラー,,single,5000,16800,2026-09-19,732805
128/414,ライチュウ :ミラー,,single,6999,29800,2026-09-19,380234
129/086,ゴルーグ,AR,single,5500,5450,2026-09-19,608499
129/086,アーケン,AR,single,4899,5499,2026-09-19,608569
129/098,ロケット団のサカキ,SAR,single,19000,19000,2026-09-19,568326
129/100,ボーマンダex,SAR,single,9999,10750,2026-09-19,505957
129/100,基本炎エネルギー,UR,single,,18000,2026-09-19,91162
129/101,スグリ,SAR,single,20000,22500,2026-09-19,255642
129/102,バウッツェルex,SAR,single,12000,14900,2026-09-19,320349
129/106,ミカンのまなざし,SR,single,8000,7980,2026-09-19,414092
129/108,オモダカ,SR,single,5000,11999,2026-09-19,132274
129/165,コイキング C: マスターボールミラー,,single,26800,22000,2026-09-19,128245
129/172,ヒスイゾロアークVSTAR,RRR,single,7500,7200,2026-09-19,103046
129/187,ノコッチ :マスターボールミラー,,single,7800,7499,2026-09-19,471660
129/193,Nのゼクロム :エネルギーマークミラー,,single,6300,6800,2026-09-19,732807
129/193,Nのゼクロム :モンスターボール/オシャボミラー,,single,6000,8190,2026-09-19,732806
129/193,Nのゼクロム,,single,5000,8000,2026-09-19,730171
129/414,ピカチュウV,,single,9800,8300,2026-09-19,380235
129/414,ピカチュウV :ミラー,,single,8780,8900,2026-09-19,380236
129/XY-P,ジラーチ,P,single,,95000,2026-09-19,411773
13/NEOI,マグマラシ: 旧裏,,single,36800,,2026-09-19,111869
13/PMCGI,ピカチュウ: 旧裏,,single,430000,249999,2026-09-19,93327
130/086,モグリュー,AR,single,4700,4900,2026-09-19,608500
130/086,アーケオス,AR,single,4000,4999,2026-09-19,608570
130/098,ロケット団のミュウツーex,UR,single,11980,11500,2026-09-19,568904
130/100,ナンジャモのハラバリーex,UR,single,6800,6500,2026-09-19,505958
130/101,ゼイユ,SAR,single,64000,65999,2026-09-19,255643
130/102,テラパゴスex,SAR,single,8800,8800,2026-09-19,307293
130/106,アイアントex,SAR,single,7000,6999,2026-09-19,418753
130/108,オルティガ,SR,single,4900,4999,2026-09-19,132275
130/165,ギャラドス R: マスターボールミラー,,single,17500,14500,2026-09-19,128246
130/171,ジュカインソウルリンク :ミラー,,single,11000,69800,2026-09-19,386089
130/414,サンダースV :ミラー,,single,4800,,2026-09-19,380238
130/SV-P,キバナ,P,single,4980,,2026-09-19,172039
1307/07,ミミッキュ,AR,single,22999,,2026-09-19,706809
131/086,コジョフー,AR,single,6800,5500,2026-09-19,608571
131/086,ドッコラー,AR,single,6499,,2026-09-19,608501
131/098,ロケット団のクロバットex,UR,single,5480,7200,2026-09-19,568327
131/100,Nのゾロアークex :エラー版,UR,single,99999,108000,2026-09-19,524253
131/100,Nのゾロアークex,UR,single,8880,8700,2026-09-19,506160
131/101,オーガポン みどりのめんex,UR,single,14999,15000,2026-09-19,256075
131/102,タロ,SAR,single,23500,21500,2026-09-19,323630
131/106,ミロカロスex,SAR,single,17100,17700,2026-09-19,408331
131/108,ポピー,SR,single,15800,15000,2026-09-19,132276
131/165,ラプラス U: マスターボールミラー,,single,16900,15990,2026-09-19,128247
131/187,スピンロトム :マスターボールミラー,,single,4700,,2026-09-19,471662
131/SV-P,ソーナンス,P,single,13500,,2026-09-19,172040
132/086,コジョンド,AR,single,6700,4299,2026-09-19,608572
132/086,ドテッコツ,AR,single,4000,5199,2026-09-19,608502
132/102,ブライア,SAR,single,8500,9500,2026-09-19,323631
132/106,ピカチュウex,SAR,single,80000,80000,2026-09-19,408333
132/108,ライム,SR,single,4666,,2026-09-19,132277
132/165,メタモン R: マスターボールミラー,,single,15800,16000,2026-09-19,128248
132/171,フーディンソウルリンク :ミラー,,single,79800,,2026-09-19,386091
132/187,レジギガス :マスターボールミラー,,single,5500,,2026-09-19,471663
132/PCG-P,ヒトカゲδ-デルタ種,P,single,150000,,2026-09-19,452762
132/S-P,ピカチュウ,プロモ,single,118000,122000,2026-09-19,106789
133/086,テラキオン,AR,single,5300,5500,2026-09-19,608573
133/086,ローブシン,AR,single,4380,7480,2026-09-19,608503
133/102,テラパゴスex,UR,single,8500,,2026-09-19,325077
133/106,サザンドラex,SAR,single,10799,9999,2026-09-19,413158
133/108,コオリッポex,SAR,single,8000,,2026-09-19,132278
133/132,フシギダネ,IR,single,,33000,2026-09-19,841732
133/165,イーブイ C: マスターボールミラー,,single,20000,17300,2026-09-19,128249
133/165,イーブイ C: モンスターボールミラー,,single,15000,18000,2026-09-19,128019
133/171,ミュウツーソウルリンク :ミラー,,single,100000,68000,2026-09-19,386092
133/187,バッフロン :マスターボールミラー,,single,6000,,2026-09-19,471664
133/PCG-P,リザードδ-デルタ種,P,single,100000,,2026-09-19,452763
133/SV-P,カプ・テテフGX,P,single,7000,12000,2026-09-19,172042
133/XY-P,ガチゴラスEX,P,single,,50000,2026-09-19,411777
134/086,チョロネコ,AR,single,5000,7000,2026-09-19,608574
134/086,ナゲキ,AR,single,4180,4222,2026-09-19,608504
134/106,シトロンの機転,SAR,single,5500,5490,2026-09-19,418754
134/108,リザードンex,SAR,single,71800,72500,2026-09-19,132279
134/165,シャワーズ R: マスターボールミラー,,single,10500,9600,2026-09-19,128250
134/165,シャワーズ R: モンスターボールミラー,,single,7800,,2026-09-19,128021
134/SV-P,カイリューEX,P,single,10200,10000,2026-09-19,172043
135/086,イシズマイ,AR,single,11900,13800,2026-09-19,608505
135/086,レパルダス,AR,single,5950,6000,2026-09-19,608575
135/106,ミカンのまなざし,SAR,single,14000,13000,2026-09-19,416951
135/108,ブロロロームex,SAR,single,5999,6500,2026-09-19,132280
135/165,サンダース R: マスターボールミラー,,single,12000,11200,2026-09-19,128251
135/165,サンダース R: モンスターボールミラー,,single,5980,,2026-09-19,128023
135/171,ルカリオソウルリンク :ミラー,,single,79999,79999,2026-09-19,386094
135/187,テツノコウベ :マスターボールミラー,,single,4000,10000,2026-09-19,471665
135/193,シャリタツ :エネルギーマークミラー,,single,3999,,2026-09-19,732817
135/193,シャリタツ :モンスターボール/オシャボミラー,,single,3999,,2026-09-19,732816
135/PCG-P,ホウオウ,P,single,89800,,2026-09-19,452765
135/S-P,ガラルジグザグマ,プロモ,single,,17999,2026-09-19,106747
136/086,ズルッグ,AR,single,6200,6199,2026-09-19,608576
136/086,イワパレス,AR,single,,5800,2026-09-19,608506
136/106,ピカチュウex,UR,single,28999,29000,2026-09-19,418755
136/108,ピジョットex,SAR,single,11000,15000,2026-09-19,132281
136/150,ルザミーネ :ミラー,,single,29800,,2026-09-19,397820
136/165,ブースター R: マスターボールミラー,,single,10800,10190,2026-09-19,128252
136/171,レックウザソウルリンク :ミラー,,single,155000,159999,2026-09-19,386095
137/086,ズルズキン,AR,single,6444,4800,2026-09-19,608577
137/086,ランドロス,AR,single,5100,4200,2026-09-19,585875
137/106,夜のタンカ,UR,single,5000,30000,2026-09-19,418756
137/108,オモダカ,SAR,single,9999,8888,2026-09-19,132282
137/165,ポリゴン C: マスターボールミラー,,single,9800,9790,2026-09-19,128253
137/190,ザシアンV,RR,single,7000,,2026-09-19,144567
137/SM-P,ポンチョを着たイーブイ,プロモ,single,890000,658000,2026-09-19,91233
137/XY-P,ラグラージEX,P,single,28000,30000,2026-09-19,411781
138/086,フシデ,AR,single,6798,4999,2026-09-19,608507
138/086,ヤブクロン,AR,single,4999,,2026-09-19,608578
138/108,ポピー,SAR,single,7800,6799,2026-09-19,132283
138/165,オムナイト U: マスターボールミラー,,single,15500,16900,2026-09-19,128254
138/165,オムナイト U: モンスターボールミラー,,single,7500,,2026-09-19,128029
138/185,レックウザ,A,single,,68000,2026-09-19,849741
138/S-P,ビート（ビートの決心）,P,single,,8600,2026-09-19,291518
138/SM-P,ポンチョを着たイーブイ,プロモ,single,540000,489980,2026-09-19,91234
138/XY-P,MバシャーモEX,P,single,46500,44500,2026-09-19,411782
139/086,ダストダス,AR,single,6000,6000,2026-09-19,608579
139/086,ホイーガ,AR,single,4999,,2026-09-19,608508
139/108,リザードンex,UR,single,19400,20500,2026-09-19,132284
139/150,ルスワール :ミラー,,single,14900,,2026-09-19,397823
139/165,オムスター R: マスターボールミラー,,single,11000,13000,2026-09-19,128255
139/190,ピジョットex,RR,single,4999,,2026-09-19,160950
139/414,マイナン :ミラー,,single,8280,,2026-09-19,380248
139/S-P,ホップ（ホップの日課）,P,single,2983,6800,2026-09-19,291519
139/SM-P,ポンチョを着たイーブイ,プロモ,single,399999,488888,2026-09-19,91235
139/XY-P,オールナイトパーティ,プロモ,single,32000,32000,2026-09-19,128519
140/086,ゾロア,AR,single,7500,7499,2026-09-19,608580
140/086,ペンドラー,AR,single,5000,,2026-09-19,608509
140/165,カブト U: マスターボールミラー,,single,9800,19999,2026-09-19,128256
140/171,オカルトマニア :ミラー,,single,18000,21000,2026-09-19,386099
140/171,オカルトマニア,,single,,30000,2026-09-19,385983
140/190,メタモンV,RR,single,20000,,2026-09-19,144570
140/190,プリン :ミラー,,single,,13500,2026-09-19,162178
140/PCG-P,ペリッパーδ-デルタ種,P,single,60000,,2026-09-19,452770
140/S-P,マリィ（マリィの練習）,プロモ,single,32000,29500,2026-09-19,91114
140/SM-P,ポンチョを着たイーブイ,プロモ,single,469900,450000,2026-09-19,91236
140/XY-P,ブラッキー,プロモ,single,2780000,3750000,2026-09-19,91384
141/086,ゾロアーク,AR,single,7500,6700,2026-09-19,608581
141/086,メグロコ,AR,single,5200,5000,2026-09-19,608510
141/108,基本炎エネルギー,UR,single,6666,,2026-09-19,132286
141/165,カブトプス R: マスターボールミラー,,single,15000,26799,2026-09-19,128257
141/190,メタモンVMAX,RRR,single,9500,9500,2026-09-19,144571
141/SM-P,ポンチョを着たイーブイ,プロモ,single,930000,900000,2026-09-19,91213
141/XY-P,ニンフィア,P,single,49000,49999,2026-09-19,411783
142/086,モノズ,AR,single,5999,5780,2026-09-19,608582
142/086,ワルビル,AR,single,5499,,2026-09-19,608511
142/141,R団のバンギラス :1ED,,single,374800,338000,2026-09-19,92087
142/147,アセロラ,UR,single,60000,,2026-09-19,487837
142/165,プテラ R: マスターボールミラー,,single,22000,20000,2026-09-19,128258
142/165,プテラ,R,single,7100,,2026-09-19,128036
142/171,カリン :ミラー,,single,95000,,2026-09-19,386101
142/171,カリン,,single,,35000,2026-09-19,385985
142/SM-P,ポンチョを着たイーブイ,プロモ,single,500000,478500,2026-09-19,91237
142/XY-P,セレビィ,P,single,43000,40000,2026-09-19,411784
143/086,ワルビアル,AR,single,6950,6980,2026-09-19,608512
143/086,ジヘッド,AR,single,6000,5799,2026-09-19,608583
143/165,カビゴン U: マスターボールミラー,,single,22999,20000,2026-09-19,128259
143/S-P,リザードン 第2回イラストグランプリ,プロモ,single,10999,10998,2026-09-19,128520
143/SM-P,ポンチョを着たイーブイ,プロモ,single,378000,400000,2026-09-19,91241
143/XY-P,カイオーガ,P,single,,85000,2026-09-19,411785
144/086,テッシード,AR,single,6400,6000,2026-09-19,608584
144/086,バルチャイ,AR,single,5500,4899,2026-09-19,608513
144/165,フリーザー R: マスターボールミラー,,single,9199,8888,2026-09-19,128260
144/165,フリーザー R: モンスターボールミラー,,single,6480,,2026-09-19,128041
144/173,アカギ,PR,single,4400,,2026-09-19,396126
144/BW-P,レックウザ,P,single,148000,139500,2026-09-19,91570
144/S-P,カナザワのピカチュウ: プロモ (マークあり),プロモ,single,53500,52000,2026-09-19,120250
144/SM-P,ポンチョを着たイーブイ,プロモ,single,720000,699998,2026-09-19,91238
144/SV-P,ビクティニex,P,single,433333,,2026-09-19,685590
144/XY-P,グラードン,P,single,60000,46800,2026-09-19,411786
145/086,バルジーナ,AR,single,6000,5454,2026-09-19,608514
145/086,ナットレイ,AR,single,5400,,2026-09-19,608585
145/171,こわいおねえさん :ミラー,,single,12800,25100,2026-09-19,386104
145/190,カビゴン :ミラー,,single,9800,,2026-09-19,162180
145/742,カルボウ :ミラー,,single,5400,,2026-09-19,740316
145/BW-P,レックウザEX,P,single,2798000,,2026-09-19,93141
145/S-P,ミロカロス カナザワ,プロモ,single,18000,18000,2026-09-19,91124
145/XY-P,ラティアス,P,single,,100000,2026-09-19,411787
146/086,ギアル,AR,single,6500,4899,2026-09-19,608586
146/086,シュバルゴ,AR,single,4500,5598,2026-09-19,608515
146/165,ファイヤー R: マスターボールミラー,,single,10800,9990,2026-09-19,128261
146/171,サナ :ミラー,,single,6500,,2026-09-19,386105
146/S-P,メッソン カナザワ,プロモ,single,15000,12500,2026-09-19,91125
146/SM-P,ロコン,プロモ,single,85000,138000,2026-09-19,91250
146/XY-P,ラティオス,P,single,60000,60000,2026-09-19,411788
147/086,コマタナ,AR,single,5555,5500,2026-09-19,608516
147/086,ギギアル,AR,single,4199,4100,2026-09-19,608587
147/149,リーリエ（帽子リーリエ）,UR,single,80000,,2026-09-19,487831
147/165,ミニリュウ C: マスターボールミラー,,single,12400,12299,2026-09-19,128262
147/171,センパイとコウハイ: ミラー,,single,12800,30000,2026-09-19,106307
147/173,カスミ&カンナ :ミラー,,single,12000,,2026-09-19,396272
147/S-P,カナザワのピカチュウ: プロモ (マークなし),プロモ,single,144444,150000,2026-09-19,91113
147/SM-P,アローラロコン,P,single,98000,89600,2026-09-19,91249
147/XY-P,ヤミラミ,P,single,39999,198000,2026-09-19,411789
148/086,キリキザン,AR,single,5555,6000,2026-09-19,605973
148/086,ギギギアル,AR,single,4000,4000,2026-09-19,608588
148/165,ハクリュー U: マスターボールミラー,,single,13500,12000,2026-09-19,128263
148/184,アセロラの予感,,single,5980,5999,2026-09-19,141197
148/184,アセロラの予感 : ミラー,,single,5500,,2026-09-19,141198
148/BW-P,チルタリス,P,single,40000,35999,2026-09-19,415500
148/PCG-P,ミュウδ-デルタ種,P,single,3450000,3500000,2026-09-19,452778
148/PCG-P,ミュウδ-デルタ種,プロモ,single,168000,,2026-09-19,93241
148/SM-P,リーリエ,プロモ,single,155000,198000,2026-09-19,91265
148/SV-P,オーガポン みどりのめん,P,single,4500,5000,2026-09-19,263373
149/086,コバルオン,AR,single,6100,,2026-09-19,608517
149/086,アイアント,AR,single,4200,5099,2026-09-19,608589
149/165,カイリュー R: マスターボールミラー,,single,32000,25000,2026-09-19,128264
149/165,カイリュー R: モンスターボールミラー,,single,28000,27000,2026-09-19,128050
149/165,カイリュー,R,single,,9999,2026-09-19,128049
149/172,カイ,,single,8500,,2026-09-19,285756
149/173,かんこうきゃく(ミラー),,single,18900,18900,2026-09-19,100089
149/173,かんこうきゃく,,single,5000,,2026-09-19,154562
149/BW-P,チョロネコ,P,single,55000,,2026-09-19,415501
150/086,クリムガン,AR,single,6800,6800,2026-09-19,608590
150/086,キバゴ,AR,single,5300,6300,2026-09-19,608518
150/165,ミュウツー R: マスターボールミラー,,single,27000,27000,2026-09-19,128265
150/165,ミュウツー R: モンスターボールミラー,,single,20000,19400,2026-09-19,128052
150/165,ミュウツー,R,single,11000,12500,2026-09-19,128051
150/XY-P,コイキングごっこピカチュウ,プロモ,single,1950000,1960000,2026-09-19,91395
1507/07,ソウブレイズ,AR,single,33333,,2026-09-19,706811
151/086,ミネズミ,AR,single,6500,5500,2026-09-19,608591
151/086,オノンド,AR,single,6400,5699,2026-09-19,608519
151/150,エーテル財団職員,SR,single,14000,13500,2026-09-19,112769
151/156,リーリエ（がんばリーリエ）,UR,single,275000,275000,2026-09-19,487833
151/165,ミュウex,RR,single,12000,9999,2026-09-19,128053
151/S-P,ルギア,プロモ,single,22500,23500,2026-09-19,106802
151/XY-P,ギャラドスごっこピカチュウ,プロモ,single,1980000,1940000,2026-09-19,91391
152/086,オノノクス,AR,single,16000,7490,2026-09-19,608520
152/086,ミルホッグ,AR,single,5000,5500,2026-09-19,608592
152/150,グズマ,SR,single,10000,10000,2026-09-19,112770
152/165,エネルギーシール U: マスターボールミラー,,single,15000,,2026-09-19,128266
152/171,ポケモンレンジャー: ミラー,,single,15800,8800,2026-09-19,106297
152/S-P,クロバットV,P,single,7999,6799,2026-09-19,331767
152/XY-P,カイオーガEX,P,single,76800,59999,2026-09-19,411793
153/086,マメパト,AR,single,7500,9980,2026-09-19,608521
153/086,ヨーテリー,AR,single,7300,7000,2026-09-19,608593
153/131,サンダースex,SIR,single,,98000,2026-09-19,502822
153/150,シロナ,SR,single,59000,53000,2026-09-19,91296
153/165,スナッチアーム U: マスターボールミラー,,single,29800,32800,2026-09-19,128267
153/PCG-P,ピカチュウ,P,single,1100000,1050000,2026-09-19,452782
153/SV-P,ピカチュウ (皮卡丘),P,single,430000,400000,2026-09-19,459741
153/XY-P,グラードンEX,P,single,60000,59000,2026-09-19,411794
154/086,ハトーボー,AR,single,6500,6499,2026-09-19,608522
154/086,ハーデリア,AR,single,5500,,2026-09-19,608594
154/150,釣り人,SR,single,10000,10500,2026-09-19,112771
154/160,MボスゴドラEX,UR,single,49800,,2026-09-19,504784
154/165,古びたかいの化石 C: マスターボールミラー,,single,22000,23000,2026-09-19,128268
154/BW-P,ビリジオン,P,single,19800,,2026-09-19,415505
154/SV-P,バティックシャツを着たピカチュウ (ネイティオ柄),P,single,10800,10800,2026-09-19,708758
154/XY-P,ピカチュウ,プロモ,single,337000,315000,2026-09-19,91410
155/086,ムーランド,AR,single,6499,5200,2026-09-19,608595
155/086,ケンホロウ,AR,single,5300,5100,2026-09-19,605504
155/132,メガフシギバナex,UR,single,15350,,2026-09-19,705520
155/150,ノボリとクダリ,SR,single,9699,12000,2026-09-19,112772
155/165,古びたこうらの化石 C: マスターボールミラー,,single,23000,23000,2026-09-19,128269
155/BW-P,テラキオン,P,single,,180000,2026-09-19,415506
155/S-P,シロナ,プロモ,single,26000,17000,2026-09-19,106745
155/SV-P,バティックシャツを着たピカチュウ (ヒトデマン柄),P,single,10980,10800,2026-09-19,708759
155/XY-P,フーパ P (開封済),プロモ,single,225000,245000,2026-09-19,408743
156/086,タブンネ,AR,single,10000,,2026-09-19,608523
156/086,ワシボン,AR,single,4900,,2026-09-19,608596
156/132,メガバクーダex,UR,single,,12000,2026-09-19,705521
156/150,やまおとこ,SR,single,8980,19999,2026-09-19,112773
156/165,古びたひみつのコハク C: マスターボールミラー,,single,17500,,2026-09-19,128270
156/S-P,カビゴン,P,single,27000,26000,2026-09-19,609421
156/SV-P,ミミッキュ,P,single,31880,,2026-09-19,284086
156/XY-P,ピカチュウ,P,single,220000,165000,2026-09-19,411795
157/086,チラーミィ,AR,single,6500,9800,2026-09-19,608524
157/086,ウォーグル,AR,single,4799,4999,2026-09-19,608597
157/150,ルミタン,SR,single,11000,11300,2026-09-19,100068
157/165,安全ゴーグル U: マスターボールミラー,,single,59800,,2026-09-19,128271
157/S-P,ミツバ,プロモ,single,8000,8999,2026-09-19,106791
157/SM-P,アローラライチュウ,P,single,8000,20000,2026-09-19,404051
158/086,チラチーノ,AR,single,7980,5200,2026-09-19,608525
158/086,トルネロス,AR,single,4900,5980,2026-09-19,585877
158/150,ラジュルネ,SR,single,10980,10980,2026-09-19,100070
158/165,大きなふうせん U: マスターボールミラー,,single,22400,22000,2026-09-19,128272
158/171,スカイフィールド: ミラー,,single,,150001,2026-09-19,106310
158/173,ルチア,,single,8000,35000,2026-09-19,396139
158/BW-P,レシラムEX,P,single,370000,398000,2026-09-19,91551
158/XY-P,レックウザ,プロモ,single,180000,189999,2026-09-19,133098
159/086,エルフーンex,SR,single,5100,5199,2026-09-19,608598
159/086,ジャローダex,SR,single,3999,4099,2026-09-19,608526
159/150,ルスワール,SR,single,18000,22200,2026-09-19,100064
159/158,リーリエ SR (がんばリーリエ),,single,,99999,2026-09-19,774372
159/165,ガチガチバンド U: マスターボールミラー,,single,18000,59800,2026-09-19,128273
159/171,パラレルシティ,,single,4000,,2026-09-19,386002
159/414,モルペコ :ミラー,,single,,20000,2026-09-19,380275
159/BW-P,ゼクロムEX,P,single,480000,980000,2026-09-19,91569
15AX-JP000,青眼の究極竜,HR,single,120000,133000,2026-09-19,92387
15AX-JPY07,青眼の白龍,SE,single,59800,,2026-09-19,92385
15AY-JPA06,デーモンの召喚,UR,single,10000,,2026-09-19,615634
15AY-JPB03,ブラック・マジシャン・ガール,UR,single,,27777,2026-09-19,615676
15AY-JPC10,ブラック・マジシャン・ガール,UR,single,25999,,2026-09-19,615727
160/086,レシラムex,SR,single,5299,5299,2026-09-19,607935
160/086,キュレムex,SR,single,4400,4100,2026-09-19,608527
160/150,ラニュイ,SR,single,9400,10890,2026-09-19,100063
160/165,たべのこし U: マスターボールミラー,,single,15200,25000,2026-09-19,128274
160/171,フェアリーガーデン :ミラー,,single,,150001,2026-09-19,386112
160/172,ヒスイの仲間たち :ミラー,,single,6000,,2026-09-19,285775
161/086,ゼクロムex,SR,single,5399,5399,2026-09-19,607933
161/086,ケルディオex,SR,single,5000,4999,2026-09-19,608599
161/162,アズサ,UR,single,,81000,2026-09-19,504631
161/165,エリカの招待 U: マスターボールミラー,,single,17100,17100,2026-09-19,128275
161/742,シャワーズex :ミラー,,single,9999,9900,2026-09-19,740332
161/S-P,ブラッキー,P,single,30000,30000,2026-09-19,299244
161/SM-P,アローララッタGX,P,single,,19800,2026-09-19,404055
161/XY-P,レシラム,P,single,55000,60000,2026-09-19,411799
162/086,メロエッタex,SR,single,4800,4500,2026-09-19,608528
162/086,ブルンゲルex,SR,single,4100,4444,2026-09-19,608600
162/150,モクロー,S,single,9999,,2026-09-19,397667
162/165,サカキのカリスマ U: マスターボールミラー,,single,16000,24999,2026-09-19,128276
162/171,ハーブエネルギー :ミラー,,single,,160111,2026-09-19,386114
162/742,グレイシアex,,single,10000,10000,2026-09-19,740333
162/BW-P,ケルディオ,P,single,20000,,2026-09-19,415511
162/XY-P,チルタリス,P,single,55000,,2026-09-19,411800
163/086,ドリュウズex,SR,single,4500,4399,2026-09-19,608529
163/086,サザンドラex,SR,single,3980,4000,2026-09-19,608601
163/165,ナナミの手助け U: マスターボールミラー,,single,36800,,2026-09-19,128277
163/184,ユウリ,,single,,7499,2026-09-19,141225
163/S-P,イーブイ,P,single,10000,10000,2026-09-19,299246
164/086,ゲノセクトex,SR,single,5300,5000,2026-09-19,608530
164/086,バッフロンex,SR,single,4300,4500,2026-09-19,608602
164/165,マサキの転送 U: マスターボールミラー,,single,46800,,2026-09-19,128278
164/165,マサキの転送 U: モンスターボールミラー,,single,22500,,2026-09-19,128079
164/168,ルチア,UR,single,,100000,2026-09-19,487830
164/414,ガラルヤドン :ミラー,,single,17980,13800,2026-09-19,380281
164/XY-P,フウロ,プロモ,single,85000,85000,2026-09-19,91374
165/086,クラウン,SR,single,6500,,2026-09-19,607936
165/086,Nの筋書き,SR,single,5700,5500,2026-09-19,608531
165/165,サイクリングロード U: マスターボールミラー,,single,25000,,2026-09-19,128279
166/086,トウコ,SR,single,8999,8500,2026-09-19,608603
166/086,マコモ,SR,single,8000,,2026-09-19,608532
166/150,ヒトカゲ,S,single,13000,18000,2026-09-19,397671
166/165,フシギダネ,AR,single,9000,9200,2026-09-19,128082
166/S-P,アルセウス&ディアルガ&パルキアGX,P,single,22500,23000,2026-09-19,808270
167/086,ジャローダex,SAR,single,7600,7700,2026-09-19,584787
167/086,エルフーンex,SAR,single,6800,7900,2026-09-19,607937
167/150,リザード,S,single,17800,17000,2026-09-19,112827
167/165,フシギソウ,AR,single,8300,8600,2026-09-19,128083
167/187,オーリム博士の気迫 :モンスターボールミラー,,single,5000,,2026-09-19,466477
167/203,リーフィアV,UR,single,,60000,2026-09-19,487455
167/BW-P,コダック,P,single,170000,,2026-09-19,415516
168/086,レシラムex,SAR,single,29000,29290,2026-09-19,607938
168/086,キュレムex,SAR,single,11000,11000,2026-09-19,608395
168/150,アローラロコン,S,single,15000,17800,2026-09-19,397672
168/165,ヒトカゲ,AR,single,14000,14000,2026-09-19,128084
168/S-P,エースバーンV,P,single,8700,,2026-09-19,292749
168/SM-P,ピカチュウ,プロモ,single,73500,83000,2026-09-19,107570
169/086,ゼクロムex,SAR,single,28499,28999,2026-09-19,607934
169/086,ケルディオex,SAR,single,12000,11500,2026-09-19,607939
169/150,ウパー,S,single,12000,,2026-09-19,397673
169/165,リザード,AR,single,10600,11000,2026-09-19,128085
169/193,アセロラのいたずら,,single,,9999,2026-09-19,730210
169/742,メガオーダイルex,,single,13400,,2026-09-19,740342
169/742,メガオーダイルex :ミラー,,single,8000,14000,2026-09-19,740343
169/S-P,エースバーンVMAX,P,single,9000,8399,2026-09-19,292750
169/XY-P,ガラガラ,P,single,,30000,2026-09-19,411806
17/17,ブラッキー☆,,single,77000,,2026-09-19,489509
170/086,メロエッタex,SAR,single,6800,6799,2026-09-19,607256
170/086,ブルンゲルex,SAR,single,6500,6790,2026-09-19,608604
170/150,ヌオー,S,single,20000,,2026-09-19,397674
170/151,ピカチュウ,AR,single,232000,184500,2026-09-19,652790
170/165,ゼニガメ,AR,single,12990,13000,2026-09-19,128086
170/193,カナリィ,,single,,9999,2026-09-19,730211
170/414,ミュウツー :ミラー,,single,10500,25000,2026-09-19,380288
170/414,ミュウツー,,single,,8000,2026-09-19,380287
170/BW-P,ヒュウ,P,single,,50000,2026-09-19,415518
170/XY-P,ゴース,P,single,29999,,2026-09-19,411807
171/086,サザンドラex,SAR,single,10200,10300,2026-09-19,608397
171/086,ドリュウズex,SAR,single,5790,6000,2026-09-19,608533
171/151,ピカチュウ,AR,single,210000,200000,2026-09-19,607471
171/165,カメール,AR,single,11000,11000,2026-09-19,128087
171/172,マリィのプライド,UR,single,25000,30000,2026-09-19,487835
171/414,ミュウ :ミラー,,single,10000,8800,2026-09-19,380290
171/S-P,ゴリランダーVMAX,P,single,8500,9000,2026-09-19,292752
171/XY-P,フラエッテ,P,single,7000,,2026-09-19,411808
172/086,ゲノセクトex,SAR,single,8500,8500,2026-09-19,608396
172/086,バッフロンex,SAR,single,6999,5970,2026-09-19,607940
172/151,ピカチュウ,AR,single,454800,438000,2026-09-19,656689
172/165,キャタピー,AR,single,4980,5400,2026-09-19,128088
172/171,MバクーダEX,,single,25000,29900,2026-09-19,106281
173/086,トウコ,SAR,single,24000,19999,2026-09-19,607941
173/086,Nの筋書き,SAR,single,15000,14500,2026-09-19,606907
173/151,ピカチュウ,AR,single,179000,179500,2026-09-19,656690
173/165,ピカチュウ,AR,single,13200,13750,2026-09-19,128089
173/170,レシラムex,BWR,single,,255000,2026-09-19,653121
173/171,サンダースEX,,single,70000,67800,2026-09-19,91457
173/172,ヒスイビリリダマ,AR,single,5500,5800,2026-09-19,105555
173/414,エーフィVMAX,,single,11999,12490,2026-09-19,96655
173/SV-P,メタモン,P,single,39500,39500,2026-09-19,606347
173/XY-P,オカルトマニア,P,single,17700,20000,2026-09-19,411810
174/086,レシラムex,BWR,single,125000,119000,2026-09-19,585221
174/086,ゼクロムex,BWR,single,110000,109000,2026-09-19,585213
174/165,ニドキング,AR,single,6500,6650,2026-09-19,128090
174/171,MライボルトEX,,single,30000,50000,2026-09-19,106269
174/172,コロトック,AR,single,5000,4950,2026-09-19,105538
174/173,ヨワシGX,SR,single,15800,17799,2026-09-19,396154
174/187,パルデアの仲間たち :モンスターボールミラー,,single,3666,,2026-09-19,466488
174/S-P,サダイジャV,プロモ,single,12000,7999,2026-09-19,106761
174/SV-P,おいわいファンファーレ,P,single,30800,27000,2026-09-19,342779
174/XY-P,ラティオス,プロモ,single,69800,94444,2026-09-19,91437
175/165,コダック,AR,single,11450,11499,2026-09-19,128091
175/171,レジロックEX,,single,33000,38500,2026-09-19,106282
175/172,ブーバーン,AR,single,5400,6999,2026-09-19,105558
175/173,デデンネGX,SR,single,43000,45000,2026-09-19,396155
175/S-P,セレビィV,プロモ,single,30500,30800,2026-09-19,91126
175/XY-P,ピカチュウ,P,single,5500000,5500000,2026-09-19,413361
175/XY-P,ピカチュウ: バトルフェスタ2015,プロモ,single,555000,528000,2026-09-19,91412
176/150,カゲボウズ,S,single,,15000,2026-09-19,397679
176/165,ニョロゾ,AR,single,9500,9500,2026-09-19,128092
176/171,MルカリオEX,,single,179800,157000,2026-09-19,91456
176/172,オドリドリ,AR,single,4600,4798,2026-09-19,103761
176/173,エーフィ&デオキシスGX,SR,single,28000,28800,2026-09-19,104546
176/S-P,キノガッサV,P,single,6000,,2026-09-19,299249
176/XY-P,ミュウツー,P,single,72000,73000,2026-09-19,413362
177/165,ゴーリキー,AR,single,6800,7000,2026-09-19,128093
177/171,ジガルデEX,,single,67800,89000,2026-09-19,106271
177/172,ラプラス,AR,single,6300,6380,2026-09-19,105566
177/173,エーフィ&デオキシスGX SR,SA,single,114000,105000,2026-09-19,91271
177/190,マリィ,,single,4800,6999,2026-09-19,144637
177/BW-P,エアームド,P,single,,79800,2026-09-19,415525
177/XY-P,カイオーガ,P,single,25888,,2026-09-19,413363
178/165,モンジャラ,AR,single,6400,6699,2026-09-19,128094
178/171,MサメハダーEX,,single,60000,59800,2026-09-19,106273
178/172,マナフィ,AR,single,5200,5800,2026-09-19,103087
178/173,オーロット&ヨノワールGX,SR,single,11900,,2026-09-19,396156
178/SM-P,ジガルデ,P,single,11500,,2026-09-19,404238
179/150,ベベノム,S,single,10000,,2026-09-19,397682
179/165,バリヤード,AR,single,6000,6500,2026-09-19,128095
179/171,ギルガルドEX,,single,27000,33000,2026-09-19,106274
179/172,ケルディオ,AR,single,5500,5980,2026-09-19,105537
179/173,オーロット&ヨノワールGX SR,SA,single,35000,33000,2026-09-19,104543
179/S-P,エーフィ,P,single,19800,17000,2026-09-19,299252
179/SM-P,ピカチュウ,プロモ,single,110000,100000,2026-09-19,91264
18/NEOI,メリープ: 旧裏,,single,,45000,2026-09-19,112213
180/150,ウソッキー,S,single,10000,,2026-09-19,397683
180/165,オムナイト,AR,single,6000,6300,2026-09-19,128096
180/171,N,,single,228000,252000,2026-09-19,91451
180/172,エレキブル,AR,single,5000,5000,2026-09-19,105532
180/173,ジラーチGX,SR,single,17700,17400,2026-09-19,134006
181/150,リオル,S,single,,20000,2026-09-19,397684
181/165,カビゴン,AR,single,10800,11000,2026-09-19,128097
181/171,オカルトマニア,,single,799999,770000,2026-09-19,91449
181/172,ストリンダー,AR,single,5400,7990,2026-09-19,105542
181/173,ブラッキー&ダークライGX,SR,single,63000,59999,2026-09-19,104534
181/S-P,イーブイ,P,single,11000,8900,2026-09-19,299254
182/150,ルカリオ,S,single,39800,28000,2026-09-19,397685
182/165,ハクリュー,AR,single,6850,6900,2026-09-19,128098
182/171,鍛冶屋,,single,25000,,2026-09-19,106272
182/172,ガラルフリーザー,AR,single,5700,6800,2026-09-19,103799
182/173,ブラッキー&ダークライGX SR,SA,single,27999,280000,2026-09-19,93082
182/BW-P,リーフィア,P,single,159999,182000,2026-09-19,91562
182/XY-P,プテラEX,P,single,15000,,2026-09-19,413368
183/165,ミュウツー,AR,single,12000,12800,2026-09-19,128099
183/171,カリン,,single,265000,175000,2026-09-19,91452
183/172,ミュウ,AR,single,13800,13800,2026-09-19,103085
183/173,マニューラGX,SR,single,11000,12000,2026-09-19,396157
183/BW-P,ブースター,P,single,98000,183000,2026-09-19,91563
183/XY-P,MプテラEX,P,single,19999,17000,2026-09-19,413369
184/165,フシギバナ,SR,single,5499,6000,2026-09-19,128100
184/171,こわいおねえさん,,single,365000,365000,2026-09-19,91453
184/172,ルナトーン,AR,single,4500,4500,2026-09-19,104426
184/173,メルメタルGX,SR,single,6980,,2026-09-19,396158
184/BW-P,シャワーズ,P,single,110000,198000,2026-09-19,91564
184/S-P,エンペルトV,プロモ,single,,13000,2026-09-19,107446
184/XY-P,グラードン,P,single,,48000,2026-09-19,413370
185/150,ゾロア,S,single,16000,,2026-09-19,397688
185/165,リザードンex,SR,single,12500,12500,2026-09-19,128101
185/171,サナ,,single,440000,443000,2026-09-19,91450
185/172,デオキシス,AR,single,8000,8000,2026-09-19,105547
185/173,トゲピー&ピィ&ププリンGX,SR,single,36500,32500,2026-09-19,104549
185/184,ユキノオー,CHR,single,4800,4444,2026-09-19,126697
185/BW-P,グレイシア,P,single,199999,,2026-09-19,91565
185/S-P,バンギラスV,P,single,19800,25000,2026-09-19,292753
185/XY-P,クチートEX,P,single,14800,,2026-09-19,413371
186/165,カメックスex,SR,single,9500,9500,2026-09-19,128102
186/171,フレア団のしたっぱ,,single,45000,68000,2026-09-19,106263
186/172,ディアンシー,AR,single,4950,4849,2026-09-19,103084
186/173,トゲピー&ピィ&ププリンGX SR,SA,single,97000,99999,2026-09-19,93092
186/184,アップリュー,CHR,single,4700,5000,2026-09-19,126696
186/BW-P,サンダース,P,single,186000,200000,2026-09-19,91566
186/S-P,ブースターVMAX 夏ポケカ,プロモ,single,666000,662000,2026-09-19,91106
186/XY-P,MクチートEX,P,single,24000,19800,2026-09-19,413372
187/165,アーボックex,SR,single,8500,8300,2026-09-19,128103
187/171,イベルタルEX,,single,350000,370000,2026-09-19,91455
187/172,キュワワー,AR,single,4800,5000,2026-09-19,105535
187/173,イーブイGX,SR,single,34999,28000,2026-09-19,104535
187/184,リザードン,CHR,single,8500,8999,2026-09-19,126668
187/188,ブースターVMAX シャワーズVMAX サンダースVMAX,P,single,4399999,3100000,2026-09-19,412809
187/BW-P,エーフィ,P,single,115000,195000,2026-09-19,91567
187/S-P,シャワーズVMAX 夏ポケカ,プロモ,single,928000,918000,2026-09-19,93332
188/165,キュウコンex,SR,single,9000,10000,2026-09-19,128104
188/171,シェイミEX,,single,375000,398000,2026-09-19,91454
188/172,ガラルサンダー,AR,single,8200,9800,2026-09-19,103798
188/173,イーブイGX SR,SA,single,199000,143000,2026-09-19,93085
188/184,ブースター,CHR,single,7777,8400,2026-09-19,126670
188/185,ピカチュウVMAX,RR,single,28000,,2026-09-19,491761
188/BW-P,ブラッキー,P,single,820000,829999,2026-09-19,91558
188/S-P,サンダースVMAX 夏ポケカ,プロモ,single,1050000,1000000,2026-09-19,93333
189/165,プクリンex,SR,single,7000,,2026-09-19,128105
189/172,ソルロック,AR,single,4700,4780,2026-09-19,104427
189/173,イツキ,SR,single,6500,,2026-09-19,104551
189/184,シャワーズ,CHR,single,9300,9300,2026-09-19,126675
189/BW-P,イーブイ,P,single,379999,440000,2026-09-19,91560
189/S-P,エーフィVMAX: SA/,プロモ,single,59000,59990,2026-09-19,93004
190/150,ダンバル,S,single,,18000,2026-09-19,397693
190/165,フーディンex,SR,single,8200,7999,2026-09-19,128106
190/172,ガラルファイヤー,AR,single,9300,8900,2026-09-19,103800
190/173,エリカのおもてなし,SR,single,160000,164000,2026-09-19,93089
190/184,キングドラ,CHR,single,4999,4999,2026-09-19,126683
190/BW-P,ポケモンセンター,P,single,600000,698000,2026-09-19,91553
190/SV-P,バティックシャツを着たピカチュウ (フラワーピカチュウ柄),P,single,9800,10000,2026-09-19,708760
190/XY-P,ミュウツーEX,P,single,44500,42000,2026-09-19,413376
191/165,ゴローニャex,SR,single,9888,,2026-09-19,128107
191/172,アブソル,AR,single,6200,8899,2026-09-19,103083
191/173,カスミ&カンナ,SR,single,82500,77777,2026-09-19,91272
191/184,オクタン,CHR,single,4100,4200,2026-09-19,126708
191/190,ウカッツ,SR,single,7800,7000,2026-09-19,126507
191/414,ニンフィアV,,single,9000,,2026-09-19,380310
191/SM-P,ボスごっこピカチュウ ロケット団,プロモ,single,460000,470000,2026-09-19,91226
191/SV-P,バティックシャツを着たピカチュウ (ピカチュウ柄) プロモ :ミラー,プロモ,single,160000,115000,2026-09-19,816387
191/XY-P,ミュウツーEX,P,single,78800,45000,2026-09-19,413377
192/165,ガルーラex,SR,single,7000,14000,2026-09-19,128108
192/172,フォクスライ,AR,single,5500,4300,2026-09-19,105559
192/173,かんこうきゃく,SR,single,200005,203000,2026-09-19,91269
192/184,モスノウ,CHR,single,4900,4979,2026-09-19,126707
192/187,シュウメイ,SR,single,7222,,2026-09-19,462390
192/190,ジムトレーナー,SR,single,7480,9500,2026-09-19,126508
192/192,ソニア,UR,single,,50000,2026-09-19,492089
192/414,ニンフィアVMAX,,single,,8888,2026-09-19,827644
192/SM-P,ボスごっこピカチュウ アクア団,プロモ,single,450000,370000,2026-09-19,91227
192/SV-P,ニャース,P,single,19000,18990,2026-09-19,441212
192/XY-P,リーフィアEX,P,single,23000,23980,2026-09-19,413378
193/165,ルージュラex,SR,single,8480,,2026-09-19,128109
193/172,ジバコイル,AR,single,4999,4999,2026-09-19,105541
193/173,グリーンの戦略,SR,single,77000,85000,2026-09-19,93086
193/184,サンダース,CHR,single,8500,8450,2026-09-19,126674
193/190,とりつかい,SR,single,5980,,2026-09-19,126509
193/190,ラフレシア,S,single,5299,,2026-09-19,164619
193/SM-P,ボスごっこピカチュウ マグマ団,プロモ,single,500000,440000,2026-09-19,91214
193/SV-P,パルデアウパー,P,single,5300,5450,2026-09-19,441213
193/XY-P,キュウコンEX,P,single,10000,14500,2026-09-19,413379
194/150,ラルトス,S,single,,13800,2026-09-19,397697
194/165,サンダーex,SR,single,5000,5200,2026-09-19,128110
194/172,チルタリス,AR,single,4600,4780,2026-09-19,103081
194/173,ジュジュベ&ハチクマン,SR,single,14999,14000,2026-09-19,127028
194/184,モココ,CHR,single,6000,5300,2026-09-19,126666
194/190,ストライク,S,single,,15000,2026-09-19,158126
194/190,ネズ,SR,single,,8999,2026-09-19,126510
194/193,アゲハント,AR,single,8000,4499,2026-09-19,731012
194/SM-P,ボスごっこピカチュウ ギンガ団,プロモ,single,474999,447000,2026-09-19,91215
194/SV-P,スイクン,P,single,6200,7700,2026-09-19,441214
194/XY-P,シャワーズEX,プロモ,single,26900,23000,2026-09-19,127033
195/165,ミュウex,SR,single,10500,10000,2026-09-19,128111
195/172,ラティアス,AR,single,12180,11500,2026-09-19,105565
195/173,ハプウ,SR,single,7800,7900,2026-09-19,127027
195/184,ゼクロム (N),CHR,single,11400,11000,2026-09-19,126667
195/187,パルデアの仲間たち,SR,single,6500,11000,2026-09-19,450719
195/190,フウロ,SR,single,13000,12000,2026-09-19,91193
195/193,ドクケイル,AR,single,4000,4100,2026-09-19,731013
195/SM-P,ボスごっこピカチュウ プラズマ団,プロモ,single,470000,470000,2026-09-19,91228
195/SV-P,ジュラルドン,P,single,4222,,2026-09-19,441215
195/XY-P,サンダースEX,P,single,23000,29500,2026-09-19,413380
196/165,エリカの招待,SR,single,16000,14500,2026-09-19,128112
196/172,ヒスイヌメルゴン,AR,single,4500,4900,2026-09-19,103082
196/173,ブルーの探索,SR,single,118900,112000,2026-09-19,93083
196/184,サーナイト,CHR,single,4398,4398,2026-09-19,126681
196/190,ボールガイ,SR,single,9800,13333,2026-09-19,126511
196/190,ポポッコ,S,single,8300,,2026-09-19,164621
196/193,スボミー,AR,single,4200,4400,2026-09-19,730938
196/SM-P,ボスごっこピカチュウ フレア団,プロモ,single,390000,390000,2026-09-19,91229
196/SV-P-SM,イーブイ,P,single,8500,8399,2026-09-19,332792
196/XY-P,ニャオニクスEX,P,single,,12000,2026-09-19,413381
197/150,チルタリス,S,single,12799,15000,2026-09-19,397700
197/165,サカキのカリスマ,SR,single,14970,13900,2026-09-19,128113
197/172,メタモン,AR,single,8900,8900,2026-09-19,103801
197/173,ホミカ,SR,single,11500,15800,2026-09-19,91267
197/184,ジュペッタ,CHR,single,4500,4700,2026-09-19,126686
197/187,ビワ,SR,single,4980,,2026-09-19,462392
197/190,ポケモンごっこ,SR,single,11000,11000,2026-09-19,100076
197/190,ワタッコ,S,single,4999,,2026-09-19,164622
197/193,ヒビキのマグカルゴ,AR,single,4200,4300,2026-09-19,730939
197/414,ミミッキュV,,single,15999,,2026-09-19,380315
197/BW-P,メタグロス,P,single,59000,,2026-09-19,415536
197/SM-P,ボスごっこピカチュウ スカル団,プロモ,single,389000,500000,2026-09-19,91230
197/SV-P,ピカチュウ,P,single,8000,8000,2026-09-19,475194
197/XY-P,ゴローニャEX,P,single,13400,15200,2026-09-19,413382
198/150,フカマル,S,single,,25000,2026-09-19,397701
198/165,ナナミの手助け,SR,single,7000,7000,2026-09-19,128114
198/172,ノコッチ,AR,single,4579,6000,2026-09-19,103063
198/173,マツリカ,SR,single,19699,17980,2026-09-19,104544
198/184,ヨノワール,CHR,single,4500,4400,2026-09-19,126706
198/187,メロコ,SR,single,8500,19800,2026-09-19,462393
198/190,マリィ SR :25thホロ,,single,6500000,,2026-09-19,428838
198/190,マリィ SR (シャイニーマリィ),,single,27800,27400,2026-09-19,91190
198/193,ドンメル,AR,single,4100,4600,2026-09-19,731014
198/BW-P,ジャローダ,P,single,20000,,2026-09-19,415537
198/SM-P,ミミッキュ,プロモ,single,175000,179999,2026-09-19,91244
198/SV-P,イーブイ,P,single,20000,,2026-09-19,766764
199/165,マサキの転送,SR,single,9000,,2026-09-19,128115
199/172,ミルタンク,AR,single,6200,6200,2026-09-19,103064
199/173,ヤーコン,SR,single,15000,13333,2026-09-19,396159
199/184,カラマネロ,CHR,single,4444,4500,2026-09-19,126695
199/190,ローズ,SR,single,3000,7777,2026-09-19,126512
199/193,コダック,AR,single,8400,8300,2026-09-19,729387
199/SM-P,ピカチュウ,プロモ,single,420000,399999,2026-09-19,91225
199/SV-P,リーリエのキュワワー,P,single,3500,10000,2026-09-19,506837
200/150,ガブリアス,S,single,10000,16000,2026-09-19,397703
200/165,フシギバナex,SAR,single,25000,25000,2026-09-19,128116
200/172,ビーダル,AR,single,4400,4300,2026-09-19,103126
200/173,溶接工,SR,single,7500,,2026-09-19,104552
200/184,デデンネ,CHR,single,6400,5799,2026-09-19,126671
200/187,リーフィアex,SAR,single,14000,14000,2026-09-19,469625
200/190,モクロー,S,single,12800,,2026-09-19,144664
200/193,ユキワラシ,AR,single,4200,4500,2026-09-19,731015
200/SM-P,ピカチュウ,プロモ,single,118000,123990,2026-09-19,107450
200/SV-P,Nのゾロア,P,single,10000,,2026-09-19,506838
201/150,イーブイ,S,single,35000,31999,2026-09-19,397704
201/165,リザードンex,SAR,single,76000,76000,2026-09-19,128117
201/172,リオル,AR,single,6999,7800,2026-09-19,105567
201/173,レッドの挑戦,SR,single,70000,77000,2026-09-19,93091
201/184,マホイップ,CHR,single,4300,4300,2026-09-19,126705
201/187,オーガポン みどりのめんex,SAR,single,6000,6980,2026-09-19,450720
201/190,ニャオハ,S,single,6300,6300,2026-09-19,151744
201/193,エレザード,AR,single,4000,4499,2026-09-19,730940
201/SV-P,シャリタツ,P,single,17999,16000,2026-09-19,356897
2013-AE003,伝説の白き龍,SR,single,,2000000,2026-09-19,593298
2015-JPP01,青眼の白龍 (ミレニアム仕様),NP,single,,188000,2026-09-19,230659
2017-JPP01,ブラック・マジシャン・ガール,HR,single,1650000,1580000,2026-09-19,92687
2017-JPP03,死者蘇生,UR,single,9999,,2026-09-19,92704
2018-JPP01,青眼の白龍 20th,SE,single,348000,269000,2026-09-19,93389
2018-JPP02,ブラック・マジシャン 20th,SE,single,280000,149999,2026-09-19,93392
2019-JPP01,真紅眼の黒竜,MSE,single,50000,,2026-09-19,92698
2019/SM-P,古代ミュウ,P,single,156500,156000,2026-09-19,93076
202/165,カメックスex,SAR,single,24000,24000,2026-09-19,128118
202/172,チルット,AR,single,7500,8000,2026-09-19,105545
202/184,イワンコ,CHR,single,4150,4140,2026-09-19,126704
202/187,ブースターex,SAR,single,12200,12500,2026-09-19,459531
202/193,ムウマ,AR,single,4199,4490,2026-09-19,730941
202/200,リーリエ,SR,single,400000,362000,2026-09-19,513458
202/XY-P,ミュウツー,P,single,90000,84999,2026-09-19,413387
2023-JPP01,ブラック・マジシャン・ガール 25th,SE,single,200000,162999,2026-09-19,135215
2024-EN004,Masterful Magician Servant of the Sanctuary,UR,single,45000,,2026-09-19,234229
2025-EN004,Dragon of Illumination Sanctuary's Shield,UR,single,67000,80000,2026-09-19,630059
203/165,フーディンex,SAR,single,19400,18000,2026-09-19,128119
203/172,ヨマワル,AR,single,6000,7500,2026-09-19,105564
203/184,ナゲツケサル,CHR,single,3999,4300,2026-09-19,126703
203/187,ソウブレイズex,SAR,single,8799,8700,2026-09-19,469626
203/190,サルノリ,S,single,4000,,2026-09-19,144667
203/193,トゲキッス,AR,single,4100,4499,2026-09-19,731016
203/198,はくばバドレックスVMAX,RR,single,,39800,2026-09-19,488002
203/XY-P,ポンチョを着たピカチュウ: プロモ (ポンチョピカチュウ),プロモ,single,320000,318000,2026-09-19,91377
204/165,サンダーex,SAR,single,24800,25000,2026-09-19,128120
204/172,ビッパ,AR,single,6500,7500,2026-09-19,105556
204/184,タイレーツ,CHR,single,4550,3999,2026-09-19,126687
204/187,オーガポン かまどのめんex,SAR,single,6000,4790,2026-09-19,471672
204/190,バチンキー,S,single,4000,3999,2026-09-19,144668
204/193,ホップのオーロット,AR,single,3999,4200,2026-09-19,731017
204/BW-P,ニャース,P,single,178000,,2026-09-19,415576
204/XY-P,メガトウキョーのピカチュウ,プロモ,single,2900000,2750000,2026-09-19,91373
205/150,タイプ：ヌル,S,single,9800,,2026-09-19,397708
205/165,ミュウex,SAR,single,60800,60800,2026-09-19,128121
205/165,ミュウex,HR,single,43000,43000,2026-09-19,610624
205/165,ミュウex,HR,single,,62000,2026-09-19,486166
205/172,ピカチュウ,AR,single,59800,57000,2026-09-19,105553
205/184,アリアドス,CHR,single,4400,4399,2026-09-19,126688
205/187,シャワーズex,SAR,single,12500,12000,2026-09-19,456933
205/193,ロケット団のミミッキュ,AR,single,4800,4999,2026-09-19,730942
206/150,リーフィアGX,SSR,single,23000,26500,2026-09-19,112774
206/165,エリカの招待,SAR,single,19500,20000,2026-09-19,128122
206/172,ナエトル,AR,single,9000,9000,2026-09-19,105550
206/184,ヘルガー,CHR,single,4400,4500,2026-09-19,126694
206/187,グレイシアex,SAR,single,14000,14500,2026-09-19,455594
206/190,ノノクラゲ,S,single,3580,,2026-09-19,164629
206/193,ロケット団のダグトリオ,AR,single,4200,4200,2026-09-19,730943
206/BW-P,キバゴ,P,single,,110000,2026-09-19,415578
206/XY-P,ピカチュウ,P,single,94800,94800,2026-09-19,413412
207/150,ジュナイパーGX,SSR,single,12000,12800,2026-09-19,112775
207/165,サカキのカリスマ,SAR,single,15800,12500,2026-09-19,128123
207/172,パラス,AR,single,5980,6000,2026-09-19,105551
207/184,ガラルタチフサグマ,CHR,single,4775,4776,2026-09-19,126691
207/187,イルカマンex,SAR,single,7600,7650,2026-09-19,469031
207/193,チャーレム,AR,single,4380,4100,2026-09-19,730944
207/SM-P,ピカチュウ,プロモ,single,65000,54800,2026-09-19,107569
207/XY-P,ポンチョを着たピカチュウ,プロモ,single,3400000,3350000,2026-09-19,91389
208/150,グソクムシャGX,SSR,single,9900,,2026-09-19,112776
208/165,ミュウex,UR,single,15400,15800,2026-09-19,128124
208/172,ポチエナ,AR,single,7400,8000,2026-09-19,105561
208/184,ドータクン,CHR,single,4900,4500,2026-09-19,126678
208/187,オーガポン いどのめんex,SAR,single,5999,5700,2026-09-19,469627
208/190,イオルブ,S,single,5000,,2026-09-19,144672
208/193,シロナのミカルゲ,AR,single,4180,4100,2026-09-19,730281
208/S-P,ピカチュウ,プロモ,single,37800,37900,2026-09-19,106796
208/SM-P,袴姿のピカチュウ,プロモ,single,418000,385000,2026-09-19,93062
208/XY-P,ポンチョを着たピカチュウ,プロモ,single,2520000,2850000,2026-09-19,126338
209/150,リザードンGX,SSR,single,325000,297000,2026-09-19,91293
209/165,ポケモンいれかえ,UR,single,10000,,2026-09-19,128125
209/172,メリープ,AR,single,8500,7700,2026-09-19,105562
209/184,クリムガン,CHR,single,5500,5500,2026-09-19,126682
209/187,サンダースex,SAR,single,12000,11900,2026-09-19,458562
209/190,ヒメンカ,S,single,4500,,2026-09-19,144673
209/193,ガラルタチフサグマ,AR,single,4000,4200,2026-09-19,731018
209/203,グレイシアVMAX,RR,single,98000,,2026-09-19,487497
209/SM-P,火消し姿のピカチュウ,プロモ,single,528000,480000,2026-09-19,93063
209/XY-P,ゲッコウガ,P,single,35500,31500,2026-09-19,413413
20AP-JP000,青眼の白龍,HR,single,340000,320000,2026-09-19,92456
20CP-JPC02,閃刀姫－レイ 20th,SE,single,198000,175000,2026-09-19,92474
20CP-JPF01,青眼の亜白龍 20th,SE,single,50000,50000,2026-09-19,92853
20CP-JPF02,幻想の見習い魔導師 20th,SE,single,104999,94000,2026-09-19,92854
20CP-JPF03,ユベル,SE,single,,29999,2026-09-19,564528
20CP-JPF05,氷結界の龍 トリシューラ 20th,SE,single,23999,59800,2026-09-19,92857
20CP-JPF06,シューティング・クェーサー・ドラゴン 20th,SE,single,24800,,2026-09-19,92859
20CP-JPF10,浮幽さくら,SE,single,34000,,2026-09-19,564535
20CP-JPF10,浮幽さくら 20th,SE,single,29000,,2026-09-19,92867
20CP-JPS01,ブラック・マジシャン 20th,SE,single,29800,,2026-09-19,92858
20CP-JPS02,青眼の白龍 20th,SE,single,57990,49000,2026-09-19,92370
20CP-JPS03,真紅眼の黒竜 20th,SE,single,49000,49000,2026-09-19,92373
20CP-JPS05,ブラック・ローズ・ドラゴン 20th,SE,single,40000,36999,2026-09-19,92375
20CP-JPS06,No.107 銀河眼の時空竜 20th,SE,single,79800,79800,2026-09-19,92376
20CP-JPS08,幽鬼うさぎ 20th,SE,single,20000,44000,2026-09-19,92470
20CP-JPS09,屋敷わらし 20th,SE,single,30000,33000,2026-09-19,92471
20CP-JPS10,墓穴の指名者 20th,SE,single,,20000,2026-09-19,92472
20CP-JPT01,聖なるバリア －ミラーフォース－ 20th,SE,single,17000,,2026-09-19,92475
20CP-JPT03,カオス・ソルジャー －開闢の使者－ 20th,SE,single,78000,79000,2026-09-19,92477
20CP-JPT04,サイバー・ドラゴン 20th,SE,single,,84800,2026-09-19,92478
20CP-JPT06,スターダスト・ドラゴン 20th,SE,single,30500,100000,2026-09-19,92480
20CP-JPT07,銀河眼の光子竜 20th,SE,single,,30000,2026-09-19,92481
20CP-JPT10,閃刀姫－シズク,SE,single,20000,,2026-09-19,564525
20CP-JPT10,閃刀姫－シズク 20th,SE,single,,88000,2026-09-19,92484
20DS-JP001,オベリスクの巨神兵 20th,SE,single,29800,29800,2026-09-19,92837
20DS-JP002,オシリスの天空竜 20th,SE,single,84000,89800,2026-09-19,92836
20TH-JPC00,青眼の究極亜竜 20th,SE,single,172000,259999,2026-09-19,92446
20TH-JPC00,青眼の究極亜竜,SE,single,100000,,2026-09-19,240430
20TH-JPC01,マジシャン・オブ・ブラックカオス・ＭＡＸ 20th,SE,single,74800,159800,2026-09-19,92450
20TH-JPC03,守護神官マナ 20th,SE,single,,130000,2026-09-19,92448
20TH-JPC05,ネオ・カイザー・グライダー 20th,SE,single,,149999,2026-09-19,240439
20TH-JPC12,師弟の絆 20th,SE,single,29800,,2026-09-19,92449
20TH-JPC23,ブルーアイズ・カオス・MAX・ドラゴン,SE,single,55000,,2026-09-19,240476
20TH-JPC23,ブルーアイズ・カオス・MAX・ドラゴン 20th,SE,single,54000,80000,2026-09-19,92445
20TH-JPC55,ブラック・マジシャン・ガール 20th,SE,single,240000,352000,2026-09-19,92441
20TH-JPC55,ブラック・マジシャン・ガール,SE,single,,95000,2026-09-19,92451
20TH-JPC82,増殖するＧ 20th,SE,single,51000,,2026-09-19,92444
20TH-JPC85,灰流うらら 20th,SE,single,118000,138000,2026-09-19,92442
20TH-JPS01,守護神官マハード 20th,SE,single,,15000,2026-09-19,593858
21,ファイヤー,P,single,,69800,2026-09-19,746082
210/150,ホウオウGX,SSR,single,30000,31750,2026-09-19,112777
210/165,基本超エネルギー,UR,single,28000,,2026-09-19,128126
210/172,リーフィアVSTAR,SAR,single,11899,9999,2026-09-19,103794
210/184,イーブイ,CHR,single,7800,7499,2026-09-19,126673
210/187,テツノカイナex,SAR,single,6700,5980,2026-09-19,466506
210/190,ヒトカゲ,S,single,6999,5980,2026-09-19,156452
210/190,ワタシラガ,S,single,3000,,2026-09-14,144674
210/193,Nのゼクロム,AR,single,4799,4799,2026-09-19,727387
210/BW-P,コイキング,P,single,80000,150000,2026-09-19,415544
210/S-P,レックウザV,P,single,9400,9800,2026-09-19,292633
210/SM-P,紳士風のピカチュウ,プロモ,single,355000,357777,2026-09-19,91242
210/SV-P,ハッサムex,P,single,11000,12000,2026-09-19,356898
211/150,レシラムGX,SSR,single,24500,29000,2026-09-19,112778
211/172,リザードンV,SAR,single,15200,15400,2026-09-19,105568
211/184,ポワルン,CHR,single,4000,4850,2026-09-19,126702
211/187,エーフィex,SAR,single,16800,16980,2026-09-19,469628
211/190,リザード,S,single,9999,9000,2026-09-19,156453
211/190,カジッチュ,S,single,4000,,2026-09-19,144675
211/193,ドラメシヤ,AR,single,4300,4300,2026-09-19,724994
211/SM-P,桜アフロのピカチュウ,プロモ,single,260000,299500,2026-09-19,91251
212/172,リザードンVSTAR,SAR,single,27000,26800,2026-09-19,103079
212/173,エーフィ&デオキシスGX,HR,single,34900,48000,2026-09-19,104536
212/184,ヤレユータン,CHR,single,4399,4350,2026-09-19,126690
212/187,ニンフィアex,SAR,single,23900,24000,2026-09-19,455595
212/190,アップリュー,S,single,,6999,2026-09-19,144676
212/193,ドロンチ,AR,single,4300,4300,2026-09-19,724995
212/203,ニンフィアVMAX,RR,single,110000,,2026-09-19,487500
212/S-P,ジジーロン,P,single,8800,8999,2026-09-19,292635
212/XY-P,シェイミEX,プロモ,single,278500,220000,2026-09-19,91413
213/150,アローラキュウコンGX,SSR,single,19980,18000,2026-09-19,112780
213/172,エンテイV,SAR,single,12000,12000,2026-09-19,103066
213/184,コロトックV,CSR,single,6580,,2026-09-19,141269
213/187,テツノブジンex,SAR,single,5500,4980,2026-09-19,466507
213/190,エンテイ,S,single,8499,8999,2026-09-19,164634
213/190,タルップル,S,single,5800,,2026-09-19,144677
213/193,スピンロトム,AR,single,4000,4300,2026-09-19,730945
213/BW-P,イーブイ,P,single,78000,75000,2026-09-19,415547
213/S-P,ジュラルドンV,P,single,9000,10000,2026-09-19,292636
213/SV-P,ニャオハ,P,single,9000,,2026-09-19,332793
213/XY-P,リザードンEX,プロモ,single,270000,174800,2026-09-19,91424
214/150,フリーザーGX,SSR,single,22800,22222,2026-09-19,112781
214/172,バオッキーVSTAR,SAR,single,16500,13000,2026-09-19,103771
214/173,ジラーチGX,HR,single,74000,69500,2026-09-19,104545
214/184,イオルブV,CSR,single,5500,,2026-09-19,128948
214/187,テツノカシラex,SAR,single,5100,5100,2026-09-19,466508
214/203,ブラッキーVMAX,RR,single,11000,,2026-09-19,487502
214/414,カラカラ,,single,18000,,2026-09-19,380330
214/SM-P,ピカチュウ,P,single,49800,49000,2026-09-19,404453
214/SV-P,ホゲータ,P,single,6000,,2026-09-19,332794
214S-P,いたずら好きのピチュー,プロモ,single,13900,12500,2026-09-19,111868
215/150,グレイシアGX,SSR,single,23800,22700,2026-09-19,112782
215/172,スイクンV,SAR,single,13500,12600,2026-09-19,103068
215/173,ブラッキー&ダークライGX,HR,single,54980,53999,2026-09-19,104533
215/184,イオルブVMAX,CSR,single,5700,7280,2026-09-19,128949
215/187,スナノケガワex,SAR,single,4300,4900,2026-09-19,466509
215/190,ホゲータ,S,single,9999,9990,2026-09-19,151746
215/190,ラビフット,S,single,5000,,2026-09-19,144679
215/193,ガラスのラッパ,SR,single,,8000,2026-09-19,731031
215/BW-P,カトレア,P,single,20000,,2026-09-19,415549
215/S-P,リーフィア,P,single,24000,6500,2026-09-19,299256
215/SM-P,デデンネ,P,single,39800,,2026-09-19,404454
215/SV-P,クワッス,P,single,5500,,2026-09-19,332795
215/XY-P,レックウザ,プロモ,single,540000,420000,2026-09-19,91442
216/150,ゲッコウガGX,SSR,single,70000,60000,2026-09-19,91297
216/172,ネオラントV,SAR,single,7200,7000,2026-09-19,103072
216/173,マニューラGX,HR,single,,38888,2026-09-19,104553
216/184,バシャーモV,CSR,single,9000,8800,2026-09-19,96700
216/187,オーガポン いしずえのめんex,SAR,single,6499,4999,2026-09-19,471673
216/190,アチゲータ,S,single,3500,,2026-09-19,151747
216/193,ハイパーボール,SR,single,7000,,2026-09-19,731032
216/BW-P,ブラックキュレム,P,single,,240000,2026-09-19,415550
216/S-P,グレイシア,P,single,8000,8000,2026-09-19,299257
216/SV-P,ピカチュウ,P,single,8600,8299,2026-09-19,332796
216/XY-P,ヨルノズクBREAK,P,single,,29800,2026-09-19,413417
217/150,マルマインGX,SSR,single,,9800,2026-09-19,112783
217/172,グレイシアVSTAR,SAR,single,9999,10499,2026-09-19,103795
217/184,バシャーモVMAX,CSR,single,9500,9000,2026-09-19,96685
217/187,ブラッキーex,SAR,single,300000,,2026-09-19,773831
217/187,ブラッキーex,SAR,single,74000,74000,2026-09-19,455596
217/193,ロケット団のレシーバー,SR,single,7000,7000,2026-09-19,731033
217/SV-P,パモ,P,single,5500,,2026-09-19,332797
218/150,デンジュモクGX,SSR,single,20000,,2026-09-19,112784
218/172,ライコウV,SAR,single,14000,18400,2026-09-19,103070
218/173,トゲピー&ピィ&ププリンGX,HR,single,35000,39300,2026-09-19,104548
218/184,マルヤクデV,CSR,single,6000,5500,2026-09-19,141270
218/187,トドロクツキex,SAR,single,8780,8800,2026-09-19,466510
218/190,マルヤクデ,S,single,,3999,2026-09-19,144682
218/193,カウンターゲイン,SR,single,6999,,2026-09-19,731034
218/203,レックウザVMAX,RR,single,340000,,2026-09-19,487506
218/BW-P,N,P,single,,350000,2026-09-19,415552
218/SV-P,ピカチュウ,P,single,18000,18450,2026-09-19,332798
218/XY-P,サトシゲッコウガEX,プロモ,single,4990000,,2026-09-19,253095
218/XY-P,サトシゲッコウガEX,プロモ,single,80000,87000,2026-09-19,169062
219/150,ミュウツーGX,SSR,single,52999,53000,2026-09-19,91294
219/172,ゼラオラVMAX,SAR,single,7300,6500,2026-09-19,103840
219/173,イーブイGX,HR,single,90000,73800,2026-09-19,91273
219/184,マルヤクデVMAX,CSR,single,7699,,2026-09-19,141271
219/187,モモワロウex,SAR,single,4500,5300,2026-09-19,469629
219/190,ヤドン,S,single,9699,8900,2026-09-19,164636
219/191,ピカチュウex,UR,single,,35000,2026-09-19,484831
219/193,カナリィ,SR,single,7250,7300,2026-09-19,731020
219/BW-P,ゲノセクト,P,single,88000,,2026-09-19,415553
219/SV-P,カイ,P,single,15000,,2026-09-19,484966
22,フリーザー,P,single,,69800,2026-09-19,746083
220/150,エーフィGX,SSR,single,41900,48000,2026-09-19,91298
220/172,ゼラオラVSTAR,SAR,single,7400,7350,2026-09-19,103797
220/173,レシラム&リザードンGX,UR,single,73500,75555,2026-09-19,91266
220/184,はくばバドレックスV,CSR,single,6180,6200,2026-09-19,96702
220/187,サーフゴーex,SAR,single,6666,5500,2026-09-19,450721
220/190,ヤドラン,S,single,9900,7499,2026-09-19,164637
220/190,ガラルバリコオル,S,single,4000,,2026-09-19,144684
220/193,からておうの稽古,SR,single,8000,6999,2026-09-19,730946
220/BW-P,ミュウ,P,single,580000,399000,2026-09-19,91554
220/S-P,イーブイ,P,single,32800,27800,2026-09-19,299260
221/150,ジュペッタGX,SSR,single,10000,,2026-09-19,112785
221/172,ミュウツーVSTAR,SAR,single,22500,22499,2026-09-19,103080
221/173,ピカチュウ&ゼクロムGX,UR,single,102999,97800,2026-09-19,93090
221/184,はくばバドレックスVMAX,CSR,single,7199,7100,2026-09-19,96687
221/187,ドラパルトex,SAR,single,6600,6800,2026-09-19,450722
221/190,スイクン,S,single,7300,7200,2026-09-19,144685
221/190,ヒトデマン,S,single,6500,,2026-09-19,164638
221/193,バーベナとヘレナ,SR,single,5000,5900,2026-09-19,730947
221/XY-P,お公家さまと舞妓はんピカチュウ,プロモ,single,358000,325000,2026-09-19,91423
222/150,ウツロイドGX,SSR,single,6880,,2026-09-19,112786
222/172,デオキシスVMAX,SAR,single,7600,7400,2026-09-19,103796
222/173,ミュウツー&ミュウGX,UR,single,215000,212600,2026-09-19,91270
222/184,ピカチュウV,CSR,single,26300,26400,2026-09-19,96712
222/187,タケルライコex,SAR,single,5500,5800,2026-09-19,466511
222/193,ジャミングタワー,SR,single,6999,,2026-09-19,731035
222/SM-P,チルタリス,P,single,25000,25000,2026-09-19,404460
222/XY-P,チコリータ,P,single,49800,,2026-09-19,413421
223/150,アーゴヨンGX,SSR,single,,20000,2026-09-19,112787
223/172,デオキシスVSTAR,SAR,single,10000,9900,2026-09-19,103665
223/173,ゲッコウガ&ゾロアークGX,UR,single,27000,28900,2026-09-19,93088
223/184,ピカチュウVMAX,CSR,single,28000,29300,2026-09-19,138599
223/187,イーブイex,SAR,single,10999,10999,2026-09-19,455676
223/190,ガラルヒヒダルマ,S,single,4599,,2026-09-19,144687
223/193,メガリザードンXex MA :中国語箔押しエラー,,single,400000,101999,2026-09-19,744291
223/193,メガリザードンXex,MA,single,12000,12180,2026-09-19,722239
223/S-P,クララ,P,single,12000,,2026-09-19,299262
223/SM-P,アセロラ,プロモ,single,33000,38800,2026-09-19,107550
223/XY-P,ヒノアラシ,P,single,89000,,2026-09-19,413422
224/150,ルカリオGX,SSR,single,62000,73000,2026-09-19,112788
224/172,ブリムオンVMAX,SAR,single,5500,5000,2026-09-19,103770
224/173,ルカリオ&メルメタルGX,UR,single,22000,23800,2026-09-19,91268
224/184,ゼラオラV,CSR,single,7500,6999,2026-09-19,141272
224/187,イーブイex,SAR,single,11380,11000,2026-09-19,469630
224/190,クワッス,S,single,5499,,2026-09-19,151748
224/190,メッソン,S,single,4000,,2026-09-19,144688
224/193,メガユキメノコex MA :中国語箔押しエラー,,single,17900,14000,2026-09-19,744292
224/193,メガユキメノコex,MA,single,4400,4380,2026-09-19,730948
224/SM-P,ピカチュウ,プロモ,single,150000,163000,2026-09-19,91252
224/XY-P,ホウオウ,プロモ,single,100000,53000,2026-09-19,91440
225/150,ジガルデGX,SSR,single,18900,16500,2026-09-19,112789
225/172,ザシアンＶ,SAR,single,7700,7999,2026-09-19,105255
225/173,ガブリアス&ギラティナGX,UR,single,47000,35000,2026-09-19,93087
225/184,パルスワンV,CSR,single,7500,7999,2026-09-19,128524
225/187,ガチグマ アカツキex,SAR,single,5600,6299,2026-09-19,450723
225/190,ウェルカモ,S,single,6000,,2026-09-19,151749
225/190,ジメレオン,S,single,,3999,2026-09-19,144689
225/193,メガシビルドンex MA :中国語箔押しエラー,,single,10500,9000,2026-09-19,744293
225/193,メガシビルドンex,MA,single,4499,4350,2026-09-19,730949
225/742,ピカチュウ :ミラー,,single,7200,7100,2026-09-19,740404
225/742,ピカチュウ,,single,6800,7900,2026-09-19,740403
225/SM-P,シェイミ,P,single,40000,43000,2026-09-19,404461
225/XY-P,ホウオウBREAK,P,single,150000,215000,2026-09-19,413423
226/150,ルガルガンGX,SSR,single,17000,,2026-09-19,112790
226/172,ルカリオVSTAR,SAR,single,11500,11150,2026-09-19,103073
226/173,ファイヤー&サンダー&フリーザーGX,UR,single,47800,44500,2026-09-19,93084
226/187,テラパゴスex,SAR,single,6000,5950,2026-09-19,450724
226/190,ウミディグダ,S,single,,9990,2026-09-19,164641
226/190,インテレオン,S,single,,3999,2026-09-19,144690
226/193,メガサーナイトex MA :中国語箔押しエラー,,single,11000,11800,2026-09-19,744294
226/193,メガサーナイトex,MA,single,4480,4500,2026-09-19,722240
226/742,ライチュウ :ミラー,,single,5999,4800,2026-09-19,740406
226/S-P,ウッウ,プロモ,single,82000,81000,2026-09-19,91119
226/XY-P,ワニノコ,P,single,99800,,2026-09-19,413424
227/150,ルガルガンGX,SSR,single,18800,17800,2026-09-19,112791
227/172,ドラピオンV,SAR,single,4800,4850,2026-09-19,105549
227/184,モルペコV-UNION CSR (右上),,single,6900,7800,2026-09-19,516384
227/187,アカマツ,SAR,single,6800,,2026-09-19,469631
227/193,メガディアンシーex MA :中国語箔押しエラー,,single,12800,15000,2026-09-19,744295
227/193,メガディアンシーex,MA,single,4497,4599,2026-09-19,730950
227/742,ピカチュウex :ミラー,,single,15000,10400,2026-09-19,740407
227/742,ピカチュウex ノーマル仕様,,single,9800,7680,2026-09-19,737024
227/S-P,ピカチュウ,プロモ,single,445000,460000,2026-09-19,91118
227/SM-P,ピカチュウ,P,single,54500,51500,2026-09-19,404463
228/150,マッシブーンGX,SSR,single,12500,12500,2026-09-19,112792
228/172,ダークライVSTAR,SAR,single,11000,11700,2026-09-19,105543
228/184,モルペコV-UNION CSR (左下),,single,7990,,2026-09-19,516385
228/187,アンズの秘技,SAR,single,10800,9000,2026-09-19,471674
228/190,ナミイルカ,S,single,6300,,2026-09-19,160124
228/190,カジリガメ,S,single,4400,,2026-09-19,144692
228/193,メガルカリオex MA :中国語箔押しエラー,,single,22000,23980,2026-09-19,744296
228/193,メガルカリオex,MA,single,4580,4600,2026-09-19,722241
228/S-P,キバナ,プロモ,single,,25000,2026-09-19,106800
228/SM-P,ジュカイン,P,single,,70000,2026-09-19,404464
228/SV-P,イーブイ,P,single,19500,16000,2026-09-19,744802
228/XY-P,ルギア,P,single,130000,99500,2026-09-19,413426
229/150,ブラッキーGX,SSR,single,189999,175000,2026-09-19,91299
229/172,ヒスイダイケンキV,SAR,single,5500,5800,2026-09-19,105554
229/184,モルペコV-UNION,CSR,single,34900,29800,2026-09-19,96671
229/184,モルペコV-UNION CSR (右下),,single,,7000,2026-09-19,516386
229/187,カキツバタ,SAR,single,9980,10000,2026-09-19,469632
229/190,ウッウ,S,single,4000,,2026-09-19,144693
229/190,イルカマン,S,single,,9999,2026-09-19,160125
229/193,メガルチャブルex MA :中国語箔押しエラー,,single,10500,10000,2026-09-19,744297
229/193,メガルチャブルex,MA,single,4599,4600,2026-09-19,730951
229/BW-P,ピカチュウ,P,single,2550000,2500000,2026-09-19,91552
229/S-P,サイトウ,プロモ,single,14980,14750,2026-09-19,91108
229/XY-P,フーディンソウルリンク,P,single,55000,,2026-09-19,413427
23,サンダー,P,single,,69800,2026-09-19,746084
230/150,ダークライGX,SSR,single,37700,36500,2026-09-19,112793
230/172,ヒスイダイケンキVSTAR,SAR,single,5000,4800,2026-09-19,103077
230/184,ガラルフリーザーV,CSR,single,8000,9900,2026-09-19,141273
230/187,スグリ,SAR,single,5000,5500,2026-09-19,466512
230/193,メガゲンガーex MA :中国語箔押しエラー,,single,60000,59899,2026-09-19,744298
230/193,メガゲンガーex,MA,single,7400,7380,2026-09-19,730952
230/S-P,ダンデ,プロモ,single,4500,,2026-09-19,106801
230/XY-P,ポンチョを着たピカチュウ,プロモ,single,2320000,2330000,2026-09-19,91396
231/150,ゾロアークGX,SSR,single,23900,24900,2026-09-19,112794
231/172,フーパV,SAR,single,5900,5555,2026-09-19,105557
231/184,ニンフィアV,CSR,single,17990,15700,2026-09-19,96676
231/187,タロ,SAR,single,6800,6490,2026-09-19,469633
231/190,カマスジョー,S,single,,4499,2026-09-19,144695
231/193,メガズルズキンex MA :中国語箔押しエラー,,single,7500,7500,2026-09-19,744299
231/193,メガズルズキンex,MA,single,4300,4500,2026-09-19,730953
231/BW-P,ゲノセクト,P,single,,70000,2026-09-19,415563
231/S-P,ルリナ,プロモ,single,50000,,2026-09-19,91117
231/SM-P,バリヤードGX,P,single,,15000,2026-09-19,404467
231/XY-P,ポンチョを着たピカチュウ,プロモ,single,2450000,2750000,2026-09-19,91397
232/150,アクジキングGX,SSR,single,6000,,2026-09-19,112795
232/172,ザマゼンタＶ,SAR,single,6390,8000,2026-09-19,105256
232/184,ニンフィアVMAX,CSR,single,20400,20000,2026-09-19,96726
232/187,ネリネ,SAR,single,6000,,2026-09-19,469634
232/190,シャリタツ,S,single,6499,,2026-09-19,160127
232/190,ユキハミ,S,single,2700,,2026-09-15,144696
232/193,メガカイリューex MA :中国語箔押しエラー,,single,25800,25000,2026-09-19,744300
232/193,メガカイリューex,MA,single,5400,5400,2026-09-19,730954
232/BW-P,ゲノセクト,P,single,,114500,2026-09-19,415564
232/S-P,ポッチャマ,P,single,12399,13500,2026-09-19,291940
232/SV-P,ナンジャモのカイデン,P,single,4699,4699,2026-09-19,485638
232/XY-P,レックウザ,プロモ,single,324000,324000,2026-09-19,91379
233/150,ハッサムGX,SSR,single,25000,25450,2026-09-19,112796
233/172,レジギガスVSTAR,SAR,single,9000,9000,2026-09-19,103769
233/184,ミミッキュV (アセロラ),CSR,single,20800,20000,2026-09-19,126327
233/187,テツノイサハex,UR,single,8500,8500,2026-09-19,469635
233/190,モスノウ,S,single,4500,,2026-09-19,144697
233/193,メガユキメノコex,SAR,single,6300,6889,2026-09-19,730955
233/BW-P,シェイミ,P,single,,198000,2026-09-19,415565
233/SM-P,ヒードラン,P,single,9999,,2026-09-19,404469
233/XY-P,フシギバナEX,P,single,11000,10555,2026-09-19,413428
234/150,メタグロスGX,SSR,single,27000,37500,2026-09-19,112797
234/172,ヒスイゾロアークVSTAR,SAR,single,10100,9999,2026-09-19,103078
234/184,ミミッキュVMAX (アセロラ),CSR,single,17200,16999,2026-09-19,96731
234/187,オーガポン みどりのめんex,UR,single,12000,12000,2026-09-19,469636
234/190,コオリッポ,S,single,5000,,2026-09-19,144698
234/191,ルチアのアピール,UR,single,,19500,2026-09-19,484846
234/193,ピカチュウex,SAR,single,46999,49400,2026-09-19,730956
234/BW-P,ビクティニ,P,single,198000,,2026-09-19,415566
234/XY-P,カメックスEX,P,single,13000,15300,2026-09-19,413429
235/172,アクロマの実験,SAR,single,5000,5500,2026-09-19,105529
235/184,こくばバドレックスV,CSR,single,7000,6800,2026-09-19,96691
235/187,ウネルミナモex,UR,single,9800,8450,2026-09-19,469637
235/190,ウオノラゴン,S,single,3000,7999,2026-09-19,144699
235/193,メガシビルドンex,SAR,single,4500,4900,2026-09-19,731021
235/BW-P,イーブイ P (開封済),プロモ,single,200000,190000,2026-09-19,415567
235/XY-P,ジラーチ,プロモ,single,650000,430000,2026-09-19,91414
236/150,ツンデツンデGX,SSR,single,7777,,2026-09-19,112799
236/172,カイ,SAR,single,10000,9800,2026-09-19,104900
236/184,こくばバドレックスVMAX,CSR,single,7000,7000,2026-09-19,96674
236/187,ピカチュウex,UR,single,20500,20500,2026-09-19,469638
236/190,ピカチュウ,S,single,21500,21500,2026-09-19,160129
236/193,ナンジャモのハラバリーex,SAR,single,6900,6798,2026-09-19,730957
236/BW-P,エモンガ,P,single,135000,158000,2026-09-19,415568
236/SM-P,ウルトラネクロズマ,プロモ,single,30000,,2026-09-19,93070
237/150,サーナイトGX,SSR,single,34000,23000,2026-09-19,112800
237/172,キバナ,SAR,single,7300,7000,2026-09-19,103058
237/184,ガラルサンダーV,CSR,single,7999,7800,2026-09-19,96703
237/187,テラパゴスex,UR,single,7500,7300,2026-09-19,469639
237/190,ライチュウ,S,single,8999,8500,2026-09-19,160130
237/190,ロトム,S,single,4000,,2026-09-19,144701
237/193,ロケット団のミュウツーex,SAR,single,22999,22990,2026-09-19,730958
237/S-P,ニンフィア,P,single,17800,39999,2026-09-19,299266
237/SM-P,ルギア,P,single,14799,14700,2026-09-19,407397
238/150,ニンフィアGX,SSR,single,65999,67000,2026-09-19,93099
238/172,ザクロ,SAR,single,,7800,2026-09-19,105539
238/184,いちげきウーラオスV,CSR,single,8200,6300,2026-09-19,141274
238/190,ワンパチ,S,single,9800,6400,2026-09-19,144702
238/193,メガディアンシーex,SAR,single,6299,6000,2026-09-19,730959
238/236,マニューラ,IR,single,,7999,2026-09-19,492413
238/742,サンダースex :ミラー,,single,13999,8888,2026-09-19,740419
238/SM-P,ゼクロムGX,プロモ,single,36500,35000,2026-09-19,107551
239/150,チルタリスGX,SSR,single,26500,20700,2026-09-19,112801
239/172,シロナの覇気,SAR,single,21199,20900,2026-09-19,103056
239/184,いちげきウーラオスVMAX,CSR,single,6999,7200,2026-09-19,96679
239/193,メガルチャブルex,SAR,single,5000,5000,2026-09-19,731022
239/240,ヒビキのホウオウex,HR,single,,29800,2026-09-19,606043
239/S-P,イーブイ,P,single,19999,9900,2026-09-19,299268
239/SM-P,ゼクロムGX SR: 争奪戦,プロモ,single,585000,595000,2026-09-19,91217
23PP-JP020,閃刀姫-レイ (スペシャルレッド Ver.),SE,single,45000,50000,2026-09-19,107156
23YA-JP001,暗黒騎士ガイア 25th,SE,single,,230000,2026-09-19,234227
240/150,レックウザGX,SSR,single,166000,162000,2026-09-19,91295
240/172,セキ,SAR,single,14999,7500,2026-09-19,104901
240/184,れんげきウーラオスV,CSR,single,10000,9800,2026-09-19,141275
240/190,エレズン,S,single,5000,15000,2026-09-19,144704
240/193,メガゲンガーex,SAR,single,61500,61900,2026-09-19,724996
240/SM-P,ゼクロムGX HR: 争奪戦,プロモ,single,8180000,15100000,2026-09-19,93370
241/150,オンバーンGX,SSR,single,14990,,2026-09-19,112802
241/172,チェレンの気くばり,SAR,single,7000,6500,2026-09-19,105544
241/184,れんげきウーラオスVMAX,CSR,single,8200,7499,2026-09-19,96705
241/193,メガズルズキンex,SAR,single,5500,5500,2026-09-19,730960
241/742,ヒビキのピチュー :ミラー,,single,7980,8500,2026-09-19,740422
241/SM-P,ゼラオラ,P,single,35500,30000,2026-09-19,407398
241/SV-P,オーダイル,プロモ,single,6500,6900,2026-09-19,518773
242/150,シルヴァディGX,SSR,single,16000,16500,2026-09-19,112803
242/172,ツツジ,SAR,single,11200,9480,2026-09-19,103061
242/184,ガラルファイヤーV,CSR,single,6399,6200,2026-09-19,96692
242/193,Nのゾロアークex,SAR,single,11200,11200,2026-09-19,730961
242/SM-P,ピカチュウ,P,single,78000,79000,2026-09-19,407399
242/SV-P,ピカチュウ,プロモ,single,10950,10900,2026-09-19,518774
243/150,ジジーロンGX,SSR,single,11999,,2026-09-19,112804
243/172,ナタネの活気,SAR,single,9800,9000,2026-09-19,103060
243/184,クロバットV,CSR,single,7500,14800,2026-09-19,141276
243/190,モルペコ,S,single,13800,,2026-09-19,144707
243/190,パチリス,S,single,8500,,2026-09-19,164649
243/193,マリィのオーロンゲex,SAR,single,7100,7100,2026-09-19,724997
243/S-P,ビクティニV: エラー/,プロモ,single,138000,128000,2026-09-19,93334
243/S-P,ビクティニV,プロモ,single,54000,42000,2026-09-19,92161
243/SM-P,イーブイ,プロモ,single,89800,,2026-09-19,107496
243/SV-P,ストリンダーex,プロモ,single,5800,5800,2026-09-19,518775
244/172,メロン,SAR,single,18998,13980,2026-09-19,105563
244/184,ブラッキーV,CSR,single,18499,18000,2026-09-19,96673
244/190,パッチラゴン,S,single,4000,,2026-09-19,144708
244/193,キチキギスex,SAR,single,5790,5500,2026-09-19,730962
244/S-P,ワンパチ,プロモ,single,14500,,2026-09-19,106752
245/150,カプ・レヒレGX,UR,single,17000,,2026-09-19,112806
245/172,ウォロ,SR,single,6700,6000,2026-09-19,105531
245/184,ブラッキーVMAX,CSR,single,22880,21800,2026-09-19,96729
245/193,ダイゴのメタグロスex,SAR,single,8499,8200,2026-09-19,730963
245/SM-P,イーブイ,P,single,14500,9900,2026-09-19,407401
245/XY-P,ガブリアスEX,P,single,50000,50000,2026-09-19,413438
246/172,カミツレのきらめき,SR,single,8000,8450,2026-09-19,105534
246/184,ムゲンダイナV,CSR,single,5900,7800,2026-09-19,141277
246/190,ストリンダー,S,single,4000,,2026-09-19,164652
246/193,メガカイリューex,SAR,single,33900,33900,2026-09-19,730964
246/XY-P,プラターヌ博士,P,single,25900,33333,2026-09-19,179500
247/150,カプ・テテフGX,UR,single,11000,,2026-09-19,112808
247/172,シンオウの仲間たち,SR,single,11999,10480,2026-09-19,105138
247/184,ムゲンダイナVMAX,CSR,single,7500,,2026-09-19,96694
247/190,ガラルギャロップ,S,single,,7999,2026-09-19,144711
247/193,アイリスの闘志,SAR,single,7500,7500,2026-09-19,730965
247/742,パチリス :ミラー,,single,10000,,2026-09-19,740428
247/SM-P,イーブイ,プロモ,single,96999,,2026-09-19,93074
247/XY-P,マスクド・ピカチュウ,プロモ,single,340000,280000,2026-09-19,91416
248/150,ルナアーラGX,UR,single,35000,53480,2026-09-19,112809
248/172,博士の研究（ナナカマド博士）SR,,single,6666,,2026-09-19,105577
248/184,アーマーガアV,CSR,single,5000,,2026-09-19,141278
248/193,カナリィ,SAR,single,7700,7800,2026-09-19,730966
249/150,ソルガレオGX,UR,single,41000,30000,2026-09-19,112810
249/172,ヒスイの仲間たち,SR,single,10000,9900,2026-09-19,105137
249/184,アーマーガアVMAX,CSR,single,7000,,2026-09-19,141279
249/190,ガラルサニゴーン,S,single,4000,,2026-09-19,144713
249/193,サーファー,SAR,single,6990,6900,2026-09-19,730967
249/SM-P,ピカチュウ,プロモ,single,60000,58900,2026-09-19,107559
24PP-JP020,閃刀姫‐ロゼ SE,RED,single,45000,60000,2026-09-19,167724
24YA-JP002,お注射天使リリー 25th,SE,single,84000,,2026-09-19,317015
25/25,ピカチュウ :ホロ,,single,49800,118000,2026-09-19,735891
25/25,ピカチュウ,,single,31999,52888,2026-09-19,735890
250/150,ウルトラネクロズマGX,UR,single,25000,39800,2026-09-19,112811
250/172,ボスの指令（アカギ）SR,,single,6500,,2026-09-19,105560
250/184,ザシアンV,CSR,single,8500,7000,2026-09-19,141280
250/190,デデンネ,S,single,5100,,2026-09-19,144714
250/190,カイデン,S,single,,9990,2026-09-19,156454
250/193,メガカイリューex,MUR,single,58800,58500,2026-09-19,730968
251/182,トドロクツキex,SIR,single,20000,,2026-09-19,485929
251/184,ザマゼンタV,CSR,single,9499,6500,2026-09-19,141281
251/190,タイカイデン,S,single,4999,,2026-09-19,156455
251/190,ヤバチャ,S,single,4000,,2026-09-19,144715
252/184,レックウザVMAX,CSR,single,25199,25400,2026-09-19,96714
252/190,ポットデス,S,single,5000,,2026-09-19,144716
252/190,プクリン,S,single,5000,,2026-09-19,160954
252/414,ガラルヤドラン :ミラー,,single,8800,,2026-09-19,380373
252/SM-P,アローラガラガラGX,P,single,15000,31000,2026-09-19,407404
253/184,ジュラルドンVMAX,CSR,single,6500,6800,2026-09-19,96680
253/190,ミブリム,S,single,4000,,2026-09-19,144717
253/414,ゲンガーV,,single,11500,11300,2026-09-19,380374
253/414,ゲンガーV :ミラー,,single,11100,12999,2026-09-19,380375
253/742,エモンガ :ミラー,,single,3999,,2026-09-19,740435
254/172,基本雷エネルギー,SR,single,7500,,2026-09-19,105576
254/184,ハピナスV,CSR,single,7999,7980,2026-09-19,96695
254/190,ユンゲラー,S,single,7980,,2026-09-19,164656
254/190,テブリム,S,single,6500,,2026-09-19,144718
254/S-P,おいわいファンファーレ,プロモ,single,66000,75000,2026-09-19,91109
254/SM-P,カラカラ,P,single,69800,,2026-09-19,407406
254/SV-P,ヒビキのホウオウex,P,single,30000,29999,2026-09-19,531302
254/XY-P,ボーマンダEX,P,single,29000,,2026-09-19,413442
255/184,アセロラの予感,SR,single,15000,14111,2026-09-19,91151
255/190,ピィ,S,single,12800,12800,2026-09-19,160133
255/414,ブラッキーV,,single,,18000,2026-09-19,380377
255/S-P,ヒバニー,P,single,20000,,2026-09-19,292617
255/SM-P,アローラニャース,P,single,,24600,2026-09-19,407407
255/SV-P,シロナのガブリアスex,P,single,,499800,2026-09-19,531303
256/184,オニオン,SR,single,9500,13800,2026-09-19,126521
256/190,マホミル,S,single,9500,15000,2026-09-19,144720
256/190,ネイティ,S,single,4000,,2026-09-19,164657
256/414,ブラッキーVMAX,,single,16000,12800,2026-09-19,380378
256/S-P,マオ&スイレン エクストラバトルの日,P,single,6600,10900,2026-09-19,296994
256/SM-P,ラティアス,P,single,16000,,2026-09-19,407408
256/XY-P,カリン,P,single,25000,27000,2026-09-19,413443
257/190,マホイップ,S,single,9500,19800,2026-09-19,144721
257/190,ネイティオ,S,single,3900,,2026-09-19,164658
257/XY-P,MボーマンダEX,P,single,29000,29000,2026-09-19,413444
258/184,ガラルの仲間たち,SR,single,10400,9998,2026-09-19,91152
258/190,ラルトス,S,single,9800,,2026-09-19,164659
259/172,オリジンパルキアVSTAR,UR,single,20500,23000,2026-09-19,105552
259/184,キバナ,SR,single,6499,7800,2026-09-19,96681
259/190,キルリア,S,single,16000,,2026-09-19,164660
259/SV-P,ロケット団のニャース,P,single,11800,11300,2026-09-19,573267
259/XY-P,ピカチュウ,P,single,218000,195000,2026-09-19,578175
25DS-JP001,ラーの翼神竜 25th,SE,single,15000,15000,2026-09-19,596153
25DS-JP002,カオス・ソルジャー -開闢の使者- 25th,SE,single,17500,22222,2026-09-19,370624
25LP-JP000,封印されしエクゾディア,UR,single,10800,21000,2026-09-19,687521
25LP-JP016,M∀LICE<Q>HEARTS OF CRYPTER (WCS2025 Ver.),SE,single,,19999,2026-09-19,687583
25TH-JP001,ブラック・マジシャン,UR,single,,250000,2026-09-19,92842
25YC-JP001,アナザー・バース・ストラディオス,SR,single,655000,,2026-09-19,556081
25YC-JP002,エフェクト・ヴェーラー (YCSJ SPECIAL Ver.),UR,single,350000,,2026-09-19,556082
25YJ-JPTKN,Yu-Gi-Oh! CHAMPIONSHIP SERIES JAPAN,SRP,single,,100000,2026-09-19,556083
260/172,オリジンディアルガVSTAR,UR,single,21999,22000,2026-09-19,105546
260/190,フワンテ,S,single,10000,,2026-09-19,164661
260/S-P,リオル,P,single,12800,,2026-09-19,299273
260/SV-P,トウホクのピカチュウ,P,single,26400,26090,2026-09-19,618445
261/172,ギラティナVSTAR,UR,single,43999,43100,2026-09-19,105536
261/184,サイトウ,SR,single,11500,11499,2026-09-19,96675
261/190,ドラパルト,S,single,3000,,2026-09-16,144725
261/190,フワライド,S,single,,7999,2026-09-19,164662
261/SV-P,ヒロシマのピカチュウ,P,single,25950,25930,2026-09-19,618446
262/172,アルセウスVSTAR,UR,single,29999,29600,2026-09-19,105530
262/SM-P,ピカチュウ,プロモ,single,140000,168000,2026-09-19,107461
262/SV-P,コダック,P,single,9800,10000,2026-09-19,565129
262/XY-P,ヤドランEX,P,single,23800,,2026-09-19,413446
263/184,ソッドとシルディ,SR,single,7500,8500,2026-09-19,126524
263/414,バンギラスV,,single,11000,,2026-09-19,380386
263/414,バンギラスV :ミラー,,single,,29800,2026-09-19,380387
263/SV-P,ゴルダック,P,single,11111,13000,2026-09-19,565130
263/XY-P,MヤドランEX,P,single,35000,30000,2026-09-19,413447
264/184,ネズ,SR,single,5800,,2026-09-19,126525
264/742,トゲデマル :ミラー,,single,3999,,2026-09-19,740447
264/S-P,キバナ,プロモ,single,,8500,2026-09-19,107433
264/SM-P,ミミッキュ,プロモ,single,60000,,2026-09-19,107567
264/XY-P,なみのりピカチュウ,プロモ,single,120000,119999,2026-09-19,91447
265/184,バーネット博士,SR,single,8990,8800,2026-09-19,96706
265/190,ミミッキュ,S,single,9800,9000,2026-09-19,160135
265/190,ガラルデスバーン,S,single,4000,,2026-09-19,144729
265/S-P,ピカチュウVMAX,P,single,10700,10780,2026-09-19,328774
265/SV-P,ロケット団のガルーラex,P,single,7200,12980,2026-09-19,565132
265/XY-P,ヤドランソウルリンク,P,single,25000,,2026-09-19,413448
266/184,博士の研究（アララギ博士）,SR,single,8900,12000,2026-09-19,96678
266/SM-P,シロナ,P,single,18800,,2026-09-19,407415
266/XY-P,ボルケニオン,P,single,21900,,2026-09-19,413449
267/184,冒険家の発見,SR,single,7690,5500,2026-09-19,96696
267/190,トロッゴン,S,single,5000,,2026-09-19,144731
267/S-P,アルセウスV,プロモ,single,10800,9500,2026-09-19,128518
268/184,ボスの指令（フラダリ）,SR,single,,8999,2026-09-19,96683
268/190,ソウブレイズ,S,single,9999,9999,2026-09-19,160136
268/S-P,リーフィアV,P,single,12000,7800,2026-09-19,292983
268/SM-P,リーフィアGX,プロモ,single,52000,51000,2026-09-19,93047
268/XY-P,マギアナ,P,single,42000,,2026-09-19,413451
269/184,ポプラ,SR,single,4980,,2026-09-19,126526
269/193,ナンジャモ,SIR,single,32800,49700,2026-09-19,486404
269/S-P,リーフィアVSTAR,P,single,9900,8900,2026-09-19,292984
269/SM-P,グレイシアGX,プロモ,single,38400,36980,2026-09-19,93049
26YC-JP002,リビングデッドの呼び声 UR :トップ64,,single,820000,,2026-09-19,841609
27,ピカチュウ,P,single,29000,,2026-09-19,746088
270/184,マクワ,SR,single,5800,,2026-09-19,126527
270/414,ダークライ :ミラー,,single,10000,19800,2026-09-19,380396
270/742,モルペコ :ミラー,,single,5800,12500,2026-09-19,740454
270/S-P,グレイシアV,P,single,7790,7400,2026-09-19,292985
270/SM-P,レッドのピカチュウ,プロモ,single,139000,136000,2026-09-19,107447
270/SV-P,ロケット団のサカキ,P,single,15400,12999,2026-09-19,553313
271/184,マスター,SR,single,3500,,2026-09-19,126528
271/190,カヌチャン,S,single,6300,,2026-09-19,160137
271/S-P,グレイシアVSTAR,P,single,7980,7500,2026-09-19,292986
271/SV-P,ビクティニ,P,single,8900,8900,2026-09-19,586847
272/184,マスタードいちげきのかた,SR,single,6800,7800,2026-09-19,126529
272/190,ナカヌチャン,S,single,6400,6666,2026-09-19,160138
272/S-P,ピカチュウ,P,single,10000,10000,2026-09-19,289056
273/184,マスタードれんげきのかた,SR,single,,12800,2026-09-19,126530
273/190,デカヌチャン,S,single,6000,,2026-09-19,160139
273/190,タイレーツ,S,single,4000,,2026-09-19,144737
273/S-P,ミュウツーV,プロモ,single,9999,9799,2026-09-19,93008
274/184,メロン,SR,single,7000,5899,2026-09-19,96677
274/190,ボチ,S,single,5000,,2026-09-19,160140
274/190,イシヘンジン,S,single,4000,,2026-09-19,144738
274/S-P,モクロー,P,single,6600,6300,2026-09-19,291474
274/SM-P,ブースター,P,single,,1360000,2026-09-19,407419
274/XY-P,ポンチョを着たピカチュウ,プロモ,single,1500000,1670000,2026-09-19,91415
275/184,ヤロー,SR,single,3800,,2026-09-19,126531
275/SM-P,シャワーズ,P,single,7000,28888,2026-09-19,407420
275/XY-P,ポンチョを着たピカチュウ,プロモ,single,920000,1999999,2026-09-19,91409
276/184,ユウリ,SR,single,15500,14900,2026-09-19,91153
276/190,ガラルマタドガス,S,single,5000,,2026-09-19,144740
276/SM-P,ピカチュウ,プロモ,single,125000,86500,2026-09-19,93079
276/XY-P,リザードンEX: プロモ(アートコレクション),プロモ,single,1510000,1480000,2026-09-19,91400
277/184,ルリナ,SR,single,17500,14499,2026-09-19,96715
277/190,ガラルジグザグマ,S,single,7000,,2026-09-19,144741
277/190,オコリザル,S,single,4900,,2026-09-19,164669
277/SM-P,ファイヤー,プロモ,single,22000,27800,2026-09-19,107556
277/XY-P,サカキの計画,プロモ,single,3800000,5000000,2026-09-19,91383
278/184,はくばバドレックスVMAX,UR,single,13000,9999,2026-09-19,96660
278/190,コノヨザル,S,single,5000,,2026-09-19,164670
278/190,ガラルマッスグマ,S,single,4000,,2026-09-19,144742
278/SM-P,フリーザー,プロモ,single,27800,25000,2026-09-19,107549
278/XY-P,ロケット団参上！,プロモ,single,3710000,4980000,2026-09-19,91382
279/184,ピカチュウVMAX,UR,single,22800,23000,2026-09-19,91154
279/SM-P,サンダー,プロモ,single,29800,34000,2026-09-19,107568
279/SV-P,チェレン,P,single,8400,11000,2026-09-19,585229
279/XY-P,ピカチュウ,プロモ,single,4350000,4700000,2026-09-19,91372
28/S-P,ニャースV,プロモ,single,28000,28000,2026-09-19,107444
280/184,ミュウVMAX,UR,single,23500,23000,2026-09-19,96733
280/190,リオル,S,single,30000,29900,2026-09-19,158127
280/190,クスネ,S,single,4000,,2026-09-19,144744
280/SM-P,ヨコハマのピカチュウ,プロモ,single,358000,335000,2026-09-19,93067
280/XY-P,リザードン,プロモ,single,308000,320000,2026-09-19,91408
281/184,こくばバドレックスVMAX,UR,single,10000,12900,2026-09-19,96684
281/190,ルカリオ,S,single,29000,8400,2026-09-19,158128
281/190,フォクスライ,S,single,4000,,2026-09-19,144745
281/SM-P,ヨコハマのピカチュウ,プロモ,single,249999,219000,2026-09-19,93068
281/XY-P,ピカチュウ,プロモ,single,250000,249999,2026-09-19,91439
282/184,いちげきウーラオスVMAX,UR,single,8700,8900,2026-09-19,96698
282/SM-P,ヨコハマのピカチュウ,プロモ,single,185000,222222,2026-09-19,93050
282/XY-P,とりかえっこプリーズ！,P,single,57500,100000,2026-09-19,413452
283/184,れんげきウーラオスVMAX,UR,single,9999,10555,2026-09-19,96699
283/SM-P,ヨコハマのピカチュウ,プロモ,single,150000,140800,2026-09-19,93078
284/184,レックウザVMAX,UR,single,19500,18500,2026-09-19,96659
284/190,オーロンゲ,S,single,5000,,2026-09-19,144748
284/XY-P,ギラティナ,P,single,,135000,2026-09-19,413543
285/184,ジュラルドンVMAX,UR,single,7900,9400,2026-09-19,96661
285/190,キョジオーン,S,single,5000,4400,2026-09-19,164674
285/190,ガラルニャース,S,single,5000,,2026-09-19,144749
285/S-P,ハマナのバックアップ: プロモ P :ミラー,プロモ,single,5500,,2026-09-19,289888
285/SM-P,メルメタルGX,P,single,,19800,2026-09-19,407422
286/190,キラーメ,S,single,3980,,2026-09-19,164675
286/S-P,マナフィ,P,single,,50000,2026-09-19,292714
286SM-P,コダック ムンク展,プロモ,single,1780000,1748000,2026-09-19,100091
287/S-P,フシギダネ,P,single,5300,5300,2026-09-19,666715
287/SM-P,イーブイ ムンク展,プロモ,single,890000,890000,2026-09-19,100093
287/XY-P,バンギラス,P,single,78000,,2026-09-19,413546
288/190,アーマーガア,S,single,4000,,2026-09-19,144752
288/SM-P,ピカチュウ ムンク展,プロモ,single,2300000,2350000,2026-09-19,100090
288/SV-P,ビクティニ,P,single,225000,235000,2026-09-19,585230
289/S-P,ヒトカゲ,P,single,7000,7500,2026-09-19,666714
289/SM-P,ミミッキュ ムンク展,プロモ,single,3450000,3400000,2026-09-19,93056
289/SV-P,フクオカのピカチュウ,P,single,23000,23479,2026-09-19,618447
289/XY-P,ミニスカートのおすすめ,P,single,18000,21500,2026-09-19,413548
290/414,モルペコV :ミラー,,single,11000,,2026-09-19,380420
290/742,ロケット団のミュウツーex,,single,10000,,2026-09-19,740479
290/S-P,ゼニガメ,P,single,7200,6999,2026-09-19,666716
290/XY-P,サトシゲッコウガEX,プロモ,single,395000,400000,2026-09-19,91433
290SM-P,モクロー ムンク展,プロモ,single,348000,345000,2026-09-19,100092
291/190,ジュラルドン,S,single,5000,,2026-09-19,144755
291/190,ヤミラミ,S,single,,13500,2026-09-19,164678
291/SM-P,ピカチュウ,プロモ,single,200000,260000,2026-09-19,93081
291/SV-P,ピカチュウ,P,single,5000,5400,2026-09-19,705192
291/XY-P,チルタリス,プロモ,single,390000,3280000,2026-09-19,91419
292/190,チラーミィ,S,single,5280,7000,2026-09-19,144756
292/190,コマタナ,S,single,3980,,2026-09-19,164679
292/S-P,カイリューV,P,single,9800,9300,2026-09-19,653126
292/SM-P,モクロー,P,single,18600,,2026-09-19,407423
292/XY-P,そらをとぶピカチュウ,プロモ,single,159000,156000,2026-09-19,91445
293/190,キリキザン,S,single,5000,,2026-09-19,164680
293/190,チラチーノ,S,single,4000,,2026-09-19,144757
293/S-P,カイリューVSTAR,プロモ,single,9000,8800,2026-09-19,106755
293/SM-P,アローラロコン,P,single,,29000,2026-09-19,407424
293/XY-P,マリオピカチュウ,プロモ,single,1485000,1450000,2026-09-19,91399
294/190,コアルヒー,S,single,5000,,2026-09-19,144758
294/217,メガリザードンYex,MHR,single,,420000,2026-09-19,757494
294/SM-P,ミミッキュ,P,single,40000,300000,2026-09-19,407425
294/XY-P,マリオピカチュウ,プロモ,single,5600000,5300000,2026-09-19,91385
295/SM-P,イーブイ,プロモ,single,55000,58000,2026-09-19,107552
295/XY-P,ルイージピカチュウ,プロモ,single,1070000,1050000,2026-09-19,91401
296/190,マフィティフ,S,single,6500,,2026-09-19,164683
296/S-P,カイオーガV,P,single,13999,13999,2026-09-19,286331
296/SM-P,フウとラン,P,single,6800,,2026-09-19,407426
296/XY-P,ルイージピカチュウ,プロモ,single,2780000,2700000,2026-09-19,91390
297/190,ヤレユータン,S,single,4000,,2026-09-19,144761
297/190,シルシュルー,S,single,3980,,2026-09-19,164684
297/SM-P,イーブイ&カビゴンGX,プロモ,single,75000,76600,2026-09-19,107497
297/XY-P,スズキサン,プロモ,single,,30000000,2026-09-19,93124
298/742,エーフィex :ミラー,,single,13999,12000,2026-09-19,740489
298/SM-P,パラス,P,single,4000,,2026-09-19,407427
298/XY-P,MサチコEX,プロモ,single,,12000000,2026-09-19,93121
299/190,ハッサム,S,single,9999,9999,2026-09-19,158129
299/190,ヨクバリス,S,single,5000,,2026-09-19,144763
299/SM-P,サンダース,P,single,29800,26800,2026-09-19,407428
300/190,ココガラ,S,single,4000,,2026-09-19,144764
301-051,溶岩魔神ラヴァ・ゴーレム,UL,single,,132000,2026-09-19,92610
301-056,真紅眼の黒竜,UL,single,800000,770000,2026-09-19,92609
301/SM-P,ピッピ,P,single,,29800,2026-09-19,408253
302-051,XY－ドラゴン・キャノン,UL,single,110000,,2026-09-19,92608
302-052,XYZ－ドラゴン・キャノン,UL,single,,93900,2026-09-19,92606
302-055,リボルバー・ドラゴン,UL,single,260000,299999,2026-09-19,92607
302/190,ウールー,S,single,4000,,2026-09-19,144766
303-051,超魔導剣士－ブラック・パラディン,UL,single,195000,194000,2026-09-19,92604
303-054,バスター・ブレイダー,UL,single,298000,260000,2026-09-19,92603
303/SM-P,ガルーラGX,P,single,11000,,2026-09-19,407431
304-051,カイザー・グライダー,UL,single,50000,59000,2026-09-19,92602
304-054,カオス・ソルジャー,UL,single,740000,499800,2026-09-19,92601
304/190,ゴリランダーV,SSR,single,6000,5500,2026-09-19,144768
304/S-P,ルカリオV SR: 争奪戦プロモ (シールド戦ルカリオ),プロモ,single,82500,77999,2026-09-19,98512
305-053,暗黒魔族ギルファー・デーモン,UL,single,26000,,2026-09-19,92600
305/190,ピジョン,S,single,4999,,2026-09-19,164689
305/S-P,ルカリオVSTAR HR: 争奪戦,プロモ,single,284699,275000,2026-09-19,98403
306-025,カオス・ソルジャー －開闢の使者－,UL,single,920000,570000,2026-09-19,92596
306-057,マジシャン・オブ・ブラックカオス,UL,single,328000,258000,2026-09-19,92597
306/190,ワタシラガV,SSR,single,5000,,2026-09-19,144770
306/414,コバルオン :ミラー,,single,,5000,2026-09-19,380438
306/S-P,おいわいファンファーレ,P,single,26500,26489,2026-09-19,289441
306/SM-P,イーブイ,P,single,21800,27800,2026-09-19,407433
307-010,混沌の黒魔術師,UL,single,740000,500000,2026-09-19,92594
307-057,封印されしエクゾディア,UL,single,390000,250000,2026-09-19,92593
307/190,リザードンV,SSR,single,36500,36498,2026-09-19,91192
307/SM-P,ピカチュウ,プロモ,single,30000,38000,2026-09-19,107553
308-034,大天使ゼラート,UL,single,66000,150000,2026-09-19,92591
308-057,人造人間－サイコ・ショッカー,UL,single,210000,362000,2026-09-19,92592
308/190,リザードンVMAX,SSR,single,36999,34000,2026-09-19,91191
308/SM-P,かんこうきゃく,プロモ,single,29000,34999,2026-09-19,107557
309-057,竜騎士ガイア,UL,single,250000,245000,2026-09-19,92589
309/190,メタモン,S,single,26500,21800,2026-09-19,160146
309/190,マルヤクデV,SSR,single,5000,7000,2026-09-19,144771
310/190,カビゴン,S,single,8800,8700,2026-09-19,164692
310/190,マルヤクデVMAX,SSR,single,6600,6600,2026-09-19,144772
310/SM-P,イーブイ,P,single,,16000,2026-09-19,407435
311/190,ラプラスV,SSR,single,28888,27000,2026-09-19,144773
312/190,ラプラスVMAX,SSR,single,11000,8400,2026-09-19,92900
312/742,ラティアスex :ミラー,,single,8980,,2026-09-19,740504
314/190,ストリンダーV,SSR,single,5000,6800,2026-09-19,144775
315/190,ストリンダーVMAX,SSR,single,7499,,2026-09-19,144776
316/190,イエッサンV,SSR,single,9500,8800,2026-09-19,144777
316/414,レックウザVMAX,,single,22500,14000,2026-09-19,380452
317/190,ワッカネズミ,S,single,10700,,2026-09-19,164699
317/190,ドラパルトV,SSR,single,9990,11900,2026-09-19,144778
317/SM-P,ポリゴンZGX,P,single,,11000,2026-09-19,407442
318/190,ドラパルトVMAX,SSR,single,5000,80000,2026-09-19,144779
319/190,タイレーツV,SSR,single,3980,,2026-09-19,144780
32/S-P,モルペコ,プロモ,single,47000,39800,2026-09-19,106786
320/190,クロバットVMAX,SSR,single,9000,8190,2026-09-19,144781
320/190,フォレトスex,SSR,single,5080,4800,2026-09-19,164701
320/S-P,アンノーンV,プロモ,single,5899,,2026-09-19,100541
320/SM-P,あばれる君,プロモ,single,120000,120000,2026-09-19,93064
321/190,マスカーニャex,SSR,single,7500,7000,2026-09-19,151750
321/190,オーロンゲV,SSR,single,5000,,2026-09-19,144782
322/190,オーロンゲVMAX,SSR,single,4500,,2026-09-19,144783
322/190,リククラゲex,SSR,single,4000,4280,2026-09-19,160956
322/S-P,ルギアV,プロモ,single,28000,31000,2026-09-19,100543
322/SM-P,ジラーチ,プロモ,single,22500,21400,2026-09-19,107498
323/190,メタモンV,SSR,single,14800,13999,2026-09-19,144784
323/190,クエスパトラex,SSR,single,3980,4000,2026-09-19,164702
323/SM-P,ニンフィアGX,プロモ,single,72000,73000,2026-09-19,91216
323S-P,ピカチュウ,プロモ,single,76000,76500,2026-09-19,104514
324/190,メタモンVMAX,SSR,single,13300,10500,2026-09-19,144785
324/190,ラウドボーンex,SSR,single,4400,10990,2026-09-19,151751
324/SM-P,エリカのおもてなし,P,single,11000,11000,2026-09-19,407820
324S-P,ルギアV,プロモ,single,14100,13900,2026-09-19,100593
325/190,ウェーニバルex,SSR,single,5100,4500,2026-09-19,151752
325/SM-P,お茶会ごっこピカチュウ,プロモ,single,130000,138980,2026-09-19,91260
325S-P,ルギアVSTAR,プロモ,single,22500,23500,2026-09-19,100594
326/190,フーディンex,SSR,single,7500,,2026-09-19,164703
326/190,ウッウV,SSR,single,3500,11900,2026-09-19,144787
326/SM-P,イーブイ,P,single,38000,38000,2026-09-19,407821
326S-P,シェイミ,プロモ,single,16000,,2026-09-19,100595
327/190,ムゲンダイナV,UR,single,15000,11000,2026-09-19,144788
327/190,ミュウex,SSR,single,9000,9500,2026-09-19,160147
327S-P,アーケオス,プロモ,single,4100,,2026-09-19,100596
328/190,ムゲンダイナVMAX,UR,single,10000,,2026-09-19,144789
328/190,サーナイトex,SSR,single,5800,7999,2026-09-19,160148
329/190,ザシアンV,UR,single,9850,9800,2026-09-19,144790
329/190,キラフロルex,SSR,single,3980,6280,2026-09-19,164704
330/190,ザマゼンタV,UR,single,12500,7000,2026-09-19,144791
330/190,イダイナキバex,SSR,single,4480,4980,2026-09-19,160149
331/190,リザードンex,SSR,single,9400,9660,2026-09-19,151753
332/190,パルデア ドオーex,SSR,single,6000,25000,2026-09-19,160150
333/190,テツノワダチex,SSR,single,3980,,2026-09-19,160151
334/190,オンバーンex,SSR,single,4800,4700,2026-09-19,163481
335/190,ピジョットex,SSR,single,5400,7199,2026-09-19,160957
336/190,プクリンex,SSR,single,5480,5555,2026-09-19,160958
337/190,イキリンコex,SSR,single,5300,5000,2026-09-19,160152
337/SM-P,名探偵ピカチュウ,プロモ,single,104999,99000,2026-09-19,93080
338/190,ウミトリオ,AR,single,5222,5949,2026-09-19,163482
338/SM-P,名探偵ピカチュウ,P,single,116000,109000,2026-09-19,93066
339/190,イルカマン,AR,single,5500,8600,2026-09-19,162092
339/SM-P,名探偵ピカチュウ,P,single,34000,34999,2026-09-19,407831
340/190,パモ,AR,single,7100,8000,2026-09-19,162093
340/S-P,マリィ エクストラバトルの日,プロモ,single,6500,6399,2026-09-19,106726
340/SM-P,ビクティニ,P,single,35000,37000,2026-09-19,407832
341/190,ミミッキュ,AR,single,12900,11500,2026-09-19,164260
342/SM-P,ミュウ,P,single,44480,39500,2026-09-19,407834
343/190,ネモ,SR,single,6666,9000,2026-09-19,164705
343/S-P,ミュウ エクストラバトルの日,P,single,21000,20999,2026-09-19,106729
343/SM-P,イベルタル,P,single,13000,12399,2026-09-19,407835
344/190,ネルケ,SR,single,,9990,2026-09-19,164248
345/190,パルデアの学生,SR,single,9580,9799,2026-09-19,164706
346/190,パルデアの学生,SR,single,6999,7099,2026-09-19,164249
347/190,ミュウex,SAR,single,110000,111000,2026-09-19,164250
348/190,サーナイトex,SAR,single,29480,29300,2026-09-19,162094
349/190,リザードンex,SAR,single,64555,64000,2026-09-19,162095
350/190,ナンジャモ,SAR,single,23499,23000,2026-09-19,164251
351/190,ネモ,SAR,single,7280,7300,2026-09-19,164252
352/190,ネルケ,SAR,single,11900,12500,2026-09-19,164253
353/190,ペパー,SAR,single,5500,7800,2026-09-19,161472
354/190,ボタン,SAR,single,6800,11800,2026-09-19,164255
355/190,チオンジェンex,UR,single,4500,,2026-09-19,164707
357/190,パオジアンex,UR,single,5800,,2026-09-19,164708
358/190,ミライドンex,UR,single,9200,19888,2026-09-19,164709
359/190,ディンルーex,UR,single,7500,,2026-09-19,164710
360/190,コライドンex,UR,single,7500,,2026-09-19,164257
360/SM-P,テラキオン,P,single,9900,39800,2026-09-19,407852
361/SM-P,セレビィ,プロモ,single,35000,,2026-09-19,107451
362/SM-P,エリカ,P,single,19000,,2026-09-19,407853
363/SM-P,ミュウツーGX SR: 争奪戦,プロモ,single,470000,490000,2026-09-19,134005
364/SM-P,ミュウツーGX: 争奪戦,プロモ,single,3750000,4380000,2026-09-19,93052
365/SM-P,アーマードミュウツー: プロモ (開封済),プロモ,single,112990,110000,2026-09-19,107574
366/SM-P,リザードン,プロモ,single,60000,55000,2026-09-19,93077
367/SM-P,ピカチュウ,P,single,28000,28000,2026-09-19,407854
368/SM-P,ガルーラ,P,single,12222,15000,2026-09-19,407855
369/SM-P,ピカチュウ,プロモ,single,300000,375000,2026-09-19,93071
371/SM-P,イーブイ,P,single,22500,22000,2026-09-19,407857
372/SM-P,ヨノワール,P,single,,98000,2026-09-19,407858
373/SM-P,チコリータ,P,single,70000,80000,2026-09-19,407859
375/742,グラードン,,single,7100,6100,2026-09-19,740572
375/SM-P,ニャース,プロモ,single,125000,200000,2026-09-19,107575
376/SM-P,ピカチュウ,プロモ,single,70000,88999,2026-09-19,107449
377/SM-P,ピカチュウ,P,single,69500,70000,2026-09-19,407861
378/SM-P,イーブイ,P,single,29500,45000,2026-09-19,407862
381/SM-P,ピッピ (リーリエ),プロモ,single,66000,65000,2026-09-19,93048
384/SM-P,アローラサンドパンGX,P,single,12000,12000,2026-09-19,407867
385/SM-P,グレイシア,P,single,22000,,2026-09-19,407868
389/SM-P,アローラキュウコン,P,single,13000,,2026-09-19,407872
392/SM-P,海で遊ぶピカチュウ,プロモ,single,63500,66000,2026-09-19,107448
393/SM-P,ピカチュウGX,プロモ,single,105000,100000,2026-09-19,93069
395/SM-P,アセロラ エクストラバトルの日,プロモ,single,3470000,3680000,2026-09-19,93053
396/SM-P,グズマ エクストラバトルの日,プロモ,single,770000,730000,2026-09-19,93055
397/414,シャクヤ :ミラー,,single,,20000,2026-09-19,380555
397/SM-P,リーリエ エクストラバトルの日,プロモ,single,10900000,11000000,2026-09-19,93051
398/SM-P,プレイヤーズセレモニー,プロモ,single,285000,998000,2026-09-19,91212
399/SM-P,イーブイ,P,single,45000,47500,2026-09-19,407876
4/102,リザードン R :メタルカード,プロモ,single,1600000,,2026-09-19,746161
4/102,リザードン,,single,23000,211111,2026-09-19,489508
40/PMCGI,ピカチュウ: 旧裏,,single,325000,420000,2026-09-19,93328
400/SM-P,ピカチュウ,プロモ,single,735000,698000,2026-09-19,93060
401/SM-P,アローラの仲間たち,プロモ,single,460000,480000,2026-09-19,93046
403/SM-P,イーブイ,プロモ,single,26500,54999,2026-09-19,107544
405/SM-P,ミュウツー,プロモ,single,108000,68000,2026-09-19,93065
407/SM-P,漫才ごっこピカチュウ,プロモ,single,120000,119500,2026-09-19,127035
408/414,マリィのプライド :ミラー,,single,9000,8900,2026-09-19,380571
408/SM-P,サーナイト,P,single,16899,16900,2026-09-19,407878
415/414,ピカチュウV,,single,23800,25000,2026-09-19,96741
416/414,グランブルV,,single,6500,6280,2026-09-19,380578
417/414,ザマゼンタV,,single,15999,9500,2026-09-19,96748
418/414,ジュン,,single,7000,15000,2026-09-19,126532
419/414,マリィのプライド,,single,26999,26000,2026-09-19,91150
420/414,ガラルフリーザーV,,single,9479,9480,2026-09-19,96745
421/414,ガラルサンダーV,,single,9800,9800,2026-09-19,96743
422/414,ガラルファイヤーV,,single,9000,9200,2026-09-19,91149
445/742,ゲンガーex,,single,10800,22000,2026-09-19,740646
446/742,ブラッキーex :ミラー,,single,13999,54980,2026-09-19,740648
446/742,ブラッキーex,,single,,77777,2026-09-19,740647
564/742,イーブイ :ミラー,,single,6999,6800,2026-09-19,740774
566/742,イーブイex :ミラー,,single,9999,8888,2026-09-19,740776
568/742,カビゴン :ミラー,,single,12000,12000,2026-09-19,740779
568/742,カビゴン,,single,,11111,2026-09-19,740778
58/102,ピカチュウ C :メタルカード,プロモ,single,1750000,,2026-09-19,746292
588/742,ザングースex :ミラー,,single,6900,,2026-09-19,740803
5TH1-JP001,永劫の神導龍 (PREMIUM BLACK Ver.),ORR,single,99999,78000,2026-09-19,566846
5TH1-JP002,超魔導剣士-ブラック・パラディン,ORR,single,33333,39800,2026-09-19,566848
602/742,メガタブンネex :ミラー,,single,9800,,2026-09-19,737032
711C-JP001,ブラック・マジシャン,NP,single,11000,,2026-09-19,596147
711D-JP001,青眼の白龍,NP,single,15000,15000,2026-09-19,343644
711D-JP002,XYZ-ハイパー・ドラゴン・キャノン,NP,single,,22000,2026-09-19,343645
711D-JP003,真紅眼の黒竜,NP,single,10000,14000,2026-09-19,343646
711E-JP001,青眼の究極竜,NP,single,20000,13800,2026-09-19,670346
711E-JP002,ブラック・マジシャン・ガール,NP,single,9500,8499,2026-09-19,670347
729/742,リーリエの決心 :ミラー,,single,12500,20000,2026-09-19,740972
74/SM-P,サトシのピカチュウ,プロモ,single,145000,139000,2026-09-19,91257
743/742,エリカのモンジャラ AR仕様,,single,13499,12000,2026-09-19,737033
744/742,エンニュートAR仕様,,single,11500,7500,2026-09-19,742506
745/742,ヒバニー AR仕様,,single,10899,10900,2026-09-19,742507
746/742,マニューラ AR仕様,,single,7000,7999,2026-09-19,742508
747/742,クワガノン AR仕様,,single,15800,14000,2026-09-19,742509
748/742,マリル AR仕様,,single,8800,8800,2026-09-19,742510
749/742,ジュペッタ AR仕様,,single,15000,10000,2026-09-19,742511
750/742,ペロリーム AR仕様,,single,11800,8500,2026-09-19,737034
751/742,カポエラー AR仕様,,single,10500,,2026-09-19,742512
752/742,メレシー AR仕様,,single,9980,,2026-09-19,742513
753/742,グラエナ AR仕様,,single,9000,9500,2026-09-19,742514
754/742,クチート AR仕様,,single,17000,12000,2026-09-19,742515
755/742,イーブイ AR仕様,,single,38500,39400,2026-09-19,737035
756/742,アオキのムクホーク AR仕様,,single,9970,9000,2026-09-19,742516
757/742,ニャオハex SR仕様,,single,7800,12800,2026-09-19,742517
758/742,マッギョex SR仕様,,single,8000,,2026-09-19,742518
759/742,メガタブンネex SR仕様,,single,11000,10950,2026-09-19,742519
76/108,MレックウザEX,,single,40000,45555,2026-09-19,489511
760/742,ボスの指令(カラスバ) SR仕様,,single,12800,12500,2026-09-19,742520
761/742,メガメガニウムex SAR仕様,,single,14800,15500,2026-09-19,742521
762/742,メガエンブオーex SAR仕様,,single,10000,11280,2026-09-19,742522
763/742,メガオーダイルex SAR仕様,,single,23333,22780,2026-09-19,742523
764/742,ピカチュウex SAR仕様,,single,223000,217900,2026-09-19,737036
765/742,リーリエのピッピex SAR仕様,,single,72980,72500,2026-09-19,742429
766/742,メガリザードンYex MUR仕様,,single,925000,940000,2026-09-19,742562
80/S-P,ムゲンダイナVMAX,プロモ,single,6000,,2026-09-19,106793
ABPF-JP040,セイヴァー・デモン・ドラゴン,UL,single,,89000,2026-09-19,92511
ABS-02,ベジータ -,,single,42000,50000,2026-09-19,275082
ABS-07,孫悟空 :少年期,UR,single,,30000,2026-09-19,275086
ABS-08,ピッコロ大魔王,UR,single,,20000,2026-09-19,275087
ABS-09,孫悟空,UR,single,,30000,2026-09-19,275088
ABS-10,フリーザ,UR,single,,20000,2026-09-19,275089
ABS-11,孫悟飯 :少年期,UR,single,,30000,2026-09-19,275090
ABS-12,セル,UR,single,,20000,2026-09-19,275091
ABS-13,ベジット,UR,single,,30000,2026-09-19,275092
ABS-14,魔人ブウ :悪,UR,single,,20000,2026-09-19,275093
ABS-15,ゴジータ：GT UR 開封済,プロモ,single,,30000,2026-09-19,148628
ABS-16,超一星龍,UR,single,,20000,2026-09-19,275094
ABS-17,ゴジータ :BR -,,single,16800,,2026-09-19,274335
ABS-19,ゴテンクス -,,single,12800,,2026-09-19,274337
ABS-20,ゴジータ :GT -,,single,17800,,2026-09-19,274338
ABS-21,ケフラ -,,single,12800,,2026-09-19,274339
ABS-22,ピッコロ -,,single,13800,,2026-09-19,274340
ABS-23,ベジット :アメ玉 -,,single,13333,12800,2026-09-19,274341
ABS-24,孫悟空,プロモ,single,40000,,2026-09-19,155472
ABS-27,ベジータ,プロモ,single,40000,19000,2026-09-19,155475
ABS-28,ゴジータ,プロモ,single,55000,60000,2026-09-19,155476
ABS-30,トランクス：青年期,プロモ,single,30000,,2026-09-19,155478
ABS-33,孫悟空 -,,single,,120000,2026-09-19,329994
AC01-JP000,No.17 リバイス・ドラゴン,PSE,single,,11000,2026-09-19,531691
AC02-JP000,BLUE EYES WHITE DRAGON,PSE,single,70000,57000,2026-09-19,92388
ADC1-EN001,ブラック・マジシャン,SE,single,,198000,2026-09-19,110801
ADV/ADV,基本闘エネルギー :25thホロ,,single,118000,274000,2026-09-19,428845
AGOV-JP000,結束と絆の魔導師 25th,SE,single,,35000,2026-09-19,131378
AGOV-JP006,黒魔女ディアベルスター 25th,SE,single,26000,,2026-09-19,131393
AGOV-JP046,S:P リトルナイト 25th,SE,single,27800,,2026-09-19,131473
ALIN-JP000,超究極魔導竜王 25th,SE,single,50000,98000,2026-09-19,509873
ALIN-JP004,魔術師の弟子-ブラック・マジシャン・ガール 25th,SE,single,65000,64700,2026-09-19,509881
ALIN-JP004,魔術師の弟子-ブラック・マジシャン・ガール,SE,single,15500,17500,2026-09-19,509880
ALIN-JP004,魔術師の弟子-ブラック・マジシャン・ガール,UL,single,14000,15000,2026-09-19,509879
ALIN-JP004,魔術師の弟子-ブラック・マジシャン・ガール,UR,single,12500,,2026-09-19,509882
ALIN-JP012,白魔女ディアベルゼ 25th,SE,single,10000,,2026-09-19,509895
ALIN-JP023,M∀LICE<P>March Hare 25th,SE,single,12000,,2026-09-19,509917
ALIN-JP028,Live☆Twin リィラ・スウィート 25th,SE,single,11700,,2026-09-19,509926
ALIN-JP049,超征竜-ディザスター 25th,SE,single,5700,,2026-09-19,509964
ANPR-JP040,エンシェント・フェアリー・ドラゴン,UL,single,89500,219999,2026-09-19,92515
ANPR-JP040,エンシェント・フェアリー・ドラゴン,HR,single,,79999,2026-09-19,92514
AP-002,孫悟飯 : 少年期,GDR,single,,19000,2026-09-19,470808
APT-001,孫悟空 : 少年期 N★,,single,60000,49000,2026-09-19,762877
APT-001,孫悟空 : 少年期,N,single,20000,19999,2026-09-19,762876
APT-002,孫悟空 N★,,single,46900,40000,2026-09-19,762879
APT-002,孫悟空,N,single,,10000,2026-09-19,762878
APT-003,孫悟空 R★,,single,70000,48000,2026-09-19,762881
APT-003,孫悟空,R,single,,10000,2026-09-19,762880
APT-004,孫悟空 R★,,single,61000,54000,2026-09-19,762883
APT-005,孫悟空 SR★★,,single,169800,168000,2026-09-19,767170
APT-005,孫悟空 SR★,,single,120000,67770,2026-09-19,762885
APT-005,孫悟空,SR,single,,12400,2026-09-19,762884
APT-006,孫悟空 GDR★,,single,165000,140000,2026-09-19,762887
APT-006,孫悟空,GDR,single,16000,15000,2026-09-19,762886
APT-007,孫悟飯 : 幼年期 SR★,,single,125000,41000,2026-09-19,762889
APT-007,孫悟飯 : 幼年期,SR,single,,13000,2026-09-19,762888
APT-008,孫悟飯 : 少年期 R★,,single,29000,54000,2026-09-19,762891
APT-009,孫悟飯 : 青年期 N★,,single,,28450,2026-09-19,762893
APT-009,孫悟飯 : 青年期,N,single,,10000,2026-09-19,762892
APT-012,ベジータ R★,,single,45000,150000,2026-09-19,762899
APT-012,ベジータ,R,single,,10000,2026-09-19,762898
APT-013,ベジータ SR★,,single,77777,49000,2026-09-19,762901
APT-013,ベジータ,SR,single,,30000,2026-09-19,762900
APT-014,トランクス : 幼年期,N,single,,10000,2026-09-19,762902
APT-016,ベジット SR★,,single,,26666,2026-09-19,762907
APT-017,ピッコロ R★,,single,30000,30000,2026-09-19,762909
APT-018,ブルマ N★,,single,80000,25000,2026-09-19,762911
APT-018,ブルマ,N,single,,10000,2026-09-19,762910
APT-019,ヤムチャ N★,,single,,50000,2026-09-19,762913
APT-020,亀仙人 N★,,single,30000,39800,2026-09-19,762915
APT-020,亀仙人,N,single,,10000,2026-09-19,762914
APT-021,クリリン,N,single,,10000,2026-09-19,762916
APT-022,天津飯 N★,,single,,16000,2026-09-19,762919
APT-023,ミスター・サタン N★,,single,,21500,2026-09-19,762921
APT-024,ビーデル R★,,single,,49999,2026-09-19,762923
APT-026,フリーザ,N,single,,10000,2026-09-19,762926
APT-027,フリーザ R★,,single,30000,18888,2026-09-19,762929
APT-028,フリーザ GDR★,,single,99999,40000,2026-09-19,762931
APT-028,フリーザ GDR★★,,single,79000,72500,2026-09-19,767171
APT-028,フリーザ,GDR,single,,13000,2026-09-19,762930
APT-030,魔人ブウ : 善,N,single,,10000,2026-09-19,762934
ART1-JP001,増援 25th,SE,single,50000,45000,2026-09-19,169581
AW02-JP001,オシリスの天空竜 (墨絵ブラック Ver),PSE,single,800000,980000,2026-09-19,772035
AW02-JP002,オベリスクの巨神兵 (墨絵ブラック Ver),PSE,single,700000,920000,2026-09-19,772036
AW02-JP003,ラーの翼神竜 (墨絵ブラック Ver),PSE,single,700000,990000,2026-09-19,772037
AW02-JPM001,オシリスの天空竜 (墨絵ブラック Ver),UR,single,105000,64800,2026-09-19,772038
AW02-JPM002,オベリスクの巨神兵 (墨絵ブラック Ver),UR,single,40000,54000,2026-09-19,772039
AW02-JPM003,ラーの翼神竜 (墨絵ブラック Ver),UR,single,50000,49800,2026-09-19,772040
B3-02,デーモンの召喚,UR,single,62800,,2026-09-19,614407
BACH-JPS01,究極竜騎士,PSE,single,70000,63500,2026-09-19,92219
BC-34,ヂェミナイ・エルフ,UL,single,140000,140000,2026-09-19,92637
BC-34,ヂェミナイ・エルフ,URP,single,40000,,2026-09-19,92636
BETB-JP036,真紅眼の超越黒竜 PSE :オーバーフレーム,,single,120000,120000,2026-09-19,855406
BETB-JPS15,ビヨンド・ザ・ブレイブ (トークン) UR :オーバーフレーム,,single,150000,120000,2026-09-19,859759
BLVO-JPS01,アームド・ドラゴン LV１０,PSE,single,,50000,2026-09-19,92250
BLZD-JP038,スカーレッド・ハイパーノヴァ・ドラゴン,PSE,single,10000,,2026-09-19,755157
BM1-SEC,孫悟空,UR,single,28999,,2026-09-19,271220
BM10-071,バーダック,UR,single,,19500,2026-09-19,275097
BM10-SEC,ゴジータ :BM,UR,single,27999,,2026-09-19,272128
BM10-SEC3,ゴジータ :GT,UR,single,16666,17000,2026-09-19,272130
BM11-ASEC,孫悟空,UR,single,130000,49999,2026-09-19,272219
BM11-ASEC-DA,孫悟空,UR,single,,22800,2026-09-19,274254
BM11-ASEC2,孫悟空,UR,single,80000,80000,2026-09-19,275098
BM11-ASECパラレル,孫悟空,UR,single,148000,143000,2026-09-19,148606
BM11-SEC3,孫悟空,UR,single,66666,47000,2026-09-19,148626
BM11-SEC3LC,孫悟空,UR,single,,55000,2026-09-19,372316
BM12-017,孫悟飯 :幼年期,UR,single,49800,,2026-09-19,272257
BM12-ICP1,孫悟飯 :幼年期,CP,single,,48000,2026-09-19,272329
BM12-LSEC,ゴジータ :BM,UR,single,18000,24000,2026-09-19,275099
BM12-SEC3,孫悟飯 :少年期,UR,single,19999,62000,2026-09-19,272312
BM2-SEC,孫悟空 :ゼノ,UR,single,22222,,2026-09-19,271318
BM2-SEC3,ベジータ,UR,single,42000,,2026-09-19,271320
BM3-SEC,孫悟空 :ゼノ,UR,single,33333,,2026-09-19,271491
BM3-SEC2,孫悟空,UR,single,30000,23000,2026-09-19,271492
BM3-SEC2LC,孫悟空,UR,single,,42999,2026-09-19,372314
BM3-SEC3,ゴジータ,UR,single,65000,30000,2026-09-19,271493
BM6-021,ベジット,UR,single,,59999,2026-09-19,271735
BM6-ASEC2,孫悟空,UR,single,,47500,2026-09-19,275096
BM6-SEC2,ベジット,UR,single,27999,,2026-09-19,271785
BM6-SEC3,孫悟空,UR,single,42000,33000,2026-09-19,271786
BM7-SEC,孫悟空,UR,single,32999,30000,2026-09-19,148618
BM7-SEC3,孫悟空,UR,single,25999,22222,2026-09-19,271870
BM9-SEC2,孫悟空,UR,single,24444,59999,2026-09-19,272040
BM9-SEC3,フリーザ,UR,single,51111,,2026-09-19,272041
BODE-JP007,白の聖女エクレシア,PSE,single,,45000,2026-09-19,92226
BODE-JP051,Evil★Twin’s トラブル・サニー,PSE,single,,28000,2026-09-19,92227
BPCT-JP005,F・G・D,UL,single,128000,75800,2026-09-19,92838
BPRO-JP041,黒き竜のエクレシア,UL,single,,15000,2026-09-19,716796
BPRO-JPS02,スターダスト・ドラゴン／バスター,PSE,single,,35000,2026-09-19,716961
BPT-J02,混沌帝龍 －終焉の使者－,UL,single,225000,189000,2026-09-19,92839
BW-P/BW-P,ダークライEX,プロモ,single,264100,248000,2026-09-19,93152
BW-P/BW-P,ヘビーボール,プロモ,single,,120000,2026-09-19,91559
CCC2-JP001,ブラック・マジシャン・ガール,NP,single,17000,20950,2026-09-19,431002
CCC2-JPS01,幸せの魔法使いココッシュ,NP,single,9800,14000,2026-09-19,430945
CDIP-JP008,魅惑の女王 LV７,UL,single,110000,,2026-09-19,92539
CF01-JPS02,白の聖女エクレシア 25th,SE,single,16500,33000,2026-09-19,387331
CF01-JPS04,赫の聖女カルテシア 25th,SE,single,33000,,2026-09-19,387333
CHIM-JP049,I：Pマスカレーナ 20th,SE,single,200000,200000,2026-09-19,92289
CLKWAT/032,基本水エネルギー,,single,7000,,2026-09-19,147555
CLLLIG/032,基本雷エネルギー,,single,13000,,2026-09-19,147554
CORI-JP001,超魔剣士ブラック・カオス,PSE,single,29800,29999,2026-09-19,809147
CORI-JP022,始まりの神ファーラ PSE :オーバーフレーム,,single,81500,65800,2026-09-19,809156
CORI-JP027,黒き混沌の魔術師ブラック・カオス PSE :オーバーフレーム,,single,69000,69000,2026-09-19,809160
CORI-JP028,光と闇の戦士カオス・ソルジャー PSE :オーバーフレーム,,single,74000,65500,2026-09-19,809162
CORI-JPS15,カオス・オリジンズ (トークン) UR :オーバーフレーム,,single,104800,85000,2026-09-19,812340
CP19-JP000,F・G・D 20th,SE,single,15000,15000,2026-09-19,557357
CRV-JP005,ハネクリボー LV１０,UL,single,,218000,2026-09-19,92562
CRV-JP015,サイバー・ドラゴン,UL,single,48000,,2026-09-19,92561
CRV-JP036,サイバー・エンド・ドラゴン,UL,single,300000,198000,2026-09-19,92560
CRV-JP048,摩天楼 －スカイスクレイパー－,UL,single,70000,,2026-09-19,92565
CSOC-JP039,ブラック・ローズ・ドラゴン,UL,single,118000,125000,2026-09-19,92519
CYAC-JP011,導きの聖女 クエム,PSE,single,,28000,2026-09-19,110367
CYAC-JP011,導きの聖女 クエム,SE,single,,24500,2026-09-19,110332
CYHO-JP029,破滅の美神ルイン 20th,SE,single,,32000,2026-09-19,92342
DABL-JP011,赫の聖女カルテシア,PSE,single,,22000,2026-09-19,92875
DABL-JP025,春化精の女神 ヴェーラ,PSE,single,4300,,2026-09-19,232359
DABL-JP030,迷宮城の白銀姫,PSE,single,42000,40000,2026-09-19,92874
DANE-JP025,儚無みずき 20th,SE,single,,158000,2026-09-19,92306
DANE-JP035,星杯の神子イヴ 20th,SE,single,130000,135000,2026-09-19,92307
DBCB-JP015,M∀LICE<P>White Rabbit 25th,SE,single,15000,,2026-09-19,363951
DBJH-JP035,K9-17号 “Ripper”,PSE,single,25000,,2026-09-19,551031
DIFO-JP046,エクソシスターズ・マニフィカ,PSE,single,20000,,2026-09-19,92214
DL1-136,ビッグ・シールド・ガードナー,UL,single,,150000,2026-09-19,92618
DL3-136,ブレイドナイト,UL,single,,110000,2026-09-19,92614
DL4-136,インセクト女王,UL,single,,298000,2026-09-19,92613
DL5-136,究極完全態・グレート・モス,UL,single,50000,199999,2026-09-19,92612
DMMD-JP001,ブラック・マジシャン・ガール 20th,SE,single,150000,109000,2026-09-19,92491
DOOD-JPS06,ガーデン・ローズ・メイデン,PSE,single,,150000,2026-09-19,659982
DP-P/DP-P,ポケモンパルシティ 関東,プロモ,single,439999,,2026-09-19,93213
DP-P/DP-P,勝利のメダル 金メダル,プロモ,single,218000,218000,2026-09-19,93214
DP-P/DP-P,勝利のメダル ジム☆チャレンジ2006,プロモ,single,104000,103800,2026-09-19,93207
DP-P/DP-P,勝利のメダル(銀2005/ピカチュウ),プロモ,single,98000,100000,2026-09-19,319283
DP-P/DP-P,ハマナのリサーチ,プロモ,single,77000,,2026-09-19,93215
DP-P/DP-P,ポケモンパルシティ 東北,プロモ,single,,600000,2026-09-19,93212
DP-P/DP-P,ポケモンパルシティ 中部,プロモ,single,,355555,2026-09-19,93221
DP/DP,ピカチュウ,,single,325000,,2026-09-19,450576
DP/DP,ライチュウ :キラ,,single,200000,,2026-09-19,450577
DP/DP,パチリス,,single,110000,125000,2026-09-19,450581
DP/DP,エンペルト :1ED,,single,20000,,2026-09-19,450560
DP/DP,ハヤシガメ,,single,8000,,2026-09-19,450515
DP/DP,ベロリンガ,,single,,20000,2026-09-19,450545
DP1,ゴウカザルLV.X ☆,,single,185000,,2026-09-19,427756
DP1,ドダイトスLV.X ☆ :1ED,,single,80000,,2026-09-19,427749
DP1,エンペルトLV.X ☆ :1ED,,single,35000,,2026-09-19,427765
DP1#102,ゲンガー ★ :1ED,,single,850000,,2026-09-19,427773
DP1#102,ゲンガー ★,,single,750000,720000,2026-09-19,427774
DP1#174,カビゴン ◆ :1ED,,single,200000,,2026-09-19,427795
DP1#325,ダーテング ★ :1ED,,single,,48000,2026-09-19,427803
DP1#368,ロズレイド ★ :1ED,,single,,81111,2026-09-19,427747
DP1#368,ロズレイド ★,,single,,65000,2026-09-19,427748
DP1#413,ヨノワール ★,,single,,44800,2026-09-19,427683
DP1#456,エンペルト ★,,single,17000,,2026-09-19,427655
DP1#459,ムクホーク ★,,single,36000,,2026-09-19,427724
DP1#466,レントラー ★,,single,13000,,2026-09-19,427669
DP1#523,パルキア ★,,single,,298000,2026-09-19,427841
DP1#523,パルキア ★ :1ED,,single,,215000,2026-09-19,427840
DP18-JP000,真紅眼の黒竜,HR,single,67000,,2026-09-19,92401
DP2,ルカリオLV.X ☆,,single,279800,,2026-09-19,433762
DP2,ルカリオLV.X ☆ :1ED,,single,275000,,2026-09-19,433761
DP2,ブーバーンLV.X ☆ :1ED,,single,108000,,2026-09-19,433647
DP2,ブーバーンLV.X ☆,,single,108000,,2026-09-19,433648
DP2#025,ピチュー ◆,,single,129999,150000,2026-09-19,433690
DP2#026,ピカチュウ :1ED,,single,550000,,2026-09-19,432919
DP2#026,ピカチュウLV.15 ● :1ED,,single,448000,450000,2026-09-19,433691
DP2#026,ピカチュウLV.15 ●,,single,360000,380000,2026-09-19,433692
DP2#026,ピカチュウ,,single,88888,,2026-09-19,432920
DP2#027,ライチュウ ★,,single,80000,96000,2026-09-19,433694
DP2#040,キュウコン ★,,single,,39999,2026-09-19,433634
DP2#071,フーディン ★ :1ED,,single,90000,,2026-09-19,433717
DP2#071,フーディン ★,,single,79800,,2026-09-19,433718
DP2#154,ギャラドス ★,,single,,190000,2026-09-19,433656
DP2#188,バクフーン ★,,single,60000,,2026-09-19,433646
DP2#191,オーダイル ★ :1ED,,single,,99800,2026-09-19,433661
DP2#298,バンギラス ★ :1ED,,single,,210000,2026-09-19,433803
DP2#301,セレビィ ★,,single,,156500,2026-09-19,433616
DP2#470,トリデプス,,single,20000,,2026-09-19,432949
DP2#499,ドータクン ★,,single,,23000,2026-09-19,433818
DP2#519,ユクシー ★,,single,,75000,2026-09-19,433738
DP2#521,アグノム ★,,single,48600,,2026-09-19,433742
DP23-JP000,ブラック・マジシャン・ガール,HR,single,103000,63000,2026-09-19,92397
DP23-JP001,超魔導師-ブラック・マジシャンズ,UR,single,9000,,2026-09-19,539887
DP29-JP011,No.107 銀河眼の時空竜 25th,SE,single,38800,54800,2026-09-19,276811
DP3,ダークライLV.X ☆ :1ED,,single,580000,598000,2026-09-19,109388
DP3,ダークライLV.X ☆,,single,580000,598000,2026-09-19,109389
DP3,パルキアLV.X ☆ :1ED,,single,322222,340000,2026-09-19,109392
DP3,ディアルガLV.X ☆,,single,257000,,2026-09-19,109393
DP3,パルキアLV.X ☆,,single,200000,,2026-09-19,109394
DP3,パルキアLV.X :1ED,,single,185000,150000,2026-09-19,433211
DP3,パルキアLV.X,,single,150000,175000,2026-09-19,433212
DP3,ディアルガLV.X :1ED,,single,,350000,2026-09-19,433189
DP3#003,フシギバナ ★,,single,35000,83000,2026-09-19,433889
DP3#004,ヒトカゲ ● :1ED,,single,,150000,2026-09-19,433890
DP3#006,リザードン ★ :1ED,,single,398000,450000,2026-09-19,91709
DP3#006,リザードン ★,,single,330000,350000,2026-09-19,109387
DP3#009,カメックス ★ :1ED,,single,165000,170000,2026-09-19,433898
DP3#009,カメックス ★,,single,,220000,2026-09-19,109398
DP3#182,ミュウ ★,,single,498000,500000,2026-09-19,109390
DP3#182,ミュウ ★ :1ED,,single,169800,,2026-09-19,433957
DP3#217,ワタッコ ★ :1ED,,single,,46000,2026-09-19,433976
DP3#293,ライコウ ★ :1ED,,single,120000,,2026-09-19,434014
DP3#293,ライコウ ★,,single,,200000,2026-09-19,434015
DP3#294,エンテイ ★ :1ED,,single,120000,130000,2026-09-19,434016
DP3#295,スイクン ★ :1ED,,single,25000,120000,2026-09-19,434017
DP3#295,スイクン ★,,single,,200000,2026-09-19,434018
DP3#299,ルギア ★ :1ED,,single,598000,949999,2026-09-19,434019
DP3#299,ルギア ★,,single,498000,1200000,2026-09-19,109396
DP3#300,ホウオウ ★,,single,140000,,2026-09-19,109397
DP3#300,ホウオウ ★ :1ED,,single,69800,,2026-09-19,434020
DP3#322,ルンパッパ ★,,single,50000,,2026-09-19,434026
DP3#333,エルレイド ★,,single,,88000,2026-09-19,434032
DP3#383,フライゴン ★ :1ED,,single,24800,,2026-09-19,434053
DP3#431,ボーマンダ ★,,single,198000,,2026-09-19,434068
DP3#522,ディアルガ :キラ :1ED,,single,65000,75000,2026-09-19,433191
DP3#522,ディアルガ :1ED,,single,,45000,2026-09-19,433203
DP3#523,パルキア :1ED,,single,9999,,2026-09-19,433219
DP3#530,ダークライ ★,,single,,360000,2026-09-19,434092
DP4,リーフィアLV.X ☆ :1ED,,single,305000,269999,2026-09-19,91705
DP4,リーフィアLV.X ☆,,single,280000,350000,2026-09-19,91707
DP4,グレイシアLV.X ☆,,single,225000,298000,2026-09-19,91708
DP4,グレイシアLV.X ☆ :1ED,,single,220000,340000,2026-09-19,91706
DP4,サーナイトLV.X ☆,,single,123000,110000,2026-09-19,109374
DP4,サーナイトLV.X ☆ :1ED,,single,110000,125000,2026-09-19,109371
DP4,クレセリアLV.X ☆,,single,110000,,2026-09-19,109380
DP4,ガブリアスLV.X ☆,,single,98000,280000,2026-09-19,109381
DP4,ダークライ ★ :1ED,,single,70000,280000,2026-09-19,435507
DP4,夜明けのスタジアム ◆,,single,50000,,2026-09-19,435634
DP4,パチリス ★,,single,49800,79800,2026-09-19,435573
DP4,ドンカラスLV.X ☆,,single,32000,,2026-09-19,109383
DP4,ガブリアスLV.X ☆ :1ED,,single,,250000,2026-09-19,109373
DP4,クレセリアLV.X ☆ :1ED,,single,,109000,2026-09-19,109372
DP4#130,モジャンボ ★ :1ED,,single,,25000,2026-09-19,435406
DP4#155,ラプラス ★ :1ED,,single,19800,,2026-09-19,435549
DP4#157,イーブイ ● :1ED,,single,49800,,2026-09-19,435606
DP4#158,リーフィア ★ :1ED,,single,26000,,2026-09-19,435527
DP4#160,シャワーズ ★,,single,59999,168000,2026-09-19,435425
DP4#160,シャワーズ ★ :1ED,,single,,80000,2026-09-19,435424
DP4#161,グレイシア ★ :1ED,,single,128000,123777,2026-09-19,435551
DP4#162,サンダース ★ :1ED,,single,,62000,2026-09-19,435570
DP4#164,ブラッキー ★ :1ED,,single,240000,,2026-09-19,435504
DP4#176,サンダー ★ :1ED,,single,35000,,2026-09-19,435448
DP4#181,ミュウツー ★ :1ED,,single,350000,295000,2026-09-19,435462
DP4#204,トゲキッス ★,,single,59800,,2026-09-19,435615
DP4#204,トゲキッス ★ :1ED,,single,50000,,2026-09-19,435614
DP4#285,エアームド ★,,single,,50000,2026-09-19,435512
DP4#332,サーナイト ★ :1ED,,single,99999,158000,2026-09-19,435586
DP4#439,ラティオス,,single,,140000,2026-09-19,434260
DP4#528,フィオネ ★ :1ED,,single,7000,,2026-09-19,435568
DP4EXDPBP#158,リーフィア,R,single,53800,73000,2026-09-19,109377
DP4EXDPBP#161,グレイシア,R,single,50000,,2026-09-19,109375
DP4EXDPBP#181,ミュウツー,R,single,299999,290000,2026-09-19,109378
DP4EXDPBP#332,サーナイト,R,single,9500,,2026-09-19,109376
DP5,ミュウツーLV.X,,single,368000,300000,2026-09-19,435685
DP5,ミュウツーLV.X :1ED,,single,290000,300000,2026-09-19,435684
DP5,エムリットLV.X ☆ :1ED,,single,120000,,2026-09-19,446912
DP5,アグノムLV.X ☆,,single,105000,,2026-09-19,447025
DP5,ミュウツー :1ED,,single,97000,80000,2026-09-19,435682
DP5,ユクシーLV.X ☆ :1ED,,single,90000,,2026-09-19,446910
DP5,ドサイドンLV.X ☆ :1ED,,single,88000,89999,2026-09-19,446924
DP5,グライオンLV.X :1ED,,single,70000,,2026-09-19,435660
DP5,ユクシー ★,,single,70000,,2026-09-19,446907
DP5,ジバコイルLV.X ☆ :1ED,,single,60000,,2026-09-19,447058
DP5,グライオンLV.X,,single,35000,115000,2026-09-19,435661
DP5,エムリットLV.X ☆,,single,35000,,2026-09-19,446913
DP5,ユクシーLV.X ☆,,single,29000,,2026-09-19,446911
DP5,ミュウツー,,single,25000,70000,2026-09-19,435683
DP5,レジギガス :1ED,,single,24000,,2026-09-19,435692
DP5,フワンテ :1ED,,single,19800,,2026-09-19,435688
DP5,レジギガス,,single,18000,,2026-09-19,435693
DP5,ヒードラン,,single,18000,,2026-09-19,435667
DP5,アグノムLV.X ☆ :1ED,,single,,149800,2026-09-19,447024
DP5,ポリゴンZLV.X ☆ :1ED,,single,,98000,2026-09-19,447076
DP5#057,ニャース ●,,single,75000,89000,2026-09-19,447061
DP5#057,ニャース ● :1ED,,single,68000,,2026-09-19,447060
DP5#134,キングドラ ★ :1ED,,single,,250000,2026-09-19,446976
DP5#137,ヒトデマン ● :1ED,,single,,15000,2026-09-19,446978
DP5#180,カイリュー ★ :1ED,,single,270000,380000,2026-09-19,446938
DP5#420,ユキメノコ ★ :1ED,,single,19999,39000,2026-09-19,446988
DP5#434,メタグロス ★,,single,,180000,2026-09-19,447053
DP5#441,グラードン ★ :1ED,,single,88888,,2026-09-19,446922
DP5#441,グラードン ★,,single,,498000,2026-09-19,446923
DP5#442,レックウザ ★,,single,500000,1350000,2026-09-19,446947
DP5#442,レックウザ ★ :1ED,,single,450000,,2026-09-19,446946
DP5#447,デオキシス スピードフォルム ★,,single,99000,,2026-09-19,447017
DP5#524,ヒードラン ★ :1ED,,single,,59000,2026-09-19,446858
DP5#526,ギラティナ ★,,single,120000,,2026-09-19,446901
DP5#526,ギラティナ ★ :1ED,,single,90000,,2026-09-19,446900
DPC1-JP001,ユベル,UL,single,,75000,2026-09-19,92678
DTC1-JP022,氷結界の龍 ブリューナク,SE,single,,350000,2026-09-19,92504
DTC3-JP060,氷結界の龍 トリシューラ,SE,single,149999,5000000,2026-09-19,92494
DUAD-JP049,閃刀姫=ゼロ,PSE,single,68000,52000,2026-09-19,578278
DUAD-JP049,閃刀姫=ゼロ,UL,single,5000,8888,2026-09-19,578277
DUNE-JP000,結束と絆の魔導師 25th,SE,single,30000,59700,2026-09-19,121718
DUNE-JP026,火霊媒師ヒータ 25th,SE,single,19000,23000,2026-09-19,121757
E-02,エナジーマーカー：ベジット,プロモ,single,42000,35000,2026-09-19,843703
E-03,エナジーマーカー：孫悟空vsフリーザ,プロモ,single,38000,74000,2026-09-19,843704
E-04,エナジーマーカー(Sparking! ZERO) ★,,single,72000,56000,2026-09-19,405448
E-05,エナジーマーカー：ドラゴンボール,プロモ,single,28000,30000,2026-09-19,843715
E-06,エナジーマーカー(バーダック),,single,9999,,2026-09-19,334244
E-07,エナジーマーカー(孫悟空&ジレン),,single,260000,598000,2026-09-19,415691
E-09,エナジーマーカー(ベジット) ★,,single,,15000000,2026-09-19,415689
E-100,エナジーマーカー,,single,37000,37000,2026-09-19,771370
E-102,エナジーマーカー：フリーザ :参加記念品,プロモ,single,,105000,2026-09-19,841825
E-103,エナジーマーカー：ブロリー :参加記念品,プロモ,single,108000,104999,2026-09-19,841826
E-109,エナジーマーカー：ブロリー ★,プロモ,single,,19000,2026-09-19,771351
E-114,エナジーマーカー：孫悟空/ベジータ ★,プロモ,single,,17999,2026-09-19,779922
E-126,エナジーマーカー：ゴジータ ★,プロモ,single,10000,11999,2026-09-19,772165
E-126,エナジーマーカー：ゴジータ,プロモ,single,10000,,2026-09-19,772170
E-127,エナジーマーカー：孫悟空 ★,プロモ,single,9000,9599,2026-09-19,772166
E-127,エナジーマーカー：孫悟空,プロモ,single,,10000,2026-09-19,772171
E-128,エナジーマーカー：孫悟飯 ★,プロモ,single,15000,16300,2026-09-19,772167
E-128,エナジーマーカー：孫悟飯,プロモ,single,,10000,2026-09-19,772172
E-129,エナジーマーカー：ゴジータ ★,プロモ,single,9800,10999,2026-09-19,772168
E-129,エナジーマーカー：ゴジータ,プロモ,single,,22000,2026-09-19,772173
E-130,エナジーマーカー：ゴジータ ★,プロモ,single,9499,9200,2026-09-19,772169
E-131,エナジーマーカー：孫悟空 ゲンキダマツリver.,,single,55000,52800,2026-09-19,755386
E-132,エナジーマーカー,,single,15000,24800,2026-09-19,835340
E-142,エナジーマーカー :トップ32,プロモ,single,,198000,2026-09-19,805370
E-17,エナジーマーカー(孫悟空 ミニ：DA) ★,,single,19800,19800,2026-09-19,479686
E-18,エナジーマーカー(ベジット) ★,,single,38500,27000,2026-09-19,479688
E-19,エナジーマーカー(孫悟空) ★,,single,38000,26900,2026-09-19,479690
E-20,エナジーマーカー(ジャネンバ) ★,,single,15000,20000,2026-09-19,479692
E-21,エナジーマーカー(ゴジータ) ★,,single,35000,27499,2026-09-19,479694
E-31,エナジーマーカー(ゴジータ),,single,,26800,2026-09-19,570203
E-32,エナジーマーカー(神龍),,single,68000,68000,2026-09-19,570273
E-33,エナジーマーカー(人造人間18号) ★,,single,24999,24999,2026-09-19,570287
E-34,エナジーマーカー(孫悟空：少年期) ★,,single,45555,44444,2026-09-19,570288
E-35,エナジーマーカー(ブロリー：BR) ★,,single,,20000,2026-09-19,570289
E-37,エナジーマーカー(ピッコロ大魔王) ★,,single,5800,,2026-09-19,570291
E-38,エナジーマーカー(ベジータ ミニ) ★,,single,,22000,2026-09-19,570292
E-39,エナジーマーカー(シャロット) ★,,single,,27000,2026-09-19,622755
E-41,エナジーマーカー(ブロリー),,single,20000,15000,2026-09-19,570294
E-42,エナジーマーカー ★,,single,3980000,3000000,2026-09-19,619860
E-42,エナジーマーカー,,single,100000,123000,2026-09-19,619839
E-42,エナジーマーカー ★,,single,,4444444,2026-09-19,624432
E-42,エナジーマーカー,,single,,450000,2026-09-19,624411
E-43,エナジーマーカー ★,,single,880000,777777,2026-09-19,619861
E-43,エナジーマーカー,,single,119000,59800,2026-09-19,619840
E-44,エナジーマーカー ★,,single,770000,620000,2026-09-19,619862
E-44,エナジーマーカー,,single,33000,34900,2026-09-19,619841
E-45,エナジーマーカー ★,,single,470000,300000,2026-09-19,619863
E-45,エナジーマーカー,,single,77777,37000,2026-09-19,619842
E-45,エナジーマーカー,,single,,158500,2026-09-19,624414
E-46,エナジーマーカー ★,,single,333333,285000,2026-09-19,619864
E-46,エナジーマーカー,,single,27000,25780,2026-09-19,619843
E-47,エナジーマーカー ★,,single,498000,399000,2026-09-19,619865
E-48,エナジーマーカー ★,,single,600000,450000,2026-09-19,619866
E-48,エナジーマーカー,,single,25999,25000,2026-09-19,619845
E-49,エナジーマーカー ★,,single,350000,300000,2026-09-19,619867
E-49,エナジーマーカー,,single,,29999,2026-09-19,619846
E-50,エナジーマーカー ★,,single,255000,245000,2026-09-19,619868
E-50,エナジーマーカー,,single,,32000,2026-09-19,619847
E-50,エナジーマーカー,,single,,29800,2026-09-19,624419
E-51,エナジーマーカー ★,,single,400000,290000,2026-09-19,619869
E-51,エナジーマーカー,,single,,28980,2026-09-19,619848
E-52,エナジーマーカー ★,,single,490000,488000,2026-09-19,619870
E-52,エナジーマーカー,,single,,39999,2026-09-19,619849
E-53,エナジーマーカー ★,,single,279999,278000,2026-09-19,619871
E-53,エナジーマーカー,,single,,34999,2026-09-19,619850
E-54,エナジーマーカー ★,,single,400000,349000,2026-09-19,619872
E-54,エナジーマーカー,,single,28000,31000,2026-09-19,619851
E-55,エナジーマーカー ★,,single,300000,210000,2026-09-19,619873
E-55,エナジーマーカー,,single,15000,29000,2026-09-19,619852
E-56,エナジーマーカー ★,,single,218000,196000,2026-09-19,619874
E-56,エナジーマーカー,,single,33000,28000,2026-09-19,619853
E-56,エナジーマーカー,,single,,29800,2026-09-19,624425
E-57,エナジーマーカー ★,,single,475000,365000,2026-09-19,619875
E-57,エナジーマーカー,,single,51000,34400,2026-09-19,619854
E-58,エナジーマーカー ★,,single,360000,288888,2026-09-19,619876
E-58,エナジーマーカー,,single,58000,25000,2026-09-19,619855
E-59,エナジーマーカー ★,,single,335000,335000,2026-09-19,619877
E-59,エナジーマーカー,,single,,23799,2026-09-19,619856
E-60,エナジーマーカー ★,,single,930000,1200000,2026-09-19,619878
E-60,エナジーマーカー,,single,56999,56500,2026-09-19,619857
E-61,エナジーマーカー ★,,single,450000,300000,2026-09-19,619879
E-61,エナジーマーカー,,single,34000,35000,2026-09-19,619858
E-62,エナジーマーカー ★,,single,250000,359000,2026-09-19,619880
E-62,エナジーマーカー,,single,35000,38000,2026-09-19,619859
E-63,エナジーマーカー(バーダック) ★,,single,,25000,2026-09-19,622763
E-64,エナジーマーカー(孫悟空) ★,,single,38000,24800,2026-09-19,622764
E-65,エナジーマーカー(孫悟飯：青年期) ★,,single,,23000,2026-09-19,622765
E-66,エナジーマーカー(ベジータ) ★,,single,15000,,2026-09-19,622766
E-68,エナジーマーカー(スーパーベビー2) ★,,single,10999,9799,2026-09-19,622768
E-69,エナジーマーカー(ゴジータ&ベジット) ★,,single,125000,149800,2026-09-19,568976
E-69,エナジーマーカー(ゴジータ&ベジット),,single,58000,125000,2026-09-19,568977
E-70,エナジーマーカー ★,,single,360000,265000,2026-09-19,722733
E-70,エナジーマーカー,,single,,49900,2026-09-19,722712
E-71,エナジーマーカー ★,,single,210000,220000,2026-09-19,722734
E-71,エナジーマーカー,,single,22800,19999,2026-09-19,722713
E-72,エナジーマーカー ★,,single,490000,338000,2026-09-19,722735
E-72,エナジーマーカー,,single,19999,20000,2026-09-19,722714
E-73,エナジーマーカー ★,,single,680000,,2026-09-19,723473
E-73,エナジーマーカー ★,,single,399800,399999,2026-09-19,722736
E-73,エナジーマーカー,,single,41999,40000,2026-09-19,722715
E-74,エナジーマーカー ★,,single,300000,199000,2026-09-19,722737
E-74,エナジーマーカー,,single,56500,45000,2026-09-19,722716
E-75,エナジーマーカー ★,,single,250000,249000,2026-09-19,722738
E-75,エナジーマーカー,,single,44000,35800,2026-09-19,722717
E-76,エナジーマーカー ★,,single,389000,205000,2026-09-19,722739
E-76,エナジーマーカー,,single,17500,19800,2026-09-19,722718
E-77,エナジーマーカー ★,,single,390000,295000,2026-09-19,722740
E-77,エナジーマーカー,,single,34000,19000,2026-09-19,722719
E-78,エナジーマーカー ★,,single,450000,250000,2026-09-19,722741
E-78,エナジーマーカー,,single,47300,30000,2026-09-19,722720
E-79,エナジーマーカー ★,,single,320000,265000,2026-09-19,722742
E-79,エナジーマーカー,,single,,37000,2026-09-19,722721
E-80,エナジーマーカー ★,,single,400000,220000,2026-09-19,722743
E-80,エナジーマーカー,,single,39999,32800,2026-09-19,722722
E-81,エナジーマーカー ★,,single,448000,315000,2026-09-19,722744
E-81,エナジーマーカー,,single,48000,22999,2026-09-19,722723
E-82,エナジーマーカー ★,,single,350000,300000,2026-09-19,722745
E-82,エナジーマーカー,,single,50000,38000,2026-09-19,722724
E-83,エナジーマーカー ★,,single,280000,440000,2026-09-19,722746
E-83,エナジーマーカー,,single,70000,35000,2026-09-19,722725
E-84,エナジーマーカー ★,,single,258000,195000,2026-09-19,722747
E-84,エナジーマーカー,,single,45000,22000,2026-09-19,722726
E-85,エナジーマーカー ★,,single,298000,195000,2026-09-19,722748
E-85,エナジーマーカー,,single,49999,29999,2026-09-19,722727
E-85,エナジーマーカー,,single,,29800,2026-09-19,723464
E-86,エナジーマーカー ★,,single,400000,350000,2026-09-19,722749
E-86,エナジーマーカー,,single,22000,21999,2026-09-19,722728
E-87,エナジーマーカー ★,,single,499999,225000,2026-09-19,722750
E-87,エナジーマーカー,,single,28000,35000,2026-09-19,722729
E-88,エナジーマーカー ★,,single,350000,199999,2026-09-19,722751
E-88,エナジーマーカー,,single,,19800,2026-09-19,722730
E-89,エナジーマーカー ★,,single,210000,205000,2026-09-19,722752
E-89,エナジーマーカー,,single,50000,25000,2026-09-19,722731
E-90,エナジーマーカー ★,,single,920000,1295000,2026-09-19,722753
E-90,エナジーマーカー,,single,598000,399000,2026-09-19,723469
E-90,エナジーマーカー,,single,57777,55000,2026-09-19,722732
E-91,エナジーマーカー,プロモ,single,,58000,2026-09-19,827492
E-92,エナジーマーカー,プロモ,single,70000,73000,2026-09-19,827493
E-96,エナジーマーカー：一星龍 ★,プロモ,single,10999,9799,2026-09-19,779161
E-97,エナジーマーカー ★,プロモ,single,9999,,2026-09-19,779163
E-98,エナジーマーカー：フリーザ ★,プロモ,single,,12000,2026-09-19,779165
E-99,エナジーマーカー：神龍 ★,プロモ,single,90000,95000,2026-09-19,779167
E01-01,エナジーマーカー(孫悟空) ★,プロモ,single,27500,29000,2026-09-19,203863
E01-01,エナジーマーカー(孫悟空) ★,,single,12000,13500,2026-09-19,276403
E01-01,エナジーマーカー(孫悟空),プロモ,single,,18800,2026-09-19,184714
E01-02,エナジーマーカー(ベジータ) ★,プロモ,single,15800,16800,2026-09-19,203864
E01-02,エナジーマーカー(ベジータ),プロモ,single,,19800,2026-09-19,184715
E01-03,エナジーマーカー(ブロリー) ★,プロモ,single,16900,15800,2026-09-19,203865
E01-03,エナジーマーカー(ブロリー),プロモ,single,4480,17880,2026-09-19,184716
E01-04,エナジーマーカー(フリーザ) ★,プロモ,single,20000,11800,2026-09-19,203866
E01-05,エナジーマーカー(孫悟空) ★ (エナマ悟空),プロモ,single,21500,29800,2026-09-19,203867
E01-06,エナジーマーカー(ビルス) ★,プロモ,single,15000,12000,2026-09-19,203868
E01-07,エナジーマーカー(ゴクウブラック) ★,プロモ,single,35000,29000,2026-09-19,203869
E01-07,エナジーマーカー(ゴクウブラック),プロモ,single,3980,,2026-09-19,184720
E01-08,エナジーマーカー(トランクス) ★,プロモ,single,26000,22000,2026-09-19,203870
E01-08,エナジーマーカー(トランクス),プロモ,single,,24800,2026-09-19,184721
E01-09,エナジーマーカー(人造人間17号) ★,プロモ,single,18900,14500,2026-09-19,203871
E01-09,エナジーマーカー(人造人間17号),プロモ,single,,14800,2026-09-19,184722
E01-10,エナジーマーカー(孫悟飯) ★,プロモ,single,33000,34000,2026-09-19,203872
E01-10,エナジーマーカー(孫悟飯),プロモ,single,15000,15000,2026-09-19,184723
E01-11,エナジーマーカー(ギニュー) ★,プロモ,single,12000,24980,2026-09-19,203873
E01-11,エナジーマーカー(ギニュー),プロモ,single,,25000,2026-09-19,184724
E01-12,エナジーマーカー(クウラ) ★,プロモ,single,17800,8800,2026-09-19,203874
E02-01,エナジーマーカー(孫悟空) ★,,single,29000,55555,2026-09-19,479668
E02-02,エナジーマーカー(ザマス：合体) ★,,single,,24000,2026-09-19,479670
E02-03,エナジーマーカー(セル) ★,,single,19800,21000,2026-09-19,479672
E02-04,エナジーマーカー(ベジータ) ★,,single,37500,25000,2026-09-19,479674
E03-01,エナジーマーカー(ジレン) ★,,single,,25000,2026-09-19,479676
E03-02,エナジーマーカー(孫悟空) ★,,single,75000,70000,2026-09-19,479678
E03-03,エナジーマーカー(ピッコロ) ★,,single,13000,,2026-09-19,479680
E03-04,エナジーマーカー(バビディ＆魔人ブウ) ★,,single,5800,18888,2026-09-19,479682
E03-05,エナジーマーカー(孫悟空：GT) ★,,single,65000,64999,2026-09-19,479684
EB01-001,光月おでん L-P,,single,16000,16700,2026-09-19,184323
EB01-001,光月おでん L-SPC,,single,,98800,2026-09-19,503387
EB01-003,キッド＆キラー R-SPC :和柄アート,,single,16000,15000,2026-09-19,728125
EB01-003,キッド&キラー R-P,,single,12000,,2026-09-19,183360
EB01-003,キッド&キラー,R,single,11111,9999,2026-09-19,362050
EB01-006,トニートニー・チョッパー SR-SP (コミパラ) :カウンター +1000文字金色,,single,499999,334444,2026-09-19,332167
EB01-006,トニートニー・チョッパー SR-SP (コミパラ) :カウンター +1000文字白色,,single,330000,320000,2026-09-19,184326
EB01-006,トニートニー・チョッパー SR-P,プロモ,single,36000,35000,2026-09-19,503861
EB01-006,トニートニー・チョッパー,SR,single,23000,,2026-09-19,176565
EB01-006,トニートニー・チョッパー SR-P,,single,11000,16500,2026-09-19,183362
EB01-007,ヤマト,C,single,7000,12000,2026-09-19,549072
EB01-012,キャベンディッシュ,SR,single,12222,16666,2026-09-19,214905
EB01-012,キャベンディッシュ SR-P,,single,8000,,2026-09-19,183363
EB01-012,キャベンディッシュ,SR,single,,33000,2026-09-19,222160
EB01-013,光月日和 R-P,,single,15000,14999,2026-09-19,171991
EB01-014,サンジ,R,single,,49500,2026-09-19,449658
EB01-021,ハンニャバル L-P,,single,11000,,2026-09-19,184336
EB01-022,イナズマ SR-P,,single,13000,11500,2026-09-19,183365
EB01-023,エドワード・ウィーブル R-SPC,,single,24500,17770,2026-09-19,751289
EB01-023,エドワード・ウィーブル,R,single,10800,27000,2026-09-19,562159
EB01-027,Mr.1(ダズ・ボーネス) R-P,,single,11780,,2026-09-19,183367
EB01-031,カリファ R-P,,single,12500,11000,2026-09-19,183370
EB01-034,ミス・ウェンズデー SR-P,,single,15000,9999,2026-09-19,183371
EB01-040,キュロス L-SPC,,single,30000,,2026-09-19,503389
EB01-040,キュロス L-P,,single,14000,13800,2026-09-19,184345
EB01-043,スパンダイン R-P,,single,46800,17777,2026-09-19,477015
EB01-046,ブルック SR-P,プロモ,single,44500,43900,2026-09-19,503862
EB01-046,ブルック SR-P,,single,12000,,2026-09-19,183372
EB01-048,ラブーン SR-P,,single,15000,20000,2026-09-19,183373
EB01-049,Tボーン R-P,,single,11800,,2026-09-19,183375
EB01-051,指銃 R-P,,single,,29800,2026-09-19,656302
EB01-052,ヴィオラ SR-P,,single,11880,,2026-09-19,184352
EB01-056,シャーロット・フランペ R-SPC :フルアート,,single,14800,14000,2026-09-19,442294
EB01-056,シャーロット・フランぺ R-P,,single,14000,23000,2026-09-19,184355
EB01-057,しらほし SR-SPC,,single,27000,28000,2026-09-19,520532
EB01-057,しらほし SR-P,,single,16900,12000,2026-09-19,184356
EB01-057,しらほし,SR,single,8800,15000,2026-09-19,178710
EB01-061,Mr.2・ボン・クレー(ベンサム) SEC-P,,single,38088,24600,2026-09-19,183377
EB01-061,Mr.2・ボン・クレー(ベンサム),SEC,single,11000,,2026-09-19,183376
EB02-003,トニートニー・チョッパー R-P,,single,10000,11000,2026-09-19,506991
EB02-003,トニートニー・チョッパー,R,single,6000,6000,2026-09-19,816214
EB02-006,ヤマト SR :シリアルナンバー入り :優勝記念品 :開封済,プロモ,single,370000,370000,2026-09-19,764513
EB02-006,ヤマト SR-P,,single,20000,,2026-09-19,503496
EB02-006,ヤマト,SR,single,13800,,2026-09-19,503395
EB02-006,ヤマト,SR,single,13000,22000,2026-09-19,743937
EB02-006,ヤマト SR :シリアルナンバー入り :優勝記念品 :開封済,プロモ,single,,330000,2026-09-19,789185
EB02-010,モンキー・D・ルフィ,L,single,400000,400000,2026-09-19,607986
EB02-010,モンキー・D・ルフィ L-P,,single,102000,94800,2026-09-19,503497
EB02-010,モンキー・D・ルフィ,L,single,64980,59800,2026-09-19,769718
EB02-010,モンキー・D・ルフィ,L,single,,52000,2026-09-19,772983
EB02-011,アーロン SR-P,,single,10500,10500,2026-09-19,503498
EB02-015,ジュエリー・ボニー,SR,single,13800,,2026-09-19,503404
EB02-015,ジュエリー・ボニー SR-P,,single,12388,,2026-09-19,503499
EB02-016,チョッパーマン,C,single,19999,,2026-09-19,503405
EB02-017,ナミ R-P,,single,19990,18500,2026-09-19,506992
EB02-017,ナミ,R,single,17500,16999,2026-09-19,838503
EB02-019,ロロノア・ゾロ,R,single,77500,,2026-09-19,591976
EB02-019,ロロノア・ゾロ,R,single,15800,10500,2026-09-19,514390
EB02-020,ウィーアー！,R,single,29700,20000,2026-09-19,503409
EB02-022,ウソップ R-P,,single,10000,,2026-09-19,506993
EB02-026,ネフェルタリ・ビビ,SR,single,49999,25000,2026-09-19,714193
EB02-026,ネフェルタリ・ビビ SR-P,,single,15999,22000,2026-09-19,503500
EB02-026,ネフェルタリ・ビビ,SR,single,11800,,2026-09-19,503415
EB02-028,ポートガス・D・エース R-SPC,,single,19000,18500,2026-09-19,676013
EB02-031,Hope,R,single,,30000,2026-09-19,503420
EB02-035,サンジ&プリン SR :優勝記念品,プロモ,single,33000,29000,2026-09-19,764509
EB02-035,サンジ&プリン SR-P,,single,18500,15000,2026-09-19,503501
EB02-036,ニコ・ロビン R-P,,single,14000,39000,2026-09-19,506994
EB02-044,センゴク SR-P,,single,13800,,2026-09-19,503502
EB02-045,トラファルガー・ロー,SR,single,7000,,2026-09-19,503434
EB02-045,トラファルガー・ロー SR-P,,single,,55000,2026-09-19,503503
EB02-048,ブルック,R,single,11780,,2026-09-19,503437
EB02-052,エネル SR-P,,single,19999,40000,2026-09-19,503504
EB02-052,エネル SR-SPC,,single,18500,18500,2026-09-19,764613
EB02-054,サンジ,R,single,29800,,2026-09-19,714194
EB02-054,サンジ R-P,,single,14000,40000,2026-09-19,506995
EB02-056,ベガパンク SR-P,,single,11780,11780,2026-09-19,503505
EB02-061,モンキー・D・ルフィ SEC-SP (コミパラ),,single,598000,570000,2026-09-19,503507
EB02-061,モンキー・Ｄ・ルフィ SEC-SPC,,single,39800,39000,2026-09-19,656303
EB02-061,モンキー・D・ルフィ SEC-P,,single,11900,10500,2026-09-19,503506
EB02-061,モンキー・D・ルフィ,SEC,single,6800,6000,2026-09-19,503450
EB03-001,ネフェルタリ・ビビ L-P,,single,8000,8500,2026-09-19,710425
EB03-003,ウタ SR-SPC,,single,50000,47000,2026-09-19,710426
EB03-003,ウタ SR-P,,single,8999,11770,2026-09-19,714628
EB03-003,ウタ,SR,single,5500,,2026-09-19,713667
EB03-006,ナミ,R,single,26999,26500,2026-09-19,819283
EB03-008,ひばり R-P,,single,13000,13000,2026-09-19,714612
EB03-013,キャロット R-P,,single,11780,,2026-09-19,710427
EB03-018,たしぎ SR-SPC,,single,19799,18500,2026-09-19,710428
EB03-018,たしぎ SR-P,,single,14500,10500,2026-09-19,714613
EB03-024,ネフェルタリ・ビビ SR-SPC,,single,45000,45000,2026-09-19,710429
EB03-024,ネフェルタリ・ビビ SR-P,,single,21000,20000,2026-09-19,714424
EB03-024,ネフェルタリ・ビビ,SR,single,11580,,2026-09-19,713688
EB03-024,ネフェルタリ・ビビ SR-P,,single,,35000,2026-09-19,767848
EB03-025,ヒナ R-P,,single,,16000,2026-09-19,714614
EB03-026,ボア・ハンコック SR-SPC,,single,154000,150000,2026-09-19,710430
EB03-026,ボア・ハンコック SR-P,,single,10500,10730,2026-09-19,714615
EB03-031,ヴィンスモーク・レイジュ SR-SPC,,single,28000,22000,2026-09-19,710431
EB03-031,ヴィンスモーク・レイジュ SR-P,,single,15000,,2026-09-19,714616
EB03-031,ヴィンスモーク・レイジュ,SR,single,,13800,2026-09-19,713695
EB03-034,シャーロット・リンリン R-P,,single,7000,12999,2026-09-19,710432
EB03-041,孔雀 R-P,,single,15000,20000,2026-09-19,710433
EB03-042,コアラ SR-SPC,,single,21400,18500,2026-09-19,710434
EB03-042,コアラ,SR,single,,13800,2026-09-19,713706
EB03-045,ペローナ SR-SPC,,single,53500,44980,2026-09-19,710435
EB03-045,ペローナ SR-P,,single,19000,22980,2026-09-19,714618
EB03-045,ペローナ SR-SPC,,single,,75000,2026-09-19,767906
EB03-053,ナミ SR-SPC,,single,98000,99800,2026-09-19,710436
EB03-053,ナミ,SR,single,19800,14999,2026-09-19,713717
EB03-053,ナミ SR-P,,single,13000,11990,2026-09-19,714423
EB03-054,ニコ・ロビン,C,single,,35000,2026-09-19,854164
EB03-055,ニコ・ロビン SR-SPC,,single,98000,99000,2026-09-19,710437
EB03-055,ニコ・ロビン SR-P,,single,19700,15990,2026-09-19,714619
EB03-057,ヤマト R-P,,single,15000,29800,2026-09-19,714425
EB03-061,ウタ SEC-SP (コミパラ),,single,146000,147000,2026-09-19,714426
EB03-061,ウタ SEC-P,,single,11800,15480,2026-09-19,714427
EB03-061,ウタ,SEC,single,7980,12500,2026-09-19,713725
EB03-062,トラファルガー・ロー SEC-P,,single,18000,15300,2026-09-19,714428
EB03-062,トラファルガー・ロー,SEC,single,11500,11000,2026-09-19,713726
EB04-001,ジュエリー・ボニー L-P,,single,18111,17000,2026-09-19,751290
EB04-001,ジュエリー・ボニー,L,single,,12800,2026-09-19,754973
EB04-002,ジュエリー・ボニー R-P,,single,14800,18000,2026-09-19,751291
EB04-003,スモーカー&たしぎ R-SPC,,single,18700,16800,2026-09-19,751292
EB04-007,ロロノア・ゾロ SR-P,,single,19000,18980,2026-09-19,751632
EB04-007,ロロノア・ゾロ,SR,single,,15000,2026-09-19,754979
EB04-012,菊之丞 SR-P,,single,8000,,2026-09-19,751293
EB04-013,キャロット SR-P,,single,15000,,2026-09-19,751294
EB04-018,メガロ R-P,,single,22000,22000,2026-09-19,751295
EB04-025,ネフェルタリ・ビビ SR-P,,single,33000,22000,2026-09-19,751297
EB04-025,ネフェルタリ・ビビ,SR,single,14000,,2026-09-19,754997
EB04-031,キング R-P,,single,13000,40000,2026-09-19,751298
EB04-036,フォクシー SR-P,,single,8000,,2026-09-19,751299
EB04-038,ロシナンテ&ロー SR-P,,single,38000,,2026-09-19,751300
EB04-039,ユースタス・キッド R-SPC,,single,16800,15800,2026-09-19,751301
EB04-044,コビー SR-SP (コミパラ),,single,102000,99999,2026-09-19,751303
EB04-044,コビー SR-P,,single,15000,15000,2026-09-19,751304
EB04-048,ロブ･ルッチ SR-P,,single,15000,15000,2026-09-19,751305
EB04-052,サンジ R-P,,single,24000,,2026-09-19,751306
EB04-054,バーソロミュー・くま R-SPC,,single,24000,24000,2026-09-19,822578
EB04-058,ボルサリーノ SR-P,,single,40000,24399,2026-09-19,751307
EB04-058,ボルサリーノ,SR,single,,15000,2026-09-19,755030
EB04-061,モンキー・D・ルフィ SEC :シリアルナンバー入り :優勝記念品 :開封済,プロモ,single,1690000,1680000,2026-09-19,764510
EB04-061,モンキー・D・ルフィ SEC :シリアルナンバー入り :優勝記念品 :開封済,プロモ,single,1300000,1300000,2026-09-19,789183
EB04-061,モンキー・D・ルフィ SEC-P,,single,8800,9500,2026-09-19,751308
EB04-061,モンキー・D・ルフィ,SEC,single,6700,6880,2026-09-19,755033
EDC1-JP001,究極完全態・グレート・モス 25th,SE,single,32000,29000,2026-09-19,419228
EDC1-JP002,ホーリー・ナイト・ドラゴン 25th,SE,single,21500,17999,2026-09-19,419229
EEN-JP017,巨大戦艦 テトラン,UL,single,43500,,2026-09-19,831137
EEN-JP034,Ｅ・ＨＥＲＯ テンペスター,UL,single,100000,,2026-09-19,831159
EMFIG/EMFIG,基本闘エネルギー: キラ,,single,49800,,2026-09-19,110824
EMFIR/EMFIR,基本炎エネルギー: キラ,,single,65000,,2026-09-19,110816
EMGRA/EMGRA,基本草エネルギー: キラ,,single,,58000,2026-09-19,110823
EMLIG/EMLIG,基本雷エネルギー: キラ,,single,55000,57000,2026-09-19,110814
EMWAT/EMWAT,基本水エネルギー: キラ,,single,100000,57700,2026-09-19,110817
EOJ-JP011,ビクトリー・バイパー ＸＸ０３,UL,single,,250000,2026-09-19,852209
EOJ-JP032,Ｅ・ＨＥＲＯ フェニックスガイ,UL,single,,129999,2026-09-19,852234
EOJ-JP048,幽獄の時計塔,UL,single,,299999,2026-09-19,92551
ETCO-JP026,ドラゴンメイド・チェイム 20th,SE,single,35000,79800,2026-09-19,92269
ETCO-JP036,朔夜しぐれ 20th,SE,single,,42000,2026-09-19,92273
ETCO-JP045,アロメルスの蟲惑魔 20th,SE,single,58000,57000,2026-09-19,92271
ETCO-JP055,清冽の水霊使いエリア 20th,SE,single,209999,120000,2026-09-19,92268
EX-49,青眼の白龍,UR,single,,998000,2026-09-19,616015
EX2-001,孫悟空,EXR,single,,18000,2026-09-19,511563
EX2-009,孫悟空 : 少年期,EXR,single,22200,25000,2026-09-19,511571
EX4-002,孫悟空：DA,EXR,single,,27800,2026-09-19,820971
EX4-006,ポルンガ：DA EXR★,,single,22000,,2026-09-19,820976
EXEGGUTOR,ナッシー,,single,96500,90000,2026-09-19,106661
FB01-001,孫悟空 / 孫悟空 (AWAKEN) L★,,single,19000,23800,2026-09-19,185666
FB01-002,ビルス / ビルス (AWAKEN) L★,,single,11000,22222,2026-09-19,185667
FB01-004,ウイス UC★,,single,11800,,2026-09-19,570258
FB01-007,キャベ UC★,,single,,11800,2026-09-19,570259
FB01-014,人造人間18号 UC★,,single,32000,,2026-09-19,513638
FB01-015,孫悟空 SR★,プロモ,single,900000,,2026-09-19,237473
FB01-015,孫悟空 SR★,,single,31000,9800,2026-09-19,175684
FB01-015,孫悟空,SR,single,5500,41000,2026-09-19,175683
FB01-016,孫悟飯：青年期 R★,,single,,14000,2026-09-19,333357
FB01-021,ヒット,SR,single,3500,,2026-09-19,184727
FB01-021,ヒット SR★,,single,,5500,2026-09-19,192911
FB01-023,ビルス SR★,,single,9480,6800,2026-09-19,192912
FB01-023,ビルス,SR,single,4000,7000,2026-09-19,185662
FB01-035,ゴクウブラック / ゴクウブラック (AWAKEN) L★,,single,20500,17000,2026-09-19,185668
FB01-036,トランクス：未来 / トランクス：未来 (AWAKEN) L★,,single,14800,12800,2026-09-19,185669
FB01-039,ゴクウブラック SR★,,single,12000,29999,2026-09-19,192913
FB01-039,ゴクウブラック,SR,single,5000,,2026-09-19,185663
FB01-049,トランクス：未来 R★,,single,19800,,2026-09-19,333358
FB01-049,トランクス：未来 R★,,single,,25000,2026-09-19,513639
FB01-050,トランクス：未来 SR★,,single,9980,9000,2026-09-19,192914
FB01-062,マイ：未来 SR★,,single,4500,,2026-09-19,192915
FB01-066,ファイナルホープスラッシュ R★,プロモ,single,39800,27000,2026-09-19,299830
FB01-066,ファイナルホープスラッシュ R★,,single,14800,21000,2026-09-19,257533
FB01-070,人造人間17号 / 人造人間17号/人造人間18号 (AWAKEN) L★,,single,23333,16200,2026-09-19,185670
FB01-070,人造人間17号 / 人造人間17号/人造人間18号 (AWAKEN),L,single,3000,,2026-09-13,175697
FB01-071,孫悟飯：少年期 / 孫悟飯：少年期 (AWAKEN) L★,,single,22000,14000,2026-09-19,185671
FB01-078,人造人間17号/人造人間18号 SR★,,single,21800,,2026-09-19,570260
FB01-078,人造人間17号/人造人間18号 SR★,,single,13800,20000,2026-09-19,192916
FB01-078,人造人間17号/人造人間18号,SR,single,3000,,2026-09-14,184728
FB01-079,人造人間18号 SR★,,single,4000,,2026-09-19,192917
FB01-079,人造人間18号,SR,single,3000,,2026-09-13,184713
FB01-089,孫悟飯：少年期,R,single,,13900,2026-09-19,503898
FB01-090,孫悟飯：少年期 R★,,single,15000,9500,2026-09-19,190308
FB01-096,ベジータ SR★,プロモ,single,70000,53000,2026-09-19,237659
FB01-096,ベジータ SR★,,single,12000,16500,2026-09-19,192918
FB01-104,ギニュー / ギニュー (AWAKEN) L★,,single,12800,11300,2026-09-19,185672
FB01-105,クウラ / クウラ (AWAKEN) L★,,single,,7000,2026-09-19,192919
FB01-108,ギニュー R★,,single,,16000,2026-09-19,722659
FB01-109,ギニュー SR★,,single,16800,16000,2026-09-19,192921
FB01-113,クウラ,SR,single,4000,,2026-09-19,184726
FB01-113,クウラ SR★,,single,,10000,2026-09-19,192922
FB01-129,フリーザ SR★,,single,6000,,2026-09-19,192923
FB01-129,フリーザ,SR,single,4000,,2026-09-19,184712
FB01-139,孫悟空 SCR★★,,single,119000,120000,2026-09-19,192924
FB01-139,孫悟空,SCR,single,23800,15000,2026-09-19,185664
FB01-139,孫悟空 SCR★ (身勝手悟空),,single,10500,11500,2026-09-19,190309
FB01-140,孫悟飯：少年期 SCR★★,,single,340000,380000,2026-09-19,722664
FB01-140,孫悟飯：少年期 SCR★,,single,16500,15500,2026-09-19,190560
FB01-140,孫悟飯：少年期,SCR,single,13000,9000,2026-09-19,185665
FB02-001,孫悟空 / 孫悟空 (AWAKEN) L★,,single,52000,34000,2026-09-19,257377
FB02-007,カリフラ R★,,single,18800,19000,2026-09-19,299915
FB02-013,ケフラ SR★,,single,,7980,2026-09-19,257390
FB02-018,孫悟飯：青年期 SR★,,single,15800,20000,2026-09-19,570261
FB02-035,身勝手の極意の片鱗 C★,,single,19800,25000,2026-09-19,242889
FB02-039,ゴクウブラック UC★,,single,,29999,2026-09-19,479628
FB02-051,孫悟空,PR,single,,18800,2026-09-19,258841
FB02-061,ベジット SR★,,single,47000,56000,2026-09-19,299914
FB02-061,ベジット SR★,,single,20000,19000,2026-09-19,257442
FB02-063,老界王神 UC★,,single,,20000,2026-09-19,622742
FB02-070,セル / セル (AWAKEN) L★,,single,6000,,2026-09-19,257452
FB02-085,セルジュニア R★,,single,7000,,2026-09-19,479632
FB02-086,孫悟空 R★,,single,,25800,2026-09-19,479634
FB02-089,孫悟飯：未来 SR★,,single,49800,40000,2026-09-19,513643
FB02-105,ベジータ / ベジータ (AWAKEN) L★,,single,8000,25000,2026-09-19,257491
FB02-119,孫悟空 SR★,,single,29999,21800,2026-09-19,257506
FB02-119,孫悟空 SR★,,single,29800,45000,2026-09-19,570262
FB02-130,ブルマ SR★,,single,,18000,2026-09-19,257518
FB02-133,ベジータ SR★,,single,250000,240000,2026-09-19,242890
FB02-139,ベジット SCR★★,,single,122300,124000,2026-09-19,257530
FB02-139,ベジット SCR★ (5ベジット),,single,16500,16480,2026-09-19,257529
FB02-139,ベジット,SCR,single,8800,10800,2026-09-19,257528
FB02-140,ゴールデンフリーザ SCR★,,single,29800,13950,2026-09-19,257532
FB02-140,ゴールデンフリーザ,SCR,single,,12000,2026-09-19,257531
FB03-011,孫悟空 UC★,,single,,52000,2026-09-19,570213
FB03-011,孫悟空 UC★,,single,,39999,2026-09-19,479650
FB03-020,ベジータ SR★,,single,,25000,2026-09-19,513645
FB03-027,孫悟空 / 孫悟空 (AWAKEN) L★ (あの世悟空),,single,16000,37800,2026-09-19,333228
FB03-028,イレーザ C★,,single,,13333,2026-09-19,479661
FB03-039,孫悟飯：青年期 SR★,,single,29000,19999,2026-09-19,569556
FB03-042,ビーデル SR★,,single,20000,20950,2026-09-19,513646
FB03-053,ピッコロ / ピッコロ (AWAKEN) L★,,single,15000,21800,2026-09-19,333257
FB03-064,孫悟空 SR★,,single,270000,469999,2026-09-19,347513
FB03-064,孫悟空 SR★ (6悟空),,single,24800,16000,2026-09-19,333269
FB03-089,ベジータ SR★ (4ベジータ),,single,,30000,2026-09-19,333297
FB03-093,魔人ブウ SR★,,single,30800,21800,2026-09-19,408468
FB03-093,魔人ブウ SR★,,single,14800,98000,2026-09-19,333302
FB03-102,ファイナルエクスプロージョン R★,,single,21000,,2026-09-19,427107
FB03-104,孫悟空：GT / 孫悟空：GT (AWAKEN) L★,,single,,15000,2026-09-19,333314
FB03-121,バーダック SR★ (3バーダック),,single,9800,,2026-09-19,333333
FB03-125,パン：GT SR★,,single,21000,18000,2026-09-19,513647
FB03-125,パン：GT SR★,,single,19800,22000,2026-09-19,570263
FB03-127,ブラ：GT UC★,,single,30000,29800,2026-09-19,479662
FB03-127,ブラ：GT UC★,,single,19800,,2026-09-19,570264
FB03-137,10倍かめはめ波 R★,,single,14700,37800,2026-09-19,427108
FB03-139,孫悟飯：幼年期 SCR★,,single,32000,31000,2026-09-19,333353
FB03-139,孫悟飯：幼年期,SCR,single,,14900,2026-09-19,333352
FB03-140,孫悟空：GT SCR★★ (4悟空GT),,single,107000,106000,2026-09-19,333356
FB03-140,孫悟空：GT SCR★,,single,49800,25000,2026-09-19,333355
FB03-140,孫悟空：GT,SCR,single,9500,12500,2026-09-19,333354
FB04-001,孫悟空 / 孫悟空 (AWAKEN) L★,,single,12000,11900,2026-09-19,426957
FB04-012,孫悟空(ミニ)：DA SR★,,single,298000,229999,2026-09-19,479622
FB04-012,孫悟空(ミニ)：DA SR★,,single,200000,270000,2026-09-19,520371
FB04-018,フリーザ SR★,,single,9800,,2026-09-19,426976
FB04-033,ゴテンクス SR★,,single,19999,43999,2026-09-19,570265
FB04-033,ゴテンクス SR★,,single,11000,35000,2026-09-19,426993
FB04-051,ベジータ / ベジータ (AWAKEN) L★,,single,42000,42000,2026-09-19,619799
FB04-068,ブルマ UC★,,single,24800,12000,2026-09-19,570266
FB04-094,魔人ブウ：純粋 SR★,,single,498000,,2026-09-19,570254
FB04-094,魔人ブウ：純粋 SR★,,single,,18000,2026-09-19,427062
FB04-095,魔人ブウ：純粋 R★,,single,81000,150000,2026-09-19,761428
FB04-104,大猿ベビー SR★,,single,11800,,2026-09-19,570267
FB04-109,孫悟空：GT R★,,single,,30000,2026-09-19,513649
FB04-114,トランクス:GT SR★ :上位記念品,プロモ,single,30200,18800,2026-09-19,841663
FB04-129,孫悟空 SCR★★,,single,100000,99998,2026-09-19,427103
FB04-129,孫悟空 SCR★,,single,29500,33000,2026-09-19,427102
FB04-129,孫悟空,SCR,single,8800,8000,2026-09-19,427101
FB04-129,孫悟空 SCR★ :トップ32,プロモ,single,,1200000,2026-09-19,841821
FB04-130,ベジット SCR★,,single,35500,19900,2026-09-19,427105
FB04-130,ベジット,SCR,single,,27800,2026-09-19,427104
FB05-025,ベジット / ベジット (AWAKEN) L★,,single,45000,40000,2026-09-19,513526
FB05-030,孫悟空 SR★,,single,147800,148000,2026-09-19,570257
FB05-030,孫悟空 SR★,,single,22000,20900,2026-09-19,513532
FB05-031,孫悟空 UC★,,single,32000,35999,2026-09-19,622744
FB05-039,ベジータ UC★,,single,,25000,2026-09-19,570230
FB05-040,ベジット SR★,,single,,24950,2026-09-19,513544
FB05-049,孫悟空 / 孫悟空 (AWAKEN) L★,,single,,25000,2026-09-19,513554
FB05-053,孫悟空,R,single,12500,12500,2026-09-19,595511
FB05-054,孫悟飯：幼年期 SR★,,single,21000,22000,2026-09-19,622740
FB05-074,ザーボン UC★,,single,,17800,2026-09-19,570268
FB05-080,ジャネンバ SR★,,single,40000,12000,2026-09-19,570256
FB05-095,ゴジータ / ゴジータ (AWAKEN) L★,,single,60000,17999,2026-09-19,513606
FB05-099,孫悟空 R★,,single,59999,63250,2026-09-19,622745
FB05-100,孫悟空 SR★,プロモ,single,17000,17000,2026-09-19,841776
FB05-100,孫悟空 SR★,,single,,25000,2026-09-19,513612
FB05-115,極限の煌めき R★,,single,52000,46000,2026-09-19,569558
FB05-115,極限の煌めき R★,,single,,50000,2026-09-19,570215
FB05-119,孫悟空 SCR★★,,single,900000,750000,2026-09-19,619810
FB05-119,孫悟空 SCR★★,,single,360000,379000,2026-09-19,513634
FB05-119,孫悟空 SCR★,,single,60000,28500,2026-09-19,513633
FB05-119,孫悟空 SCR★,,single,46500,43499,2026-09-19,619809
FB05-119,孫悟空,SCR,single,,14800,2026-09-19,513632
FB05-120,フリーザ SCR★★,,single,170000,125000,2026-09-19,513637
FB05-120,フリーザ SCR★,,single,28000,15000,2026-09-19,513636
FB05-120,フリーザ,SCR,single,,19800,2026-09-19,513635
FB06-001,人造人間18号 / 人造人間18号 (AWAKEN) L★,,single,10000,,2026-09-19,569417
FB06-025,孫悟空：少年期 / 孫悟空：少年期 (AWAKEN) L★,,single,127777,93000,2026-09-19,619818
FB06-025,孫悟空：少年期 / 孫悟空：少年期 (AWAKEN),L,single,,26800,2026-09-19,619817
FB06-025,孫悟空：少年期 / 孫悟空：少年期 (AWAKEN) L★,,single,,22500,2026-09-19,569444
FB06-029,ジャッキー・チュン SR★,,single,,20000,2026-09-19,622746
FB06-035,ブルマ C★,,single,34000,31499,2026-09-19,619823
FB06-055,チライ：BR SR★,,single,,12000,2026-09-19,569478
FB06-063,ブロリー：BR SR★,,single,,12000,2026-09-19,569487
FB06-095,ピッコロ大魔王 / ピッコロ大魔王 (AWAKEN) L★,,single,,12000,2026-09-19,569524
FB06-097,ゴジータ SR★,,single,1999000,,2026-09-19,622752
FB06-097,ゴジータ SR★,,single,,28900,2026-09-19,569527
FB06-103,チチ：少女期 SR★,,single,,29000,2026-09-19,835338
FB06-108,ピッコロ大魔王 R★,,single,,25000,2026-09-19,722689
FB06-113,マジュニア R★,,single,,19800,2026-09-19,619836
FB06-119,孫悟空：少年期 SCR★,,single,37777,38800,2026-09-19,722695
FB06-119,孫悟空：少年期 SCR★,,single,27000,26999,2026-09-19,569552
FB06-119,孫悟空：少年期,SCR,single,24600,11999,2026-09-19,569551
FB06-120,ブロリー：BR SCR★★,,single,219999,248000,2026-09-19,569555
FB06-120,ブロリー：BR SCR★,,single,28000,19500,2026-09-19,569554
FB06-120,ブロリー：BR,SCR,single,,18000,2026-09-19,569553
FB07-009,孫悟空：DA UC★,,single,69999,32999,2026-09-19,760557
FB07-025,一星龍 L★,,single,,14000,2026-09-19,760577
FB07-035,超一星龍 SR★,,single,29999,24999,2026-09-19,756777
FB07-057,孫悟飯：SH UC★,,single,,24000,2026-09-19,761039
FB07-058,孫悟飯：SH SR★,,single,30000,100000,2026-09-19,761041
FB07-097,神龍 / ドラゴンボール L★,,single,80000,49999,2026-09-19,722699
FB07-097,ドラゴンボール L★,,single,50000,41800,2026-09-19,761394
FB07-097,神龍 / ドラゴンボール,L,single,29800,24000,2026-09-19,722698
FB07-097,神龍 / ドラゴンボール,L,single,,14800,2026-09-19,723435
FB07-104,孫悟空 SR★ :上位記念品,プロモ,single,59999,60999,2026-09-19,838293
FB07-105,孫悟天/トランクス：幼年期 SR★,,single,85000,28500,2026-09-19,761404
FB07-113,ブルマ UC★,,single,33999,31999,2026-09-19,761414
FB07-114,ブルマ SR★,,single,,34800,2026-09-19,761416
FB07-115,ブルマ,UC,single,,14800,2026-09-19,723440
FB07-121,孫悟飯：SH SCR★★,,single,140000,128888,2026-09-19,761425
FB07-121,孫悟飯：SH SCR★,,single,45000,19800,2026-09-19,761424
FB07-121,孫悟飯：SH,SCR,single,,15000,2026-09-19,761423
FB07-122,孫悟空：GT SCR★,,single,150000,155000,2026-09-19,761427
FB07-122,孫悟空：GT,SCR,single,19000,15800,2026-09-19,761426
FB08-001,孫悟飯：青年期 L★,,single,32222,,2026-09-19,739983
FB08-007,孫悟空 SR★,,single,,18000,2026-09-19,739990
FB08-009,孫悟天/トランクス：幼年期 SR★,,single,,25000,2026-09-19,739993
FB08-024,運命の糸 R★,,single,,14999,2026-09-19,756778
FB08-076,カカロット R★,,single,47400,,2026-09-19,740077
FB08-087,ブロリー SR★,,single,9800,,2026-09-19,740090
FB08-088,ブロリー UC★,,single,14999,,2026-09-19,740092
FB08-097,孫悟空Jr. L★,,single,,8800,2026-09-19,740103
FB08-102,孫悟空Jr. R★,,single,,32000,2026-09-19,740110
FB08-106,孫悟飯：少年期 SR★,,single,14499,14499,2026-09-19,740115
FB08-121,孫悟天 SCR★★,,single,165000,169999,2026-09-19,740134
FB08-121,孫悟天,SCR,single,38000,13499,2026-09-19,740132
FB08-121,孫悟天 SCR★,,single,30000,12000,2026-09-19,740133
FB08-122,ブロリー,SCR,single,,19000,2026-09-19,740135
FB09-001,ゴジータ：BR L★★,,single,115000,113980,2026-09-19,775362
FB09-001,ゴジータ：BR L★,,single,77777,21999,2026-09-19,775361
FB09-006,ゴジータ：BR R★,プロモ,single,,23000,2026-09-19,805371
FB09-007,ゴジータ：BR SR★ シリアルNo.入り,,single,224980,225000,2026-09-19,755390
FB09-009,孫悟空：BR UC★,プロモ,single,,49999,2026-09-19,805373
FB09-010,孫悟空：BR R★ :上位記念品,プロモ,single,,15500,2026-09-19,772176
FB09-012,チライ：BR SR★,,single,,20000,2026-09-19,775377
FB09-013,ピッコロ：BR R★,,single,,45000,2026-09-19,775378
FB09-023,光の奔流 UC★,プロモ,single,,23000,2026-09-19,805374
FB09-025,孫悟空 L★★,,single,76980,77000,2026-09-19,775393
FB09-025,孫悟空 L★,,single,,18000,2026-09-19,775392
FB09-033,孫悟空 C★,プロモ,single,,18999,2026-09-19,805375
FB09-037,孫悟空 SR★ :トップ4,プロモ,single,1180000,,2026-09-19,805368
FB09-037,孫悟空 SR★,,single,35000,13800,2026-09-19,775409
FB09-043,ベジータ C★,プロモ,single,,14999,2026-09-19,805377
FB09-047,神の領域 UC★,プロモ,single,,22999,2026-09-19,805378
FB09-060,孫悟飯：SH SR★ :トップ8,プロモ,single,,699999,2026-09-19,805369
FB09-062,トランクス：SH C★,プロモ,single,,13999,2026-09-19,805382
FB09-072,魔貫光殺砲 SR★,,single,,12980,2026-09-19,775453
FB09-073,孫悟空/ベジータ L★,,single,,20999,2026-09-19,775455
FB09-080,孫悟空 UC★,プロモ,single,,16500,2026-09-19,805384
FB09-091,ベクウ SR★,,single,,25000,2026-09-19,775476
FB09-092,ベジータ UC★,プロモ,single,,21999,2026-09-19,805385
FB09-093,ベジータ R★,,single,,17000,2026-09-19,775478
FB09-096,悪鬼を討つ戦士 SR★ :上位記念品,プロモ,single,,39000,2026-09-19,835348
FB09-096,悪鬼を討つ戦士 SR★,,single,,38000,2026-09-19,775483
FB09-097,ゴジータ：GT L★,,single,19800,19500,2026-09-19,775485
FB09-100,孫悟空：GT SR★,,single,,29999,2026-09-19,775489
FB09-110,トランクス：GT UC★,,single,,14800,2026-09-19,775500
FB09-117,ベジータ：GT SR★,,single,,25000,2026-09-19,775511
FB09-120,ビッグバンかめはめ波 R★,プロモ,single,,23000,2026-09-19,805390
FB09-121,ゴジータ：BR SCR★★,,single,360000,338000,2026-09-19,775517
FB09-121,ゴジータ：BR SCR★,,single,48111,18999,2026-09-19,775516
FB09-121,ゴジータ：BR,SCR,single,,9500,2026-09-19,775515
FB09-122,ゴジータ SCR★★,,single,580000,350000,2026-09-19,775520
FB09-122,ゴジータ SCR★,,single,68000,24500,2026-09-19,775519
FB09-122,ゴジータ,SCR,single,,23800,2026-09-19,775518
FB09-123,ゴジータ：GT SCR★★,,single,420000,405000,2026-09-19,775523
FB09-123,ゴジータ：GT SCR★,,single,32800,17480,2026-09-19,775522
FB09-123,ゴジータ：GT,SCR,single,10000,9999,2026-09-19,775521
FB10-001,孫悟空 (AWAKEN) L★,,single,,44500,2026-09-19,836046
FB10-011,孫悟空 SR★,,single,,23500,2026-09-19,836058
FB10-014,地球のみんな R★,,single,,28000,2026-09-19,836063
FB10-024,超元気玉 SR★,,single,,28500,2026-09-19,836075
FB10-025,孫悟空/ベジータ / ベジット (AWAKEN) L★,,single,,48500,2026-09-19,836077
FB10-040,ベジット SR★ :特別記念品,プロモ,single,,119000,2026-09-19,835347
FB10-040,ベジット SR★,,single,,55000,2026-09-19,836095
FB10-041,ベジット UC★,,single,,29999,2026-09-19,836097
FB10-052,孫悟空 UC★,,single,,25800,2026-09-19,836111
FB10-064,ビーデル SR★,,single,,28000,2026-09-19,836126
FB10-070,ピッコロ SR★,,single,,29800,2026-09-19,836133
FB10-102,人造人間17号/人造人間18号 SR★,,single,,22222,2026-09-19,836174
FB10-121,ベジット SCR★★,,single,450000,420000,2026-09-19,836200
FB10-121,ベジット SCR★,,single,,18000,2026-09-19,836199
FB10-122,孫悟飯：少年期 SCR★,,single,28888,29000,2026-09-19,836202
FB10-122,孫悟飯：少年期 SCR★★,,single,,330000,2026-09-19,836203
FB10-123,セル SCR★,,single,25000,29800,2026-09-19,836205
FB10-123,セル SCR★★,,single,,224000,2026-09-19,836206
FET-JP005,ネフティスの鳳凰神,UL,single,310000,300000,2026-09-19,92571
FET-JP020,ブラッド・マジシャン－煉獄の魔術師－,UL,single,,99800,2026-09-19,92574
FOTB-JP055,閃光のバリア－シャイニング・フォース－,UL,single,,40000,2026-09-19,857371
FP-001,孫悟空 PR★ (開封済),プロモ,single,1380000,1440000,2026-09-19,179107
FP-006,孫悟空,PR,single,19999,11000,2026-09-19,206579
FP-007,ベジータ,PR,single,4999,21999,2026-09-19,210163
FP-024,孫悟空(ミニ)：DA PR★,,single,69800,29800,2026-09-19,364322
FP-030,最強の戦士たち,L,single,,50000,2026-09-19,570205
FP-034,孫悟空 PR★,,single,115000,127000,2026-09-19,622749
FP-037,孫悟空(ミニ)：DA,PR,single,6800,13980,2026-09-19,595512
FP-041,ベジータ(ミニ)：DA PR★ :上位記念品,プロモ,single,34800,29800,2026-09-19,841673
FP-045,天津飯 PR★,,single,,28000,2026-09-19,622750
FP-049,孫悟空：少年期,PR,single,22000,,2026-09-19,597399
FP-050,孫悟空：DA,PR,single,,30000,2026-09-19,843648
FP-054,孫悟飯：少年期 PR★,プロモ,single,,85000,2026-09-19,841699
FP-057,孫悟飯：少年期 PR★,プロモ,single,21999,21999,2026-09-19,841769
FP-059,孫悟空 PR★,プロモ,single,23999,22499,2026-09-19,841771
FP-061,ブルマ PR★,プロモ,single,29999,27900,2026-09-19,841773
FP-062,孫悟空,PR,single,10000,,2026-09-19,843646
FP-075,孫悟空/ベジータ,PR,single,13000,15000,2026-09-19,766315
FP-076,孫悟飯：SH/ピッコロ：SH,PR,single,6000,21800,2026-09-19,766316
FP-078,孫悟空,PR,single,,8000,2026-09-19,780926
FP-079,ゴジータ：BR,PR,single,9000,9299,2026-09-19,786536
FP-080,ゴジータ,PR,single,8700,8500,2026-09-19,786537
FP-081,ゴジータ：GT,PR,single,8800,9200,2026-09-19,786538
FP-082,ブルマ,PR,single,,9400,2026-09-19,787688
FP-083,ゴテンクス,PR,single,,9500,2026-09-19,805315
FS01-01,孫悟空 L★,,single,22000,,2026-09-19,570208
FS01-06,人造人間17号 PR★,,single,8000,8000,2026-09-19,254704
FS01-15,かめはめ波 C★,プロモ,single,39800,34000,2026-09-19,299831
FS01-15,かめはめ波 C★,,single,14000,22000,2026-09-19,257534
FS01-16,ゴッドかめはめ波 C★,,single,,25000,2026-09-19,570253
FS01-16,ゴッドかめはめ波 C★,,single,,21999,2026-09-19,835331
FS02-01,ベジータ L★,,single,,50000,2026-09-19,570209
FS02-03,ゴテンクス SR★,プロモ,single,37777,30000,2026-09-19,841777
FS02-04,孫悟空 C★,,single,11000,10000,2026-09-19,210200
FS02-10,ビーデル C★,,single,,13900,2026-09-19,570269
FS02-15,ギャリック砲 C★,,single,15800,39999,2026-09-19,570270
FS02-16,ファイナルフラッシュ R★,プロモ,single,26500,24000,2026-09-19,299832
FS03-01,ブロリー L★,,single,,42000,2026-09-19,570210
FS03-10,ブロリー：BR SR★,,single,36999,33999,2026-09-19,408467
FS03-15,ギガンティックミーティア C★,,single,10999,10900,2026-09-19,257535
FS03-16,破壊の剛腕 C★,,single,15800,,2026-09-19,570271
FS04-01,フリーザ L★,,single,36999,40000,2026-09-19,722709
FS04-012,フリーザ C★,プロモ,single,17800,15000,2026-09-19,237660
FS04-11,フリーザ C★,,single,8000,19400,2026-09-19,570272
FS04-11,フリーザ C★,,single,,20000,2026-09-19,622747
FS04-16,デスボール C★,,single,13700,13800,2026-09-19,257536
FS05-03,カカロット SR★,,single,,37800,2026-09-19,334264
FS05-11,バーダック SR★,,single,429999,420000,2026-09-19,347514
FS05-11,バーダック SR★,,single,,14000,2026-09-19,334267
FS07-12,誇り高きサイヤ人 C★,プロモ,single,,22000,2026-09-19,841778
FS09-02,キンカンマン C★,,single,3000,,2026-09-18,622705
FS09-06,孫悟空 C★,,single,,70000,2026-09-19,622709
FS09-07,孫悟空 SR★,,single,169999,88000,2026-09-19,622710
FS09-09,孫悟空：少年期 C★,,single,,19800,2026-09-19,622712
FS09-10,孫悟飯：少年期 SR★,,single,78000,75000,2026-09-19,622713
FS09-10,孫悟飯：少年期,SR,single,20000,,2026-09-19,606001
FS09-15,ベジータ C★,,single,,55550,2026-09-19,622718
FS09-16,ベジット SR★,,single,98000,70000,2026-09-19,622719
FS10-04,ゴクウブラック SR★,,single,,50000,2026-09-19,622725
FS10-14,ブロリー：BR SR★,,single,30000,50000,2026-09-19,622735
FS11-01,孫悟空 L★,,single,80999,58000,2026-09-19,775639
FS11-07,孫悟空 SR★ :特別記念品,プロモ,single,124000,120000,2026-09-19,772175
FS12-01,孫悟空 L★,,single,,59000,2026-09-19,775683
G3-11,ブラック・マジシャン・ガール,R,single,,2600000,2026-09-19,92686
G4-01,オシリスの天空竜,SE,single,298000,290000,2026-09-19,92794
G4-02,オベリスクの巨神兵,SE,single,238000,,2026-09-19,92790
G4-03,ラーの翼神竜,SE,single,175000,258000,2026-09-19,92788
G5-02,ビッグ・シールド・ガードナー,SE,single,210000,,2026-09-19,580494
G6-02,トゥーン・ブラック・マジシャン・ガール,UR,single,125000,,2026-09-19,92761
G6-02,トゥーン・ブラック・マジシャン・ガール,SE,single,22900,58000,2026-09-19,92789
G6-03,イグザリオン・ユニバース,UR,single,,160000,2026-09-19,92776
GB7-001,F・G・D,SE,single,,99800,2026-09-19,580515
GB7-003,究極竜騎士,SE,single,55000,,2026-09-19,580517
GBI-003,The Winged Dragon of Ra,SE,single,,200000,2026-09-19,92771
GDPB-46,孫悟空 -,,single,,220000,2026-09-19,282163
GG56/GG70,ヒスイゾロアークVSTAR,SIR,single,20000,,2026-09-19,486971
GPB-63,孫悟空 -,,single,,77000,2026-09-19,282312
GS06-JP001,オベリスクの巨神兵,GS,single,19999,,2026-09-19,92395
GS06-JP003,オシリスの天空竜,GS,single,,79800,2026-09-19,92394
GUC1-JP002,クリボー,NP,single,10000,,2026-09-19,136524
H1-16,クリリン,SR,single,,39999,2026-09-19,264722
H1-32,孫悟空,UR,single,,250000,2026-09-19,264738
H2-11,孫悟空,UR,single,42000,,2026-09-19,264775
H2-16,孫悟飯：少年期,UR,single,,155000,2026-09-19,149672
H2-16-P,孫悟飯 :少年期 -,,single,,29999,2026-09-19,274344
H2-16CP,孫悟飯 :少年期,UR,single,,19000,2026-09-19,271045
H2-36-P,セル,UR,single,22222,17000,2026-09-19,148619
H2-CP3,ベジータ,CP,single,30000,,2026-09-19,264824
H2-SEC,ハッチヒャック,UR,single,37700,,2026-09-19,264830
H4-SEC,ベジータ,UR,single,,54800,2026-09-19,149673
H5-14,孫悟空,UR,single,,88888,2026-09-19,265149
H5-SEC,バーダック,UR,single,,47000,2026-09-19,149674
H6-55-P,ゴテンクス,UR,single,,45000,2026-09-19,148637
H6-CP1,孫悟空,CP,single,60000,,2026-09-19,265260
H7-40,ベジット,UR,single,,36000,2026-09-19,265308
H7-SEC,バイオブロリー,UR,single,,22200,2026-09-19,265327
H7-SEC2,ブロリー,UR,single,36000,,2026-09-19,265328
H8-04,ベジータ,UR,single,,69000,2026-09-19,265332
H8-20,バーダック,SR,single,,15000,2026-09-19,265348
H8-43,孫悟空,UR,single,40000,50000,2026-09-19,265371
H8-CP5,ベジット,CP,single,,50000,2026-09-19,265391
H8-SECLC,ブロリー,UR,single,,28000,2026-09-19,342059
HC01-JP001,青眼の白龍,UR,single,7999,8000,2026-09-19,92406
HC01-JP003,ブラック・マジシャン・ガール,UR,single,27500,15000,2026-09-19,92404
HC01-JP004,伝説の剣闘士 カオス・ソルジャー,PSE,single,,12000,2026-09-19,529077
HC01-JP005,真紅き魂,PSE,single,16000,,2026-09-19,529081
HC01-JP008,青眼の亜白龍,UL,single,20000,,2026-09-19,529091
HC01-JP022,アクセルシンクロ・スターダスト・ドラゴン,PSE,single,5000,,2026-09-19,529142
HG1-SEC,トランクス :GT,UR,single,,50000,2026-09-19,265600
HG2-CP1,孫悟空,CP,single,60000,,2026-09-19,265660
HG4-18,ゴジータ,UR,single,28000,,2026-09-19,265838
HG5-SEC-P,孫悟空：GT,UR,single,,100000,2026-09-19,148607
HG5-SECLC,孫悟空 :GT,UR,single,,45000,2026-09-19,342060
HG7-42,孫悟飯 :青年期,UR,single,,20000,2026-09-19,266086
HG8-SECLC,孫悟空,UR,single,34800,19000,2026-09-19,342061
HG9-34,ベジータ :GT,UR,single,39999,,2026-09-19,266303
HGD1-58,ゴジータ :GT,UR,single,,45000,2026-09-19,267148
HGD1-SEC2,仮面のサイヤ人,UR,single,50000,,2026-09-19,267150
HGD1-SEC2CP,仮面のサイヤ人,UR,single,38000,44444,2026-09-19,267884
HGD1-SEC2LC,仮面のサイヤ人,UR,single,29000,,2026-09-19,342064
HGD10-SEC2,ゴクウブラック,UR,single,,27000,2026-09-19,267873
HGD10-SEC2LC,ゴクウブラック,UR,single,29999,28000,2026-09-19,342067
HGD2-17,孫悟空,UR,single,60000,62000,2026-09-19,267175
HGD2-22,ベジータ,UR,single,50000,70000,2026-09-19,267180
HGD3-45,孫悟空,UR,single,,23000,2026-09-19,267272
HGD5-CP5,ゴテンクス :青年期,CP,single,,399999,2026-09-19,267491
HGD6-SEC2,ブロリー,UR,single,22222,,2026-09-19,267590
HGD7-SEC1,ゴテンクス :ゼノ,UR,single,59999,,2026-09-19,267657
HJ3-SEC2LC,孫悟空 :GT,UR,single,,23000,2026-09-19,342062
HJ4-55,ベジータ :GT,UR,single,,19000,2026-09-19,266679
HJ4-SEC2,ベジータ :GT,UR,single,53000,61999,2026-09-19,266688
HJ6-SEC,孫悟空 :GT,UR,single,,150000,2026-09-19,266943
HUM4-22パラレル,ヤムチャ UR 未開封,プロモ,single,,100000,2026-09-19,148639
IGAS-JP000,万物創世龍 10000SE,,single,435000,405000,2026-09-19,92281
IGAS-JP020,閃刀姫－ロゼ 20th,SE,single,180000,116800,2026-09-19,92280
IGAS-JP048,崔嵬の地霊使いアウス 20th,SE,single,39800,34500,2026-09-19,92282
INFO-JP000,誇りと魂の龍 25th,SE,single,77000,75000,2026-09-19,256912
INFO-JP006,黒き魔術師-ブラック・マジシャン 25th,SE,single,16000,,2026-09-19,256922
JMP-001,青眼の白龍,UR,single,59800,59800,2026-09-19,598133
JMPR-JP001,青眼の白龍 KC-UR,,single,,85000,2026-09-19,598886
L-P/L-P,幻影のゾロアーク,プロモ,single,5250000,,2026-09-19,453477
L3,カイオーガ&グラードンLEGEND ☆: 1ED 2枚セット,,single,520000,770000,2026-09-19,93171
L3-04,漆黒の豹戦士パンサーウォリアー,UR,single,,33000,2026-09-19,603082
LB-01,青眼の白龍,UR,single,680000,520000,2026-09-19,92633
LB-05,ブラック・マジシャン,UR,single,,195000,2026-09-19,92634
LE5-001,超魔導剣士－ブラック・パラディン,UR,single,18000,,2026-09-19,603106
LE5-002,ブラック・マジシャン・ガール,UR,single,48500,,2026-09-19,603107
LE5-005,マジシャンズ・ヴァルキリア,UR,single,39800,,2026-09-19,603110
LE8-JP001,アルカナ ナイトジョーカー,UR,single,,98000,2026-09-19,603125
LEDE-JP029,幻惑の見習い魔術師 25th,SE,single,14000,14000,2026-09-19,187340
LEGEND/LEGEND,基本雷エネルギー :25thホロ,,single,228000,,2026-09-19,428846
LGB1-JP001,超魔導竜騎士－ドラグーン・オブ・レッドアイズ 20th,SE,single,88000,133000,2026-09-19,92488
LGB1-JP005,深淵の青眼龍 20th,SE,single,20000,20000,2026-09-19,92822
LGB1-JP017,シューティング・スター・ドラゴン・TG-EX 20th,SE,single,10000,,2026-09-19,539512
LGB1-JP021,スカーレッド・スーパーノヴァ・ドラゴン 20th,SE,single,,39999,2026-09-19,92843
LGB1-JPS01,ブラック・マジシャン,PG,single,19900,,2026-09-19,539493
LGB1-JPS02P,青眼の白龍,PG,single,58000,50000,2026-09-19,92871
LGB1-JPS03,真紅眼の黒竜,PG,single,23000,25000,2026-09-19,539494
LIOV-JP049,照耀の光霊使いライナ,PSE,single,19000,,2026-09-19,92243
LN-14,ダーク・ネクロフィア,UL,single,800000,350000,2026-09-19,92626
LN-53,ブラック・マジシャン,UL,single,1050000,720000,2026-09-19,92625
LOCH-JP001,王のしもべ－ブラック・マジシャン GMR :シリアルナンバー入り,,single,4050000,4000000,2026-09-19,770398
LOCH-JP001,王のしもべ-ブラック・マジシャン PSE :オーバーフレーム,,single,58000,58000,2026-09-19,769218
LOCH-JP001,王のしもべ－ブラック・マジシャン,SE,single,12000,12000,2026-09-19,770397
LOCH-JP001,王のしもべ－ブラック・マジシャン UR :オーバーフレーム,,single,,16000,2026-09-19,770400
LOCH-JP002,増殖するクリボー！ PSE :オーバーフレーム,,single,42000,70000,2026-09-19,769219
LOCH-JP002,増殖するクリボー！ GMR :シリアルナンバー入り,,single,,2350000,2026-09-19,770402
LOCH-JP002,増殖するクリボー！,SE,single,,10000,2026-09-19,770401
LOCH-JP003,黒魔導のカーテン (ブラックマジシャンガール) PSE :オーバーフレーム,,single,115000,100000,2026-09-19,769220
LOCH-JP003,黒魔導のカーテン (ブラックマジシャンガール) UR :オーバーフレーム,,single,21000,23500,2026-09-19,770408
LOCH-JP003,黒魔導のカーテン (ブラックマジシャンガール),UR,single,4400,9500,2026-09-19,770407
LOCH-JP003,黒魔導のカーテン (ブラックマジシャンガール),SE,single,,19800,2026-09-19,770405
LOCH-JP004,F・HERO シャイニング・フレア・ウィングマン PSE :オーバーフレーム,,single,33333,,2026-09-19,769221
LOCH-JP004,F・HERO シャイニング・フレア・ウィングマン GMR :シリアルナンバー入り,,single,,700000,2026-09-19,770410
LOCH-JP005,F・HERO フレイム・ウィングマン GMR :シリアルナンバー入り,,single,1380000,,2026-09-19,770414
LOCH-JP005,F・HERO フレイム・ウィングマン PSE :オーバーフレーム,,single,36666,36000,2026-09-19,769222
LOCH-JP006,ハネクリボー・サバティエル LV10 GMR :シリアルナンバー入り,,single,748000,1500000,2026-09-19,770418
LOCH-JP006,ハネクリボー・サバティエル LV10 PSE :オーバーフレーム,,single,,35000,2026-09-19,769223
LOCH-JP007,スターダスト・ドラゴン－ヴィクテム・サンクチュアリ GMR :シリアルナンバー入り,,single,1880000,,2026-09-19,770422
LOCH-JP007,スターダスト・ドラゴン-ヴィクテム・サンクチュアリ PSE :オーバーフレーム,,single,29500,30000,2026-09-19,769224
LOCH-JP008,スタージャンク・シンクロン PSE :オーバーフレーム,,single,50000,,2026-09-19,769225
LOCH-JP008,スタージャンク・シンクロン GMR :シリアルナンバー入り,,single,,230000,2026-09-19,770426
LOCH-JP009,シンクロ・エマージェンシー UR :オーバーフレーム,,single,,8000,2026-09-19,770432
LOCH-JP010,No.39 光の使者 希望皇ホープ GMR :シリアルナンバー入り,,single,1000000,,2026-09-19,770434
LOCH-JP010,No.39 光の使者 希望皇ホープ PSE :オーバーフレーム,,single,50000,,2026-09-19,769227
LOCH-JP012,ガガガガール－ゼロゼロコール GMR :シリアルナンバー入り,,single,2850000,2980000,2026-09-19,770442
LOCH-JP012,ガガガガール-ゼロゼロコール PSE :オーバーフレーム,,single,40000,38000,2026-09-19,769229
LOCH-JP012,ガガガガール－ゼロゼロコール UR :オーバーフレーム,,single,,19999,2026-09-19,770444
LOCH-JP013,四天の龍 オッドアイズ・ペンデュラム・ドラゴン GMR :シリアルナンバー入り,,single,,620000,2026-09-19,770446
LOCH-JP015,星霜の魔術師－アストログラフ・マジシャン GMR :シリアルナンバー入り,,single,,1300000,2026-09-19,770454
LOCH-JP015,星霜の魔術師-アストログラフ・マジシャン PSE :オーバーフレーム,,single,,13000,2026-09-19,769232
LOCH-JP015,星霜の魔術師－アストログラフ・マジシャン UR :オーバーフレーム,,single,,8000,2026-09-19,770456
LOCH-JP016,デコード・トーカー・インテグレーション GMR :シリアルナンバー入り,,single,,1050000,2026-09-19,770458
LOCH-JP017,サイバース・コード・マジシャン PSE :オーバーフレーム,,single,,7900,2026-09-19,769234
LOCH-JP018,サイバース・コントラクト・ウィッチ PSE :オーバーフレーム,,single,22222,20000,2026-09-19,769235
LOCH-JP026,W:Pファンシーボール,PSE,single,,15000,2026-09-19,770491
LOCH-JP027,I:Pマスカレーナ,PSE,single,25000,32000,2026-09-19,770494
LOCH-JP028,S:Pリトルナイト,PSE,single,,22222,2026-09-19,770497
LOCH-JP030,黒魔女ディアベルスター,PSE,single,,15555,2026-09-19,770503
LOCH-JP034,エクソシスターズ・マニフィカ,PSE,single,,15555,2026-09-19,770515
LOCH-JP036,光なき影 ア＝バオ・ア・クゥー,PSE,single,,16666,2026-09-19,770521
LOCH-JP037,閃刀起動－エンゲージ,PSE,single,,25000,2026-09-19,770524
LOCH-JP045,紅涙の魔ラクリモーサ,PSE,single,,19999,2026-09-19,770554
LOCH-JP047,マルチャミー・フワロス,PSE,single,,38000,2026-09-19,770562
LOCR-JP001,白き幻獣－青眼の白龍 GMR :シリアルナンバー入り,,single,9800000,,2026-09-19,772974
LOCR-JP001,白き幻獣－青眼の白龍 PSE :オーバーフレーム,,single,125000,120000,2026-09-19,780169
LOCR-JP001,白き幻獣－青眼の白龍 UR :オーバーフレーム,,single,18000,16000,2026-09-19,781449
LOCR-JP001,白き幻獣－青眼の白龍,UR,single,,15000,2026-09-19,781448
LOCR-JP002,蒼の深淵 ディープアイズ・ホワイト・ドラゴン PSE :オーバーフレーム,,single,34999,33000,2026-09-19,780170
LOCR-JP002,蒼の深淵 ディープアイズ・ホワイト・ドラゴン UR :オーバーフレーム,,single,9800,,2026-09-19,781452
LOCR-JP002,蒼の深淵 ディープアイズ・ホワイト・ドラゴン GMR :シリアルナンバー入り,,single,,1820000,2026-09-19,780105
LOCR-JP003,ドラゴン・導きの呼笛(青眼の白龍) GMR :シリアルナンバー入り,,single,1180000,2500000,2026-09-19,780106
LOCR-JP003,ドラゴン・導きの呼笛(青眼の白龍) PSE :オーバーフレーム,,single,38888,19000,2026-09-19,780171
LOCR-JP004,終撃竜－サイバー・エンド・ドラゴン PSE :オーバーフレーム,,single,22222,29999,2026-09-19,780172
LOCR-JP004,終撃竜－サイバー・エンド・ドラゴン GMR :シリアルナンバー入り,,single,,1500000,2026-09-19,780107
LOCR-JP005,機光竜－サイバー・ドラゴン PSE :オーバーフレーム,,single,35000,42500,2026-09-19,780173
LOCR-JP005,機光竜－サイバー・ドラゴン GMR :シリアルナンバー入り,,single,,2000000,2026-09-19,780108
LOCR-JP007,赤き竜 ケッツァーコアトル GMR :シリアルナンバー入り,,single,648000,1400000,2026-09-19,780110
LOCR-JP007,赤き竜 ケッツァーコアトル PSE :オーバーフレーム,,single,35000,49800,2026-09-19,780175
LOCR-JP008,スカーレッド・ノヴァ・ドラゴン－バーニング・ソウル PSE :オーバーフレーム,,single,43000,42999,2026-09-19,780176
LOCR-JP008,スカーレッド・ノヴァ・ドラゴン－バーニング・ソウル UR :オーバーフレーム,,single,7000,,2026-09-19,781470
LOCR-JP009,レッド・デーモンズ・チェーン GMR :シリアルナンバー入り,,single,,430000,2026-09-19,780112
LOCR-JP010,超銀河眼の光子龍－フォトン・ハウリング GMR :シリアルナンバー入り,,single,450000,,2026-09-19,780113
LOCR-JP012,GDロボ・オービタル 7 GMR :シリアルナンバー入り,,single,,400000,2026-09-19,780115
LOCR-JP014,四天の龍 クリアウィング・シンクロ・ドラゴン GMR :シリアルナンバー入り,,single,,680000,2026-09-19,780117
LOCR-JP015,四天の龍 ダーク・リベリオン・エクシーズ・ドラゴン GMR :シリアルナンバー入り,,single,,1980000,2026-09-19,780118
LOCR-JP015,四天の龍 ダーク・リベリオン・エクシーズ・ドラゴン PSE :オーバーフレーム,,single,,35000,2026-09-19,780183
LODT-JP001,オネスト,HR,single,,70000,2026-09-19,92523
LOSP-JP001,超魔導竜騎士－ドラグーン・オブ・レッドアイズ PSE :オーバーフレーム,,single,27200,28500,2026-09-19,769523
LOSP-JP002,Wake Up Your E・HERO PSE :オーバーフレーム,,single,,14200,2026-09-19,769524
LOSP-JP003,シューティング・クェーサー・ドラゴン PSE :オーバーフレーム,,single,20000,33333,2026-09-19,769525
LOSP-JP006,ファイアウォール・ドラゴン・シンギュラリティ PSE :オーバーフレーム,,single,,13333,2026-09-19,769528
LOSP-JP007,倶利伽羅天童 PSE :オーバーフレーム,,single,14900,13700,2026-09-19,769529
LOSP-JP008,氷剣竜ミラジェイド PSE :オーバーフレーム,,single,,29980,2026-09-19,769530
LOSP-JP011,究極竜魔導師 PSE :オーバーフレーム,,single,25000,25000,2026-09-19,776269
LOSP-JP013,スカーレッド・スーパーノヴァ・ドラゴン PSE :オーバーフレーム,,single,25000,,2026-09-19,776271
LOSP-JP018,閉ザサレシ世界ノ冥神 PSE :オーバーフレーム,,single,22000,,2026-09-19,776276
LOSP-JP020,霊王の波動 PSE :オーバーフレーム,,single,35000,34999,2026-09-19,776278
LPG1-JP045,E・HERO シャイニング・フレア・ウィングマン,PSE,single,,12000,2026-09-19,582554
LPG1-JP056,神炎皇ウリア,PSE,single,49800,50000,2026-09-19,586845
LPST-JP001,ブラック・マジシャン,PSE,single,17800,21900,2026-09-19,740988
LPST-JP001,ブラック・マジシャン,UR,single,14800,,2026-09-19,740986
LPST-JP002,ブラック・マジシャン・ガール,PSE,single,55000,49000,2026-09-19,740991
LPST-JP002,ブラック・マジシャン・ガール,UR,single,13000,15800,2026-09-19,740989
LPST-JP002,ブラック・マジシャン・ガール,SE,single,12800,18000,2026-09-19,740990
LPST-JP003,青眼の白龍,PSE,single,88888,67900,2026-09-19,740994
LPST-JP003,青眼の白龍,SE,single,13000,13000,2026-09-19,740993
LPST-JP003,青眼の白龍,UR,single,12800,9800,2026-09-19,740992
LPST-JP004,真紅眼の黒竜,PSE,single,18000,18000,2026-09-19,740997
LPST-JP004,真紅眼の黒竜,UR,single,14800,,2026-09-19,740995
LPST-JP005,ワイト,PSE,single,,16800,2026-09-19,741000
LPST-JP008,魔界発現世行きデスガイド,PSE,single,,17000,2026-09-19,741009
LPST-JP009,灰流うらら,PSE,single,19000,23900,2026-09-19,741012
LPST-JP010,屋敷わらし,PSE,single,,20000,2026-09-19,741015
LPST-JP011,閃刀姫－レイ,PSE,single,,30000,2026-09-19,741018
LPST-JP017,白銀の城のラビュリンス,PSE,single,33000,29999,2026-09-19,741036
LPST-JP018,白き森のアステーリャ,PSE,single,,17500,2026-09-19,741039
LPST-JP022,セラの蟲惑魔,PSE,single,,13900,2026-09-19,741051
LPST-JP023,Ｉ：Ｐマスカレーナ,PSE,single,,25000,2026-09-19,741054
LPST-JP046,オシリスの天空竜,PSE,single,,16900,2026-09-19,741123
LPST-JP046,オシリスの天空竜,UR,single,,13800,2026-09-19,741121
LPST-JP047,オベリスクの巨神兵,PSE,single,38800,29999,2026-09-19,741126
LPST-JP047,オベリスクの巨神兵,UR,single,13800,13800,2026-09-19,741124
LPST-JP048,ラーの翼神竜,PSE,single,50000,34900,2026-09-19,741129
LPST-JP048,ラーの翼神竜,UR,single,,13800,2026-09-19,741127
MA-52,ブラック・デーモンズ・ドラゴン,UL,single,350000,144000,2026-09-19,92623
MA-52,ブラック・デーモンズ・ドラゴン,UL,single,,200000,2026-09-19,604395
MC2-JP003,幻魔皇ラビエル,SE,single,,19500,2026-09-19,591656
MEPEN023,メガリザードンXex,P,single,42800,48500,2026-09-19,721965
MEPEN024,オドリドリex,P,single,27000,20000,2026-09-19,721966
MEPEN037,フシギダネ,P,single,25000,27000,2026-09-19,765312
MEPEN038,ヒトカゲ,P,single,30000,,2026-09-19,765313
MEPEN039,ゼニガメ,P,single,20000,,2026-09-19,765314
MEPEN040,ナエトル,P,single,,20000,2026-09-19,765315
MEPEN043,モクロー,P,single,20000,,2026-09-19,765318
MEPEN044,ニャビー,P,single,,18000,2026-09-19,765319
MM1-010DA,孫悟空 :少年期,R,single,,30000,2026-09-19,272334
MM1-031DA,人造人間17号,UR,single,,33900,2026-09-19,155422
MM1-043,トランクス：未来,UR,single,,8500,2026-09-19,155434
MM1-068,ベジータ,UR,single,,60000,2026-09-19,155459
MM1-071,ゴテンクス,UR,single,13500,,2026-09-19,155462
MM1-ASEC,孫悟飯：少年期,UR,single,30000,98000,2026-09-19,155466
MM1-ASECP,孫悟飯 :少年期,UR,single,59980,89800,2026-09-19,272337
MM1-ASECSP,孫悟飯：少年期,UR,single,147999,168000,2026-09-19,157497
MM1-SEC,ベジータ,UR,single,66000,6000,2026-09-19,272339
MM1-SEC2,セル,UR,single,,34999,2026-09-19,272340
MM1-SEC3,孫悟空,UR,single,22000,17000,2026-09-19,157500
MM2-012,孫悟空：少年期,UR,single,40000,21000,2026-09-19,178967
MM2-014DA,ブルマ,SR,single,,77777,2026-09-19,179617
MM2-038,孫悟空：GT,UR,single,28000,,2026-09-19,178994
MM2-038DA,孫悟空：GT,UR,single,,19000,2026-09-19,178995
MM2-039,孫悟空：GT,UR,single,,39999,2026-09-19,178996
MM2-061,孫悟空,UR,single,,11000,2026-09-19,179018
MM2-071,ブロリー,UR,single,,15555,2026-09-19,179028
MM2-074,孫悟空 :GT,UR,single,,25800,2026-09-19,274259
MM2-ICP1DA,ウーロン,CP,single,,16000,2026-09-19,179619
MM2-ICP2,孫悟空：少年期,CP,single,2000,,2026-09-13,179036
MM2-ICP3,孫悟空：少年期,CP,single,2000,,2026-09-14,179037
MM2-SEC,孫悟空：GT,UR,single,20000,19000,2026-09-19,179614
MM2-SEC2,ゴジータ,UR,single,,26000,2026-09-19,179615
MM3-014DA,孫悟空,UR,single,65000,60000,2026-09-19,272356
MM3-016,ベジータ,UR,single,,60000,2026-09-19,272359
MM3-024,ポルンガ,UR,single,32000,,2026-09-19,272368
MM3-071,孫悟空,UR,single,35000,32000,2026-09-19,274260
MM3-CP8,ブロリー,CP,single,,79000,2026-09-19,272428
MM3-SEC,ベジータ,UR,single,,26000,2026-09-19,272417
MM4-018,孫悟飯 :青年期,UR,single,,9500,2026-09-19,251342
MM4-027DA,グレートサイヤマン,UR,single,42000,44000,2026-09-19,251352
MM4-049,トランクス :未来,UR,single,,9500,2026-09-19,251374
MM4-SEC5,ベジット,UR,single,53000,33000,2026-09-19,274261
MM5-022,ベジータ,UR,single,,69000,2026-09-19,342001
MM5-022DA,ベジータ,UR,single,35999,,2026-09-19,342002
MM5-026DA,ベジータ,R,single,,150000,2026-09-19,342007
MM5-SEC,孫悟空,UR,single,,44800,2026-09-19,342050
MM5-SEC3,ゴジータ,UR,single,,47890,2026-09-19,342053
MM6-SEC,孫悟空 :少年期,UR,single,48000,39000,2026-09-19,372302
MM6-SEC2,孫悟空,UR,single,45999,36000,2026-09-19,372303
MM6-SEC3,ゴジータ :GT,UR,single,27777,,2026-09-19,372304
MM6-SEC4,孫悟空,UR,single,,22000,2026-09-19,372306
MR-24,悪魔の偵察者,SR,single,,33000,2026-09-19,603537
MR-29,サクリファイス,UR,single,,59999,2026-09-19,603544
MSC1-JP002,光をもたらす者 ルシファー,M,single,15000,21500,2026-09-19,593868
MVPC-JP000,青眼の亜白龍 KC-R,,single,15000,,2026-09-19,593333
NEO-P/NEO-P,ウパー P : 旧裏,プロモ,single,338000,308000,2026-09-19,467870
NEO-P/NEO-P,アンノーンR P : 旧裏,プロモ,single,165000,,2026-09-19,470988
NEO-P/NEO-P,ハッサム P : 旧裏,プロモ,single,149800,,2026-09-19,470980
NEO-P/NEO-P,わるいフシギソウ P : 旧裏,プロモ,single,99000,100000,2026-09-19,470992
NEO-P/NEO-P,ハガネール P : 旧裏,プロモ,single,,495000,2026-09-19,470970
NEO-P/NEO-P,チコリータ P : 旧裏,プロモ,single,,440000,2026-09-19,470965
NEO-P/NEO-P,ププリン P : 旧裏,プロモ,single,,149999,2026-09-19,470985
NEO-P/NEO-P,ワニノコ P : 旧裏,プロモ,single,,49999,2026-09-19,470967
NEO-PNO.003,わるいフシギバナ: 旧裏/,プロモ,single,420000,,2026-09-19,92098
NEO-PNO.133,イーブイ ファンクラブ: 旧裏/,プロモ,single,3190000,17800000,2026-09-19,92095
NEO-PNO.137,ポリゴン ファンクラブ: 旧裏/,プロモ,single,1680000,3980000,2026-09-19,92093
NEO-PNO.150,GR団のミュウツー: 旧裏/,プロモ,single,750000,638000,2026-09-19,92096
NEO-PNO.151,ひかるミュウ コロコロ: 旧裏/,プロモ,single,,7500000,2026-09-19,92094
NEO-PNO.187,ハネッコ: 旧裏/,プロモ,single,1070000,,2026-09-19,92101
NEO-PNO.191,ヒマナッツ: 旧裏/,プロモ,single,115000,,2026-09-19,92099
NEO-PNO.249,ルギア GB2: 旧裏/,プロモ,single,950000,920000,2026-09-19,92097
NEO/NEO,雷エネルギー : 旧裏,,single,9000,,2026-09-19,459232
NEO/NEO,草エネルギー : 旧裏,,single,9000,,2026-09-19,459196
NEO/NEO,マサキ : 旧裏,,single,9000,,2026-09-19,459189
NEO/NEO,炎エネルギー : 旧裏,,single,8000,,2026-09-19,459194
NEO/NEO,マスターボール : 旧裏,,single,,40000,2026-09-19,459231
NEO1,おうごんのみ ◆ : 旧裏,,single,50000,87000,2026-09-19,459436
NEO1,マサキの転送装置 ◆ : 旧裏,,single,39800,78000,2026-09-19,459441
NEO1,鋼エネルギー ★ : 旧裏,,single,29800,,2026-09-19,459452
NEO1,きのみ ● : 旧裏,,single,,300000,2026-09-19,459430
NEO1NO.025,ピカチュウ ● : 旧裏,,single,189000,205000,2026-09-19,459395
NEO1NO.043,ナゾノクサ ● : 旧裏,,single,,28000,2026-09-19,459361
NEO1NO.044,クサイハナ ◆ : 旧裏,,single,,80000,2026-09-19,459368
NEO1NO.126,ブーバー ◆ : 旧裏,,single,,49999,2026-09-19,459379
NEO1NO.152,チコリータ ● : 旧裏,,single,55000,39999,2026-09-19,459362
NEO1NO.153,ベイリーフ ◆ : 旧裏,,single,20000,39999,2026-09-19,459369
NEO1NO.154,メガニウム ★ : 旧裏,,single,75000,,2026-09-19,459374
NEO1NO.155,ヒノアラシ ● : 旧裏,,single,45000,49999,2026-09-19,459378
NEO1NO.156,マグマラシ ◆ : 旧裏,,single,20000,49999,2026-09-19,459380
NEO1NO.157,バクフーン ★ : 旧裏,,single,215000,238000,2026-09-19,92119
NEO1NO.160,オーダイル ★ : 旧裏,,single,59800,63500,2026-09-19,459392
NEO1NO.165,レディバ ● : 旧裏,,single,20000,25000,2026-09-19,459363
NEO1NO.172,ピチュー ★: 旧裏,,single,275000,310000,2026-09-19,309374
NEO1NO.173,ピィ ★ : 旧裏,,single,90000,,2026-09-19,459428
NEO1NO.176,トゲチック ★ : 旧裏,,single,75000,62800,2026-09-19,459429
NEO1NO.181,デンリュウ ★ : 旧裏,,single,99999,65800,2026-09-19,459401
NEO1NO.182,キレイハナ ★ : 旧裏,,single,75999,54800,2026-09-19,459375
NEO1NO.184,マリルリ ★ : 旧裏,,single,55000,64980,2026-09-19,459393
NEO1NO.188,ポポッコ ◆ : 旧裏,,single,,39999,2026-09-19,459372
NEO1NO.189,ワタッコ ★ : 旧裏,,single,45000,53000,2026-09-19,459376
NEO1NO.190,エイパム ◆ : 旧裏,,single,27000,,2026-09-19,459425
NEO1NO.199,ヤドキング ★ : 旧裏,,single,138000,205000,2026-09-19,459407
NEO1NO.208,ハガネール ★ : 旧裏,,single,84800,69000,2026-09-19,459415
NEO1NO.209,ブルー ● : 旧裏,,single,,29999,2026-09-19,459419
NEO1NO.210,グランブル ◆ : 旧裏,,single,35000,,2026-09-19,459426
NEO1NO.214,ヘラクロス ★ : 旧裏,,single,95000,99999,2026-09-19,459377
NEO1NO.215,ニューラ ★ : 旧裏,,single,,49800,2026-09-19,459414
NEO1NO.220,ウリムー ● : 旧裏,,single,,39999,2026-09-19,459386
NEO1NO.221,イノムー ◆ : 旧裏,,single,30500,,2026-09-19,459391
NEO1NO.227,エアームド ★ : 旧裏,,single,87000,66000,2026-09-19,459416
NEO1NO.230,キングドラ ★ : 旧裏,,single,65000,66000,2026-09-19,459394
NEO1NO.249,ルギア ★ : 旧裏,,single,1170000,1190000,2026-09-19,92118
NEO2NO.011,トランセル ◆ : 旧裏,,single,70150,,2026-09-19,460363
NEO2NO.012,バタフリー ★ : 旧裏,,single,180000,399999,2026-09-19,112252
NEO2NO.026,わるいライチュウ ☆ : 旧裏,,single,455000,500000,2026-09-19,92115
NEO2NO.060,ニョロモ ● : 旧裏,,single,20000,,2026-09-19,460366
NEO2NO.062,ニョロボン ★ : 旧裏,,single,68000,69000,2026-09-19,111786
NEO2NO.081,コイル ★ : 旧裏,,single,84800,85000,2026-09-19,111784
NEO2NO.133,イーブイ ◆ : 旧裏,,single,140000,138000,2026-09-19,460388
NEO2NO.138,オムナイト ● : 旧裏,,single,20000,,2026-09-19,460379
NEO2NO.140,カブト ● : 旧裏,,single,54900,39999,2026-09-19,460367
NEO2NO.141,カブトプス ★ : 旧裏,,single,,94000,2026-09-19,112248
NEO2NO.161,オタチ ● : 旧裏,,single,20000,,2026-09-19,460385
NEO2NO.167,イトマル ● : 旧裏,,single,20000,29800,2026-09-19,460360
NEO2NO.186,ニョロトノ ★ : 旧裏,,single,139000,160000,2026-09-19,112249
NEO2NO.187,ハネッコ ● : 旧裏,,single,24500,29999,2026-09-19,460361
NEO2NO.193,ヤンヤンマ ★ : 旧裏,,single,69999,88000,2026-09-19,112261
NEO2NO.194,ウパー ● : 旧裏,,single,,70000,2026-09-19,460368
NEO2NO.196,エーフィ ★ : 旧裏,,single,338000,299000,2026-09-19,92117
NEO2NO.197,ブラッキー ★ : 旧裏,,single,970000,798000,2026-09-19,92116
NEO2NO.201,アンノーンU ◆ : 旧裏,,single,32800,,2026-09-19,460378
NEO2NO.201,アンノーンA ★ : 旧裏,,single,,74000,2026-09-19,112262
NEO2NO.202,ソーナンス ★ : 旧裏,,single,129999,150000,2026-09-19,112263
NEO2NO.204,クヌギダマ ● : 旧裏,,single,25000,,2026-09-19,460362
NEO2NO.205,フォレトス ★ : 旧裏,,single,49800,63000,2026-09-19,111783
NEO2NO.212,ハッサム ★ : 旧裏,,single,132000,94000,2026-09-19,112251
NEO2NO.216,ヒメグマ ● : 旧裏,,single,,23000,2026-09-19,460387
NEO2NO.217,リングマ ★ : 旧裏,,single,55000,56000,2026-09-19,111782
NEO2NO.222,サニーゴ ◆ : 旧裏,,single,23800,,2026-09-19,460370
NEO2NO.228,デルビルLV.22 ★ : 旧裏,,single,97800,95000,2026-09-19,112247
NEO2NO.228,デルビルLV.15 ◆ : 旧裏,,single,,89999,2026-09-19,460384
NEO2NO.229,ヘルガー ★ : 旧裏,,single,138000,170000,2026-09-19,112250
NEO2NO.235,ドーブル ★ : 旧裏,,single,80000,,2026-09-19,111781
NEO2NO.237,カポエラー ★ : 旧裏,,single,14500,62800,2026-09-19,111785
NEO2NO.246,ヨーギラス ● : 旧裏,,single,,33000,2026-09-19,460381
NEO2NO.248,バンギラス ★ : 旧裏,,single,155000,178000,2026-09-19,112246
NEO3,ロケット団のアジト ◆ : 旧裏,,single,498000,315000,2026-09-19,460716
NEO3NO.026,ライチュウ ◆ : 旧裏,,single,105000,110000,2026-09-19,460694
NEO3NO.082,レアコイル ★ : 旧裏,,single,67800,199800,2026-09-19,112224
NEO3NO.118,トサキント ● : 旧裏,,single,,50000,2026-09-19,460685
NEO3NO.120,ヒトデマン ● : 旧裏,,single,,49999,2026-09-19,460686
NEO3NO.121,スターミー ★ : 旧裏,,single,39999,48500,2026-09-19,112222
NEO3NO.129,ひかるコイキング ★★★ : 旧裏,,single,4500000,5400000,2026-09-19,92111
NEO3NO.130,ひかるギャラドス ★★★ : 旧裏,,single,6600000,,2026-09-19,93308
NEO3NO.142,プテラ ★ : 旧裏,,single,278000,230000,2026-09-19,112217
NEO3NO.169,クロバット ★ : 旧裏,,single,69800,42800,2026-09-19,112218
NEO3NO.170,チョンチー ● : 旧裏,,single,14000,40000,2026-09-19,460693
NEO3NO.181,デンリュウ ★ : 旧裏,,single,98000,104000,2026-09-19,112221
NEO3NO.188,ポポッコ ● : 旧裏,,single,,40000,2026-09-19,460680
NEO3NO.189,ワタッコ ★ : 旧裏,,single,52800,45800,2026-09-19,112219
NEO3NO.190,エイパム ● : 旧裏,,single,27000,,2026-09-19,460709
NEO3NO.198,ヤミカラス ● : 旧裏,,single,23000,,2026-09-19,460707
NEO3NO.200,ムウマ ★ : 旧裏,,single,80000,65000,2026-09-19,112223
NEO3NO.211,ハリーセン ● : 旧裏,,single,,28000,2026-09-19,460688
NEO3NO.221,イノムー ◆ : 旧裏,,single,,49990,2026-09-19,460706
NEO3NO.225,デリバード ★ : 旧裏,,single,59000,57800,2026-09-19,112225
NEO3NO.229,ヘルガー ★ : 旧裏,,single,250000,295000,2026-09-19,112216
NEO3NO.230,キングドラ ★ : 旧裏,,single,125000,89000,2026-09-19,112220
NEO3NO.233,ポリゴン2 ★ : 旧裏,,single,72000,68000,2026-09-19,112240
NEO3NO.238,ムチュール ● : 旧裏,,single,,39999,2026-09-19,460698
NEO3NO.242,ハピナス ★ : 旧裏,,single,120000,89999,2026-09-19,112241
NEO3NO.243,ライコウ ★ : 旧裏,,single,154000,160000,2026-09-19,112214
NEO3NO.244,エンテイ ★ : 旧裏,,single,168888,149900,2026-09-19,112215
NEO3NO.245,スイクン ★ : 旧裏,,single,190000,198000,2026-09-19,92113
NEO3NO.250,ホウオウ ★ : 旧裏,,single,248000,250000,2026-09-19,92112
NEO3NO.251,セレビィ ★ : 旧裏,,single,299999,315000,2026-09-19,460701
NEO4,ロケット団の暗躍 ◆ : 旧裏,,single,38500,45000,2026-09-19,460795
NEO4,ラッキースタジアム ◆ : 旧裏,,single,,135000,2026-09-19,460794
NEO4,にせオーキドの発明 ★ : 旧裏,,single,,49800,2026-09-19,460799
NEO4NO.026,ひかるライチュウ ★★★ : 旧裏,,single,,7850000,2026-09-19,93306
NEO4NO.038,やさしいキュウコン ◆ : 旧裏,,single,52800,85000,2026-09-19,460732
NEO4NO.054,コダック ● : 旧裏,,single,210000,,2026-09-19,460737
NEO4NO.059,やさしいウインディ ★ : 旧裏,,single,265000,228000,2026-09-19,460735
NEO4NO.087,やさしいジュゴン ◆ : 旧裏,,single,,29800,2026-09-19,460744
NEO4NO.092,ゴース ● : 旧裏,,single,,74800,2026-09-19,460753
NEO4NO.093,わるいゴースト ◆ : 旧裏,,single,,178000,2026-09-19,111855
NEO4NO.094,わるいゲンガー ★ : 旧裏,,single,720000,720000,2026-09-19,92105
NEO4NO.134,やさしいシャワーズ ◆ : 旧裏,,single,279999,320000,2026-09-19,111833
NEO4NO.135,やさしいサンダース ◆ : 旧裏,,single,189000,198000,2026-09-19,111831
NEO4NO.136,やさしいブースター ◆ : 旧裏,,single,199999,132000,2026-09-19,460733
NEO4NO.139,わるいオムスター ★ : 旧裏,,single,,200000,2026-09-19,460748
NEO4NO.141,ひかるカブトプス ★★★ : 旧裏,,single,3880000,3999900,2026-09-19,93304
NEO4NO.147,ミニリュウ ● : 旧裏,,single,,54800,2026-09-19,460779
NEO4NO.148,やさしいハクリュー ★ : 旧裏,,single,120000,114000,2026-09-19,460785
NEO4NO.149,やさしいカイリュー ★ : 旧裏,,single,350000,225000,2026-09-19,92108
NEO4NO.150,ひかるミュウツー ★★★ : 旧裏,,single,900000,,2026-09-19,93301
NEO4NO.155,ヒノアラシ ● : 旧裏,,single,62000,59800,2026-09-19,460730
NEO4NO.156,わるいマグマラシ ◆ : 旧裏,,single,49000,59999,2026-09-19,460734
NEO4NO.157,わるいバクフーン ★ : 旧裏,,single,108000,108000,2026-09-19,111819
NEO4NO.158,ワニノコ ● : 旧裏,,single,78000,,2026-09-19,460739
NEO4NO.159,わるいアリゲイツ ◆ : 旧裏,,single,64774,100000,2026-09-19,460746
NEO4NO.160,わるいオーダイル ★ : 旧裏,,single,104000,120000,2026-09-19,111821
NEO4NO.164,ひかるヨルノズク ★★★ : 旧裏,,single,3910000,4380000,2026-09-19,93307
NEO4NO.165,レディバ ● : 旧裏,,single,,50000,2026-09-19,460718
NEO4NO.169,わるいクロバット ★ : 旧裏,,single,89800,100000,2026-09-19,111832
NEO4NO.175,トゲピー ● : 旧裏,,single,209999,79800,2026-09-19,460780
NEO4NO.176,やさしいトゲチック ★ : 旧裏,,single,128000,150000,2026-09-19,111829
NEO4NO.181,わるいデンリュウ ★ : 旧裏,,single,99999,94999,2026-09-19,111822
NEO4NO.184,やさしいマリルリ ★ : 旧裏,,single,39800,55500,2026-09-19,111834
NEO4NO.191,ヒマナッツ ● : 旧裏,,single,,37000,2026-09-19,460719
NEO4NO.192,やさしいキマワリ ● : 旧裏,,single,,25800,2026-09-19,460720
NEO4NO.196,わるいエーフィ ★ : 旧裏,,single,375000,358000,2026-09-19,92106
NEO4NO.199,わるいヤドキング ★ : 旧裏,,single,550000,,2026-09-19,460765
NEO4NO.208,ひかるハガネール ★★★ : 旧裏,,single,2700000,4000000,2026-09-19,93305
NEO4NO.212,わるいハッサム ★ : 旧裏,,single,145000,299900,2026-09-19,111824
NEO4NO.223,テッポウオ ● : 旧裏,,single,,38000,2026-09-19,460741
NEO4NO.229,わるいヘルガー ★ : 旧裏,,single,90000,99000,2026-09-19,111820
NEO4NO.232,わるいドンファン ★ : 旧裏,,single,49800,76666,2026-09-19,111823
NEO4NO.233,わるいポリゴン2 ★ : 旧裏,,single,109800,74000,2026-09-19,111830
NEO4NO.248,ひかるバンギラス ★★★ : 旧裏,,single,6100000,9000000,2026-09-19,93302
NEO4NO.248,わるいバンギラス ★ : 旧裏,,single,169000,159000,2026-09-19,92107
NEO4NO.251,ひかるセレビィ ★★★ : 旧裏,,single,6450000,7500000,2026-09-19,93303
NEOINO.160,オーダイル イントロパック: 旧裏,,single,19000,,2026-09-19,92110
NEOINO.172,ピチュー イントロパック: 旧裏,,single,27800,,2026-09-19,111865
NEONO.163,ホーホー : 旧裏,,single,,40000,2026-09-19,459212
NEONO.180,モココ : 旧裏,,single,105000,,2026-09-19,459235
NEONO.211,ハリーセン : 旧裏,,single,,40000,2026-09-19,459233
NEONO.223,テッポウオ : 旧裏,,single,,40000,2026-09-19,459219
NEONO.228,デルビル : 旧裏,,single,,80000,2026-09-19,459244
NEOP2NO.006,リザードンプレミアムファイル2: 旧裏,,single,268000,270000,2026-09-19,92114
NEOP2NO.133,イーブイプレミアムファイル2: 旧裏,,single,76000,59999,2026-09-19,112245
NEOP2NO.172,ピチュープレミアムファイル2: 旧裏,,single,108000,88000,2026-09-19,112244
NEOP2NO.196,エーフィプレミアムファイル2: 旧裏,,single,144800,148000,2026-09-19,112243
NEOP2NO.197,ブラッキープレミアムファイル2: 旧裏,,single,178000,163000,2026-09-19,112242
NKC1-EN001,WINDS OF VICTORY,SE,single,51500,62000,2026-09-19,692555
NKC1-EN002,真紅眼の黒竜,SE,single,110000,119000,2026-09-19,692556
NKC1-JP001,毒サソリの罠,SE,single,230000,300000,2026-09-19,692554
NO.145,R団のサンダー ★ :25thホロ,,single,1750000,1700000,2026-09-19,428825
NO.215,ニューラ ★ :25thホロ,,single,,698000,2026-09-19,428829
NO.249,ルギア : 旧裏,,single,260000,230000,2026-09-19,424815
NSC1-JP001,簡易融合,,single,9300,8800,2026-09-19,779204
NYC1-JP001,青眼の白龍 25th,SE,single,28999,29300,2026-09-19,442415
OP-07,リリス,SR,single,10000,,2026-09-19,183358
OP-15-001,クリーク L-P,,single,13000,,2026-09-19,758746
OP-15-002,ルーシー L-P,,single,9999,13500,2026-09-19,758747
OP-15-022,ブルック L-P,,single,14800,17000,2026-09-19,758748
OP-15-039,レベッカ L-P,,single,8000,9900,2026-09-19,758749
OP-15-058,エネル L-P,,single,9500,9500,2026-09-19,758750
OP-15-098,モンキー・D・ルフィ L-P,,single,11000,11500,2026-09-19,758751
OP01-001,ロロノア・ゾロ L-P,,single,60777,56000,2026-09-19,104428
OP01-001,ロロノア・ゾロ,L,single,53980,53500,2026-09-19,171996
OP01-001,ロロノア・ゾロ L パラレル,,single,8999,9000,2026-09-19,94915
OP01-002,トラファルガー・ロー L-P,,single,29800,28500,2026-09-19,93522
OP01-003,モンキー・D・ルフィ L-P,,single,91500,81500,2026-09-19,93519
OP01-003,モンキー・D・ルフィ,L,single,,27999,2026-09-19,142586
OP01-004,ウソップ R-P,,single,269000,178000,2026-09-19,102904
OP01-004,ウソップ,R,single,88000,78000,2026-09-19,287034
OP01-005,ウタ,R,single,23900,25800,2026-09-19,140965
OP01-005,ウタ,R,single,22000,24800,2026-09-19,201503
OP01-005,ウタ,R,single,14000,19999,2026-09-19,157940
OP01-005,ウタ,R,single,14000,,2026-09-19,110711
OP01-005,ウタ,R,single,11800,11800,2026-09-19,134326
OP01-005,ウタ,R,single,,18888,2026-09-19,201485
OP01-006,お玉,UC,single,64500,,2026-09-19,220808
OP01-006,お玉,UC,single,40000,44800,2026-09-19,357169
OP01-006,お玉,UC,single,11800,10800,2026-09-19,142189
OP01-006,お玉 UC :フルアート,,single,10000,,2026-09-19,328395
OP01-006,お玉 UC-P,,single,7999,7000,2026-09-19,328396
OP01-013,サンジ,R,single,108000,124999,2026-09-19,287035
OP01-013,サンジ,R,single,47000,,2026-09-19,201504
OP01-013,サンジ,R,single,27890,19500,2026-09-19,157933
OP01-013,サンジ R-P,,single,12500,13500,2026-09-19,94867
OP01-013,サンジ R-P,,single,6800,6999,2026-09-19,94917
OP01-014,ジンベエ,UC,single,22222,19999,2026-09-19,134325
OP01-014,ジンベエ,UC,single,11800,,2026-09-19,110722
OP01-015,トニートニー・チョッパー,UC,single,29999,,2026-09-19,342324
OP01-016,ナミ,R,single,160000,198000,2026-09-19,287033
OP01-016,ナミ R-SP (コミパラ),,single,148000,130000,2026-09-19,310224
OP01-016,ナミ,R,single,55000,158000,2026-09-19,201505
OP01-016,ナミ,R,single,49999,87000,2026-09-19,287698
OP01-016,ナミ R-P,,single,45000,,2026-09-19,197817
OP01-016,ナミ R-SPC (和柄ナミ),,single,41000,39000,2026-09-19,135442
OP01-016,ナミ,R,single,37999,37999,2026-09-19,129630
OP01-016,ナミ R-P,,single,22000,25300,2026-09-19,93521
OP01-016,ナミ,R,single,17900,16000,2026-09-19,132574
OP01-016,ナミ,R,single,15980,15800,2026-09-19,129616
OP01-016,ナミ R-P,,single,9900,7690,2026-09-19,94918
OP01-017,ニコ・ロビン,R,single,218000,240000,2026-09-19,287037
OP01-017,ニコ・ロビン,R,single,47500,,2026-09-19,213937
OP01-017,ニコ・ロビン,R,single,19999,19000,2026-09-19,134322
OP01-021,フランキー,UC,single,24800,10800,2026-09-19,157938
OP01-021,フランキー UC パラレル,,single,13000,12000,2026-09-19,95890
OP01-021,フランキー,UC,single,10000,13999,2026-09-19,134323
OP01-021,フランキー,UC,single,10000,,2026-09-19,110721
OP01-022,ブルック UC-P,,single,7200,6900,2026-09-19,94920
OP01-024,モンキー・D・ルフィ SR-P,,single,16800,16000,2026-09-19,93513
OP01-024,モンキー・D・ルフィ SR-P,,single,11500,7980,2026-09-19,328398
OP01-024,モンキー・D・ルフィ,SR,single,9800,9200,2026-09-19,94897
OP01-025,ロロノア・ゾロ,SR,single,520000,,2026-09-19,219822
OP01-025,ロロノア・ゾロ,SR,single,315000,344000,2026-09-19,106779
OP01-025,ロロノア・ゾロ,SR,single,200000,208000,2026-09-19,287032
OP01-025,ロロノア・ゾロ SR-P,,single,18000,17000,2026-09-19,93514
OP01-029,ラディカルビ〜〜〜〜ム!!!!,UC,single,,190000,2026-09-19,141829
OP01-030,2年後に‼!シャボンディ諸島で!!!,UC,single,12700,11200,2026-09-19,300059
OP01-030,2年後に‼!シャボンディ諸島で!!!,UC,single,,24999,2026-09-19,142611
OP01-031,光月おでん L-P,,single,15000,,2026-09-19,94868
OP01-033,イゾウ UC :フルアート,,single,5980,,2026-09-19,328404
OP01-033,イゾウ,UC,single,4980,,2026-09-19,221660
OP01-035,お菊 R-SPC,,single,18000,15000,2026-09-19,198737
OP01-035,お菊,R,single,12000,,2026-09-19,229666
OP01-039,キラー,UC,single,8000,,2026-09-19,252654
OP01-040,錦えもん SR-P,,single,7200,9000,2026-09-19,94869
OP01-041,光月モモの助 R-P,,single,7500,,2026-09-19,328409
OP01-047,トラファルガー・ロー SR-SPC,,single,25555,24900,2026-09-19,126177
OP01-047,トラファルガー・ロー SR-P,,single,13000,12480,2026-09-19,94870
OP01-047,トラファルガー・ロー SR-P,,single,3000,,2026-09-15,328411
OP01-048,ネコマムシ C-P,,single,6500,,2026-09-19,94898
OP01-051,ユースタス・キッド：手配書 SR-SPC,,single,14500,14000,2026-09-19,112983
OP01-051,ユースタス・キッド SR-P,,single,11300,10980,2026-09-19,94871
OP01-051,ユースタス・キッド SR-P,,single,8000,,2026-09-19,328413
OP01-060,ドンキホーテ・ドフラミンゴ L-P,,single,21000,21200,2026-09-19,94872
OP01-061,カイドウ L-P,,single,13900,13300,2026-09-19,94873
OP01-062,クロコダイル L-P,,single,20000,13000,2026-09-19,94874
OP01-064,アルビダ C-P,,single,10000,12999,2026-09-19,94902
OP01-067,クロコダイル SR-P,,single,7500,14999,2026-09-19,94886
OP01-070,ジュラキュール・ミホーク,SR,single,98000,89999,2026-09-19,222164
OP01-070,ジュラキュール・ミホーク SR-P,,single,19800,,2026-09-19,93515
OP01-070,ジュラキュール・ミホーク SR-P,,single,11880,,2026-09-19,328418
OP01-070,ジュラキュール・ミホーク,SR,single,7500,,2026-09-19,328417
OP01-073,ドンキホーテ・ドフラミンゴ R-SPC,,single,19000,16000,2026-09-19,198739
OP01-073,ドンキホーテ・ドフラミンゴ R-P,,single,15151,12000,2026-09-19,94887
OP01-077,ペローナ UC-P,プロモ,single,75000,29600,2026-09-19,503863
OP01-077,ペローナ UC-P,,single,32000,,2026-09-19,94905
OP01-077,ペローナ,UC,single,14800,12800,2026-09-19,129632
OP01-077,ペローナ,UC,single,,17800,2026-09-19,287700
OP01-078,ボア・ハンコック SR-SPC,,single,114500,110000,2026-09-19,126178
OP01-078,ボア・ハンコック SR-P,,single,16000,14500,2026-09-19,93516
OP01-078,ボア・ハンコック,SR,single,14000,30000,2026-09-19,94889
OP01-078,ボア・ハンコック,SR,single,9100,,2026-09-19,328419
OP01-078,ボア・ハンコック SR-P,,single,9000,9800,2026-09-19,328420
OP01-091,キング L-P,,single,24800,35800,2026-09-19,94888
OP01-093,うるティ R-P,,single,12000,11999,2026-09-19,93518
OP01-094,カイドウ,SR,single,420000,980000,2026-09-19,240972
OP01-094,カイドウ,SR,single,100000,110000,2026-09-19,138425
OP01-094,カイドウ SR-P,,single,14999,14999,2026-09-19,94890
OP01-096,キング SR-P,,single,11888,11500,2026-09-19,94892
OP01-097,クイーン R-P,,single,8000,11000,2026-09-19,103290
OP01-101,ササキ,UC,single,30000,,2026-09-19,221616
OP01-102,ジャック R-P,,single,11888,10000,2026-09-19,94893
OP01-109,フーズ・フー UC-P,,single,8000,,2026-09-19,94907
OP01-120,シャンクス SEC-SP (コミパラ),,single,848000,,2026-09-19,197947
OP01-120,シャンクス SEC-P (シリアルシャンクス、赤髪) (開封済),,single,750000,820000,2026-09-19,117170
OP01-120,シャンクス SEC-SP (コミパラ),,single,750000,779999,2026-09-19,332159
OP01-120,シャンクス SEC-P (開封済),,single,680000,680000,2026-09-19,222162
OP01-120,シャンクス SEC-SP (コミパラ),,single,212000,209999,2026-09-19,93520
OP01-120,シャンクス SEC-P,,single,18000,13799,2026-09-19,328422
OP01-120,シャンクス SEC-P,,single,14499,16000,2026-09-19,93512
OP01-120,シャンクス,SEC,single,14000,29999,2026-09-19,328421
OP01-120,シャンクス,SEC,single,12300,12300,2026-09-19,142695
OP01-121,ヤマト,SEC,single,70000,,2026-09-19,240970
OP01-121,ヤマト SEC-SPC,,single,22000,19980,2026-09-19,135443
OP01-121,ヤマト SEC-P,,single,21000,20400,2026-09-19,328424
OP01-121,ヤマト SEC-P,,single,15900,15800,2026-09-19,93511
OP01-121,ヤマト,SEC,single,8000,10000,2026-09-19,93517
OP01-121,ヤマト,SEC,single,6800,13500,2026-09-19,328423
OP01‐013,サンジ,R,single,159999,128000,2026-09-19,254307
OP01‐016,ナミ R (青ナミ),,single,4600000,4500000,2026-09-19,254303
OP01‐016,ナミ R (赤ナミ),,single,660000,620000,2026-09-19,254304
OP01‐017,ニコ・ロビン,R,single,295000,270000,2026-09-19,254306
OP01‐025,ロロノア・ゾロ,SR,single,250000,228000,2026-09-19,254305
OP01‐070,ジュラキュール・ミホーク,SR,single,98000,96000,2026-09-19,165933
OP02-001,エドワード・ニューゲート L-P,,single,15000,15000,2026-09-19,102426
OP02-001,エドワード・ニューゲート,L,single,11000,26000,2026-09-19,140969
OP02-002,モンキー・D・ガープ L-P,,single,14500,19800,2026-09-19,102427
OP02-004,エドワード・ニューゲート,SR,single,700000,1300000,2026-09-19,220834
OP02-004,エドワード・ニューゲート SR-SPC,,single,25000,34999,2026-09-19,126179
OP02-004,エドワード・ニューゲート,SR,single,19800,17999,2026-09-19,252656
OP02-004,エドワード・ニューゲート SR-P,,single,11111,,2026-09-19,328426
OP02-004,エドワード・ニューゲート SR-P,,single,9999,9990,2026-09-19,102442
OP02-008,ジョズ,R,single,33333,,2026-09-19,220832
OP02-008,ジョズ,R,single,10000,,2026-09-19,252657
OP02-013,ポートガス・D・エース SR-SP (コミパラ),,single,620000,400000,2026-09-19,332160
OP02-013,ポートガス・D・エース SR-SP (コミパラ),,single,200000,189000,2026-09-19,102434
OP02-013,ポートガス・D・エース SR-SPC,,single,36500,36000,2026-09-19,265748
OP02-013,ポートガス・D・エース,SR,single,17999,18200,2026-09-19,300060
OP02-013,ポートガス・D・エース SR-P,,single,14899,10400,2026-09-19,102435
OP02-015,マキノ,UC,single,12000,27000,2026-09-19,142188
OP02-017,マスクド・デュース R-P,,single,8000,11000,2026-09-19,102462
OP02-018,マルコ R-P,,single,15800,,2026-09-19,328433
OP02-018,マルコ R :フルアート,,single,12350,,2026-09-19,328432
OP02-018,マルコ R-P,,single,12000,,2026-09-19,102446
OP02-018,マルコ R : 海賊旗フォイル,,single,7800,,2026-09-19,328431
OP02-025,錦えもん L-P,,single,16000,16000,2026-09-19,102428
OP02-026,サンジ L-P,,single,25000,13500,2026-09-19,102429
OP02-029,キャロット,R,single,14800,15000,2026-09-19,129627
OP02-030,光月おでん SR-P,,single,9500,,2026-09-19,102440
OP02-031,光月トキ UC-P,,single,14000,16000,2026-09-19,102451
OP02-034,トニートニー・チョッパー,UC,single,7500,,2026-09-19,250560
OP02-036,ナミ SR-P,,single,15000,9999,2026-09-19,102441
OP02-036,ナミ,SR,single,9400,9400,2026-09-19,141832
OP02-036,ナミ,SR,single,9000,,2026-09-19,102417
OP02-041,モンキー・Ｄ・ルフィ R-P,,single,21500,18000,2026-09-19,102444
OP02-041,モンキー・Ｄ・ルフィ R-P,,single,,19800,2026-09-19,144342
OP02-049,エンポリオ・イワンコフ L-P,,single,12200,8000,2026-09-19,102430
OP02-051,エンポリオ・イワンコフ SR-P,,single,11000,11980,2026-09-19,102443
OP02-051,エンポリオ・イワンコフ,SR,single,3456,,2026-09-19,102418
OP02-052,カバジ,C,single,10000,,2026-09-19,198091
OP02-058,バギー R-P,,single,12000,,2026-09-19,102447
OP02-059,ボア・ハンコック,UC,single,99999,39800,2026-09-19,201507
OP02-059,ボア・ハンコック,UC,single,55000,,2026-09-19,220798
OP02-059,ボア・ハンコック,UC,single,15800,15699,2026-09-19,157936
OP02-059,ボア・ハンコック UC-P,,single,10900,10690,2026-09-19,102461
OP02-062,モンキー・Ｄ・ルフィ SR-P,,single,28000,11000,2026-09-19,102436
OP02-068,ゴムゴムの雨 R-P,,single,39999,20000,2026-09-19,656304
OP02-071,マゼラン L-P,,single,23000,23000,2026-09-19,102431
OP02-072,ゼット L-P,,single,16000,14980,2026-09-19,102432
OP02-073,サディちゃん R-P,,single,10000,21000,2026-09-19,102448
OP02-085,マゼラン SR-SPC,,single,28000,19000,2026-09-19,126180
OP02-085,マゼラン SR-P,,single,11850,,2026-09-19,102460
OP02-086,ミノコアラ UC-P,,single,,12500,2026-09-19,102459
OP02-093,スモーカー L-P,,single,19999,17000,2026-09-19,102433
OP02-096,クザン SR-P,,single,2220000,1600000,2026-09-19,117169
OP02-096,クザン SR-P,プロモ,single,400000,600000,2026-09-19,219820
OP02-096,クザン SR-P,,single,24980,26000,2026-09-19,102437
OP02-096,クザン SR-P,,single,8000,,2026-09-19,328439
OP02-096,クザン SR-P,,single,,100000,2026-09-19,198145
OP02-098,コビー,R,single,13800,14500,2026-09-19,129626
OP02-099,サカズキ SR-P,,single,16000000,9980000,2026-09-19,117167
OP02-099,サカズキ SR-P,プロモ,single,550000,500000,2026-09-19,219821
OP02-099,サカズキ SR-SPC,,single,35800,25000,2026-09-19,126181
OP02-099,サカズキ SR-P,,single,10888,9999,2026-09-19,328441
OP02-099,サカズキ SR-P,,single,8500,9480,2026-09-19,102438
OP02-105,たしぎ,C,single,11799,8888,2026-09-19,129629
OP02-105,たしぎ,C,single,9999,,2026-09-19,287697
OP02-105,たしぎ C-P,,single,,30000,2026-09-19,102458
OP02-108,ドンキホーテ・ロシナンテ C-P,,single,1900,,2026-09-14,102457
OP02-114,ボルサリーノ SR-P,,single,850000,698000,2026-09-19,117168
OP02-114,ボルサリーノ SR-P,プロモ,single,310000,698000,2026-09-19,219819
OP02-114,ボルサリーノ SR-P,,single,10950,,2026-09-19,328446
OP02-114,ボルサリーノ SR-P,,single,10500,10998,2026-09-19,102439
OP02-114,ボルサリーノ,SR,single,9888,,2026-09-19,102423
OP02-115,モンキー・D・ガープ R-P,,single,9000,12000,2026-09-19,102445
OP02-120,ウタ,SEC,single,28500,11000,2026-09-19,140966
OP02-120,ウタ SEC-SPC (和柄ウタ),,single,28000,24700,2026-09-19,135445
OP02-120,ウタ,SEC,single,13480,9999,2026-09-19,102424
OP02-120,ウタ SEC-P,,single,12300,11799,2026-09-19,102449
OP02-121,クザン SEC-P,,single,17000,10998,2026-09-19,102456
OP02-121,クザン,SEC,single,13000,30000,2026-09-19,102425
OP02-121,クザン SEC-P,,single,,8000,2026-09-19,328451
OP03-001,ポートガス・Ｄ・エース,L,single,37500,13999,2026-09-19,117171
OP03-001,ポートガス・Ｄ・エース L-P,,single,13980,13000,2026-09-19,112943
OP03-001,ポートガス・D・エース,L,single,,36500,2026-09-19,201621
OP03-003,イゾウ R-SPC,,single,20000,22000,2026-09-19,198738
OP03-008,バギー UC-SPC,,single,23999,32000,2026-09-19,158399
OP03-013,マルコ,SR,single,275000,400000,2026-09-19,220833
OP03-013,マルコ,SR,single,18000,21900,2026-09-19,252658
OP03-013,マルコ,SR,single,16980,17000,2026-09-19,142187
OP03-013,マルコ SR-P,,single,13000,,2026-09-19,112945
OP03-013,マルコ,SR,single,4000,,2026-09-19,112944
OP03-018,火拳 R-P,,single,25000,26000,2026-09-19,112946
OP03-021,クロ L-P,,single,14000,8000,2026-09-19,112947
OP03-022,アーロン L-P,,single,13000,,2026-09-19,112948
OP03-024,ギン R-P,,single,9000,14980,2026-09-19,112949
OP03-025,クリーク SR-P,,single,13000,12999,2026-09-19,112951
OP03-040,ナミ L-P,,single,28999,24780,2026-09-19,112952
OP03-041,ウソップ SR-P,,single,13000,10000,2026-09-19,112954
OP03-044,カヤ,R,single,33000,,2026-09-19,221725
OP03-044,カヤ,R,single,13999,13600,2026-09-19,300061
OP03-044,カヤ,R,single,10999,10500,2026-09-19,159278
OP03-047,ゼフ R-P,,single,9990,,2026-09-19,198234
OP03-055,ゴムゴムの大槌 C :フルアート,,single,2500,18000,2026-09-19,328458
OP03-056,サンジのピラフ UC-P,,single,9000,,2026-09-19,328462
OP03-056,サンジのピラフ UC :フルアート,,single,,27000,2026-09-19,328461
OP03-057,三・千・世・界 R-P,,single,,59800,2026-09-19,328466
OP03-058,アイスバーグ L-P,,single,,9800,2026-09-19,112956
OP03-066,パウリー SR-P,,single,13000,10000,2026-09-19,112958
OP03-070,モンキー・D・ルフィ,R,single,130000,110000,2026-09-19,414743
OP03-072,ゴムゴムのJET銃乱打 R-P,,single,15980,11000,2026-09-19,656305
OP03-076,ロブ・ルッチ L-P,,single,15000,,2026-09-19,112959
OP03-077,シャーロット・リンリン L-P,,single,17500,,2026-09-19,112960
OP03-078,イッショウ SR-SPC,,single,16800,,2026-09-19,198740
OP03-078,イッショウ SR-P,,single,8500,,2026-09-19,112962
OP03-079,ヴェルゴ UC :フルアート,,single,,7500,2026-09-19,328472
OP03-080,カク SR-P,,single,9000,,2026-09-19,112964
OP03-081,カリファ R-P,,single,8500,17400,2026-09-19,112965
OP03-086,スパンダム R-P,,single,8000,,2026-09-19,112966
OP03-089,ブランニュー R-P,,single,7777,,2026-09-19,328476
OP03-092,ロブ・ルッチ SR-SPC,,single,17000,18000,2026-09-19,135446
OP03-092,ロブ・ルッチ SR-P,,single,12800,19999,2026-09-19,112968
OP03-099,シャーロット・カタクリ L-P,,single,13333,11111,2026-09-19,112969
OP03-102,サンジ,R,single,25000,9500,2026-09-19,229664
OP03-108,シャーロット・クラッカー SR-P,,single,9999,,2026-09-19,328481
OP03-108,シャーロット・クラッカー,SR,single,7777,,2026-09-19,328480
OP03-108,シャーロット・クラッカー SR-P,,single,5000,,2026-09-19,112971
OP03-110,シャーロット・スムージー R :フルアート,,single,5999,,2026-09-19,328484
OP03-112,シャーロット・プリン,R,single,298000,220000,2026-09-19,237291
OP03-112,シャーロット・プリン,R,single,79800,248000,2026-09-19,407056
OP03-112,シャーロット・プリン R-SPC,,single,25000,22999,2026-09-19,265751
OP03-112,シャーロット・プリン R-P,,single,16000,12999,2026-09-19,112972
OP03-113,シャーロット・ペロスペロー SR-P,,single,10500,,2026-09-19,328487
OP03-113,シャーロット・ペロスペロー SR-P,,single,9999,,2026-09-19,112974
OP03-114,シャーロット・リンリン,SR,single,1250000,8880000,2026-09-19,277359
OP03-114,シャーロット・リンリン SR-SPC,,single,21000,17000,2026-09-19,158401
OP03-116,しらほし,UC,single,298000,270000,2026-09-19,364786
OP03-116,しらほし,UC,single,60000,,2026-09-19,449943
OP03-116,しらほし,UC,single,49800,39800,2026-09-19,221727
OP03-116,しらほし,UC,single,18000,13800,2026-09-19,229670
OP03-116,しらほし UC :フルアート,,single,5678,,2026-09-19,328490
OP03-122,そげキング SEC-SP (コミパラ),,single,388000,390000,2026-09-19,332162
OP03-122,そげキング SEC-SP (コミパラ),,single,100000,120000,2026-09-19,112979
OP03-122,そげキング,SEC,single,18500,18500,2026-09-19,112977
OP03-122,そげキング SEC-P,,single,12000,,2026-09-19,112978
OP03-123,シャーロット・カタクリ,SEC,single,315000,295000,2026-09-19,237290
OP03-123,シャーロット・カタクリ,SEC,single,120000,,2026-09-19,407057
OP03-123,シャーロット・カタクリ,SEC,single,14000,13800,2026-09-19,112980
OP03-123,シャーロット・カタクリ SEC-P,,single,14000,13499,2026-09-19,112981
OP03-123,シャーロット・カタクリ,SEC,single,13800,10480,2026-09-19,328494
OP03-123,シャーロット・カタクリ SEC-P,,single,11000,13000,2026-09-19,328495
OP04-001,ネフェルタリ・ビビ L-P,,single,19999,20000,2026-09-19,126034
OP04-013,ペル SR-P,,single,8000,13000,2026-09-19,126047
OP04-016,反行儀キックコース R-P,,single,15555,9200,2026-09-19,656306
OP04-019,ドンキホーテ・ドフラミンゴ L-P,,single,19000,18000,2026-09-19,126054
OP04-020,イッショウ L-P,,single,15000,14999,2026-09-19,126056
OP04-024,シュガー SR-SPC,,single,18000,16000,2026-09-19,160725
OP04-024,シュガー SR-P,,single,12000,9800,2026-09-19,126061
OP04-028,ディアマンテ R-P,,single,11200,9799,2026-09-19,126066
OP04-030,トレーボル R-P,,single,8700,,2026-09-19,126069
OP04-031,ドンキホーテ・ドフラミンゴ SR-P,,single,10000,12999,2026-09-19,126071
OP04-031,ドンキホーテ・ドフラミンゴ SR-P,,single,7477,,2026-09-19,328500
OP04-039,レベッカ L-P,,single,18000,12000,2026-09-19,126080
OP04-040,クイーン L-P,,single,8000,,2026-09-19,126082
OP04-044,カイドウ SR-SPC,,single,18000,18000,2026-09-19,135444
OP04-044,カイドウ,SR,single,8888,,2026-09-19,328507
OP04-044,カイドウ SR-P,,single,7888,19800,2026-09-19,126087
OP04-044,カイドウ SR-P,,single,,29800,2026-09-19,328508
OP04-051,フーズ・フー R-P,,single,8888,,2026-09-19,126095
OP04-056,ゴムゴムの業火拳銃 R-P,,single,25000,29800,2026-09-19,328512
OP04-058,クロコダイル L-P,,single,17000,19800,2026-09-19,126103
OP04-060,クロコダイル SR-P,,single,13000,9876,2026-09-19,126106
OP04-064,ミス・オールサンデー SR-P,,single,34999,,2026-09-19,126111
OP04-064,ミス・オールサンデー SR-SPC,,single,21000,23999,2026-09-19,160727
OP04-072,Mr.5(ジェム) R-P,,single,8888,11800,2026-09-19,126120
OP04-082,キュロス R-P,,single,9000,,2026-09-19,126131
OP04-083,サボ SR-SP (コミパラ),,single,549000,289000,2026-09-19,332161
OP04-083,サボ SR-SP (コミパラ),,single,120000,126000,2026-09-19,126134
OP04-083,サボ SR-P,,single,16999,12000,2026-09-19,126133
OP04-083,サボ,SR,single,15000,11999,2026-09-19,300062
OP04-083,サボ,SR,single,14000,19000,2026-09-19,129621
OP04-089,バルトロメオ,R,single,8555,,2026-09-19,126140
OP04-089,バルトロメオ R-P,,single,2000,,2026-09-15,328516
OP04-090,モンキー・D・ルフィ SR-P,,single,24000,14000,2026-09-19,126142
OP04-090,モンキー・D・ルフィ,SR,single,10000,,2026-09-19,126141
OP04-092,レベッカ R-TR,,single,60000,199999,2026-09-19,256058
OP04-092,レベッカ,R,single,27000,,2026-09-19,435352
OP04-095,バ～～～～リアッ!!,C,single,10480,6500,2026-09-19,237329
OP04-100,カポネ・ベッジ,R,single,10000,,2026-09-19,252659
OP04-100,カポネ・ベッジ R-P,,single,8000,,2026-09-19,126153
OP04-104,サンジ SR-P,,single,14700,30000,2026-09-19,126158
OP04-104,サンジ SR-P,,single,14000,,2026-09-19,328525
OP04-104,サンジ,SR,single,8600,,2026-09-19,126157
OP04-105,シャーロット・アマンド,C,single,3999,19800,2026-09-19,141836
OP04-112,ヤマト SR (フラシヤマト),,single,22980,22000,2026-09-19,282726
OP04-112,ヤマト SR-P,,single,19000,15000,2026-09-19,328527
OP04-112,ヤマト SR-P,,single,15000,14000,2026-09-19,126167
OP04-112,ヤマト,SR,single,3000,,2026-09-14,126166
OP04-118,ネフェルタリ・ビビ,SEC,single,20000,19000,2026-09-19,126173
OP04-118,ネフェルタリ・ビビ SEC-P,,single,16000,14800,2026-09-19,126174
OP04-119,ドンキホーテ・ロシナンテ SEC-SPC,,single,18000,18000,2026-09-19,349479
OP04-119,ドンキホーテ・ロシナンテ SEC-P,,single,13500,,2026-09-19,126176
OP05-001,サボ L-SPC,,single,60000,,2026-09-19,503451
OP05-001,サボ L-P,,single,9200,10000,2026-09-19,135402
OP05-002,ベロ・ベティ L-SPC,,single,80000,70000,2026-09-19,503452
OP05-002,ベロ・ベティ L-P,,single,13800,10980,2026-09-19,135403
OP05-005,カラス,R,single,,6800,2026-09-19,237319
OP05-006,コアラ SR :優勝記念品,プロモ,single,25000,28000,2026-09-19,825096
OP05-006,コアラ SR-P,,single,11480,13500,2026-09-19,328529
OP05-006,コアラ SR-P,,single,8999,,2026-09-19,135405
OP05-006,コアラ,SR,single,7980,,2026-09-19,135404
OP05-007,サボ SR-P,,single,11000,9999,2026-09-19,328531
OP05-007,サボ SR-P,,single,9400,13500,2026-09-19,135407
OP05-007,サボ,SR,single,3000,,2026-09-14,135406
OP05-007,サボ,SR,single,,25000,2026-09-19,750878
OP05-010,ニコ・ロビン UC : 海賊旗フォイル,,single,13000,,2026-09-19,328533
OP05-010,ニコ・ロビン,UC,single,9999,,2026-09-19,135534
OP05-011,バーソロミュー・くま,C,single,10800,27000,2026-09-19,562157
OP05-011,バーソロミュー・くま,C,single,,20000,2026-09-19,304685
OP05-015,ベロ・ベティ R-P,,single,10000,9876,2026-09-19,135408
OP05-015,ベロ・ベティ R-P,,single,10000,,2026-09-19,328538
OP05-019,火拳,R,single,11880,12000,2026-09-19,237325
OP05-022,ドンキホーテ・ロシナンテ L-SPC,,single,43000,60000,2026-09-19,503453
OP05-022,ドンキホーテ・ロシナンテ L-P,,single,10300,12000,2026-09-19,135410
OP05-030,ドンキホーテ・ロシナンテ,R,single,11980,11599,2026-09-19,300063
OP05-032,ピーカ SR-P,,single,7800,11000,2026-09-19,135412
OP05-034,ベビー５ R-P,,single,11000,,2026-09-19,135413
OP05-037,勝者だけが正義だ!!!!,R,single,,5678,2026-09-19,135559
OP05-041,サカズキ L-P,,single,15500,14999,2026-09-19,135414
OP05-043,うるティ SR-P,,single,13000,11999,2026-09-19,135416
OP05-043,うるティ SR-P,,single,,55000,2026-09-19,328544
OP05-051,ボルサリーノ SR-SPC,,single,17980,15000,2026-09-19,160726
OP05-051,ボルサリーノ SR-P,,single,15000,11500,2026-09-19,135418
OP05-051,ボルサリーノ,SR,single,8500,,2026-09-19,135417
OP05-055,X・ドレーク R-P,,single,12000,11000,2026-09-19,135419
OP05-060,モンキー・D・ルフィ L-SPC,,single,480000,480000,2026-09-19,503454
OP05-060,モンキー・D・ルフィ,L,single,115000,110000,2026-09-19,266132
OP05-060,モンキー・D・ルフィ,L,single,24500,17799,2026-09-19,237288
OP05-060,モンキー・D・ルフィ L-P,,single,14450,14000,2026-09-19,135420
OP05-060,モンキー・D・ルフィ,L,single,6799,6500,2026-09-19,311585
OP05-062,おナミ,UC,single,76800,74999,2026-09-19,825185
OP05-062,おナミ,UC,single,30000,35000,2026-09-19,573126
OP05-067,ゾロ十郎 R-SPC,,single,39000,38800,2026-09-19,349481
OP05-067,ゾロ十郎,R,single,13900,13900,2026-09-19,297576
OP05-067,ゾロ十郎 R-P,,single,13000,12999,2026-09-19,135421
OP05-069,トラファルガー・ロー SR-SP (コミパラ),,single,164980,164800,2026-09-19,135449
OP05-069,トラファルガー・ロー SR-SP (コミパラ),,single,105000,,2026-09-19,332166
OP05-069,トラファルガー・ロー SR-P,,single,9000,9700,2026-09-19,135422
OP05-069,トラファルガー・ロー,SR,single,3000,,2026-09-14,135448
OP05-074,ユースタス・キッド SR-SP (コミパラ),,single,117000,117000,2026-09-19,135425
OP05-074,ユースタス・キッド SR-SPC,,single,20000,13800,2026-09-19,198741
OP05-074,ユースタス・キッド SR-P,,single,12000,11800,2026-09-19,135424
OP05-074,ユースタス・キッド,SR,single,3000,,2026-09-17,135423
OP05-081,片足の兵隊 UC-P,,single,13000,12000,2026-09-19,328557
OP05-082,しらほし R-P,,single,20800,44000,2026-09-19,328561
OP05-082,しらほし R :フルアート,,single,15000,25000,2026-09-19,328560
OP05-086,ネフェルタリ・ビビ,R,single,650000,399980,2026-09-19,364787
OP05-088,マンシェリー R-P,,single,11480,16500,2026-09-19,135426
OP05-091,レベッカ,SR,single,1080000,1060000,2026-09-19,364788
OP05-091,レベッカ SR-SPC,,single,25000,20000,2026-09-19,656308
OP05-091,レベッカ SR-SPC,,single,20000,23999,2026-09-19,158400
OP05-091,レベッカ SR-P,,single,14800,11800,2026-09-19,135428
OP05-091,レベッカ,SR,single,12000,,2026-09-19,135427
OP05-093,ロブ・ルッチ SR-P,,single,42500,45000,2026-09-19,477016
OP05-093,ロブ・ルッチ SR-SPC,,single,17000,17000,2026-09-19,349480
OP05-093,ロブ・ルッチ,SR,single,14000,10999,2026-09-19,435346
OP05-093,ロブ・ルッチ SR-P,,single,10500,10500,2026-09-19,135430
OP05-098,エネル L-SPC,,single,110000,55000,2026-09-19,503455
OP05-098,エネル,L,single,28000,25000,2026-09-19,237289
OP05-098,エネル L-P,,single,10000,9899,2026-09-19,135431
OP05-098,エネル,L,single,6999,7099,2026-09-19,730902
OP05-100,エネル SR-SPC,,single,19000,19500,2026-09-19,135447
OP05-100,エネル SR-P,,single,12400,13000,2026-09-19,135433
OP05-102,ゲダツ R-P,,single,8000,,2026-09-19,135434
OP05-105,サトリ R-P,,single,7777,,2026-09-19,328565
OP05-115,2億V雷神 R-P,,single,7000,6999,2026-09-19,328572
OP05-118,カイドウ SEC-P,,single,25000,,2026-09-19,328578
OP05-118,カイドウ SEC-P,,single,23800,13800,2026-09-19,135436
OP05-118,カイドウ,SEC,single,10000,,2026-09-19,328577
OP05-118,カイドウ,SEC,single,8000,12800,2026-09-19,135435
OP05-119,モンキー・D・ルフィ SEC-SPC :3周年スペシャルカード(金背景),,single,1900000,1850000,2026-09-19,515455
OP05-119,モンキー・D・ルフィ SEC-SP (コミパラ),,single,1070000,1070000,2026-09-19,135439
OP05-119,モンキー・D・ルフィ SEC-SPC :3周年スペシャルカード(銀背景),,single,856800,850000,2026-09-19,515454
OP05-119,モンキー・D・ルフィ：手配書 SEC-SPC,,single,71000,70000,2026-09-19,349476
OP05-119,モンキー・D・ルフィ SEC-P,,single,36800,36500,2026-09-19,135438
OP05-119,モンキー・D・ルフィ：手配書 SEC-SPC,,single,34000,290000,2026-09-19,471531
OP05-119,モンキー・D・ルフィ SEC-P,,single,19999,,2026-09-19,198698
OP05-119,モンキー・D・ルフィ,SEC,single,15800,14999,2026-09-19,744848
OP05-119,モンキー・D・ルフィ SEC-P,,single,13900,14100,2026-09-19,328580
OP05-119,モンキー・D・ルフィ,SEC,single,6500,6199,2026-09-19,135437
OP05-119,モンキー・D・ルフィ,SEC,single,6400,6000,2026-09-19,328579
OP06-001,ウタ L-SPC,,single,66000,69800,2026-09-19,503456
OP06-001,ウタ L-P,,single,14000,13800,2026-09-19,158307
OP06-007,シャンクス SR-SPC,,single,51000,47400,2026-09-19,656310
OP06-007,シャンクス SR-P,,single,17800,14999,2026-09-19,158312
OP06-009,シュライヤ SR-P,,single,7500,,2026-09-19,158315
OP06-013,モンキー・D・ルフィ R-P,,single,8500,9900,2026-09-19,158319
OP06-020,ホーディ・ジョーンズ L-P,,single,12000,13000,2026-09-19,158325
OP06-020,ホーディ・ジョーンズ L-SPC,,single,7000,,2026-09-19,503457
OP06-021,ペローナ L-SPC,,single,120000,78000,2026-09-19,503458
OP06-021,ペローナ L-P,,single,9500,11500,2026-09-19,158327
OP06-021,ペローナ,L,single,5200,5900,2026-09-19,730903
OP06-022,ヤマト L-SPC,,single,79500,77000,2026-09-19,503459
OP06-022,ヤマト,L,single,10444,,2026-09-19,605812
OP06-022,ヤマト L-P,,single,9999,11500,2026-09-19,158329
OP06-022,ヤマト,L,single,9700,9666,2026-09-19,333635
OP06-023,アーロン R-P,,single,,9000,2026-09-19,328587
OP06-025,ケイミー R-P,,single,13000,10000,2026-09-19,159322
OP06-025,ケイミー,R,single,,298000,2026-09-19,449959
OP06-035,ホーディ・ジョーンズ SR-P,,single,10000,,2026-09-19,159323
OP06-035,ホーディ・ジョーンズ SR-P,,single,6800,,2026-09-19,328589
OP06-036,リューマ R :フルアート,,single,7500,,2026-09-19,328592
OP06-038,一大・三千・大千・世界 UC :フルアート,,single,,24000,2026-09-19,328596
OP06-042,ヴィンスモーク・レイジュ L-SPC,,single,180000,95000,2026-09-19,503460
OP06-042,ヴィンスモーク・レイジュ L-P,,single,8500,9799,2026-09-19,158341
OP06-043,アラマキ SR-P,,single,12500,11000,2026-09-19,159672
OP06-047,シャーロット・プリン,R,single,35000,33000,2026-09-19,342319
OP06-047,シャーロット・プリン R-SPC,,single,25000,16400,2026-09-19,656311
OP06-050,たしぎ R-SPC,,single,24000,18800,2026-09-19,588859
OP06-050,たしぎ R-P,,single,10500,,2026-09-19,160185
OP06-050,たしぎ,R,single,,8000,2026-09-19,158348
OP06-058,重力刀 猛虎 R-P,,single,10800,,2026-09-19,656312
OP06-060,ヴィンスモーク・イチジ C :フルアート,,single,9999,,2026-09-19,328602
OP06-061,ヴィンスモーク・イチジ R-P,,single,11400,11800,2026-09-19,158355
OP06-062,ヴィンスモーク・ジャッジ SR-P,,single,7980,9999,2026-09-19,158357
OP06-064,ヴィンスモーク・ニジ C :フルアート,,single,8666,,2026-09-19,328605
OP06-065,ヴィンスモーク・ニジ R-P,,single,10888,,2026-09-19,328609
OP06-065,ヴィンスモーク・ニジ R :フルアート,,single,8000,,2026-09-19,328608
OP06-065,ヴィンスモーク・ニジ R : 海賊旗フォイル,,single,2500,,2026-09-15,328607
OP06-067,ヴィンスモーク・ヨンジ R-P,,single,10888,,2026-09-19,328616
OP06-068,ヴィンスモーク・レイジュ,C,single,15555,15555,2026-09-19,752789
OP06-068,ヴィンスモーク・レイジュ C :フルアート,,single,13700,8999,2026-09-19,328619
OP06-068,ヴィンスモーク・レイジュ,C,single,5000,,2026-09-19,328617
OP06-069,ヴィンスモーク・レイジュ,SR,single,94000,89800,2026-09-19,214795
OP06-069,ヴィンスモーク・レイジュ,SR,single,62800,99999,2026-09-19,222161
OP06-069,ヴィンスモーク・レイジュ SR-P,,single,16000,11999,2026-09-19,328621
OP06-069,ヴィンスモーク・レイジュ SR-P,,single,15000,11799,2026-09-19,158363
OP06-069,ヴィンスモーク・レイジュ,SR,single,9000,,2026-09-19,328620
OP06-069,ヴィンスモーク・レイジュ,SR,single,3000,,2026-09-17,158362
OP06-079,ジェルマ王国 C-P,,single,,12800,2026-09-19,328625
OP06-080,ゲッコー・モリア L-SPC,,single,55000,55000,2026-09-19,503461
OP06-080,ゲッコー・モリア L-P,,single,14999,13900,2026-09-19,158371
OP06-081,アブサロム R-P,,single,9800,12000,2026-09-19,158373
OP06-086,ゲッコー・モリア SR-P,,single,13999,13499,2026-09-19,158377
OP06-086,ゲッコー・モリア,SR,single,11800,27000,2026-09-19,562158
OP06-091,ビクトリア・シンドリー UC :フルアート,,single,3000,,2026-09-17,328630
OP06-092,ブルック,R,single,,699999,2026-09-19,449974
OP06-093,ペローナ,SR,single,23000,23980,2026-09-19,222165
OP06-093,ペローナ,SR,single,19000,17000,2026-09-19,165934
OP06-093,ペローナ SR-SPC :和柄アート,,single,17900,18000,2026-09-19,728126
OP06-093,ペローナ SR-P,,single,15000,14980,2026-09-19,158383
OP06-093,ペローナ,SR,single,12000,,2026-09-19,158382
OP06-101,おナミ,R,single,160000,110000,2026-09-19,635894
OP06-101,おナミ R-SPC,,single,47500,46000,2026-09-19,198742
OP06-101,おナミ,R,single,31000,30000,2026-09-19,856573
OP06-101,おナミ R-P,,single,9400,9500,2026-09-19,158945
OP06-101,おナミ,R,single,9200,9400,2026-09-19,297575
OP06-101,おナミ SR-SPC,,single,,290000,2026-09-19,304290
OP06-104,菊之丞,R,single,11000,,2026-09-19,237324
OP06-106,光月日和 SR-P,,single,18000,12990,2026-09-19,158946
OP06-106,光月日和 SR-P,,single,17000,20000,2026-09-19,328635
OP06-106,光月日和,SR,single,12800,,2026-09-19,158391
OP06-106,光月日和,SR,single,11800,,2026-09-19,328634
OP06-107,光月モモの助 SR-P,,single,10500,22500,2026-09-19,158947
OP06-115,お前が消えろ R-P,,single,13999,10999,2026-09-19,656313
OP06-118,ロロノア・ゾロ SEC-SP (コミパラ),,single,370000,358000,2026-09-19,159664
OP06-118,ロロノア・ゾロ,SEC,single,19000,18900,2026-09-19,300064
OP06-118,ロロノア・ゾロ SEC-P,,single,18800,17000,2026-09-19,159663
OP06-118,ロロノア・ゾロ,SEC,single,10800,9500,2026-09-19,158397
OP06-119,サンジ SEC-SP (コミパラ),,single,205000,190000,2026-09-19,653291
OP06-119,サンジ SEC-SPC,,single,24000,23500,2026-09-19,520533
OP06-119,サンジ SEC-P,,single,19800,19999,2026-09-19,159665
OP06-119,サンジ,SEC,single,11000,10299,2026-09-19,158398
OP07-001,モンキー・D・ドラゴン L-P,,single,19000,16000,2026-09-19,202891
OP07-001,モンキー・D・ドラゴン L-SPC,,single,11000,50000,2026-09-19,503462
OP07-005,カリーナ R-P,,single,11000,50000,2026-09-19,202895
OP07-008,タナカさん (イラスト修正前),UC,single,9000,12000,2026-09-19,203397
OP07-015,モンキー・D・ドラゴン SR-SPC,,single,19980,19000,2026-09-19,349477
OP07-015,モンキー・D・ドラゴン SR-P,,single,18000,11500,2026-09-19,204966
OP07-019,ジュエリー・ボニー L-SPC,,single,74000,73000,2026-09-19,503463
OP07-019,ジュエリー・ボニー,L,single,23000,,2026-09-19,184930
OP07-019,ジュエリー・ボニー,L,single,10000,10111,2026-09-19,333636
OP07-019,ジュエリー・ボニー,L,single,9876,,2026-09-19,605798
OP07-019,ジュエリー・ボニー L-P,,single,8800,10980,2026-09-19,191179
OP07-021,ウルージ R-SPC :フルアート,,single,19800,99999,2026-09-19,442290
OP07-021,ウルージ R-P,プロモ,single,8800,,2026-09-19,503864
OP07-022,お玉 R-P,,single,15000,30000,2026-09-19,202903
OP07-026,ジュエリー・ボニー SR-P,,single,13000,16500,2026-09-19,202907
OP07-026,ジュエリー・ボニー,SR,single,9999,,2026-09-19,191180
OP07-029,バジル・ホーキンス SR-P,,single,11000,,2026-09-19,202910
OP07-033,モンキー・Ｄ・ルフィ,UC,single,7499,6750,2026-09-19,677620
OP07-037,ピザお〜か〜わ〜り〜!!!,UC,single,15000,9000,2026-09-19,549073
OP07-038,ボア・ハンコック L-SPC,,single,180000,184000,2026-09-19,503464
OP07-038,ボア・ハンコック,L,single,60000,60500,2026-09-19,548999
OP07-038,ボア・ハンコック L-P,,single,18350,18300,2026-09-19,202914
OP07-038,ボア・ハンコック,L,single,,85000,2026-09-19,304186
OP07-040,クロコダイル,UC,single,12800,27000,2026-09-19,562160
OP07-040,クロコダイル,UC,single,,77777,2026-09-19,304688
OP07-040,クロコダイル UC-P,,single,,13000,2026-09-19,656315
OP07-044,ジュラキュール・ミホーク,C,single,17000,25000,2026-09-19,304689
OP07-044,ジュラキュール・ミホーク,C,single,12800,27000,2026-09-19,562161
OP07-045,ジンベエ,SR,single,12800,27000,2026-09-19,562162
OP07-045,ジンベエ,SR,single,,55555,2026-09-19,304690
OP07-046,センゴク R-SPC :和柄アート,,single,13800,14500,2026-09-19,728127
OP07-046,センゴク R-P,,single,3999,,2026-09-19,202920
OP07-047,トラファルガー・ロー,R,single,12800,27000,2026-09-19,562163
OP07-047,トラファルガー・ロー,R,single,9600,12200,2026-09-19,362049
OP07-047,トラファルガー・ロー R-P,,single,9000,,2026-09-19,202921
OP07-047,トラファルガー・ロー R-P,,single,3000,,2026-09-15,304198
OP07-047,トラファルガー・ロー,R,single,,39500,2026-09-19,568972
OP07-047,トラファルガー・ロー,R,single,,25000,2026-09-19,304691
OP07-048,ドンキホーテ・ドフラミンゴ,UC,single,12800,27000,2026-09-19,562164
OP07-051,ボア・ハンコック SR-P,,single,650000,750000,2026-09-19,304684
OP07-051,ボア・ハンコック SR-SP (コミパラ),,single,260000,258000,2026-09-19,198723
OP07-051,ボア・ハンコック,SR,single,83000,71000,2026-09-19,304683
OP07-051,ボア・ハンコック SR-P,,single,78000,79000,2026-09-19,562155
OP07-051,ボア・ハンコック SR-SPC,,single,48000,49980,2026-09-19,349478
OP07-051,ボア・ハンコック,SR,single,23800,23800,2026-09-19,562156
OP07-051,ボア・ハンコック SR-P,,single,11000,11000,2026-09-19,202924
OP07-051,ボア・ハンコック,SR,single,8500,33333,2026-09-19,185177
OP07-051,ボア・ハンコック SR-P,,single,,98000,2026-09-19,568964
OP07-053,ポートガス・D・エース,R,single,21799,25000,2026-09-19,259894
OP07-053,ポートガス・D・エース,R,single,14000,14500,2026-09-19,568242
OP07-053,ポートガス・Ｄ・エース,R,single,7990,6990,2026-09-19,677621
OP07-057,芳香脚,R,single,28000,7800,2026-09-19,549074
OP07-059,フォクシー L-SPC,,single,60000,55000,2026-09-19,503465
OP07-059,フォクシー L-P,,single,14000,17800,2026-09-19,202929
OP07-064,サンジ SR-P,,single,15800,,2026-09-19,202932
OP07-064,サンジ,SR,single,9700,9400,2026-09-19,300065
OP07-064,サンジ,SR,single,,699999,2026-09-19,449975
OP07-066,トニートニー・チョッパー,R,single,398000,,2026-09-19,635917
OP07-066,トニートニー・チョッパー,R,single,288000,,2026-09-19,635911
OP07-066,トニートニー・チョッパー,R,single,39800,38000,2026-09-19,553414
OP07-071,フォクシー R-P,,single,10980,10000,2026-09-19,202938
OP07-072,ポルチェ SR-P,,single,14900,,2026-09-19,202939
OP07-073,モンキー・D・ルフィ R :来場記念品,プロモ,single,12400,12300,2026-09-19,770153
OP07-079,ロブ・ルッチ L-SPC,,single,65000,80000,2026-09-19,503466
OP07-079,ロブ・ルッチ L-P,,single,12500,12800,2026-09-19,202943
OP07-085,ステューシー SR-SPC,,single,26000,24999,2026-09-19,520534
OP07-085,ステューシー SR-P,,single,11500,10000,2026-09-19,202948
OP07-085,ステューシー,SR,single,8500,,2026-09-19,185179
OP07-091,モンキー・D・ルフィ,R,single,,29999,2026-09-19,342328
OP07-097,ベガパンク L-SPC,,single,55000,55000,2026-09-19,503467
OP07-097,ベガパンク L-P,,single,22800,55000,2026-09-19,202957
OP07-097,ベガパンク,L,single,19999,,2026-09-19,511631
OP07-107,フランキー,R,single,14800,8800,2026-09-19,838504
OP07-107,フランキー R-P,,single,11000,,2026-09-19,202967
OP07-109,モンキー・D・ルフィ SR-P (開封済み),プロモ,single,5000000,2670000,2026-09-19,337446
OP07-109,モンキー・D・ルフィ,SR,single,748000,590000,2026-09-19,635918
OP07-109,モンキー・D・ルフィ,SR,single,705000,705000,2026-09-19,635912
OP07-109,モンキー・D・ルフィ SR-TR,,single,270000,125000,2026-09-19,385091
OP07-109,モンキー・D・ルフィ,SR,single,11500,11500,2026-09-19,348126
OP07-109,モンキー・D・ルフィ SR-P,,single,9500,9800,2026-09-19,185182
OP07-109,モンキー・D・ルフィ,SR,single,9480,7480,2026-09-19,185181
OP07-109,モンキー・D・ルフィ,SR,single,9300,7500,2026-09-19,362048
OP07-109,モンキー・D・ルフィ (イラスト修正前),SR,single,8800,9800,2026-09-19,203398
OP07-109,モンキー・D・ルフィ SR-P (開封済み),プロモ,single,,950000,2026-09-19,513460
OP07-109,モンキー・D・ルフィ,SR,single,,49999,2026-09-19,713034
OP07-111,リリス SR-SPC,,single,21000,16500,2026-09-19,676015
OP07-111,リリス SR-P,,single,11500,,2026-09-19,202970
OP07-113,ロロノア・ゾロ,UC,single,20500,17999,2026-09-19,725658
OP07-118,サボ,SEC,single,29999,6980,2026-09-19,198735
OP07-118,サボ SEC-SPC,,single,15000,14500,2026-09-19,676016
OP07-118,サボ SEC-P,,single,12800,11900,2026-09-19,202975
OP07-118,サボ,SEC,single,11000,8999,2026-09-19,744312
OP07-119,ポートガス・D・エース SR-P (開封済),,single,600000,1000000,2026-09-19,327040
OP07-119,ポートガス・D・エース SEC-P シリアルナンバー入り (開封済),,single,540000,555555,2026-09-19,216889
OP07-119,ポートガス・D・エース,SEC,single,16500,13800,2026-09-19,198736
OP07-119,ポートガス・D・エース SEC-P,,single,13500,11200,2026-09-19,202976
OP08-001,トニートニー・チョッパー L-SPC,,single,169998,144500,2026-09-19,503468
OP08-001,トニートニー・チョッパー L-P,,single,17000,14499,2026-09-19,265670
OP08-001,トニートニー・チョッパー,L,single,6888,6899,2026-09-19,730904
OP08-002,マルコ L-SPC,,single,90000,58000,2026-09-19,503469
OP08-002,マルコ L-P,,single,19999,19999,2026-09-19,265671
OP08-007,トニートニー・チョッパー SR-P,,single,12500,11000,2026-09-19,265674
OP08-015,Dr.くれは R-P,,single,9500,9000,2026-09-19,265678
OP08-020,ドラム王国,C,single,,488000,2026-09-19,449956
OP08-021,キャロット L-SPC,,single,49999,,2026-09-19,503470
OP08-021,キャロット L-P,,single,12999,12999,2026-09-19,265681
OP08-023,キャロット SR-SPC,,single,18900,18500,2026-09-19,656316
OP08-023,キャロット SR-P,,single,11000,,2026-09-19,265683
OP08-023,キャロット,SR,single,3456,,2026-09-19,265682
OP08-030,ペドロ R-P,,single,9500,9500,2026-09-19,265686
OP08-043,エドワード・ニューゲート SR-P,,single,11800,,2026-09-19,265691
OP08-047,ジョズ,R,single,,15000,2026-09-19,819286
OP08-052,ポートガス・D・エース R-P,,single,20999,20800,2026-09-19,265697
OP08-052,ポートガス・D・エース R-TR,,single,,120000,2026-09-19,563140
OP08-057,キング L-SPC,,single,55000,60000,2026-09-19,503471
OP08-057,キング L-P,,single,10500,,2026-09-19,265701
OP08-058,シャーロット・プリン L-SPC,,single,100000,90000,2026-09-19,503472
OP08-058,シャーロット・プリン L-P,,single,13000,12000,2026-09-19,265703
OP08-058,シャーロット・プリン,L,single,4500,,2026-09-19,265702
OP08-067,シャーロット・プリン,R,single,35000,44800,2026-09-19,510338
OP08-067,シャーロット・プリン,R,single,18999,17970,2026-09-19,467306
OP08-067,シャーロット・プリン R-P,,single,9500,9700,2026-09-19,265707
OP08-069,シャーロット・リンリン,SR,single,10000,9000,2026-09-19,300066
OP08-069,シャーロット・リンリン SR-P,,single,,9999,2026-09-19,265709
OP08-074,ブラックマリア SR-P,プロモ,single,20000,28000,2026-09-19,503865
OP08-074,ブラックマリア SR-P,,single,12500,12000,2026-09-19,265711
OP08-074,ブラックマリア,SR,single,9800,,2026-09-19,573124
OP08-074,ブラックマリア SR-P,,single,,24999,2026-09-19,385028
OP08-077,覇海,R,single,1000,,2026-09-16,265713
OP08-079,カイドウ SR-P,,single,8790,,2026-09-19,265716
OP08-080,クイーン R-P,,single,9190,14000,2026-09-19,265718
OP08-084,ジャック,SR,single,12500,12500,2026-09-19,372849
OP08-084,ジャック,SR,single,10500,,2026-09-19,406436
OP08-084,ジャック SR-P,,single,9999,,2026-09-19,265721
OP08-098,カルガラ L-SPC,,single,98000,50000,2026-09-19,503473
OP08-098,カルガラ L-P,,single,15000,,2026-09-19,265727
OP08-099,カルガラ,C,single,,8000,2026-09-19,549075
OP08-105,ジュエリー・ボニー SR-P,,single,124600,150000,2026-09-19,477017
OP08-105,ジュエリー・ボニー,SR,single,56000,,2026-09-19,573123
OP08-105,ジュエリー・ボニー,SR,single,15500,13000,2026-09-19,435347
OP08-105,ジュエリー・ボニー SR-P,,single,11988,12400,2026-09-19,265732
OP08-106,ナミ： SR (開封済み),プロモ,single,4280000,4880000,2026-09-19,729311
OP08-106,ナミ SR-SPC,,single,41990,41400,2026-09-19,349482
OP08-106,ナミ SR-P,,single,40000,34000,2026-09-19,385066
OP08-106,ナミ,SR,single,23000,22990,2026-09-19,714196
OP08-106,ナミ SR-P,,single,13500,13300,2026-09-19,265734
OP08-106,ナミ,SR,single,12345,15000,2026-09-19,265733
OP08-106,ナミ SR-SPC,,single,,280000,2026-09-19,471534
OP08-112,S-スネーク SR-P,,single,32000,24000,2026-09-19,265740
OP08-112,S-スネーク,SR,single,10000,,2026-09-19,265739
OP08-118,シルバーズ･レイリー SEC-SP (コミパラ),,single,85000,86000,2026-09-19,265745
OP08-118,シルバーズ･レイリー SEC-P,,single,18000,10980,2026-09-19,265744
OP08-118,シルバーズ･レイリー,SEC,single,8888,10000,2026-09-19,265743
OP08-119,カイドウ&リンリン SEC-P,,single,15800,13500,2026-09-19,265747
OP08-119,カイドウ&リンリン,SEC,single,13800,14999,2026-09-19,265746
OP09-001,シャンクス,L,single,60000,,2026-09-19,475689
OP09-001,シャンクス,L,single,47000,44800,2026-09-19,596375
OP09-001,シャンクス,L,single,23000,23000,2026-09-19,744849
OP09-001,シャンクス L-P,,single,9800,9300,2026-09-19,349415
OP09-002,ウタ,R,single,170000,158000,2026-09-19,372848
OP09-002,ウタ,R,single,148800,130000,2026-09-19,406437
OP09-002,ウタ R-P,,single,12000,12000,2026-09-19,353101
OP09-004,シャンクス SR : 決勝大会ベスト32,プロモ,single,996000,9280000,2026-09-19,549022
OP09-004,シャンクス：金背景 SR-SPC :3周年スペシャルカード,,single,187000,188000,2026-09-19,676000
OP09-004,シャンクス SR-SP (コミパラ),,single,170000,200000,2026-09-19,349418
OP09-004,シャンクス：金背景 SR-SPC :3周年スペシャルカード,,single,100000,,2026-09-19,750536
OP09-004,シャンクス：銀背景 SR-SPC :3周年スペシャルカード,,single,89999,99999,2026-09-19,676001
OP09-004,シャンクス：手配書 SR-SPC,,single,39000,39000,2026-09-19,349419
OP09-004,シャンクス SR-P,,single,20800,19799,2026-09-19,349417
OP09-004,シャンクス,SR,single,15800,13400,2026-09-19,744850
OP09-004,シャンクス,SR,single,,15555,2026-09-19,349416
OP09-005,シルバーズ・レイリー R-SPC,,single,12000,14000,2026-09-19,520535
OP09-009,ベン・ベックマン SR : エリア大会 上位記念品,プロモ,single,296000,279800,2026-09-19,549020
OP09-009,ベン・ベックマン SR-SPC,,single,30000,18999,2026-09-19,676012
OP09-009,ベン・ベックマン SR-P,,single,12000,,2026-09-19,353102
OP09-013,ヤソップ R : エリア大会 上位記念品,プロモ,single,159000,136000,2026-09-19,549021
OP09-013,ヤソップ R-SPC,,single,18800,16800,2026-09-19,588857
OP09-020,来い…!!!おれ達が相手をしてやる!!! R-P,,single,34800,28000,2026-09-19,656318
OP09-022,リム L-P,,single,12000,19999,2026-09-19,349424
OP09-023,アディオ SR-P,,single,8500,21000,2026-09-19,349426
OP09-027,サボ,UC,single,8444,8499,2026-09-19,568243
OP09-034,ペローナ,R,single,17000,16000,2026-09-19,725659
OP09-034,ペローナ R-P,,single,12000,25000,2026-09-19,371713
OP09-034,ペローナ,R,single,9800,,2026-09-19,713032
OP09-037,リム SR-SPC,,single,28000,25000,2026-09-19,588858
OP09-037,リム SR-P,,single,11880,,2026-09-19,353104
OP09-042,バギー,L,single,14500,17000,2026-09-19,744851
OP09-042,バギー L-P,,single,9000,9999,2026-09-19,349437
OP09-046,クロコダイル SR-P,,single,10000,,2026-09-19,353105
OP09-046,クロコダイル,SR,single,7000,,2026-09-19,349439
OP09-048,ジュラキュール・ミホーク SR-P,,single,9900,,2026-09-19,353107
OP09-050,ナミ R-P,プロモ,single,90000,90000,2026-09-19,503866
OP09-050,ナミ,R,single,19800,,2026-09-19,364102
OP09-050,ナミ R-P,,single,13000,9600,2026-09-19,371712
OP09-051,バギー：金背景 R-SPC :3周年スペシャルカード,,single,365000,320000,2026-09-19,728128
OP09-051,バギー R-SP (コミパラ),,single,155000,139000,2026-09-19,349441
OP09-051,バギー：銀背景 R-SPC :3周年スペシャルカード,,single,148000,145000,2026-09-19,728129
OP09-051,バギー：手配書 R-SPC,,single,27999,28000,2026-09-19,349442
OP09-051,バギー R-P,,single,15000,10500,2026-09-19,353108
OP09-051,バギー,R,single,13999,10980,2026-09-19,744852
OP09-056,Mr.3(ギャルディーノ),R,single,,25000,2026-09-19,364062
OP09-057,クロスギルド R-P,,single,37000,34990,2026-09-19,656320
OP09-061,モンキー・D・ルフィ,L,single,160000,,2026-09-19,475687
OP09-061,モンキー・D・ルフィ,L,single,77000,77980,2026-09-19,744853
OP09-061,モンキー・D・ルフィ L-P,,single,15000,14800,2026-09-19,349447
OP09-061,モンキー・D・ルフィ,L,single,7199,6499,2026-09-19,594480
OP09-062,ニコ・ロビン L-P,,single,9600,9400,2026-09-19,349449
OP09-065,サンジ,SR,single,30000,22000,2026-09-19,575847
OP09-065,サンジ SR-P,,single,13000,18000,2026-09-19,353109
OP09-069,トラファルガー・ロー R-P :優勝,プロモ,single,110000,95000,2026-09-19,771057
OP09-069,トラファルガー・ロー,R,single,98900,97000,2026-09-19,467307
OP09-069,トラファルガー・ロー R-P,,single,9100,,2026-09-19,353110
OP09-069,トラファルガー・ロー,R,single,5500,,2026-09-19,349452
OP09-070,ナミ,UC,single,10499,10900,2026-09-19,549077
OP09-071,ニコ・ロビン,C,single,104500,104800,2026-09-19,781249
OP09-072,フランキー SR-P,,single,9800,,2026-09-19,353111
OP09-076,ロロノア・ゾロ,C,single,35000,33000,2026-09-19,575848
OP09-076,ロロノア・ゾロ R-P,,single,15800,12800,2026-09-19,656321
OP09-077,ゴムゴムの雷,UC,single,16999,13800,2026-09-19,549078
OP09-078,ゴムゴムの巨人 R-P,,single,53900,42000,2026-09-19,656322
OP09-078,ゴムゴムの巨人,R,single,,21999,2026-09-19,594485
OP09-079,ゴムゴムの縄跳び C : フォイル,,single,,25000,2026-09-19,660037
OP09-081,マーシャル・D・ティーチ,L,single,16000,18000,2026-09-19,744854
OP09-081,マーシャル・D・ティーチ L-P,,single,13500,12999,2026-09-19,349456
OP09-086,ジーザス・バージェス R-P,,single,7000,,2026-09-19,656323
OP09-093,マーシャル・D・ティーチ SR-SPC :3周年スペシャルカード(金背景),,single,290000,279999,2026-09-19,588863
OP09-093,マーシャル・D・ティーチ SR-SP (コミパラ),,single,215000,205000,2026-09-19,349460
OP09-093,マーシャル・D・ティーチ SR-SPC :3周年スペシャルカード(銀背景),,single,185000,173000,2026-09-19,588864
OP09-093,マーシャル・D・ティーチ：手配書 SR-SPC,,single,31000,31000,2026-09-19,349461
OP09-093,マーシャル・D・ティーチ SR-P,,single,13800,,2026-09-19,353438
OP09-093,マーシャル・D・ティーチ,SR,single,8800,8699,2026-09-19,744855
OP09-093,マーシャル・D・ティーチ,SR,single,7980,,2026-09-19,349459
OP09-096,おれの時代だァ!!!! R-P,,single,20500,20800,2026-09-19,656324
OP09-103,コアラ SR-P,,single,11000,9800,2026-09-19,353114
OP09-106,ニコ・オルビア C-P,プロモ,single,24999,16800,2026-09-19,503867
OP09-107,ニコ・ロビン R-P,,single,15000,,2026-09-19,353115
OP09-117,デレシ!!,R,single,5000,,2026-09-19,549080
OP09-118,ゴール・D・ロジャー SEC-GSP,,single,900000,900000,2026-09-19,349472
OP09-118,ゴール・D・ロジャー：手配書 SEC-SPC,,single,31500,31800,2026-09-19,676008
OP09-118,ゴール・D・ロジャー SEC-P,,single,11250,9999,2026-09-19,349471
OP09-118,ゴール・D・ロジャー,SEC,single,9800,21000,2026-09-19,349470
OP09-119,モンキー・D・ルフィ SEC-SP (コミパラ),,single,320000,320000,2026-09-19,349475
OP09-119,モンキー・D・ルフィ,SEC,single,37000,36500,2026-09-19,744321
OP09-119,モンキー・D・ルフィ SEC-SPC,,single,35690,34500,2026-09-19,676017
OP09-119,モンキー・D・ルフィ SEC-P,,single,11000,9000,2026-09-19,349474
OP09-119,モンキー・D・ルフィ,SEC,single,6300,5800,2026-09-19,349473
OP10-001,スモーカー L-P,,single,8989,13800,2026-09-19,428660
OP10-001,スモーカー,L,single,,120000,2026-09-19,451348
OP10-002,シーザー・クラウン L-P,,single,13000,11000,2026-09-19,428661
OP10-003,シュガー L-P,,single,16000,19800,2026-09-19,428662
OP10-003,シュガー,L,single,4800,5800,2026-09-19,730905
OP10-005,サンジ SR :優勝記念品,プロモ,single,333300,,2026-09-19,813595
OP10-005,サンジ SR :優勝記念品,プロモ,single,168000,168000,2026-09-19,765619
OP10-005,サンジ SR-P,,single,22220,11111,2026-09-19,442281
OP10-011,トニートニー・チョッパー R-P,,single,9888,14999,2026-09-19,656325
OP10-016,モネ SR-P,,single,8000,,2026-09-19,428668
OP10-019,神避 R-P,,single,12400,12200,2026-09-19,452331
OP10-022,トラファルガー・ロー L-P,,single,13000,11000,2026-09-19,428663
OP10-028,光月モモの助,UC,single,,12000,2026-09-19,549081
OP10-030,スモーカー SR-SPC,,single,23800,13000,2026-09-19,676014
OP10-033,ナミ,UC,single,750000,688888,2026-09-19,635913
OP10-033,ナミ,UC,single,18000,17000,2026-09-19,553413
OP10-033,ナミ,UC,single,,700000,2026-09-19,635919
OP10-037,リム R-P,,single,11499,,2026-09-19,451378
OP10-042,ウソップ,L,single,23000,34999,2026-09-19,556949
OP10-042,ウソップ L-P,,single,17000,17000,2026-09-19,428664
OP10-042,ウソップ,L,single,5980,6500,2026-09-19,730906
OP10-045,キャベンディッシュ R-SPC,,single,28800,18999,2026-09-19,822579
OP10-045,キャベンディッシュ R-P,,single,12000,15000,2026-09-19,451383
OP10-046,キュロス SR-P,,single,10300,,2026-09-19,451385
OP10-049,サボ,R,single,84500,97000,2026-09-19,781251
OP10-049,サボ,R,single,15888,7000,2026-09-19,549082
OP10-049,サボ,R,single,8980,12500,2026-09-19,677622
OP10-057,レオ,R,single,15000,6980,2026-09-19,743932
OP10-058,レベッカ SR-P,,single,13000,39800,2026-09-19,451816
OP10-065,シュガー R-SPC :和柄アート,,single,29800,22000,2026-09-19,728130
OP10-067,セニョール・ピンク R-P,,single,9000,,2026-09-19,442283
OP10-071,ドンキホーテ・ドフラミンゴ SR-P,,single,15000,,2026-09-19,442284
OP10-082,クザン SR-SPC,,single,22000,21800,2026-09-19,588861
OP10-082,クザン SR-P,,single,18000,17800,2026-09-19,451401
OP10-082,クザン,SR,single,,13800,2026-09-19,451400
OP10-090,フランキー R-P,,single,8300,10000,2026-09-19,451407
OP10-092,ペローナ,C,single,445000,400000,2026-09-19,635920
OP10-092,ペローナ,C,single,400000,,2026-09-19,635914
OP10-092,ペローナ,C,single,6000,14999,2026-09-19,549083
OP10-095,ロロノア・ゾロ R-P,,single,15500,22000,2026-09-19,656326
OP10-099,ユースタス・キッド L-P,,single,9000,,2026-09-19,428665
OP10-111,モンキー・D・ルフィ,R,single,26100,20000,2026-09-19,451419
OP10-111,モンキー・Ｄ・ルフィ,R,single,12999,12999,2026-09-19,743933
OP10-111,モンキー・D・ルフィ R-P,,single,12900,9900,2026-09-19,451420
OP10-111,モンキー・D・ルフィ R :参加記念品,プロモ,single,,34999,2026-09-19,787686
OP10-112,ユースタス・キッド SR-P,,single,6200,,2026-09-19,428669
OP10-113,ロロノア・ゾロ UC :フレンドタッグ賞,プロモ,single,39800,39999,2026-09-19,787687
OP10-118,モンキー・D・ルフィ SEC-P,,single,10200,10300,2026-09-19,442288
OP10-118,モンキー・D・ルフィ,SEC,single,9900,6800,2026-09-19,428666
OP10-118,モンキー・D・ルフィ,SEC,single,,67890,2026-09-19,563129
OP10-119,トラファルガー・ロー SEC-SP (コミパラ),,single,119899,115000,2026-09-19,442287
OP10-119,トラファルガー・ロー SEC-SPC,,single,18000,14500,2026-09-19,656329
OP10-119,トラファルガー・ロー SEC-P,,single,12000,11700,2026-09-19,442286
OP10-119,トラファルガー・ロー,SEC,single,9980,11800,2026-09-19,428670
OP11-001,コビー L-P,,single,14999,13700,2026-09-19,515448
OP11-004,孔雀 SR-P,,single,,18000,2026-09-19,520536
OP11-010,ひばり SR-P,,single,15100,,2026-09-19,520538
OP11-010,ひばり,SR,single,12999,12500,2026-09-19,537524
OP11-018,実直拳骨 R-P,,single,11000,11000,2026-09-19,520539
OP11-021,ジンベエ L-P,,single,8000,13000,2026-09-19,515449
OP11-022,しらほし L-P,,single,9500,9980,2026-09-19,515450
OP11-023,アーロン R-P,,single,12500,,2026-09-19,520540
OP11-031,ジンベエ SR-P,,single,,9980,2026-09-19,520541
OP11-040,モンキー・D・ルフィ L-P,,single,12850,12500,2026-09-19,515451
OP11-041,ナミ,L,single,20000,19800,2026-09-19,743994
OP11-041,ナミ L-P,,single,15200,15000,2026-09-19,515452
OP11-047,ヴィンスモーク・レイジュ R-P,,single,15000,13800,2026-09-19,520542
OP11-051,サンジ SR-P,,single,15000,,2026-09-19,520543
OP11-051,サンジ,SR,single,8000,,2026-09-19,531891
OP11-054,ナミ,SR,single,17499,17400,2026-09-19,744313
OP11-054,ナミ SR-P,,single,13890,12800,2026-09-19,520544
OP11-058,モンキー・Ｄ・ルフィ UC-TR,,single,84800,49999,2026-09-19,718239
OP11-062,シャーロット・カタクリ L-P,,single,13000,9700,2026-09-19,515453
OP11-067,シャーロット・カタクリ SR-SPC,,single,19999,18490,2026-09-19,822580
OP11-067,シャーロット・カタクリ SR-P,,single,10000,,2026-09-19,520545
OP11-067,シャーロット・カタクリ,SR,single,9000,8500,2026-09-19,744314
OP11-067,シャーロット・カタクリ,SR,single,8800,11000,2026-09-19,531907
OP11-070,シャーロット・プリン SR-P,,single,20000,,2026-09-19,520546
OP11-073,シャーロット・リンリン R-P,,single,11000,,2026-09-19,520547
OP11-073,シャーロット・リンリン,R,single,6000,7000,2026-09-19,743934
OP11-080,ギア2 R-P,,single,53000,53000,2026-09-19,520548
OP11-084,クザン R-P,,single,12488,,2026-09-19,520549
OP11-095,モンキー・D・ガープ SR-P,,single,10500,,2026-09-19,520551
OP11-101,カポネ・ベッジ SR-P,,single,11780,,2026-09-19,520552
OP11-106,ゼウス,R,single,38500,48400,2026-09-19,498160
OP11-106,ゼウス R-SPC,,single,33333,33499,2026-09-19,751309
OP11-106,ゼウス R-P,,single,10500,10400,2026-09-19,520553
OP11-114,ゴムゴムの火拳銃 R-P,,single,11500,11500,2026-09-19,520554
OP11-118,モンキー・D・ルフィ SEC-SP (コミパラ),,single,169999,167000,2026-09-19,519929
OP11-118,モンキー・D・ルフィ SEC-P,,single,19800,18000,2026-09-19,520555
OP11-118,モンキー・Ｄ・ルフィ,SEC,single,7800,7000,2026-09-19,531958
OP11-119,コビー,SEC,single,35000,39800,2026-09-19,537523
OP11-119,コビー SEC-P,,single,15000,12000,2026-09-19,520556
OP11-119,コビー,SEC,single,,15800,2026-09-19,531959
OP12-001,シルバーズ・レイリー L-P,,single,15000,22800,2026-09-19,583590
OP12-008,シャンクス,R,single,21799,14000,2026-09-19,814019
OP12-008,シャンクス,R,single,19800,16000,2026-09-19,814020
OP12-008,シャンクス R-P,,single,11888,35800,2026-09-19,588836
OP12-014,ボア・ハンコック SR-SPC,,single,52000,52999,2026-09-19,764614
OP12-014,ボア・ハンコック SR-P,,single,10777,10000,2026-09-19,588837
OP12-014,ボア・ハンコック SR-P,,single,,29999,2026-09-19,666858
OP12-015,モンキー・D・ルフィ SR-P,,single,9000,9500,2026-09-19,588838
OP12-015,モンキー・D・ルフィ,SR,single,8000,7000,2026-09-19,583591
OP12-015,モンキー・D・ルフィ SR :トップ64,プロモ,single,,610000,2026-09-19,769470
OP12-018,覇王色の覇気,R,single,,13000,2026-09-19,743935
OP12-020,ロロノア・ゾロ L :シリアルナンバー入り :優勝記念品 :開封済,プロモ,single,900000,849800,2026-09-19,735734
OP12-020,ロロノア・ゾロ,L,single,35000,36500,2026-09-19,710532
OP12-020,ロロノア・ゾロ L-P,,single,11900,12500,2026-09-19,583592
OP12-020,ロロノア・ゾロ L :シリアルナンバー入り :優勝記念品 :開封済,プロモ,single,,3590000,2026-09-19,790550
OP12-028,光月日和,R,single,15980,19800,2026-09-19,667232
OP12-030,ジュラキュール・ミホーク SR-SPC :和柄アート,,single,23000,23400,2026-09-19,728131
OP12-030,ジュラキュール・ミホーク SR-P,,single,11000,,2026-09-19,588839
OP12-031,たしぎ R :ベスト8記念品,プロモ,single,15800,11500,2026-09-19,765620
OP12-034,ペローナ SR-P,,single,15000,39800,2026-09-19,588841
OP12-034,ペローナ,SR,single,15000,,2026-09-19,599102
OP12-034,ペローナ,SR,single,12000,15999,2026-09-19,744315
OP12-037,鬼気 九刀流 阿修羅 抜剣 亡者戯 R-P,,single,35000,34800,2026-09-19,588842
OP12-039,ルフィは海賊王になる男だ!!!,R,single,23500,20800,2026-09-19,744316
OP12-041,サンジ L-P,,single,18000,14000,2026-09-19,583595
OP12-043,クザン R-P,,single,15000,,2026-09-19,588843
OP12-056,モンキー・D・ガープ SR-P,,single,11888,,2026-09-19,588844
OP12-060,牛肉バースト R-P,,single,25800,18000,2026-09-19,588845
OP12-061,ドンキホーテ・ロシナンテ L-P,,single,15000,19750,2026-09-19,583597
OP12-063,ヴィンスモーク・レイジュ：金文字,SR,single,240000,400000,2026-09-19,752791
OP12-063,ヴィンスモーク・レイジュ,SR,single,45000,32800,2026-09-19,752790
OP12-063,ヴィンスモーク・レイジュ SR-P,,single,11000,19800,2026-09-19,588846
OP12-070,サンジ R-P,,single,12800,,2026-09-19,588847
OP12-079,ルフィは“海賊王”になる男だ!!!,R,single,14000,11800,2026-09-19,744317
OP12-081,コアラ L-P,,single,25000,14000,2026-09-19,583600
OP12-087,ニコ・ロビン SR-P,,single,13000,13200,2026-09-19,588850
OP12-094,モンキー・D・ドラゴン,SR,single,9800,8800,2026-09-19,744318
OP12-102,しらほし SR-P,,single,13800,13800,2026-09-19,588852
OP12-102,しらほし,SR,single,13000,,2026-09-19,599166
OP12-106,トラファルガー・ロー,UC,single,11000,10500,2026-09-19,626235
OP12-108,ドンキホーテ・ロシナンテ R-TR,,single,,62000,2026-09-19,750922
OP12-118,ジュエリー・ボニー SEC-SP (コミパラ),,single,125000,129000,2026-09-19,588855
OP12-118,ジュエリー・ボニー,SEC,single,15000,26500,2026-09-19,583602
OP12-118,ジュエリー・ボニー SEC-P,,single,8000,18990,2026-09-19,588854
OP12-119,バーソロミュー・くま SEC-P,,single,14500,,2026-09-19,588856
OP12-119,バーソロミュー・くま,SEC,single,13000,12800,2026-09-19,583603
OP12-119,バーソロミュー・くま,SEC,single,9800,8500,2026-09-19,744319
OP13-001,モンキー・D・ルフィ L-P,,single,11500,11000,2026-09-19,676019
OP13-001,モンキー・D・ルフィ L :開封済,プロモ,single,10850,10850,2026-09-19,763301
OP13-001,モンキー・Ｄ・ルフィ,L,single,9999,,2026-09-19,678832
OP13-001,モンキー・D・ルフィ,L,single,,98000,2026-09-19,850874
OP13-002,ポートガス・D・エース L-P,,single,9980,9500,2026-09-19,676020
OP13-003,ゴール・D・ロジャー L-P,,single,9400,9000,2026-09-19,676018
OP13-004,サボ L-P,,single,9000,10800,2026-09-19,676021
OP13-007,エース＆サボ＆ルフィ SR-P,,single,15850,13500,2026-09-19,678838
OP13-007,エース&サボ&ルフィ,SR,single,13500,11300,2026-09-19,618682
OP13-012,ネフェルタリ・ビビ,R,single,14500,13700,2026-09-19,691537
OP13-016,モンキー・D・ガープ R-P,,single,,25000,2026-09-19,676058
OP13-019,“火炎”が許さねェってよ!!,R,single,7499,7500,2026-09-19,677617
OP13-023,ウタ SR-P,,single,11499,11500,2026-09-19,676049
OP13-027,サンジ R-P,,single,,14500,2026-09-19,679579
OP13-028,シャンクス SR-P,,single,15000,,2026-09-19,676050
OP13-031,トラファルガー・ロー R-SPC,,single,23500,23300,2026-09-19,764615
OP13-037,ロロノア・ゾロ,R,single,16500,,2026-09-19,767990
OP13-040,強ェとわかってんだから… 始めから全開だ!!! R :優勝記念品,プロモ,single,12999,14700,2026-09-19,819292
OP13-040,強ェとわかってんだから… 始めから全開だ!!!,R,single,6400,6400,2026-09-19,677618
OP13-042,エドワード・ニューゲート SR-P,,single,25000,,2026-09-19,676051
OP13-042,エドワード・ニューゲート SR-SPC,,single,22000,21999,2026-09-19,764616
OP13-051,ボア・ハンコック,R,single,105000,100000,2026-09-19,807560
OP13-051,ボア・ハンコック R-P,,single,38000,99999,2026-09-19,718301
OP13-051,ボア・ハンコック,R,single,25000,23500,2026-09-19,814021
OP13-051,ボア・ハンコック,R,single,24000,22800,2026-09-19,814022
OP13-051,ボア・ハンコック R-P,,single,9500,10000,2026-09-19,681360
OP13-051,ボア・ハンコック R :シリアルナンバー入り,プロモ,single,,999999,2026-09-19,823977
OP13-054,ヤマト SR-P,,single,28000,28000,2026-09-19,676052
OP13-057,“力”に屈したら男に生まれた意味がねェだろう,R,single,7499,7500,2026-09-19,677616
OP13-064,ゴール・D・ロジャー SR-P,,single,28888,30000,2026-09-19,676053
OP13-065,シャンクス R-P,,single,12800,,2026-09-19,676059
OP13-066,シルバーズ・レイリー SR-P,,single,11000,,2026-09-19,676054
OP13-066,シルバーズ・レイリー,SR,single,,13800,2026-09-19,678897
OP13-076,神避 R-P,,single,13400,11500,2026-09-19,676060
OP13-079,イム L-P,,single,12900,10000,2026-09-19,676022
OP13-080,イーザンバロン・V・ナス寿郎聖 R-RP,,single,59500,48000,2026-09-19,676061
OP13-080,イーザンバロン・V・ナス寿郎聖 R-P,,single,15800,15000,2026-09-19,678951
OP13-083,ジェイガルシア・サターン聖 R-RP,,single,41800,39800,2026-09-19,676062
OP13-083,ジェイガルシア・サターン聖 R-P,,single,,17000,2026-09-19,678952
OP13-084,シェパード・十・ピーター聖 R-RP,,single,52000,45000,2026-09-19,676063
OP13-084,シェパード・十・ピーター聖 R-P,,single,15000,23500,2026-09-19,678953
OP13-089,トップマン・ウォーキュリー聖 R-RP,,single,45500,50000,2026-09-19,676064
OP13-089,トップマン・ウォーキュリー聖 R-P,,single,10000,9900,2026-09-19,678954
OP13-091,マーカス・マーズ聖 R-RP,,single,50000,48500,2026-09-19,676065
OP13-100,ジュエリー・ボニー L-P,,single,11500,9800,2026-09-19,676023
OP13-108,ジュエリー・ボニー,SR,single,14400,14480,2026-09-19,735736
OP13-108,ジュエリー・ボニー,SR,single,11580,,2026-09-19,676075
OP13-108,ジュエリー・ボニー SR-P,,single,11488,,2026-09-19,676056
OP13-110,ステューシー SR-P,,single,12800,12000,2026-09-19,676057
OP13-110,ステューシー SR-P,,single,,23333,2026-09-19,718380
OP13-110,ステューシー,SR,single,,13800,2026-09-19,678941
OP13-113,リリス R-P,,single,10300,,2026-09-19,676066
OP13-114,S-スネーク R-P,,single,35000,29300,2026-09-19,676067
OP13-118,モンキー・Ｄ・ルフィ,SEC,single,11000000,11000000,2026-09-19,735737
OP13-118,モンキー・Ｄ・ルフィ SEC-RSP (レッドコミパラ),,single,2850000,2850000,2026-09-19,676003
OP13-118,モンキー・Ｄ・ルフィ SEC-SP (コミパラ),,single,310000,325000,2026-09-19,676002
OP13-118,モンキー・D・ルフィ：手配書 SEC-SPC,,single,36980,36800,2026-09-19,676009
OP13-118,モンキー・D・ルフィ SEC-P,,single,19500,18900,2026-09-19,676024
OP13-118,モンキー・Ｄ・ルフィ,SEC,single,5980,7500,2026-09-19,676068
OP13-119,ポートガス・D・エース,SEC,single,1200000,1100000,2026-09-19,714209
OP13-119,ポートガス・Ｄ・エース SEC-RSP (レッドコミパラ),,single,1050000,998000,2026-09-19,676005
OP13-119,ポートガス・Ｄ・エース SEC-SP (コミパラ),,single,149900,149999,2026-09-19,676004
OP13-119,ポートガス・D・エース：手配書 SEC-SPC,,single,30000,40999,2026-09-19,676010
OP13-119,ポートガス・D・エース,SEC,single,25999,11999,2026-09-19,676069
OP13-119,ポートガス・D・エース SEC-P,,single,14900,14790,2026-09-19,676025
OP13-119,ポートガス・D・エース SEC :優勝記念品,プロモ,single,,129800,2026-09-19,775106
OP13-120,サボ SEC-RSP (レッドコミパラ),,single,770000,728000,2026-09-19,676007
OP13-120,サボ,SEC,single,328000,280000,2026-09-19,714210
OP13-120,サボ SEC-SP (コミパラ),,single,140000,134000,2026-09-19,676006
OP13-120,サボ：手配書 SEC-SPC,,single,23500,23400,2026-09-19,676011
OP13-120,サボ SEC-P,,single,10400,9998,2026-09-19,676026
OP13-120,サボ,SEC,single,8000,14000,2026-09-19,676070
OP14-001,トラファルガー・ロー L-P,,single,11000,12000,2026-09-19,728132
OP14-009,トラファルガー・ロー SR-P,,single,15900,28500,2026-09-19,728133
OP14-013,モンキー・Ｄ・ルフィ SR-P,,single,9500,9500,2026-09-19,728134
OP14-013,モンキー・Ｄ・ルフィ,SR,single,5980,5980,2026-09-19,727567
OP14-015,ロロノア・ゾロ R-P,,single,13500,13000,2026-09-19,728135
OP14-020,ジュラキュール・ミホーク L-P,,single,20000,19500,2026-09-19,728136
OP14-027,シャンクス R-P,,single,14780,20000,2026-09-19,728137
OP14-029,たしぎ R-SPC,,single,23480,22000,2026-09-19,822581
OP14-031,ナミ SR-P,,single,15000,13990,2026-09-19,728138
OP14-031,ナミ,SR,single,,39000,2026-09-19,727585
OP14-033,ペローナ SR :上位記念品​,プロモ,single,15000,15000,2026-09-19,764515
OP14-033,ペローナ SR-P,,single,10000,13998,2026-09-19,728139
OP14-034,モンキー・Ｄ・ルフィ,R,single,19000,,2026-09-19,727588
OP14-040,ジンベエ L-P,,single,13000,,2026-09-19,728140
OP14-041,ボア・ハンコック L-P,,single,22950,22900,2026-09-19,728141
OP14-060,ドンキホーテ・ドフラミンゴ L-P,,single,30000,16161,2026-09-19,728144
OP14-069,ドンキホーテ・ドフラミンゴ SR-P,,single,13000,,2026-09-19,728146
OP14-079,クロコダイル L-P,,single,21000,23800,2026-09-19,728147
OP14-083,ミス・ウェンズデー,UC,single,,21800,2026-09-19,819288
OP14-084,ミス・オールサンデー SR-SPC,,single,69990,68600,2026-09-19,822582
OP14-084,ミス・オールサンデー SR-P,,single,20000,18400,2026-09-19,728149
OP14-084,ミス・オールサンデー,SR,single,10000,,2026-09-19,727638
OP14-091,Mr.2・ボン・クレー(ベンサム) SR-P,,single,16800,,2026-09-19,728151
OP14-096,浸食輪廻 R-P,,single,23800,21111,2026-09-19,728152
OP14-104,ゲッコー・モリア SR-P,,single,15000,15000,2026-09-19,728153
OP14-111,ペローナ R-P,,single,,20000,2026-09-19,728154
OP14-112,ボア・ハンコック SR :上位記念品,プロモ,single,1900000,2000000,2026-09-19,766293
OP14-112,ボア・ハンコック SR-SPC :和柄アート,,single,52000,52800,2026-09-19,728156
OP14-112,ボア・ハンコック,SR,single,23000,,2026-09-19,727666
OP14-112,ボア・ハンコック SR-P,,single,12999,13900,2026-09-19,728155
OP14-118,わらわ こわい…♡ R-P,,single,38700,38690,2026-09-19,728157
OP14-119,ジュラキュール・ミホーク SEC-SP (コミパラ),,single,114000,119800,2026-09-19,728159
OP14-119,ジュラキュール・ミホーク SEC-P,,single,18800,18000,2026-09-19,728158
OP14-119,ジュラキュール・ミホーク,SEC,single,6000,9000,2026-09-19,727673
OP14-120,クロコダイル SEC :上位記念品,プロモ,single,950000,860000,2026-09-19,766294
OP14-120,クロコダイル SEC-P,,single,14800,9900,2026-09-19,728160
OP14-120,クロコダイル,SEC,single,12000,10000,2026-09-19,727674
OP15-003,アルビダ R-P,,single,7900,,2026-09-19,764617
OP15-032,ブルック SR-P,,single,15000,,2026-09-19,764621
OP15-046,サボ SR-P,,single,,14567,2026-09-19,764622
OP15-047,サンジ,R,single,,18900,2026-09-19,854162
OP15-053,レベッカ SR-P,,single,35000,30000,2026-09-19,764624
OP15-060,エネル SR :上位記念品,プロモ,single,20000,22222,2026-09-19,813224
OP15-060,エネル SR :上位記念品,プロモ,single,15500,14800,2026-09-19,764512
OP15-060,エネル SR-P,,single,9000,,2026-09-19,764625
OP15-061,オーム R-P,,single,12000,,2026-09-19,764626
OP15-077,雷龍 R-P,,single,24000,23000,2026-09-19,764627
OP15-078,万雷 SR-P,,single,7000,15990,2026-09-19,764628
OP15-086,ナミ SR-P,,single,38000,39500,2026-09-19,764629
OP15-086,ナミ,SR,single,8000,,2026-09-19,767136
OP15-086,ナミ SR-P,,single,,150000,2026-09-19,779089
OP15-092,モンキー・D・ルフィ R-P,,single,29800,25000,2026-09-19,764630
OP15-092,モンキー・Ｄ・ルフィ,R,single,,19999,2026-09-19,767142
OP15-098,モンキー・Ｄ・ルフィ,L,single,,19999,2026-09-19,767148
OP15-108,ナミ,R,single,,25000,2026-09-19,767998
OP15-108,ナミ,R,single,,5900,2026-09-19,767158
OP15-109,ニコ・ロビン R-P,,single,20000,20000,2026-09-19,764631
OP15-113,ロロノア・ゾロ SR :上位記念品,プロモ,single,31500,30000,2026-09-19,835343
OP15-113,ロロノア・ゾロ SR-P,,single,15000,10980,2026-09-19,764632
OP15-113,ロロノア・ゾロ,SR,single,7300,,2026-09-19,767163
OP15-114,ワイパー SR-P,,single,8000,,2026-09-19,764633
OP15-116,ゴムゴムの黄金回転弾 R-P,,single,15000,15000,2026-09-19,764634
OP15-118,エネル SEC-SP (コミパラ),,single,134000,133000,2026-09-19,764635
OP15-118,エネル,SEC,single,6900,7000,2026-09-19,767168
OP15-118,エネル SEC-P,,single,,13000,2026-09-19,764636
OP15-119,モンキー・D・ルフィ SEC-P,,single,11300,10500,2026-09-19,764637
OP15-119,モンキー・Ｄ・ルフィ,SEC,single,7000,6980,2026-09-19,767169
OP16-001,ポートガス・D・エース L-P,,single,15999,15999,2026-09-19,822584
OP16-015,モンキー・D・ルフィ SR-P,,single,15000,15480,2026-09-19,822587
OP16-022,モンキー・D・ルフィ L-P,,single,20800,21000,2026-09-19,822589
OP16-032,ボア・ハンコック SR :優勝記念品,プロモ,single,299000,275000,2026-09-19,835342
OP16-032,ボア・ハンコック,SR,single,20000,,2026-09-19,828101
OP16-032,ボア・ハンコック SR-P,,single,18999,19000,2026-09-19,822591
OP16-032,ボア・ハンコック SR :優勝記念品,プロモ,single,,299999,2026-09-19,835345
OP16-034,モンキー・D・ルフィ R-P,,single,19000,12500,2026-09-19,822592
OP16-041,バギー L-P,,single,13600,11800,2026-09-19,822593
OP16-042,インペルダウンの囚人 R-TR,,single,18111,23333,2026-09-19,822594
OP16-060,センゴク L-P,,single,,20000,2026-09-19,822598
OP16-063,クザン R-SP (コミパラ),,single,292000,280000,2026-09-19,822600
OP16-065,サカズキ SR-SP (コミパラ),,single,250000,284000,2026-09-19,822602
OP16-073,ボルサリーノ R-SP (コミパラ),,single,260000,269000,2026-09-19,822604
OP16-079,ヤマト L-P,,single,16000,15900,2026-09-19,822605
OP16-080,マーシャル・D・ティーチ L-P,,single,18500,18500,2026-09-19,822606
OP16-085,光月モモの助 R-P,,single,,18000,2026-09-19,822608
OP16-095,モンキー・D・ルフィ,R,single,39500,38999,2026-09-19,854158
OP16-098,ヤマト SR-P,,single,,16500,2026-09-19,822609
OP16-116,ゼハハハハハハ！！！ R-P,,single,36000,35500,2026-09-19,822611
OP16-118,ポートガス・D・エース SEC-P,,single,14500,14999,2026-09-19,822612
OP16-118,ポートガス・Ｄ・エース,SEC,single,,9998,2026-09-19,828206
OP16-119,マーシャル・D・ティーチ SEC-P,,single,9700,10998,2026-09-19,822613
OP16-119,マーシャル・Ｄ・ティーチ,SEC,single,,7000,2026-09-19,828207
OPR2-JP001,ブラック・マジシャン・ガール,ORR,single,1200000,1100000,2026-09-19,238589
ORP2-JP082,ブラック・デーモンズ・ドラゴン,UP,single,4200,,2026-09-19,242876
P-001,モンキー・D・ルフィ,P,single,95000,74000,2026-09-19,201508
P-001,モンキー・D・ルフィ,P,single,89800,56800,2026-09-19,256045
P-001,モンキー・Ｄ・ルフィ,P,single,49500,125000,2026-09-19,239648
P-001,モンキー・D・ルフィ,P,single,47880,47000,2026-09-19,157931
P-001,モンキー・D・ルフィ,P,single,18000,13280,2026-09-19,229659
P-001,モンキー・D・ルフィ,P,single,15700,15500,2026-09-19,95888
P-001,モンキー・D・ルフィ,プロモ,single,14799,14400,2026-09-19,98592
P-001,モンキー・D・ルフィ P-P,,single,13900,12000,2026-09-19,94909
P-001,モンキー・D・ルフィ,P,single,9799,9700,2026-09-19,134160
P-001,モンキー・D・ルフィ,P,single,,95000,2026-09-19,201611
P-001,モンキー・Ｄ・ルフィ,P,single,,70000,2026-09-19,240947
P-003,ユースタス・キッド,,single,11000,11999,2026-09-19,105503
P-006,モンキー・D・ルフィ,P,single,169999,110000,2026-09-19,221662
P-006,モンキー・D・ルフィ,,single,9999,9800,2026-09-19,98597
P-007,モンキー・D・ルフィ,,single,26000,26000,2026-09-19,98662
P-008,ヤマト,P,single,46800,47000,2026-09-19,221664
P-008,ヤマト,P,single,42900,,2026-09-19,616270
P-008,ヤマト,,single,8300,9999,2026-09-19,98665
P-009,トラファルガー・ロー,P,single,47500,,2026-09-19,221665
P-009,トラファルガー・ロー,P,single,33500,,2026-09-19,616271
P-009,トラファルガー・ロー,,single,5200,39800,2026-09-19,98667
P-010,カイドウ,P,single,19999,,2026-09-19,221666
P-010,カイドウ,,single,9300,44444,2026-09-19,98668
P-011,ウタ,L,single,36999,15000,2026-09-19,140963
P-011,ウタ,,single,34800,36800,2026-09-19,98671
P-011,ウタ,L,single,,99999,2026-09-19,201597
P-015,サニーくん,,single,,40000,2026-09-19,98676
P-016,シャンクス,P,single,14800,12900,2026-09-19,134327
P-016,シャンクス,P,single,9999,,2026-09-19,110713
P-016,シャンクス,,single,3800,8900,2026-09-19,98678
P-017,トラファルガー・ロー,P,single,9000,7700,2026-09-19,185183
P-021,ベン・ベックマン,,single,4567,,2026-09-19,98684
P-022,モンキー・D・ルフィ,P,single,12222,12220,2026-09-19,134316
P-022,モンキー・D・ルフィ,,single,8500,9990,2026-09-19,98686
P-022,モンキー・D・ルフィ,P,single,3800,,2026-09-19,110712
P-024,"""海賊王""に!!!おれはなるっ!!!!",,single,,33000,2026-09-19,98689
P-028,ポートガス・D・エース,P,single,2500000,2000000,2026-09-19,221681
P-028,ポートガス・D・エース,P,single,115000,200000,2026-09-19,221610
P-028,ポートガス・D・エース,プロモ,single,41000,55555,2026-09-19,104498
P-028,ポートガス・D・エース,P,single,40000,,2026-09-19,201509
P-028,ポートガス・Ｄ・エース,P,single,23000,100000,2026-09-19,114668
P-028,ポートガス・D・エース,P,single,18500,16980,2026-09-19,157941
P-029,バルトロメオ P :フルアート,,single,6000,,2026-09-19,328647
P-030,ジンベエ,P,single,,7500,2026-09-19,229661
P-031,ウタ,P,single,99999,129900,2026-09-19,221613
P-031,ウタ,P,single,16000,14000,2026-09-19,140967
P-031,ウタ,プロモ,single,12000,50000,2026-09-19,104501
P-031,ウタ,P,single,8000,,2026-09-19,201581
P-031,ウタ,P,single,,988000,2026-09-19,221684
P-033,モンキー・D・ルフィ,P,single,1870000,13000000,2026-09-19,221690
P-033,モンキー・D・ルフィ,P,single,630000,1200000,2026-09-19,221619
P-033,モンキー・D・ルフィ,P,single,175555,299999,2026-09-19,201587
P-033,モンキー・D・ルフィ,,single,27400,26000,2026-09-19,108050
P-033,ユースタス・キッド,P,single,9800,,2026-09-19,134162
P-034,サンジ,P,single,555555,1200000,2026-09-19,221689
P-034,サンジ,P,single,45000,800000,2026-09-19,221618
P-034,サンジ,,single,10000,39800,2026-09-19,107032
P-035,モンキー・D・ルフィ,,single,9999,9000,2026-09-19,111763
P-036,モンキー・D・ルフィ：Silver Foil + Gold Stamp,P,single,75000,140000,2026-09-19,567917
P-036,モンキー・D・ルフィ,P,single,30000,19800,2026-09-19,111529
P-037,モンキー・D・ルフィ,P,single,12500,11800,2026-09-19,121244
P-037,モンキー・D・ルフィ,P,single,8000,,2026-09-19,201630
P-037,モンキー・D・ルフィ (ゴールドスタンプ),P,single,5550,333333,2026-09-19,411466
P-038,トラファルガー・ロー,P,single,,59500,2026-09-19,449931
P-038,トラファルガー・ロー,P,single,,12000,2026-09-19,123905
P-040,カイドウ,P,single,15000,11899,2026-09-19,823289
P-041,モンキー・Ｄ・ルフィ,P,single,13499,13499,2026-09-19,159276
P-041,モンキー・D・ルフィ,P,single,12000,11500,2026-09-19,635883
P-041,モンキー・D・ルフィ,P,single,11899,11899,2026-09-19,129619
P-041,モンキー・D・ルフィ,P,single,10200,10480,2026-09-19,323700
P-041,モンキー・D・ルフィ(ギア5),P,single,7400,7200,2026-09-19,134163
P-041,モンキー・D・ルフィ,P,single,6666,6600,2026-09-19,311594
P-041,モンキー・D・ルフィ,P,single,,4380000,2026-09-19,357151
P-042,ロロノア・ゾロ,P,single,56000,252000,2026-09-19,174951
P-042,ロロノア・ゾロ,P,single,30000,26000,2026-09-19,135104
P-043,モンキー・D・ルフィ P :参加賞,プロモ,single,59500,59500,2026-09-19,449766
P-043,モンキー・D・ルフィ P :参加賞,プロモ,single,39898,35000,2026-09-19,838461
P-043,モンキー・D・ルフィ,P,single,18800,18800,2026-09-19,167350
P-044,サボ,P,single,7990,50000,2026-09-19,135105
P-044,サボ,P,single,,550000,2026-09-19,449966
P-045,ロロノア・ゾロ,P,single,89000,,2026-09-19,221729
P-045,ロロノア・ゾロ,P,single,9499,9000,2026-09-19,136541
P-046,ヤマト,P,single,14800,14000,2026-09-19,136542
P-046,ヤマト,P,single,,2000000,2026-09-19,449967
P-046,ヤマト,P,single,,80000,2026-09-19,449934
P-047,モンキー・D・ルフィ,P,single,37800,27500,2026-09-19,138415
P-047,モンキー・D・ルフィ,P,single,5000,18000,2026-09-19,147940
P-049,ウソップ,P,single,11999,9999,2026-09-19,147942
P-050,サンジ,P,single,13000,9999,2026-09-19,147943
P-052,ジュラキュール・ミホーク,P,single,,9999,2026-09-19,147945
P-053,ナミ,P,single,25000,,2026-09-19,147946
P-053,ナミ P :フルアート,,single,23500,13200,2026-09-19,328650
P-053,ナミ,P,single,3600,,2026-09-19,138421
P-055,モンキー・D・ルフィ：P (開封済),プロモ,single,49500,48498,2026-09-19,752859
P-055,モンキー・D・ルフィ,P,single,19800,15000,2026-09-19,147947
P-055,モンキー・D・ルフィ P : 海賊旗フォイル,,single,17500,,2026-09-19,328652
P-055,モンキー・D・ルフィ P :フルアート,,single,14000,15000,2026-09-19,328653
P-055,モンキー・D・ルフィ,P,single,,17000,2026-09-19,138423
P-056,ロロノア・ゾロ,P,single,25252,99999,2026-09-19,147948
P-056,ロロノア・ゾロ,P,single,10000,,2026-09-19,138424
P-057,ウタカタララバイ,P,single,5000,59999,2026-09-19,155972
P-057,ウタカタララバイ,P,single,3000,,2026-09-13,567921
P-059,世界のつづき,P,single,1000,,2026-09-16,155974
P-061,モンキー・D・ルフィ,P,single,11100,7499,2026-09-19,311560
P-061,モンキー・D・ルフィ,P,single,9999,9499,2026-09-19,155976
P-063,ジンベエ P-P,,single,7890,9000,2026-09-19,656330
P-063,ジンベエ,P,single,,22000,2026-09-19,160724
P-065,トニートニー・チョッパー,P,single,12500,12400,2026-09-19,159277
P-065,トニートニー・チョッパー,P,single,,80000,2026-09-19,635886
P-066,ボア・ハンコック,P,single,28000,25000,2026-09-19,706017
P-066,ボア・ハンコック,P,single,22000,21800,2026-09-19,575849
P-066,ボア・ハンコック,P,single,15600,13500,2026-09-19,205880
P-067,ユースタス・キッド：Winner,P,single,35000,,2026-09-19,567928
P-072,リューマ,P,single,49800,25999,2026-09-19,380949
P-072,リューマ,P,single,47000,46500,2026-09-19,231246
P-072,リューマ,P,single,45000,45000,2026-09-19,753010
P-072,リューマ,P,single,,887000,2026-09-19,572244
P-073,サボ,P,single,9777,9555,2026-09-19,230773
P-073,サボ,P,single,5999,35000,2026-09-19,481267
P-073,サボ,P,single,,39800,2026-09-19,380950
P-074,ポートガス・D・エース,P,single,7888,7800,2026-09-19,230772
P-074,ポートガス・D・エース,P,single,,29800,2026-09-19,380951
P-074,ポートガス・D・エース,P,single,,25800,2026-09-19,481268
P-075,モンキー・D・ルフィ,P,single,190000,85000,2026-09-19,635882
P-075,モンキー・D・ルフィ,P,single,68000,18000,2026-09-19,752312
P-075,モンキー・D・ルフィ,P,single,39000,41000,2026-09-19,481269
P-075,モンキー・Ｄ・ルフィ,P,single,18000,17500,2026-09-19,230771
P-075,モンキー・Ｄ・ルフィ,P,single,15500,13400,2026-09-19,380952
P-075,モンキー・Ｄ・ルフィ P : フォイル,,single,9888,,2026-09-19,660053
P-075,モンキー・D・ルフィ,P,single,,25000,2026-09-19,572247
P-080,モンキー・D・ルフィ,P,single,17400,17000,2026-09-19,462619
P-080,モンキー・D・ルフィ,P,single,15600,15400,2026-09-19,315323
P-082,クロコダイル P :優勝記念品,プロモ,single,32000,34000,2026-09-19,856493
P-083,シャンクス,P,single,22000,24900,2026-09-19,397091
P-084,バギー,P,single,13999,14999,2026-09-19,397092
P-096,少女,P,single,15900,14999,2026-09-19,601710
P-099,モンキー・Ｄ・ルフィ,P,single,11000,10700,2026-09-19,605830
P-100,マーシャル・D・ティーチ,P,single,17980,80000,2026-09-19,605831
P-101,トニートニー・チョッパー,P,single,8400,7800,2026-09-19,709869
P-102,ナミ,P,single,8800,7290,2026-09-19,709870
P-102,ナミ,P,single,,19800,2026-09-19,760237
P-103,ポートガス・D・エース,P,single,11000,8400,2026-09-19,709871
P-103,ポートガス・D・エース,P,single,,55555,2026-09-19,779906
P-104,シャンクス,P,single,13799,9200,2026-09-19,709872
P-105,サボ P-SPC,,single,23650,16000,2026-09-19,764638
P-105,サボ,P,single,10999,8300,2026-09-19,709873
P-105,サボ,P,single,,23999,2026-09-19,779908
P-106,モンキー・D・ルフィ,P,single,7800,7900,2026-09-19,735753
P-106,モンキー・D・ルフィ,P,single,6200,5980,2026-09-19,709874
P-106,モンキー・D・ルフィ,P,single,,77777,2026-09-19,779909
P-106,モンキー・D・ルフィ,P,single,,30000,2026-09-19,760241
P-108,モンキー・D・ルフィ,P,single,18500,17500,2026-09-19,814023
P-108,モンキー・D・ルフィ,P,single,18500,16000,2026-09-19,814024
P-108,モンキー・D・ルフィ,P,single,,14980,2026-09-19,845068
P-110,モンキー・D・ルフィ,P,single,31500,31499,2026-09-19,686000
P-111,ニコ・ロビン,P,single,70000,36800,2026-09-19,708625
P-111,ニコ・ロビン,P,single,34800,28000,2026-09-19,708624
P-112,ナミ P シリアルナンバー入り,プロモ,single,750000,745000,2026-09-19,708621
P-112,ナミ,P,single,31500,32800,2026-09-19,708622
P-112,ナミ P :参加記念品,プロモ,single,29800,28999,2026-09-19,837244
P-112,ナミ,P,single,29800,27500,2026-09-19,708623
P-113,ジュエリー・ボニー,P,single,19500,19300,2026-09-19,708626
P-113,ジュエリー・ボニー,P,single,16000,19999,2026-09-19,708627
P-115,ボア・ハンコック,P,single,12999,13490,2026-09-19,729310
P-115,ボア・ハンコック P :優勝記念品,プロモ,single,,78000,2026-09-19,773829
P-116,ニコ・ロビン,P,single,23000,,2026-09-19,735738
P-120,サンジ,P,single,14444,13000,2026-09-19,764415
P-121,ブルック,P,single,,13000,2026-09-19,772151
P-135,モンキー・D・ルフィ P :優勝記念品,プロモ,single,,180000,2026-09-19,820702
P-135,モンキー・Ｄ・ルフィ P :参加記念品,プロモ,single,,20000,2026-09-19,807869
P-159,モンキー・D・ルフィ P :通常版,プロモ,single,18000,16999,2026-09-19,854923
P/P,モンキー・D・ルフィ,L,single,48000,,2026-09-19,221801
P/P,モンキー・D・ルフィ L :参加記念品,プロモ,single,20000,11500,2026-09-19,825095
P/P,モンキー・D・ルフィ L :参加記念品 :修正前ライフ4,,single,11950,9500,2026-09-19,129620
P/P,モンキー・D・ルフィ L :参加記念品 :修正後ライフ5,,single,11799,10800,2026-09-19,786451
P3-08,ゲート・ガーディアン,SR,single,,29800,2026-09-19,614331
P4-01,ブラック・マジシャン・ガール (レプリカ),UR,single,,99500,2026-09-19,818508
P4-02,ブラック・マジシャン,UR,single,35000,35000,2026-09-19,818509
PAC1-JP001,オシリスの天空竜,PSE,single,15000,15000,2026-09-19,92419
PAC1-JP003,ラーの翼神竜,PSE,single,,29800,2026-09-19,92427
PAC1-JP013,サイバー・エンド・ドラゴン,PSE,single,7000,,2026-09-19,241138
PAC1-JP014,幽鬼うさぎ,PSE,single,,12800,2026-09-19,92424
PAC1-JP016,灰流うらら,PSE,single,29800,10000,2026-09-19,92409
PAC1-JP016,灰流うらら（イラスト違い）,PSE,single,28000,,2026-09-19,92408
PAC1-JP017,屋敷わらし,PSE,single,12800,,2026-09-19,92420
PAC1-JP018,儚無みずき,PSE,single,,9980,2026-09-19,92421
PAC1-JP022,閃刀姫-カガリ (イラスト違い),PSE,single,19800,,2026-09-19,92412
PAC1-JP023,竜騎士ブラック・マジシャン・ガール,PSE,single,9500,,2026-09-19,92416
PAC1-JP023,竜騎士ブラック・マジシャン・ガール (イラスト違い),SE,single,6800,,2026-09-19,241174
PAC1-JP028,召命の神弓-アポロウーサ (イラスト違い),PSE,single,32000,12800,2026-09-19,92430
PAC1-JP031,真紅眼の黒竜,PSE,single,17000,,2026-09-19,92413
PAC1-JP031,真紅眼の黒竜 (イラスト違い),PSE,single,12000,24000,2026-09-19,92426
PAC1-JP033,憑依装着-ライナ (イラスト違い),PSE,single,20000,25500,2026-09-19,92414
PAC1-JP034,I:Pマスカレーナ (イラスト違い),PSE,single,29000,29999,2026-09-19,92407
PAC1-JP034,I：Pマスカレーナ,PSE,single,14000,,2026-09-19,92410
PAC1-JP034,I:Pマスカレーナ,SE,single,9999,,2026-09-19,241220
PAC1-JP034,I:Pマスカレーナ (イラスト違い),SE,single,4000,8000,2026-09-19,241221
PAC1-JP035,朔夜しぐれ,PSE,single,,58000,2026-09-19,92433
PAC1-JP035,朔夜しぐれ (イラスト違い),PSE,single,,18000,2026-09-19,92423
PB-14,孫悟空 -,,single,25000,,2026-09-19,284017
PB-20,ゴテンクス -,,single,,20000,2026-09-19,284019
PB-32,メタルクウラ -,,single,,20000,2026-09-19,284026
PBS-02,孫悟空 -,,single,115000,888888,2026-09-19,281453
PBS-04,全王 -,,single,,100000,2026-09-19,281454
PCS20-01,孫悟空 -,,single,50000,50000,2026-09-19,274312
PG-09,真紅眼の黒竜,UR,single,37000,,2026-09-19,92631
PG-63,封印されし者の右腕,SE,single,,330000,2026-09-19,588711
PGB1-JP012,青眼の白龍,UL,single,15000,22000,2026-09-19,92369
PGB1-JPS01,オシリスの天空竜,PSE,single,20000,22000,2026-09-19,92872
PGB1-JPS02,オベリスクの巨神兵,PSE,single,12500,17400,2026-09-19,92372
PGB1-JPS03,ラーの翼神竜,PSE,single,20000,20000,2026-09-19,92371
PH-00,不死王リッチー,UL,single,468000,440000,2026-09-19,92621
PH-52,暗黒騎士ガイア,UL,single,980000,499999,2026-09-19,92620
PHHY-JPS01,No.62 銀河眼の光子竜皇,PSC,single,,25000,2026-09-19,99847
PHNI-JP050,アロマリリス－ローズマリー 25th,SE,single,11800,,2026-09-19,153846
PHRA-JPS01,ダーク・レクイエム・エクシーズ・ドラゴン,PSE,single,25000,,2026-09-19,92256
PM-04,トランクス :青年期 -,,single,,20000,2026-09-19,284048
PMCG-BLUENO.001,フシギダネ U: 旧裏,,single,298000,,2026-09-19,309382
PMCG-BLUENO.004,ヒトカゲ U: 旧裏,,single,72800,450000,2026-09-19,309357
PMCG-BLUENO.040,プクリン ◆ : 旧裏,,single,33333,198000,2026-09-19,454928
PMCG-BLUENO.042,ゴルバット ● : 旧裏,,single,,69800,2026-09-19,454915
PMCG-BLUENO.047,パラセクト ● : 旧裏,,single,,48500,2026-09-19,454917
PMCG-BLUENO.060,ニョロモ ● : 旧裏,,single,,84000,2026-09-19,454920
PMCG-BLUENO.062,ニョロボン U: 旧裏,,single,498000,,2026-09-19,309365
PMCG-BLUENO.113,ラッキー U: 旧裏,,single,598000,758000,2026-09-19,309379
PMCG-BLUENO.133,イーブイ C: 旧裏,,single,,166666,2026-09-19,309354
PMCG-BLUENO.137,ポリゴン ● : 旧裏,,single,,599999,2026-09-19,454932
PMCG-BLUENO.143,カビゴン U: 旧裏,,single,,1499999,2026-09-19,309383
PMCG-BLUENO.150,ミュウツー ◆ : 旧裏,,single,270000,3500000,2026-09-19,454924
PMCG-DE/PMCG-DE,カスミのなみだ マーク無し: 旧裏,,single,230000,,2026-09-19,93330
PMCG-EX/PMCG-EX,オーヤマのピカチュウ: 旧裏,,single,1150000,1100000,2026-09-19,92150
PMCG-G1,カスミのなみだ C: 旧裏,,single,220000,,2026-09-19,309351
PMCG-G1,スパイ作戦 ★ : 旧裏,,single,32000,,2026-09-19,454122
PMCG-G1,カスミのわがまま ★ : 旧裏,,single,,298000,2026-09-19,454120
PMCG-G1,カスミのいかり ◆ : 旧裏,,single,,118000,2026-09-19,454109
PMCG-G1,カスミの勝負 ● : 旧裏,,single,,69999,2026-09-19,454103
PMCG-G1,エリカのお付き ◆ : 旧裏,,single,,53000,2026-09-19,454106
PMCG-G1NO.025,マチスのピカチュウLV.10 ● : 旧裏,,single,420000,398000,2026-09-19,454077
PMCG-G1NO.035,エリカのピッピLV.16 ◆ : 旧裏,,single,80000,,2026-09-19,454098
PMCG-G1NO.036,エリカのピクシー R: 旧裏,,single,33000,75000,2026-09-19,309409
PMCG-G1NO.037,タケシのロコンLV.10 ● : 旧裏,,single,39999,,2026-09-19,454062
PMCG-G1NO.038,タケシのキュウコン ★ : 旧裏,,single,95999,99800,2026-09-19,454064
PMCG-G1NO.039,エリカのプリン ● : 旧裏,,single,200000,180000,2026-09-19,454096
PMCG-G1NO.042,タケシのゴルバット ◆ : 旧裏,,single,,60000,2026-09-19,454054
PMCG-G1NO.045,エリカのラフレシア R: 旧裏,,single,,150000,2026-09-19,309413
PMCG-G1NO.055,カスミのゴルダック R: 旧裏,,single,72000,,2026-09-19,309415
PMCG-G1NO.056,タケシのマンキーLV.12 ● : 旧裏,,single,40000,79000,2026-09-19,454085
PMCG-G1NO.071,エリカのウツボット ★ : 旧裏,,single,,49800,2026-09-19,454060
PMCG-G1NO.072,カスミのメノクラゲLV.16 ◆ : 旧裏,,single,59800,,2026-09-19,454074
PMCG-G1NO.073,カスミのドククラゲ R: 旧裏,,single,,69998,2026-09-19,309411
PMCG-G1NO.082,マチスのレアコイル R: 旧裏,,single,,99000,2026-09-19,309410
PMCG-G1NO.107,R団のエビワラー R: 旧裏,,single,89800,99999,2026-09-19,309417
PMCG-G1NO.112,タケシのサイドン R: 旧裏,,single,74800,69999,2026-09-19,309412
PMCG-G1NO.116,カスミのタッツーLV.16 ● : 旧裏,,single,,65000,2026-09-19,454068
PMCG-G1NO.117,カスミのシードラ R: 旧裏,,single,99800,199999,2026-09-19,309414
PMCG-G1NO.120,カスミのヒトデマンLV.16 ● : 旧裏,,single,59000,,2026-09-19,454071
PMCG-G1NO.123,R団のストライク ★ : 旧裏,,single,140000,145000,2026-09-19,454061
PMCG-G1NO.125,マチスのエレブーLV.28 ★ : 旧裏,,single,59999,59999,2026-09-19,454081
PMCG-G1NO.129,カスミのコイキング ● : 旧裏,,single,249999,155000,2026-09-19,454072
PMCG-G1NO.130,カスミのギャラドス ★ : 旧裏,,single,300000,250000,2026-09-19,454076
PMCG-G1NO.133,マチスのイーブイ ◆ : 旧裏,,single,197000,140000,2026-09-19,454100
PMCG-G1NO.146,R団のファイヤー R: 旧裏,,single,114000,120000,2026-09-19,309439
PMCG-G1NO.147,エリカのミニリュウ ◆ : 旧裏,,single,130000,,2026-09-19,454101
PMCG-G1NO.148,エリカのハクリュー R: 旧裏,,single,140000,120000,2026-09-19,309418
PMCG-G2,"キョウ秘伝,変わり身の術 (マーク修正前) U: 旧裏",,single,270000,,2026-09-19,93329
PMCG-G2,ナツメ ★ : 旧裏,,single,99800,299999,2026-09-19,454556
PMCG-G2,ナツメのサイキックコントロール ◆ : 旧裏,,single,93999,90000,2026-09-19,454546
PMCG-G2,ナツメの眼 C: 旧裏,,single,89999,,2026-09-19,309394
PMCG-G2,カツラ ★ : 旧裏,,single,48000,39000,2026-09-19,454551
PMCG-G2,サカキ ★ : 旧裏,,single,24000,,2026-09-19,454553
PMCG-G2,ヤマブキシティジム ◆ : 旧裏,,single,,74800,2026-09-19,454547
PMCG-G2NO.003,エリカのフシギバナ R: 旧裏,,single,198000,,2026-09-19,92142
PMCG-G2NO.004,カツラのヒトカゲLV.16 ● : 旧裏,,single,129999,115000,2026-09-19,454488
PMCG-G2NO.005,カツラのリザード ◆ : 旧裏,,single,99999,85000,2026-09-19,454492
PMCG-G2NO.006,カツラのリザードン ★ : 旧裏,,single,450000,,2026-09-19,454495
PMCG-G2NO.006,カツラのリザードン R: 旧裏,,single,395000,490000,2026-09-19,92141
PMCG-G2NO.014,キョウのコクーン ◆ : 旧裏,,single,25000,,2026-09-19,454475
PMCG-G2NO.015,キョウのスピアー ★ : 旧裏,,single,,60000,2026-09-19,454482
PMCG-G2NO.016,キョウのポッポ ● : 旧裏,,single,,25000,2026-09-19,454522
PMCG-G2NO.026,マチスのライチュウ R: 旧裏,,single,94800,130000,2026-09-19,309398
PMCG-G2NO.033,サカキのニドリーノ ◆ : 旧裏,,single,,60000,2026-09-19,454477
PMCG-G2NO.034,サカキのニドキング R: 旧裏,,single,120000,100000,2026-09-19,309395
PMCG-G2NO.037,カツラのロコンLV.9 ● : 旧裏,,single,35000,,2026-09-19,454489
PMCG-G2NO.038,カツラのキュウコン ★ : 旧裏,,single,,79999,2026-09-19,454496
PMCG-G2NO.048,ナツメのコンパン ● : 旧裏,,single,,29800,2026-09-19,454470
PMCG-G2NO.052,サカキのニャースLV.12 ◆ : 旧裏,,single,129999,250000,2026-09-19,454528
PMCG-G2NO.052,サカキのニャースLV.17 ● : 旧裏,,single,,98000,2026-09-19,454523
PMCG-G2NO.053,サカキのペルシアン R: 旧裏,,single,135000,120000,2026-09-19,309393
PMCG-G2NO.054,ナツメのコダック ● : 旧裏,,single,198000,190000,2026-09-19,454499
PMCG-G2NO.059,カツラのウインディ ★ : 旧裏,,single,158000,138000,2026-09-19,454497
PMCG-G2NO.065,ナツメのフーディン R: 旧裏,,single,91500,118000,2026-09-19,309397
PMCG-G2NO.068,サカキのカイリキー R: 旧裏,,single,120000,100000,2026-09-19,309396
PMCG-G2NO.079,ナツメのヤドン ● : 旧裏,,single,99999,115000,2026-09-19,454506
PMCG-G2NO.084,イマクニ?のドードー ☆ : 旧裏,,single,130000,,2026-09-19,454533
PMCG-G2NO.093,ナツメのゴーストLV.20 ◆ : 旧裏,,single,,79999,2026-09-19,454511
PMCG-G2NO.094,ナツメのゲンガーLV.39 R: 旧裏,,single,1348000,1260000,2026-09-19,92143
PMCG-G2NO.096,ナツメのスリープLV.15 ● : 旧裏,,single,23000,50000,2026-09-19,454507
PMCG-G2NO.111,カツラのサイホーン ● : 旧裏,,single,17500,,2026-09-19,454519
PMCG-G2NO.113,_のラッキー ◇: 旧裏,,single,150000,150000,2026-09-19,92138
PMCG-G2NO.115,カツラのガルーラ ◆ : 旧裏,,single,50000,49999,2026-09-19,454529
PMCG-G2NO.128,カツラのケンタロス ● : 旧裏,,single,,59999,2026-09-19,454525
PMCG-G2NO.129,サカキのコイキング ● : 旧裏,,single,150000,128000,2026-09-19,454500
PMCG-G2NO.130,サカキのギャラドス R: 旧裏,,single,175000,188000,2026-09-19,92140
PMCG-G2NO.132,キョウのメタモン ★ : 旧裏,,single,178000,182000,2026-09-19,454531
PMCG-G2NO.143,R団のカビゴン ★ : 旧裏,,single,89800,389999,2026-09-19,454532
PMCG-G2NO.145,R団のサンダー ★ : 旧裏,,single,118000,117000,2026-09-19,454504
PMCG-G2NO.145,R団のサンダー R: 旧裏,,single,2999,,2026-09-14,92139
PMCG-G2NO.146,カツラのファイヤー R: 旧裏,,single,200000,176000,2026-09-19,92144
PMCG-G2NO.150,R団のミュウツー R: 旧裏,,single,420000,430000,2026-09-19,92145
PMCG-GREEN/PMCG-GREEN,イマクニ?のパソコン: 旧裏,,single,95000,80000,2026-09-19,309376
PMCG-GREEN/PMCG-GREEN,ポケモンタワー ◆ : 旧裏,,single,,142000,2026-09-19,454998
PMCG-GREENNO.017,ピジョン ◆ : 旧裏,,single,,120000,2026-09-19,454994
PMCG-GREENNO.030,ニドリーナ ◆ : 旧裏,,single,,59999,2026-09-19,454964
PMCG-GREENNO.048,コンパン ● : 旧裏,,single,,120000,2026-09-19,454966
PMCG-GREENNO.058,ガーディ ● : 旧裏,,single,158000,158000,2026-09-19,454972
PMCG-GREENNO.075,ゴローン ● : 旧裏,,single,,57500,2026-09-19,454991
PMCG-GREENNO.077,ポニータ ● : 旧裏,,single,,55000,2026-09-19,454973
PMCG-GREENNO.080,ヤドラン ● : 旧裏,,single,28500,88000,2026-09-19,454983
PMCG-GREENNO.092,ゴース ● : 旧裏,,single,22200,105000,2026-09-19,454984
PMCG-GREENNO.093,ゴーストLV.26 ◆ : 旧裏,,single,395000,,2026-09-19,454986
PMCG-GREENNO.093,ゴーストLV.25 ◆ : 旧裏,,single,158000,218000,2026-09-19,454985
PMCG-GREENNO.097,スリーパー ◆ : 旧裏,,single,,155000,2026-09-19,454987
PMCG-GREENNO.104,カラカラ ● : 旧裏,,single,180000,,2026-09-19,454992
PMCG-GREENNO.112,サイドン ◆ : 旧裏,,single,55000,,2026-09-19,454993
PMCG-GREENNO.115,ガルーラ ● : 旧裏,,single,70000,85800,2026-09-19,454995
PMCG-GREENNO.116,タッツー ● : 旧裏,,single,39980,68000,2026-09-19,454977
PMCG-GREENNO.123,ストライク ◆ : 旧裏,,single,,88888,2026-09-19,454970
PMCG-GREENNO.150,ミュウツー ● :旧裏 :エラー版,,single,600000,698000,2026-09-19,454988
PMCG-GREENNO.150,ミュウツー ● :旧裏 :エラー修正版,,single,498000,460000,2026-09-19,838475
PMCG-GREENNO.4,サファリゾーンでおおあばれ！: 旧裏,,single,25000,,2026-09-19,309352
PMCG-GREENNO.5,デッキ交換線: 旧裏,,single,50000,120000,2026-09-19,309356
PMCG-GYM1,カスミ : 旧裏,,single,368000,288000,2026-09-19,457708
PMCG-GYM1,カスミのなみだ : 旧裏,,single,258000,,2026-09-19,457711
PMCG-GYM1,思い出させる : 旧裏,,single,120000,,2026-09-19,457731
PMCG-GYM1,なんでもなおし : 旧裏,,single,45000,50000,2026-09-19,457736
PMCG-GYM1,突風 : 旧裏,,single,30000,,2026-09-19,457713
PMCG-GYM1,ポケモンセンター : 旧裏,,single,29999,,2026-09-19,457740
PMCG-GYM1,ポケモン図鑑HANDY505 : 旧裏,,single,25000,,2026-09-19,457739
PMCG-GYM1,ポケモンいれかえ : 旧裏,,single,24800,39000,2026-09-19,457738
PMCG-GYM1,モンスターボール : 旧裏,,single,24800,,2026-09-19,457715
PMCG-GYM1,カスミのいかり : 旧裏,,single,,150000,2026-09-19,457709
PMCG-GYM1,カスミの勝負 : 旧裏,,single,,118000,2026-09-19,457710
PMCG-GYM1,タケシの育て方 : 旧裏,,single,,79000,2026-09-19,457735
PMCG-GYM1NO.056,タケシのマンキーLV.10 : 旧裏,,single,,52500,2026-09-19,457721
PMCG-GYM1NO.060,カスミのニョロモLV.15 : 旧裏,,single,,29999,2026-09-19,457695
PMCG-GYM1NO.073,カスミのドククラゲ : 旧裏,,single,67800,59999,2026-09-19,457697
PMCG-GYM1NO.074,タケシのイシツブテLV.17 : 旧裏,,single,20000,,2026-09-19,457723
PMCG-GYM1NO.090,カスミのシェルダー : 旧裏,,single,,50000,2026-09-19,457699
PMCG-GYM1NO.095,タケシのイワークLV.41 : 旧裏,,single,,35000,2026-09-19,457727
PMCG-GYM1NO.111,タケシのサイホーンLV.25 : 旧裏,,single,14000,,2026-09-19,457728
PMCG-GYM1NO.112,タケシのサイドン : 旧裏,,single,75000,95000,2026-09-19,457729
PMCG-GYM1NO.118,カスミのトサキントLV.8 : 旧裏,,single,25000,,2026-09-19,457703
PMCG-GYM1NO.121,カスミのスターミー : 旧裏,,single,,43333,2026-09-19,457707
PMCG-GYM2,スパイ作戦 : 旧裏,,single,35000,,2026-09-19,457757
PMCG-GYM2,お上品攻撃 : 旧裏,,single,,248000,2026-09-19,457777
PMCG-GYM2NO.021,マチスのオニスズメLV.8 : 旧裏,,single,28000,,2026-09-19,457753
PMCG-GYM2NO.025,マチスのピカチュウLV.15 : 旧裏,,single,450000,398000,2026-09-19,457741
PMCG-GYM2NO.025,マチスのピカチュウLV.10 : 旧裏,,single,400000,378000,2026-09-19,457742
PMCG-GYM2NO.026,マチスのライチュウLV.32 : 旧裏,,single,150000,,2026-09-19,457743
PMCG-GYM2NO.035,エリカのピッピLV.17 : 旧裏,,single,100000,97950,2026-09-19,457771
PMCG-GYM2NO.044,エリカのクサイハナLV.28 : 旧裏,,single,,29999,2026-09-19,457762
PMCG-GYM2NO.045,エリカのラフレシア : 旧裏,,single,108000,110000,2026-09-19,457763
PMCG-GYM2NO.069,エリカのマダツボミLV.15 : 旧裏,,single,,35000,2026-09-19,457765
PMCG-GYM2NO.070,エリカのウツドンLV.30 : 旧裏,,single,,59800,2026-09-19,457766
PMCG-GYM2NO.081,マチスのコイルLV.10 : 旧裏,,single,,290000,2026-09-19,457745
PMCG-GYM2NO.103,エリカのナッシー : 旧裏,,single,40000,,2026-09-19,457769
PMCG-GYM2NO.125,マチスのエレブーLV.22 : 旧裏,,single,47800,,2026-09-19,457750
PMCG-GYM2NO.147,エリカのミニリュウLV.14 : 旧裏,,single,110000,65000,2026-09-19,457772
PMCG-GYM3,ナツメの眼 : 旧裏,,single,89800,100000,2026-09-19,457817
PMCG-GYM3,ナツメ : 旧裏,,single,70000,,2026-09-19,457815
PMCG-GYM3,元気のかたまり : 旧裏,,single,12000,,2026-09-19,457800
PMCG-GYM3NO.004,カツラのヒトカゲLV.18 : 旧裏,,single,63800,64000,2026-09-19,457782
PMCG-GYM3NO.038,カツラのキュウコン : 旧裏,,single,14900,,2026-09-19,457785
PMCG-GYM3NO.058,カツラのガーディLV.20 : 旧裏,,single,55555,,2026-09-19,457787
PMCG-GYM3NO.059,カツラのウインディ : 旧裏,,single,168000,138000,2026-09-19,457788
PMCG-GYM3NO.063,ナツメのケーシィLV.12 : 旧裏,,single,40000,150000,2026-09-19,457802
PMCG-GYM3NO.063,ナツメのケーシィLV.18 : 旧裏,,single,39800,110000,2026-09-19,457803
PMCG-GYM3NO.064,ナツメのユンゲラー : 旧裏,,single,,99999,2026-09-19,457804
PMCG-GYM3NO.065,ナツメのフーディン : 旧裏,,single,104800,99999,2026-09-19,457805
PMCG-GYM3NO.077,カツラのポニータLV.13 : 旧裏,,single,20000,,2026-09-19,457790
PMCG-GYM3NO.085,カツラのドードリオ : 旧裏,,single,,28000,2026-09-19,457794
PMCG-GYM3NO.092,ナツメのゴースLV.9 : 旧裏,,single,88888,74800,2026-09-19,457806
PMCG-GYM3NO.092,ナツメのゴースLV.16 : 旧裏,,single,,49800,2026-09-19,457807
PMCG-GYM3NO.093,ナツメのゴーストLV.29 : 旧裏,,single,84800,84000,2026-09-19,457808
PMCG-GYM3NO.094,ナツメのゲンガーLV.42 : 旧裏,,single,1600000,1790000,2026-09-19,457809
PMCG-GYM3NO.096,ナツメのスリープLV.18 : 旧裏,,single,24000,110000,2026-09-19,457810
PMCG-GYM3NO.097,ナツメのスリーパー : 旧裏,,single,,200000,2026-09-19,457811
PMCG-GYM3NO.122,ナツメのバリヤードLV.30 : 旧裏,,single,,110000,2026-09-19,457812
PMCG-GYM3NO.137,ナツメのポリゴン : 旧裏,,single,45000,55000,2026-09-19,457814
PMCG-P/PMCG-P,_のピカチュウ/旧裏/プロモ: キラ/プロモ/旧裏,プロモ,single,6000000,6300000,2026-09-19,92123
PMCG-P/PMCG-P,コダック P : 旧裏,プロモ,single,1800000,,2026-09-19,467866
PMCG-P/PMCG-P,ニャース P : 旧裏,プロモ,single,1600000,,2026-09-19,467850
PMCG-P/PMCG-P,とりかえっこプリーズ: 旧裏/,プロモ,single,1298000,1680000,2026-09-19,92133
PMCG-P/PMCG-P,そらをとぶピカチュウ LV.11 : 旧裏,プロモ,single,1150000,1350000,2026-09-19,467538
PMCG-P/PMCG-P,古代ミュウ エラー 前期版 : 旧裏/,プロモ,single,990000,948000,2026-09-19,93317
PMCG-P/PMCG-P,そらをとぶピカチュウ LV.12 : 旧裏,プロモ,single,780000,795000,2026-09-19,467856
PMCG-P/PMCG-P,古代ミュウ 後期修正版 : 旧裏/,プロモ,single,700000,600000,2026-09-19,93312
PMCG-P/PMCG-P,カイリュー P : 旧裏,プロモ,single,700000,500000,2026-09-19,467537
PMCG-P/PMCG-P,古代ミュウ Wizards表記 : 旧裏/,プロモ,single,420000,,2026-09-19,93314
PMCG-P/PMCG-P,ミュウツー P : 旧裏,プロモ,single,400000,670000,2026-09-19,470994
PMCG-P/PMCG-P,フリーザー P : 旧裏,プロモ,single,400000,430000,2026-09-19,467857
PMCG-P/PMCG-P,くいしんぼカビゴン P : 旧裏,プロモ,single,270000,344000,2026-09-19,467419
PMCG-P/PMCG-P,サンダー P : 旧裏,プロモ,single,220000,215000,2026-09-19,467862
PMCG-P/PMCG-P,ファイヤー P : 旧裏,プロモ,single,200000,215000,2026-09-19,467863
PMCG-P/PMCG-P,古代ミュウ 前期修正版 : 旧裏/,プロモ,single,139800,,2026-09-19,93315
PMCG-P/PMCG-P,ハマちゃんのヤドキング P : 旧裏,プロモ,single,,1800000,2026-09-19,467864
PMCG-P/PMCG-P,イーブイ P : 旧裏,プロモ,single,,330000,2026-09-19,470995
PMCG-PNO.002,フシギソウ : 旧裏,プロモ,single,79999,79800,2026-09-19,454033
PMCG-PNO.003,フシギバナ GB: 旧裏/,プロモ,single,278000,390000,2026-09-19,92131
PMCG-PNO.003,フシギバナ: 旧裏/,プロモ,single,233700,190000,2026-09-19,91107
PMCG-PNO.006,リザードン: 旧裏/,プロモ,single,350000,685000,2026-09-19,93313
PMCG-PNO.008,カメール : 旧裏,プロモ,single,94000,,2026-09-19,454043
PMCG-PNO.009,カメックス: 旧裏/,プロモ,single,240000,265000,2026-09-19,91104
PMCG-PNO.012,バタフリー : 旧裏,プロモ,single,48800,,2026-09-19,454037
PMCG-PNO.018,ピジョット : 旧裏,プロモ,single,48000,75000,2026-09-19,454030
PMCG-PNO.020,ラッタ : 旧裏,プロモ,single,59999,,2026-09-19,454034
PMCG-PNO.025,ピカチュウ P : 旧裏 (※ 光沢なし),プロモ,single,9800000,,2026-09-19,129009
PMCG-PNO.025,_のピカチュウ: 旧裏/,プロモ,single,1400000,1580000,2026-09-19,92122
PMCG-PNO.025,ピカチュウ ★ ワールドホビーフェア: 旧裏,プロモ,single,800000,688000,2026-09-19,92136
PMCG-PNO.025,なみのりピカチュウ 新幹線: 旧裏/,プロモ,single,,30000000,2026-09-19,92129
PMCG-PNO.025,ピカチュウ トヨタオート: 旧裏/,プロモ,single,,2250000,2026-09-19,92135
PMCG-PNO.039,プリン : 旧裏,プロモ,single,140000,140000,2026-09-19,454036
PMCG-PNO.039,プリン P : 旧裏,プロモ,single,,3000000,2026-09-19,465925
PMCG-PNO.059,ウィンディ P : 旧裏,プロモ,single,83500,90000,2026-09-19,465927
PMCG-PNO.073,ドククラゲ : 旧裏,プロモ,single,,50000,2026-09-19,454044
PMCG-PNO.095,イワーク : 旧裏,プロモ,single,48000,180000,2026-09-19,454031
PMCG-PNO.103,ナッシー : 旧裏,プロモ,single,59999,,2026-09-19,454041
PMCG-PNO.103,ナッシー［Exeggutor］HP80 光沢あり: 旧裏,プロモ,single,,1741111,2026-09-19,127032
PMCG-PNO.108,ベロリンガ : 旧裏,プロモ,single,20000,,2026-09-19,454038
PMCG-PNO.131,ラプラス : 旧裏,プロモ,single,80000,120000,2026-09-19,454046
PMCG-PNO.149,カイリュー GB: 旧裏/,プロモ,single,420000,420000,2026-09-19,92134
PMCG-PNO.150,ミュウツー 光沢: 旧裏/,プロモ,single,900000,965000,2026-09-19,93322
PMCG-PNO.151,ミュウ : 旧裏,プロモ,single,1800000,1790000,2026-09-19,92137
PMCG-PNO.151,ミュウ 光沢: 旧裏/,プロモ,single,900000,1070000,2026-09-19,93321
PMCG-PNO.199,ヤドキング : 旧裏,プロモ,single,690000,648000,2026-09-19,454042
PMCG-QS/PMCG-QS,マスターボール : 旧裏,,single,199999,200000,2026-09-19,454028
PMCG-QS/PMCG-QS,ストライク: 旧裏,,single,,478000,2026-09-19,92149
PMCG-QSNO.001,フシギダネ : 旧裏,,single,24800,,2026-09-19,453977
PMCG-QSNO.007,ゼニガメ : 旧裏,,single,195000,,2026-09-19,453989
PMCG-QSNO.010,キャタピー : 旧裏,,single,49800,,2026-09-19,453978
PMCG-QSNO.025,ピカチュウ : 旧裏,,single,415000,698000,2026-09-19,453996
PMCG-QSNO.025,ピカチュウ : 旧裏,,single,380000,1080000,2026-09-19,453997
PMCG-QSNO.026,ライチュウ : 旧裏,,single,110000,,2026-09-19,453998
PMCG-QSNO.027,サンド : 旧裏,,single,,49800,2026-09-19,454008
PMCG-QSNO.058,ガーディ : 旧裏,,single,168000,500000,2026-09-19,453985
PMCG-QSNO.060,ニョロモ : 旧裏,,single,46800,,2026-09-19,453990
PMCG-QSNO.062,ニョロボン : 旧裏,,single,360000,,2026-09-19,453992
PMCG-QSNO.078,ギャロップ : 旧裏,,single,,5300000,2026-09-19,453987
PMCG-QSNO.082,レアコイル : 旧裏,,single,,400000,2026-09-19,454000
PMCG-QSNO.107,エビワラー : 旧裏,,single,37000,,2026-09-19,454013
PMCG-QSNO.108,ベロリンガ : 旧裏,,single,49800,,2026-09-19,454017
PMCG-QSNO.131,ラプラス : 旧裏,,single,69800,,2026-09-19,453995
PMCG-QSNO.143,カビゴン : 旧裏,,single,688000,,2026-09-19,454020
PMCG-QSNO.144,フリーザー: 旧裏,,single,749800,,2026-09-19,92146
PMCG-QSNO.145,サンダー: 旧裏,,single,800000,,2026-09-19,92147
PMCG-QSNO.146,ファイヤー: 旧裏,,single,900000,,2026-09-19,92148
PMCG-QSNO.150,ミュウツー : 旧裏,,single,1200000,1100000,2026-09-19,454007
PMCG-REDNO.107,エビワラー ◆ : 旧裏,,single,,162000,2026-09-19,454956
PMCG-REDNO.125,エレブー ● : 旧裏,,single,90000,144980,2026-09-19,454947
PMCG-REDNO.144,フリーザー U: 旧裏,,single,300000,268000,2026-09-19,309380
PMCG-REDNO.146,ファイヤー U: 旧裏,,single,150000,,2026-09-19,309381
PMCG1-1,ピカチュウ 初版 : 旧裏,,single,16000000,24000000,2026-09-19,92162
PMCG1-1,スピアー 初版 : 旧裏,,single,5550000,,2026-09-19,93347
PMCG1-1,エレブー 初版 : 旧裏,,single,5550000,,2026-09-19,93348
PMCG1-1,コイキング 初版 : 旧裏,,single,2570000,3500000,2026-09-19,92195
PMCG1-1,ヒトカゲ 初版 : 旧裏,,single,2280000,,2026-09-19,92180
PMCG1-1,カメール 初版 : 旧裏,,single,2200000,,2026-09-19,93345
PMCG1-1,リザード 初版 : 旧裏,,single,1980000,,2026-09-19,93344
PMCG1-1,ゼニガメ 初版 : 旧裏,,single,1750000,2580000,2026-09-19,92181
PMCG1-1,ガーディ 初版 : 旧裏,,single,1680000,,2026-09-19,92204
PMCG1-1,ウィンディ 初版 : 旧裏,,single,1530000,2200000,2026-09-19,92192
PMCG1-1,フシギソウ 初版 : 旧裏,,single,1250000,,2026-09-19,92193
PMCG1-1,フシギダネ 初版 : 旧裏,,single,1050000,,2026-09-19,92183
PMCG1-1,オーキドはかせ 初版 : 旧裏,,single,598000,,2026-09-19,92186
PMCG1-1,ロコン 初版 : 旧裏,,single,550000,,2026-09-19,92164
PMCG1-1,ニドリーノ 初版 : 旧裏,,single,540000,,2026-09-19,93351
PMCG1-1,ニョロゾ 初版 : 旧裏,,single,498000,2200000,2026-09-19,455381
PMCG1-1,ディグダ 初版 : 旧裏,,single,490000,400000,2026-09-19,455386
PMCG1-1,ポケモン図鑑HANDY505 初版 : 旧裏,,single,398000,,2026-09-19,439936
PMCG1-1,コラッタ 初版 : 旧裏,,single,390000,,2026-09-19,455390
PMCG1-1,ジュゴン 初版 : 旧裏,,single,378000,725000,2026-09-19,93352
PMCG1-1,ポッポ 初版 : 旧裏,,single,340000,,2026-09-19,92200
PMCG1-1,ビードル 初版 : 旧裏,,single,310000,478000,2026-09-19,455374
PMCG1-1,ニドラン♂ 初版 : 旧裏,,single,310000,440000,2026-09-19,455376
PMCG1-1,スリープ 初版 : 旧裏,,single,310000,390000,2026-09-19,92167
PMCG1-1,コイル 初版 : 旧裏,,single,290000,298000,2026-09-19,92163
PMCG1-1,トランセル 初版 : 旧裏,,single,288888,480000,2026-09-19,455373
PMCG1-1,イワーク 初版 : 旧裏,,single,270000,,2026-09-19,455389
PMCG1-1,ワンリキー 初版 : 旧裏,,single,240000,480000,2026-09-19,455387
PMCG1-1,ラッタ 初版 : 旧裏,,single,240000,,2026-09-19,455391
PMCG1-1,スターミー 初版 : 旧裏,,single,230000,,2026-09-19,455382
PMCG1-1,ミュウツー 初版 : 旧裏,,single,125000,,2026-09-19,93336
PMCG1-1,ダウジングマシーン 初版 : 旧裏,,single,95000,,2026-09-19,92182
PMCG1-1,キャタピー 初版 : 旧裏,,single,25800,480000,2026-09-19,455372
PMCG1-1,ルージュラ 初版 : 旧裏,,single,,2200000,2026-09-19,455385
PMCG1-1,無色2個エネルギー 初版 : 旧裏,,single,,1580000,2026-09-19,93337
PMCG1-1,ミニリュウ 初版 : 旧裏,,single,,1500000,2026-09-19,92185
PMCG1-1,ドガース 初版 : 旧裏,,single,,599999,2026-09-19,455377
PMCG1-1,サンド 初版 : 旧裏,,single,,480000,2026-09-19,92168
PMCG1-1,ニョロモ 初版 : 旧裏,,single,,480000,2026-09-19,455380
PMCG1-1,ビリリダマ 初版 : 旧裏,,single,,480000,2026-09-19,455383
PMCG1-2,リザードン ★ : 旧裏,,single,5500000,,2026-09-19,92158
PMCG1-2,ミュウツー ★ : 旧裏,,single,850000,740000,2026-09-19,92159
PMCG1-2,カメックス ★ : 旧裏,,single,750000,725000,2026-09-19,93003
PMCG1-2,ライチュウ ★ : 旧裏,,single,630000,290000,2026-09-19,455478
PMCG1-2,ハクリュウ ★ : 旧裏,,single,599999,550000,2026-09-19,455503
PMCG1-2,フシギバナ ★ : 旧裏,,single,588000,498000,2026-09-19,93005
PMCG1-2,ラッキー ★ : 旧裏,,single,450000,450000,2026-09-19,309371
PMCG1-2,ギャラドス ★ : 旧裏,,single,448000,315000,2026-09-19,92157
PMCG1-2,ゴースト ◆ : 旧裏,,single,399999,300000,2026-09-19,455486
PMCG1-2,フーディン ★ : 旧裏,,single,285000,300000,2026-09-19,93156
PMCG1-2,リザード ◆ : 旧裏,,single,279800,,2026-09-19,455462
PMCG1-2,サンダー ★ : 旧裏,,single,278000,222000,2026-09-19,92160
PMCG1-2,エビワラー ★ : 旧裏,,single,260000,,2026-09-19,309373
PMCG1-2,ニドキング ★ : 旧裏,,single,235000,220000,2026-09-19,309368
PMCG1-2,ミニリュウ ◆ : 旧裏,,single,222500,,2026-09-19,455502
PMCG1-2,カイリキー ★ : 旧裏,,single,219999,220000,2026-09-19,309370
PMCG1-2,ピッピ ★ : 旧裏,,single,200000,198000,2026-09-19,309372
PMCG1-2,キュウコン ★ : 旧裏,,single,190000,185000,2026-09-19,455464
PMCG1-2,レアコイル ★ : 旧裏,,single,185000,,2026-09-19,309367
PMCG1-2,コイキング ◆ : 旧裏,,single,168000,149999,2026-09-19,455477
PMCG1-2,ニョロボン ★ : 旧裏,,single,155000,149000,2026-09-19,309369
PMCG1-2,ヒトカゲ ● : 旧裏,,single,150000,143000,2026-09-19,455461
PMCG1-2,ルージュラ ◆ : 旧裏,,single,150000,,2026-09-19,455488
PMCG1-2,カメール ◆ : 旧裏,,single,148000,95000,2026-09-19,455470
PMCG1-2,ゼニガメ ● : 旧裏,,single,130000,120000,2026-09-19,455469
PMCG1-2,フシギソウ ◆ : 旧裏,,single,129000,130000,2026-09-19,455451
PMCG1-2,フシギダネ ● : 旧裏,,single,115000,105000,2026-09-19,455450
PMCG1-2,ニョロゾ ◆ : 旧裏,,single,100000,,2026-09-19,455472
PMCG1-2,ゴーリキー ◆ : 旧裏,,single,95000,99999,2026-09-19,455493
PMCG1-2,スリープ ● : 旧裏,,single,89999,74999,2026-09-19,455487
PMCG1-2,ガーディ ◆ : 旧裏,,single,84999,,2026-09-19,455465
PMCG1-2,ポッポ ● : 旧裏,,single,80000,64999,2026-09-19,455495
PMCG1-2,オーキドはかせ ◆ : 旧裏,,single,78870,79999,2026-09-19,455507
PMCG1-2,コクーン ◆ : 旧裏,,single,75000,,2026-09-19,455455
PMCG1-2,ピッピ人形 ★ : 旧裏,,single,75000,,2026-09-19,455538
PMCG1-2,ヒトデマン ● : 旧裏,,single,69999,,2026-09-19,455475
PMCG1-2,ゴース ● : 旧裏,,single,69800,74999,2026-09-19,455485
PMCG1-2,ニドラン♂ ● : 旧裏,,single,65000,40000,2026-09-19,455457
PMCG1-2,スターミー ● : 旧裏,,single,59800,60000,2026-09-19,455476
PMCG1-2,ジュゴン ◆ : 旧裏,,single,55000,66666,2026-09-19,455474
PMCG1-2,ダウジングマシーン ★ : 旧裏,,single,52000,,2026-09-19,455511
PMCG1-2,ディグダ ● : 旧裏,,single,48200,46980,2026-09-19,455490
PMCG1-2,ケーシィ ● : 旧裏,,single,46000,45000,2026-09-19,455483
PMCG1-2,マサキ ● : 旧裏,,single,46000,34800,2026-09-19,455525
PMCG1-2,モンジャラ ● : 旧裏,,single,45000,,2026-09-19,455460
PMCG1-2,キャタピー ● : 旧裏,,single,43000,44000,2026-09-19,455452
PMCG1-2,ポケモンいれかえ ● : 旧裏,,single,42000,,2026-09-19,455519
PMCG1-2,コイル ● : 旧裏,,single,39800,70000,2026-09-19,455479
PMCG1-2,トランセル ● : 旧裏,,single,39000,39999,2026-09-19,455453
PMCG1-2,にせオーキドはかせ ★ : 旧裏,,single,39000,,2026-09-19,455516
PMCG1-2,サンド ● : 旧裏,,single,35000,44000,2026-09-19,455489
PMCG1-2,ポケモン図鑑HANDY505 ◆ : 旧裏,,single,30000,,2026-09-19,455521
PMCG1-2,ドードー ● : 旧裏,,single,29000,,2026-09-19,455500
PMCG1-2,イワーク ● : 旧裏,,single,22800,31000,2026-09-19,455494
PMCG1-2,ビリリダマ ● : 旧裏,,single,11800,48888,2026-09-19,455480
PMCG1-2,ピカチュウ ● : 旧裏,,single,,650000,2026-09-19,156179
PMCG1-2,ブーバー ◆ : 旧裏,,single,,99999,2026-09-19,455468
PMCG1-2,ロコン ● : 旧裏,,single,,95000,2026-09-19,455463
PMCG1-2,ニドリーノ ◆ : 旧裏,,single,,85000,2026-09-19,455458
PMCG1-2,ニョロモ ● : 旧裏,,single,,68000,2026-09-19,455471
PMCG1-2,コラッタ ● : 旧裏,,single,,60000,2026-09-19,455497
PMCG1-2,ビードル ● : 旧裏,,single,,41500,2026-09-19,455454
PMCG1-2,突風 ● : 旧裏,,single,,39000,2026-09-19,455514
PMCG1-ST,雷エネルギー : 旧裏,,single,58000,45000,2026-09-19,455959
PMCG1-ST,炎エネルギー : 旧裏,,single,,78000,2026-09-19,455957
PMCG2NO.012,バタフリー ◆ : 旧裏,,single,,110000,2026-09-19,456125
PMCG2NO.018,ピジョット R: 旧裏,,single,150000,168000,2026-09-19,309440
PMCG2NO.021,オニスズメ ● : 旧裏,,single,,60000,2026-09-19,456148
PMCG2NO.025,ピカチュウ ● : 旧裏,,single,263000,265000,2026-09-19,456141
PMCG2NO.029,ニドラン♀ ● : 旧裏,,single,,50000,2026-09-19,456126
PMCG2NO.031,ニドクイン R: 旧裏,,single,152000,150000,2026-09-19,309447
PMCG2NO.036,ピクシー R: 旧裏,,single,169800,168000,2026-09-19,309446
PMCG2NO.039,プリン ● : 旧裏,,single,60000,,2026-09-19,456150
PMCG2NO.040,プクリン R: 旧裏,,single,149999,155555,2026-09-19,309443
PMCG2NO.044,クサイハナ ◆ : 旧裏,,single,49999,,2026-09-19,456129
PMCG2NO.045,ラフレシア R: 旧裏,,single,120000,80000,2026-09-19,309444
PMCG2NO.046,パラス ● : 旧裏,,single,30000,,2026-09-19,456130
PMCG2NO.048,コンパン ● : 旧裏,,single,63000,,2026-09-19,456132
PMCG2NO.049,モルフォン R: 旧裏,,single,99999,80000,2026-09-19,309445
PMCG2NO.052,ニャース ● : 旧裏,,single,130000,125000,2026-09-19,456151
PMCG2NO.053,ペルシアン ◆ : 旧裏,,single,,70000,2026-09-19,456152
PMCG2NO.071,ウツボット R: 旧裏,,single,118888,79000,2026-09-19,309441
PMCG2NO.101,マルマイン R: 旧裏,,single,78000,80000,2026-09-19,309442
PMCG2NO.104,カラカラ ● : 旧裏,,single,50000,60000,2026-09-19,456144
PMCG2NO.105,ガラガラ ◆ : 旧裏,,single,69800,,2026-09-19,456145
PMCG2NO.112,サイドン ◆ : 旧裏,,single,31000,,2026-09-19,456147
PMCG2NO.115,ガルーラ R: 旧裏,,single,245000,229999,2026-09-19,309451
PMCG2NO.118,トサキント ● : 旧裏,,single,25000,50000,2026-09-19,456139
PMCG2NO.119,アズマオウ ◆ : 旧裏,,single,,90000,2026-09-19,456140
PMCG2NO.122,バリヤード R: 旧裏,,single,85000,77800,2026-09-19,309450
PMCG2NO.123,ストライク R: 旧裏,,single,79000,100000,2026-09-19,309448
PMCG2NO.127,カイロス R: 旧裏,,single,105000,94800,2026-09-19,309449
PMCG2NO.133,イーブイ ● : 旧裏,,single,159800,122000,2026-09-19,456156
PMCG2NO.134,シャワーズ R: 旧裏,,single,688000,660000,2026-09-19,309452
PMCG2NO.135,サンダース R: 旧裏,,single,218000,229999,2026-09-19,309453
PMCG2NO.136,ブースター ★ : 旧裏,,single,440000,328000,2026-09-19,456138
PMCG2NO.143,カビゴン R: 旧裏,,single,770000,708000,2026-09-19,309454
PMCG3,ゲンガー R: 旧裏,,single,1080000,1450000,2026-09-19,93136
PMCG3,カイリュー R: 旧裏,,single,948000,900000,2026-09-19,92156
PMCG3,ミュウ R: 旧裏,,single,720000,989000,2026-09-19,92154
PMCG3,フリーザー R: 旧裏,,single,348000,328000,2026-09-19,92155
PMCG3,リサイクル ● : 旧裏,,single,85000,30000000,2026-09-19,456353
PMCG3,ギャンブラー ● : 旧裏,,single,60000,,2026-09-19,456350
PMCG3NO.023,アーボ ● : 旧裏,,single,,33000,2026-09-19,456319
PMCG3NO.026,ライチュウ R: 旧裏,,single,340000,350000,2026-09-19,309392
PMCG3NO.028,サンドパン ◆ : 旧裏,,single,,80000,2026-09-19,456344
PMCG3NO.042,ゴルバット ◆ : 旧裏,,single,19800,50000,2026-09-19,456322
PMCG3NO.054,コダック ● : 旧裏,,single,137999,144999,2026-09-19,456327
PMCG3NO.074,イシツブテ ● : 旧裏,,single,45000,,2026-09-19,456345
PMCG3NO.075,ゴローン ◆ : 旧裏,,single,30000,,2026-09-19,456346
PMCG3NO.079,ヤドン ● : 旧裏,,single,110000,118000,2026-09-19,456341
PMCG3NO.080,ヤドラン ◆ : 旧裏,,single,100000,100000,2026-09-19,456342
PMCG3NO.082,レアコイル R: 旧裏,,single,79999,94980,2026-09-19,309384
PMCG3NO.088,ベトベター ● : 旧裏,,single,,60000,2026-09-19,456323
PMCG3NO.089,ベトベトン R: 旧裏,,single,99800,149800,2026-09-19,309386
PMCG3NO.092,ゴース ● : 旧裏,,single,,79999,2026-09-19,456343
PMCG3NO.093,ゴースト R: 旧裏,,single,350000,269000,2026-09-19,309385
PMCG3NO.097,スリーパー R: 旧裏,,single,90000,75000,2026-09-19,309389
PMCG3NO.098,クラブ ● : 旧裏,,single,42800,,2026-09-19,456333
PMCG3NO.106,サワムラー R: 旧裏,,single,70000,,2026-09-19,309387
PMCG3NO.131,ラプラス ★ : 旧裏,,single,420000,168000,2026-09-19,456337
PMCG3NO.132,メタモン R: 旧裏,,single,235000,479999,2026-09-19,309388
PMCG3NO.138,オムナイト ● : 旧裏,,single,,52000,2026-09-19,456338
PMCG3NO.140,カブト ● : 旧裏,,single,40000,45000,2026-09-19,456348
PMCG3NO.141,カブトプス R: 旧裏,,single,129999,123000,2026-09-19,309390
PMCG3NO.142,プテラ R: 旧裏,,single,158000,150000,2026-09-19,309391
PMCG3NO.145,サンダー ★ : 旧裏,,single,138000,147000,2026-09-19,456340
PMCG3NO.146,ファイヤー ★ : 旧裏,,single,200000,145000,2026-09-19,456326
PMCG4,ロケット団参上! ☆ : 旧裏,,single,238000,,2026-09-19,309359
PMCG4,にせオーキドの逆襲 ◆ : 旧裏,,single,195000,180000,2026-09-19,456676
PMCG4,ロケット団のおねーさん ★ : 旧裏,,single,78000,77980,2026-09-19,309400
PMCG4,ねむれ! ねむれ! ● : 旧裏,,single,54980,77000,2026-09-19,456677
PMCG4,バトル場は穴だらけ! ● : 旧裏,,single,40000,77000,2026-09-19,456678
PMCG4,ボスのやりかた ◆ : 旧裏,,single,,200000,2026-09-19,456679
PMCG4,レインボーエネルギー ★ : 旧裏,,single,,89980,2026-09-19,456684
PMCG4,スリープ ● : 旧裏,,single,,40000,2026-09-19,456661
PMCG4NO.004,ヒトカゲ ● : 旧裏,,single,72800,82000,2026-09-19,456643
PMCG4NO.005,わるいリザード ◆ : 旧裏,,single,120000,73800,2026-09-19,456644
PMCG4NO.006,わるいリザードン ★ : 旧裏,,single,648000,680000,2026-09-19,92151
PMCG4NO.007,ゼニガメ ● : 旧裏,,single,88000,65000,2026-09-19,456648
PMCG4NO.008,わるいカメール ◆ : 旧裏,,single,75000,66000,2026-09-19,456649
PMCG4NO.009,わるいカメックス ★ : 旧裏,,single,250000,348000,2026-09-19,93331
PMCG4NO.020,わるいラッタ ● : 旧裏,,single,25000,40000,2026-09-19,456668
PMCG4NO.023,アーボ ● : 旧裏,,single,21000,,2026-09-19,456636
PMCG4NO.024,わるいアーボック ★ : 旧裏,,single,80000,78000,2026-09-19,309405
PMCG4NO.042,わるいゴルバット ★ : 旧裏,,single,90800,58000,2026-09-19,456638
PMCG4NO.045,わるいラフレシア ★ : 旧裏,,single,129999,97800,2026-09-19,309402
PMCG4NO.050,ディグダ ● : 旧裏,,single,60000,59999,2026-09-19,456662
PMCG4NO.051,わるいダグトリオ ★ : 旧裏,,single,180000,118000,2026-09-19,309404
PMCG4NO.052,ニャース ● : 旧裏,,single,70000,74800,2026-09-19,456669
PMCG4NO.053,わるいペルシアン ● : 旧裏,,single,60000,46800,2026-09-19,456670
PMCG4NO.054,コダック ● : 旧裏,,single,139980,144000,2026-09-19,456650
PMCG4NO.063,ケーシィ ● : 旧裏,,single,,58000,2026-09-19,456658
PMCG4NO.064,わるいユンゲラー ◆ : 旧裏,,single,70000,90000,2026-09-19,456659
PMCG4NO.065,わるいフーディン ★ : 旧裏,,single,198000,188000,2026-09-19,92152
PMCG4NO.066,ワンリキー ● : 旧裏,,single,38000,,2026-09-19,456665
PMCG4NO.067,わるいゴーリキー ◆ : 旧裏,,single,,36000,2026-09-19,456666
PMCG4NO.068,わるいカイリキー ★ : 旧裏,,single,105000,180000,2026-09-19,309407
PMCG4NO.078,わるいギャロップ ● : 旧裏,,single,,70000,2026-09-19,456646
PMCG4NO.079,ヤドン ● : 旧裏,,single,99999,100800,2026-09-19,456660
PMCG4NO.080,わるいヤドラン ★ : 旧裏,,single,249999,198000,2026-09-19,309401
PMCG4NO.082,わるいレアコイル ★ : 旧裏,,single,99980,,2026-09-19,309406
PMCG4NO.088,ベトベター ● : 旧裏,,single,199800,185000,2026-09-19,309350
PMCG4NO.097,わるいスリーパー ★ : 旧裏,,single,89999,75800,2026-09-19,309399
PMCG4NO.101,わるいマルマイン ◆ : 旧裏,,single,,50000,2026-09-19,456656
PMCG4NO.109,ドガース ● : 旧裏,,single,40000,60000,2026-09-19,456642
PMCG4NO.110,わるいマタドガス ★ : 旧裏,,single,98000,95000,2026-09-19,309403
PMCG4NO.129,コイキング ● : 旧裏,,single,149999,108000,2026-09-19,456652
PMCG4NO.130,わるいギャラドス ★ : 旧裏,,single,278000,305000,2026-09-19,92153
PMCG4NO.133,イーブイ ● : 旧裏,,single,225000,119000,2026-09-19,456671
PMCG4NO.134,わるいシャワーズ ◆ : 旧裏,,single,139000,145000,2026-09-19,456653
PMCG4NO.135,わるいサンダース ◆ : 旧裏,,single,166000,148999,2026-09-19,456657
PMCG4NO.136,わるいブースター ◆ : 旧裏,,single,139900,130000,2026-09-19,456647
PMCG4NO.137,ポリゴン ● : 旧裏,,single,49000,70000,2026-09-19,456672
PMCG4NO.148,わるいハクリュー ◆ : 旧裏,,single,80000,67000,2026-09-19,456674
PMCG4NO.149,わるいカイリュー ★ : 旧裏,,single,495000,550000,2026-09-19,309408
PMCGINO.003,ライチュウ : 旧裏,,single,280000,,2026-09-19,453628
PMCGINO.003,カメール : 旧裏,,single,100000,,2026-09-19,453666
PMCGINO.003,フシギバナ: 旧裏,,single,41800,270000,2026-09-19,93325
PMCGINO.009,ニョロモ : 旧裏,,single,,55000,2026-09-19,453672
PMCGINO.013,オニスズメ : 旧裏,,single,23500,,2026-09-19,453676
PMCGINO.016,ゼニガメ : 旧裏,,single,,228000,2026-09-19,453679
PMCGINO.016,ニャース : 旧裏,,single,,155000,2026-09-19,453640
PMCGINO.018,ゼニガメ : 旧裏,,single,180000,,2026-09-19,453681
PMCGINO.018,フシギダネ : 旧裏,,single,155000,155000,2026-09-19,453642
PMCGINO.022,フシギソウ : 旧裏,,single,89000,87000,2026-09-19,453646
PMCGINO.026,ガーディ : 旧裏,,single,70000,,2026-09-19,453689
PMCGINO.029,フシギダネ : 旧裏,,single,,148000,2026-09-19,453653
PMCGINO.032,フシギソウ : 旧裏,,single,80000,80000,2026-09-19,453656
PMCGINO.035,フシギダネ : 旧裏,,single,98000,,2026-09-19,453659
PMCGINO.035,ワンリキー : 旧裏,,single,,44000,2026-09-19,453698
PMCGINO.039,ブーバー : 旧裏,,single,,120000,2026-09-19,453702
POTD-JP031,Ｅ・ＨＥＲＯ アクア・ネオス,UL,single,65000,,2026-09-19,852670
POTE-JP031,倶利伽羅天童,PSE,single,15800,14500,2026-09-19,92207
POTE-JP032,地霊媒師アウス,PSE,single,13000,,2026-09-19,92212
POTE-JP042,ティアラメンツ・キトカロス,PSE,single,,32800,2026-09-19,92210
POTE-JPS01,E・HERO フレイム・ウィングマン,PSE,single,,29800,2026-09-19,92209
PRB01-001,サンジ L-P,,single,7999,8000,2026-09-19,328655
PRB02-001,コビー R-P,,single,14800,12000,2026-09-19,656331
PRB02-002,トラファルガー・ロー SR-P,,single,18000,13000,2026-09-19,656332
PRB02-003,ラッキー・ルウ R-P,,single,9999,,2026-09-19,656333
PRB02-004,ジュエリー・ボニー R-P,,single,15999,10000,2026-09-19,656334
PRB02-005,モンキー・Ｄ・ルフィ SR-P,,single,11100,8500,2026-09-19,618672
PRB02-005,モンキー・Ｄ・ルフィ,SR,single,6000,4999,2026-09-19,618673
PRB02-005,モンキー・D・ルフィ SR：参加賞,プロモ,single,,200000,2026-09-19,757916
PRB02-005,モンキー・D・ルフィ,SR,single,,14800,2026-09-19,819289
PRB02-006,ロロノア・ゾロ R-SPC,,single,97999,99000,2026-09-19,751310
PRB02-006,ロロノア・ゾロ,R,single,9888,,2026-09-19,653491
PRB02-006,ロロノア・ゾロ R-P,,single,7800,8000,2026-09-19,656335
PRB02-006,ロロノア・ゾロ,R,single,,25999,2026-09-19,854159
PRB02-008,マルコ SR-P,,single,22000,23999,2026-09-19,656337
PRB02-009,Mr.3(ギャルディーノ) R-P,,single,12000,,2026-09-19,656338
PRB02-010,シャーロット・プリン SR-P,,single,11000,13000,2026-09-19,656339
PRB02-011,ドンキホーテ・ドフラミンゴ R-P,,single,12000,19999,2026-09-19,656340
PRB02-012,ナミ R-P,,single,12000,10400,2026-09-19,656341
PRB02-014,サボ SR-SPC,,single,35000,33500,2026-09-19,751311
PRB02-014,サボ SR-P,,single,11950,9999,2026-09-19,656343
PRB02-014,サボ,SR,single,5000,,2026-09-19,653499
PRB02-015,シリュウ R-P,,single,11380,,2026-09-19,656344
PRB02-016,お玉 R-P,,single,11880,,2026-09-19,656345
PRB02-017,ボア・ハンコック SR-P,,single,9790,9790,2026-09-19,656346
PRB02-017,ボア・ハンコック,SR,single,1000,,2026-09-19,653502
PRB02-018,ポートガス・Ｄ・エース R-P,,single,10500,11800,2026-09-19,656347
PRMF-1NO.152,チコリータ : 旧裏,,single,30000,50000,2026-09-19,459250
PRMF-1NO.153,ベイリーフ : 旧裏,,single,32000,28000,2026-09-19,459251
PRMF-1NO.154,メガニウム : 旧裏,,single,40000,49000,2026-09-19,459252
PRMF-1NO.155,ヒノアラシ : 旧裏,,single,35000,,2026-09-19,459253
PRMF-1NO.156,マグマラシ : 旧裏,,single,40000,80000,2026-09-19,459254
PRMF-1NO.157,バクフーン : 旧裏,,single,49990,48000,2026-09-19,459255
PRMF-1NO.158,ワニノコ : 旧裏,,single,43000,44000,2026-09-19,459256
PRMF-1NO.159,アリゲイツ : 旧裏,,single,40000,35000,2026-09-19,459257
PRMF-1NO.160,オーダイル : 旧裏,,single,53000,51000,2026-09-19,459258
PRMF-2NO.201,アンノーンO : 旧裏,,single,40000,33000,2026-09-19,459262
PRMF-2NO.201,アンノーンE : 旧裏,,single,28000,,2026-09-19,459261
PRMF-2NO.244,エンテイLV.37 : 旧裏,,single,62800,74800,2026-09-19,459259
PRMF-3NO.185,ウソッキー : 旧裏,,single,,34600,2026-09-19,459267
PRMF-3NO.215,ニューラ : 旧裏,,single,25000,35000,2026-09-19,459268
PRMF-3NO.227,エアームド : 旧裏,,single,69000,47999,2026-09-19,459269
PRMF-3NO.243,ライコウ : 旧裏,,single,76000,58000,2026-09-19,459266
PRMF-3NO.244,エンテイLV.24 : 旧裏,,single,68000,62800,2026-09-19,459264
PRMF-3NO.245,スイクン : 旧裏,,single,69999,69000,2026-09-19,459265
PRMF-3NO.250,ホウオウ : 旧裏,,single,129000,128000,2026-09-19,459270
PRMF-3NO.251,セレビィ : 旧裏,,single,280000,248000,2026-09-19,459263
PROMO337S-P,フシギダネ,プロモ,single,8100,9999,2026-09-19,107019
PROMO338S-P,ウインディ,プロモ,single,6470,6480,2026-09-19,107017
PROMO339S-P,ゲッコウガ,プロモ,single,6200,6100,2026-09-19,107018
PROMO342S-P,デデンネGX エクストラバトルの日,プロモ,single,33800,,2026-09-19,106728
PROMOE001/T,ブースター,プロモ,single,348000,340000,2026-09-19,91855
PROMOE002/T,シャワーズ,プロモ,single,310000,,2026-09-19,91857
PROMOE004/T,ヤドン,プロモ,single,,250000,2026-09-19,91858
PROMOE005/T,ヤドラン,プロモ,single,220000,150000,2026-09-19,91861
PROMOE006/T,ヤドキング,プロモ,single,130000,143000,2026-09-19,93297
PROMOE013/T,ファイヤー,プロモ,single,138000,158000,2026-09-19,91863
PROMOE014/T,フリーザー,プロモ,single,50000,,2026-09-19,91864
PROMOE016/T,ミニリュウ,プロモ,single,90000,,2026-09-19,91866
PROMOE018/T,カイリュー,プロモ,single,118000,750000,2026-09-19,91845
PROMONO.137,かっこいいポリゴン P: 旧裏,プロモ,single,140000,140000,2026-09-19,309456
PROMOSV-P/PROMOSV-P,パラダイスリゾート,プロモ,single,210000,235000,2026-09-19,372799
PROMOSV-P/PROMOSV-P,パラダイスリゾート,プロモ,single,120000,159999,2026-09-19,250839
PS-00,ブルーアイズ・トゥーン・ドラゴン,URP,single,,760000,2026-09-19,603700
PS-25,トゥーン・ワールド,UR,single,,350000,2026-09-19,603728
PSEC-JP001,青眼の白龍,PSE,single,398000,384000,2026-09-19,92869
PSEC-JP002,ブラック・マジシャン,PSE,single,140000,,2026-09-19,92870
PSEC-JP003,真紅眼の黒竜,PSE,single,108000,111000,2026-09-19,92487
PSEC-JP004,カオス・ソルジャー,PSE,single,240000,,2026-09-19,222151
PTDN-JP044,レインボー・ネオス,HR,single,115000,,2026-09-19,92524
PTDN-JP044,レインボー・ネオス,UL,single,,66666,2026-09-19,92525
PUMS12-SEC,孫悟空 -,,single,80000,200000,2026-09-19,274738
PUMS14-40,孫悟空 :GT,SEC,single,,45000,2026-09-19,231042
PUMS3-01,孫悟空 -,,single,30000,,2026-09-19,280551
PW/PW,ピカチュウ 日本 (緑),,single,1258000,1150000,2026-09-19,91661
PW/PW,ピカチュウ 日本 (青),,single,415000,400000,2026-09-19,91662
PW/PW,ピカチュウ アメリカ,,single,289000,310000,2026-09-19,855278
PW/PW,ピカチュウ ポーランド,,single,222000,220000,2026-09-19,855284
PW/PW,ピカチュウ フランス,,single,133000,133000,2026-09-19,855283
PW/PW,ピカチュウ スペイン,,single,95000,107777,2026-09-19,855281
PW/PW,ピカチュウ ドイツ,,single,92000,90000,2026-09-19,855282
PW/PW,ピカチュウ イタリア,,single,90000,90000,2026-09-19,855279
PW/PW,ピカチュウ ポルトガル,,single,78000,70000,2026-09-19,855285
PW/PW,ピカチュウ 韓国,,single,73000,68000,2026-09-19,855280
QCAC-JP001,ブルーアイズ・カオス・MAX・ドラゴン (イラスト違い) 25th,SE,single,14900,5500,2026-09-19,532137
QCAC-JP001,ブルーアイズ・カオス・MAX・ドラゴン (イラスト違い),SE,single,,20000000,2026-09-19,532136
QCAC-JP008,閃刀姫-レイ 25th,SE,single,34400,35000,2026-09-19,532168
QCAC-JP008,閃刀姫-レイ (イラスト違い) 25th,SE,single,28000,23500,2026-09-19,532169
QCAC-JP008,閃刀姫-レイ,SE,single,9000,,2026-09-19,532167
QCAC-JP009,閃刀姫-ハヤテ (イラスト違い) 25th,SE,single,16000,,2026-09-19,532173
QCAC-JP011,迷宮城の白銀姫 (イラスト違い) 25th,SE,single,54800,38888,2026-09-19,532183
QCAC-JP012,黒魔女ディアベルスター (イラスト違い) 25th,SE,single,22000,22400,2026-09-19,532187
QCAC-JP015,墓穴の指名者 (イラスト違い) 25th,SE,single,11000,,2026-09-19,532200
QCAC-JP018,ブラック・マジシャン 25th,SE,single,28000,25000,2026-09-19,532220
QCAC-JP018,ブラック・マジシャン 25th,SE,single,22000,19800,2026-09-19,532219
QCAC-JP018,ブラック・マジシャン 25th,SE,single,16000,12000,2026-09-19,532218
QCAC-JP018,ブラック・マジシャン 25th,SE,single,15500,,2026-09-19,532221
QCAC-JP018,ブラック・マジシャン 25th,SE,single,14800,24800,2026-09-19,532217
QCAC-JP018,ブラック・マジシャン,SE,single,11000,,2026-09-19,532212
QCAC-JP018,ブラック・マジシャン 25th,SE,single,6666,7000,2026-09-19,532216
QCAC-JP018,ブラック・マジシャン 25th,SE,single,,14800,2026-09-19,532222
QCAC-JP019,ブラック・マジシャン・ガール (イラスト違い) 25th,SE,single,680000,959999,2026-09-19,532227
QCAC-JP019,ブラック・マジシャン・ガール,SE,single,37500,19800,2026-09-19,532224
QCAC-JP019,ブラック・マジシャン・ガール 25th,SE,single,31400,25000,2026-09-19,532226
QCAC-JP019,ブラック・マジシャン・ガール,UR,single,9800,,2026-09-19,532228
QCAC-JP020,竜騎士ブラック・マジシャン・ガール 25th,SE,single,16000,,2026-09-19,532231
QCAC-JP020,竜騎士ブラック・マジシャン・ガール 25th,SE,single,15500,,2026-09-19,532232
QCAC-JP021,青眼の白龍 25th,SE,single,42800,38000,2026-09-19,532241
QCAC-JP021,青眼の白龍 25th,SE,single,23000,14900,2026-09-19,532238
QCAC-JP021,青眼の白龍 25th,SE,single,22000,14900,2026-09-19,532239
QCAC-JP021,青眼の白龍 25th,SE,single,14980,55000,2026-09-19,532242
QCAC-JP021,青眼の白龍,SE,single,14800,,2026-09-19,532234
QCAC-JP021,青眼の白龍 25th,SE,single,13500,20000,2026-09-19,532240
QCAC-JP022,真紅眼の黒竜 25th,SE,single,20000,,2026-09-19,532250
QCAC-JP022,真紅眼の黒竜 25th,SE,single,19000,18000,2026-09-19,532248
QCAC-JP023,死者蘇生 25th,SE,single,,100000,2026-09-19,532255
QCAC-JP032,レッドアイズ・ダークネスメタルドラゴン 25th,SE,single,12222,,2026-09-19,532294
QCAC-JP048,幽鬼うさぎ 25th,SE,single,9500,,2026-09-19,532377
QCAC-JP048,幽鬼うさぎ 25th,SE,single,,25000,2026-09-19,532376
QCAC-JP049,浮幽さくら 25th,SE,single,,23000,2026-09-19,532382
QCAC-JP050,灰流うらら 25th,SE,single,49999,27800,2026-09-19,532386
QCAC-JP059,閃刀姫-カガリ 25th,SE,single,,15000,2026-09-19,532430
QCAC-JP060,閃刀姫-シズク 25th,SE,single,60980,34000,2026-09-19,532435
QCAC-JP061,閃刀起動-エンゲージ 25th,SE,single,69999,22000,2026-09-19,532439
QCAC-JP067,Evil★Twin キスキル 25th,SE,single,9800,15000,2026-09-19,532469
QCAC-JP068,Evil★Twin リィラ 25th,SE,single,,60000,2026-09-19,532474
QCAC-JP069,I:Pマスカレーナ 25th,SE,single,20000,25000,2026-09-19,532478
QCAC-JP080,嵐征竜-テンペスト 25th,SE,single,6000,,2026-09-19,532520
QCAC-JP084,超魔導竜騎士-ドラグーン・オブ・レッドアイズ 25th,SE,single,30000,,2026-09-19,532532
QCAC-JP100,ラーの翼神竜-不死鳥 25th,SE,single,,100000,2026-09-19,532580
QCCP-JP001,青眼の白龍 25th,SE,single,110000,98000,2026-09-19,210536
QCCP-JP001,青眼の白龍,UL,single,59000,37800,2026-09-19,228392
QCCP-JP001,青眼の白龍,SE,single,20000,20000,2026-09-19,228393
QCCP-JP001,青眼の白龍,UR,single,,15000,2026-09-19,228394
QCCP-JP007,真青眼の究極竜 25th,SE,single,21000,20000,2026-09-19,228413
QCCP-JP010,青眼の精霊龍,UL,single,,99999,2026-09-19,228422
QCCP-JP034,エヴォリューション・レザルト・バースト 25th,SE,single,5000,,2026-09-19,228506
QCCP-JP108,真紅眼の黒竜 (イラスト違い) 25th,SE,single,82122,77777,2026-09-19,210539
QCCP-JP108,真紅眼の黒竜 25th,SE,single,21800,47000,2026-09-19,210538
QCCP-JP108,真紅眼の黒竜,UL,single,18400,15800,2026-09-19,228746
QCCP-JP108,真紅眼の黒竜,UR,single,,14500,2026-09-19,228748
QCCP-JP128,ハーピィの狩場 25th,SE,single,10000,,2026-09-19,228809
QCCP-JP144,BF-ツインシャドウ,SE,single,,7999,2026-09-19,228860
QCCP-JP154,フレッシュマドルチェ・シスタルト 25th,SE,single,,15000,2026-09-19,228894
QCCP-JP190,清冽の水霊使いエリア 25th,SE,single,39000,35000,2026-09-19,210542
QCCP-JP191,照耀の光霊使いライナ 25th,SE,single,16000,16000,2026-09-19,210543
QCCP-JP199,オベリスクの巨神兵 25th,SE,single,4500,,2026-09-19,210544
QCCP-JP199,オベリスクの巨神兵,UL,single,,19700,2026-09-19,229038
QCCP-JP200,ラーの翼神竜,UL,single,,20000,2026-09-19,229039
QCCU-JP000,side:UNITY (トークン),UR,single,,390000,2026-09-19,206623
QCCU-JP001,ブラック・マジシャン 25th,SE,single,34000,,2026-09-19,206310
QCCU-JP001,ブラック・マジシャン,UL,single,18900,,2026-09-19,207138
QCCU-JP002,ブラック・マジシャン・ガール (イラスト違い) 25th,SE,single,220000,190000,2026-09-19,204448
QCCU-JP002,ブラック・マジシャン・ガール 25th,SE,single,40000,39999,2026-09-19,207143
QCCU-JP002,ブラック・マジシャン・ガール,UL,single,24000,22900,2026-09-19,207141
QCCU-JP005,幻想の見習い魔導師 25th,SE,single,14999,22000,2026-09-19,207153
QCCU-JP051,アクセル・シンクロン,SR,single,,7700,2026-09-19,207304
QCCU-JP130,裁きの龍,UL,single,,98000,2026-09-19,207564
QCCU-JP146,幻影騎士団サイレントブーツ 25th,SE,single,5000,,2026-09-19,207615
QCCU-JP177,森のメルフィーズ 25th,SE,single,,8000,2026-09-19,207714
QCCU-JP188,蒼翠の風霊使いウィン 25th,SE,single,13000,27000,2026-09-19,206313
QCCU-JP191,I:Pマスカレーナ 25th,SE,single,27800,24800,2026-09-19,206315
QCCU-JP194,サンダー・ボルト (イラスト違い) 25th,SE,single,,30000,2026-09-19,207767
QCCU-JP196,融合 25th,SE,single,,18000,2026-09-19,207774
QCCU-JP197,同胞の絆 25th,SE,single,3000,,2026-09-19,207777
QCCU-JP200,オシリスの天空竜 25th,SE,single,40000,49800,2026-09-19,204450
QCCU-JP200,オシリスの天空竜,UL,single,,19700,2026-09-19,207786
QCDB-JP001,究極竜魔導師 25th,SE,single,19999,24800,2026-09-19,171511
QCDB-JP008,ブラック・マジシャン・ガール 25th,SE,single,50000,39800,2026-09-19,171528
QCDB-JP008,ブラック・マジシャン・ガール,SE,single,25000,25000,2026-09-19,171527
QCDB-JP009,青眼の白龍 25th,SE,single,35900,26380,2026-09-19,171531
QCDB-JP009,青眼の白龍,SE,single,,7900,2026-09-19,171530
QCDB-JP010,真紅眼の黒竜 25th,SE,single,,21000,2026-09-19,171534
QCDB-JP033,超魔導師士－ブラック・マジシャンズ 25th,SE,single,24980,28000,2026-09-19,171591
QCDB-JPT07,トークン(真崎杏子),SE,single,9999,19800,2026-09-19,164385
QCDB-JPT29,閃刀姫トークン,SR,single,,28000,2026-09-19,164430
QCLP-JP001,女剣士カナン 25th,SE,single,250000,222222,2026-09-19,451804
QCLP-JP001,女剣士カナン (復刻版),UR,single,211111,216666,2026-09-19,451729
QCLP-JP001,女剣士カナン,SE,single,10500,9980,2026-09-19,451779
QCLP-JP002,アクア・マドール (復刻版),UR,single,17000,,2026-09-19,451730
QCLP-JP002,アクア・マドール 25th,SE,single,11000,18700,2026-09-19,451805
QCLP-JP003,ドリアード,SE,single,10000,9500,2026-09-19,451781
QCLP-JP003,ドリアード (復刻版),UR,single,4280,,2026-09-19,451731
QCLP-JP005,レッドアイズ・ブラックメタルドラゴン 25th,SE,single,20000,17000,2026-09-19,451806
QCLP-JP009,デュナミス・ヴァルキリア,UR,single,6550,,2026-09-19,451762
QCLP-JP010,トゥーン・ブラック・マジシャン・ガール 25th,SE,single,24999,25000,2026-09-19,451809
QCLP-JP010,トゥーン・ブラック・マジシャン・ガール,SE,single,12800,18000,2026-09-19,451788
QCLP-JP010,トゥーン・ブラック・マジシャン・ガール,UR,single,7480,,2026-09-19,451763
QCLP-JP010,トゥーン・ブラック・マジシャン・ガール (復刻版),UR,single,,400000,2026-09-19,451738
QCLP-JP017,マジシャンズ・ヴァルキリア 25th,SE,single,20000,13999,2026-09-19,451812
QCLP-JP017,マジシャンズ・ヴァルキリア,UR,single,7777,7500,2026-09-19,451770
QCLP-JP019,究極竜騎士 (復刻版),UR,single,9000,,2026-09-19,451747
QCPC-JP002,真紅眼の黒竜 25th,SE,single,98999,,2026-09-19,494747
QCTB-JP007,ドラゴンメイド・ティルル 25th,SE,single,,36000,2026-09-19,484289
QCTB-JP009,ドラゴンメイド・パルラ 25th,SE,single,,35000,2026-09-19,484296
QCTB-JP043,星杯の神子イヴ 25th,SE,single,,9800,2026-09-19,484392
RB-03,デーモンの召喚,UR,single,25000,,2026-09-19,615883
RC02-JP000,青眼の亜白龍,HR,single,33333,49800,2026-09-19,92381
RC02-JP009,灰流うらら,UL,single,19800,,2026-09-19,239903
RC04-JP001,溶岩魔神ラヴァ・ゴーレム,CR,single,,140000,2026-09-19,113732
RC04-JP005,増殖するG 25th,SE,single,23800,24000,2026-09-19,113750
RC04-JP009,灰流うらら 25th,SE,single,64000,58800,2026-09-19,113773
RC04-JP009,灰流うらら,UL,single,,12500,2026-09-19,113770
RC04-JP019,風霊媒師ウィン 25th,SE,single,19999,18000,2026-09-19,113829
RC04-JP019,風霊媒師ウィン,SE,single,10000,,2026-09-19,113828
RC04-JP019,風霊媒師ウィン EX-SE,,single,,15555,2026-09-19,113830
RC04-JP021,教導の聖女エクレシア 25th,SE,single,17500,30000,2026-09-19,113842
RC04-JP037,ゴーストリックの駄天使 25th,SE,single,6800,,2026-09-19,113926
RC04-JP041,宵星の機神ディンギルス 25th,SE,single,6000,,2026-09-19,113946
RC04-JP051,心変わり 25th,SE,single,12900,16000,2026-09-19,114000
RD/AP01-JP099,竜騎士ガイア,ORR,single,,34000,2026-09-19,649169
RD/KP25-JP002,ハーピィ・レディ,FOR,single,,95000,2026-09-19,857078
RD/ORP1-JP001,青眼の白龍,ORR,single,350000,398000,2026-09-19,799797
RD/ORP4-JP002,水霊使いエリア,FOR,single,,150000,2026-09-19,799289
RD/ORP4-JP004,風霊使いウィン,FOR,single,180000,164000,2026-09-19,799295
RDS-JP009,サイレント・ソードマン LV３,UL,single,,110000,2026-09-19,92579
RDS-JP049,断頭台の惨劇,UL,single,,120000,2026-09-19,92581
RDS-JP057,ピケルの魔法陣,UL,single,10000,,2026-09-19,92576
RDTDPR-JP001,女剣士カナン,SR,single,,55555,2026-09-19,186926
RGBT-JP042,パワー・ツール・ドラゴン,UL,single,125000,120000,2026-09-19,92517
RIRA-JP046,蒼翠の風霊使いウィン 20th,SE,single,250000,192000,2026-09-19,92298
ROTA-JP000,誇りと魂の究極竜 25th,SE,single,61500,65000,2026-09-19,332822
ROTA-JP004,心宿りし青眼竜,UL,single,14800,14800,2026-09-19,332828
ROTA-JP014,紅涙の魔ラクリモーサ 25th,SE,single,19000,,2026-09-19,332850
ROTD-JP005,教導の聖女エクレシア,PSE,single,12500,30000,2026-09-19,92262
ROTD-JPS01,竜騎士ガイア,PSE,single,41000,45000,2026-09-19,92263
RV01-JP005,ブルーアイズ・トゥーン・アルティメットドラゴン,PSE,single,30000,29999,2026-09-19,831302
RV01-JP008,ブルーアイズ・トゥーン・ドラゴン SE :オーバーフレーム,,single,33333,36000,2026-09-19,831304
RV01-JP013,トゥーン・ブラック・マジシャン・ガール SE :オーバーフレーム,,single,19999,21500,2026-09-19,831305
RV01-JP030,ウィッチクラフトマスター・ヴェール SE :オーバーフレーム,,single,35000,,2026-09-19,831310
S-P/S-P,チャンピオンズフェスティバル2022,P,single,167500,155000,2026-09-19,498199
S2-04,電磁ミノ虫,SE,single,,35000,2026-09-19,580505
S8ALIG,基本雷エネルギー,,single,3480,,2026-09-19,141451
SAST-JP055,閃刀姫-カイナ 20th,SE,single,69000,,2026-09-19,92317
SAST-JP056,灼熱の火霊使いヒータ 20th,SE,single,125000,85000,2026-09-19,92316
SB01-001,セル / セル (AWAKEN) L★,,single,54999,,2026-09-19,619706
SB01-002,人造人間16号 R★,,single,29000,13980,2026-09-19,619708
SB01-003,人造人間17号 R★,,single,45000,39000,2026-09-19,619710
SB01-004,人造人間18号,SR,single,,29800,2026-09-19,619711
SB01-009,セル R★,,single,24000,21000,2026-09-19,619717
SB01-012,セル SR★,,single,398000,522222,2026-09-19,622751
SB01-017,大猿孫悟空,SR,single,6500,,2026-09-19,619725
SB01-018,孫悟空：少年期 SR★ :特別記念品,プロモ,single,58000,86000,2026-09-19,841672
SB01-018,孫悟空：少年期 SR★,,single,31999,40000,2026-09-19,619727
SB01-018,孫悟空：少年期,SR,single,,24890,2026-09-19,619726
SB01-019,チチ R★,,single,60000,43000,2026-09-19,619729
SB01-023,孫悟空 R★★,,single,351000,399999,2026-09-19,632912
SB01-023,孫悟空 R★,,single,38000,45000,2026-09-19,619734
SB01-025,ベジータ SR★,,single,19800,32000,2026-09-19,619737
SB01-026,ラディッツ SR★,,single,,39800,2026-09-19,619739
SB01-029,魔人ブウ：悪 / 魔人ブウ：悪 (AWAKEN) L★,,single,45000,,2026-09-19,619743
SB01-030,ダーブラ R★,,single,,17000,2026-09-19,619745
SB01-033,魔人ブウ R★,,single,15800,,2026-09-19,619749
SB01-036,魔人ブウ：悪 UC★,,single,40000,37999,2026-09-19,619753
SB01-045,ブルマ / ブルマ (AWAKEN) L★,,single,73333,64000,2026-09-19,619763
SB01-045,ブルマ / ブルマ (AWAKEN),L,single,,7500,2026-09-19,619762
SB01-049,占いババ UC★,,single,33800,19999,2026-09-19,619768
SB01-050,亀仙人 R★,,single,42000,34000,2026-09-19,619770
SB01-051,クリリン UC★,,single,,21111,2026-09-19,619772
SB01-053,孫悟空：少年期 R★,,single,89999,58000,2026-09-19,619775
SB01-053,孫悟空：少年期 R★,,single,38000,38800,2026-09-19,622748
SB01-053,孫悟空：少年期,R,single,30000,,2026-09-19,619774
SB01-057,ブルマ/孫悟空：少年期 SR★ :特別記念品,,single,320000,340000,2026-09-19,622741
SB01-057,ブルマ/孫悟空：少年期 SR★,,single,41000,39999,2026-09-19,619780
SB01-057,ブルマ/孫悟空：少年期,SR,single,13800,13800,2026-09-19,619779
SB02-001,トランクス：未来 L★,,single,21999,37000,2026-09-19,722579
SB02-001,トランクス：未来,L,single,,30000,2026-09-19,722578
SB02-003,孫悟空 UC★,プロモ,single,,19500,2026-09-19,841780
SB02-004,孫悟空 R★,,single,20000,23800,2026-09-19,722583
SB02-006,孫悟飯：少年期 R★,,single,43500,34000,2026-09-19,722586
SB02-007,孫悟飯：少年期 UC★ :特別記念品,プロモ,single,145000,169999,2026-09-19,838292
SB02-007,孫悟飯：少年期,UC,single,,19999,2026-09-19,722587
SB02-008,孫悟飯：少年期,SR,single,13700,13450,2026-09-19,722588
SB02-010,トランクス：未来 R★,,single,38800,34444,2026-09-19,722591
SB02-011,トランクス：未来 UC★,プロモ,single,30000,40000,2026-09-19,841781
SB02-017,ゴテンクス L★,,single,28000,27900,2026-09-19,722599
SB02-017,ゴテンクス,L,single,,11111,2026-09-19,722598
SB02-022,ゴテンクス SR★,,single,35000,34500,2026-09-19,722605
SB02-022,ゴテンクス,SR,single,,12000,2026-09-19,722604
SB02-023,孫悟空 SR★,,single,33000,29000,2026-09-19,722607
SB02-023,孫悟空,SR,single,13800,12000,2026-09-19,722606
SB02-025,孫悟天/トランクス：幼年期 UC★,,single,,13800,2026-09-19,722610
SB02-026,孫悟飯：青年期 UC★,,single,35000,20800,2026-09-19,722612
SB02-033,孫悟空 L★,,single,43000,35000,2026-09-19,722620
SB02-033,孫悟空,L,single,,19700,2026-09-19,722619
SB02-038,孫悟空 SR★,,single,26000,24000,2026-09-19,722627
SB02-038,孫悟空,SR,single,11000,12998,2026-09-19,722626
SB02-043,ピッコロ SR★★,,single,297500,330000,2026-09-19,725072
SB02-043,ピッコロ SR★,,single,15000,16999,2026-09-19,722633
SB02-043,ピッコロ,SR,single,6500,,2026-09-19,722632
SB02-044,ブルマ UC★,,single,44444,25000,2026-09-19,722635
SB02-053,フリーザ SR★,,single,25000,24000,2026-09-19,722645
SB02-053,フリーザ SR★ :参加記念品,プロモ,single,,100000,2026-09-19,841823
SB02-053,フリーザ,SR,single,,10000,2026-09-19,722644
SB02-054,フリーザ SR★,,single,24500,19800,2026-09-19,722647
SB02-058,ピッコロ大魔王,SR,single,6500,10000,2026-09-19,722652
SB02-058,ピッコロ大魔王 SR★,,single,,25800,2026-09-19,722653
SB02-059,ブルー将軍 UC★,プロモ,single,,15000,2026-09-19,841783
SB02-060,レッドリボン軍のロボット UC★,,single,25000,25000,2026-09-19,722656
SB02-060,レッドリボン軍のロボット UC★,,single,,22000,2026-09-19,723393
SBPR-JP003,青眼の亜白龍 (スペシャルブルー Ver.),SE,single,270000,240000,2026-09-19,92840
SBPR-JP005,聖なるバリア －ミラーフォース－ (スペシャルブルー Ver.),SE,single,,238000,2026-09-19,92850
SBPR-JP007,ホーリー・エルフ (スペシャルブルー Ver.),SE,single,105000,148000,2026-09-19,92846
SC-50,エメラルド・ドラゴン,SR,single,,500000,2026-09-19,604259
SC-51,デーモンの召喚,UL,single,390000,218000,2026-09-19,92624
SCB1-JPP01,青眼の白龍,UR,single,72000,66800,2026-09-19,92793
SD16-JPSE3,ブラック・マジシャン・ガール,NP,single,35000,,2026-09-19,591946
SD36-JPP04,スリーバーストショット・ドラゴン,NP,single,,9980,2026-09-19,557355
SD38-JPP01,神炎皇ウリア,SE,single,,28000,2026-09-19,539031
SD47-JPP06,青眼の究極霊竜 25th,SE,single,79800,74999,2026-09-19,379091
SDV1-002,孫悟空,GDR,single,32000,,2026-09-19,409505
SDV1-002,孫悟空 GDR★,,single,,147900,2026-09-19,440306
SDV1-005,孫悟飯 : 少年期 GDR★,,single,,94800,2026-09-19,440307
SDV1-010,ベジータ GDR★,,single,,96900,2026-09-19,440308
SDV1-045,バーダック GDR★,,single,,30000,2026-09-19,440309
SDV1-049,ブロリー GDR★,,single,85000,70000,2026-09-19,440310
SDV10-024,パン：GT GDR★,,single,,46000,2026-09-19,826630
SDV11-030,孫悟空 GDR★,,single,,72000,2026-09-19,861626
SDV3-002,孫悟空 GDR★,,single,,75000,2026-09-19,814633
SDV3-011,孫悟空 GDR★,,single,,150000,2026-09-19,814643
SDV3-018,フリーザ GDR★,,single,27000,23000,2026-09-19,814651
SDV3-043,バーダック GDR★,,single,,42000,2026-09-19,814678
SDV3-072,孫悟空,GDR,single,,35000,2026-09-19,825367
SDV4-026,人造人間17号 GDR★,,single,,33000,2026-09-19,820910
SDV4-028,人造人間18号 GDR★,,single,150000,160000,2026-09-19,820913
SDV5-049,ベジータ GDR★,,single,,29999,2026-09-19,821034
SDV5-055,孫悟空：DA GDR★,,single,,59000,2026-09-19,821041
SDV5-076,孫悟飯：少年期,GDR,single,,13500,2026-09-19,821074
SDV5-LPUR1,ブルマ,PUR,single,20000,14999,2026-09-19,821069
SDV5-PUR3,ベジータ,PUR,single,50000,,2026-09-19,821065
SDV5-PUR5,バーダック,PUR,single,,39999,2026-09-19,821067
SDV5-PUR6,ブロリー,PUR,single,,39999,2026-09-19,821068
SDV5-SEC,孫悟空：DA,SEC,single,,11500,2026-09-19,821073
SDV6-072,孫悟空,GDR,single,,50000,2026-09-19,821154
SDV6-076,孫悟空,GDR,single,24000,14950,2026-09-19,821159
SDV6-SEC,孫悟空,SEC,single,30000,33900,2026-09-19,821174
SDV6-VSPUR5,孫悟空,PUR,single,69000,,2026-09-19,821168
SDV7-003,孫悟空 GDR★,,single,78800,71500,2026-09-19,821178
SDV7-019,ベジット,GDR,single,45000,59999,2026-09-19,821194
SDV7-019,ベジット GDR★,,single,35000,31500,2026-09-19,821195
SDV7-022,ゴテンクス,GDR,single,,30000,2026-09-19,821198
SDV7-022,ゴテンクス GDR★,,single,,15000,2026-09-19,821199
SDV7-050,孫悟空：DA GDR★,,single,49000,16000,2026-09-19,821228
SDV7-055,仮面のサイヤ人,GDR,single,,24800,2026-09-19,821233
SDV7-062,ゴジータ,GDR,single,13800,,2026-09-19,821240
SDV7-062,ゴジータ GDR★,,single,,27000,2026-09-19,821241
SDV7-IGPUR4,魔人ブウ：純粋,PUR,single,15555,,2026-09-19,821256
SDV7-PUR1,ベジット,PUR,single,35000,,2026-09-19,821248
SDV7-PUR2,ゴジータ,PUR,single,35000,36000,2026-09-19,821249
SDV7-SEC,ベジット SEC★,,single,25000,29999,2026-09-19,821259
SDV7-SEC,ベジット,SEC,single,,37000,2026-09-19,821258
SDV7-SEC2,ゴジータ：BR SEC★,,single,35000,28999,2026-09-19,821261
SDV8-024,ゴクウブラック GDR★,,single,,44000,2026-09-19,821381
SDV8-029,合体ザマス GDR★,,single,,14000,2026-09-19,821387
SDV8-035,孫悟空：BR GDR★,,single,,17500,2026-09-19,821394
SDV8-044,ゴジータ：BR GDR★,,single,42000,33000,2026-09-19,821404
SDV8-044,ゴジータ：BR,GDR,single,,12000,2026-09-19,821403
SDV8-DPUR2,ベジータ,PUR,single,,10000,2026-09-19,821435
SDV8-PUR1,孫悟空,PUR,single,23333,,2026-09-19,821429
SDV8-PUR3,トランクス：未来,PUR,single,23333,,2026-09-19,821431
SDV8-PUR4,人造人間18号,PUR,single,22222,,2026-09-19,821432
SDV8-PUR5,ザマス,PUR,single,23333,,2026-09-19,821433
SDV8-SEC,孫悟空 SEC★,,single,,38000,2026-09-19,821440
SDV9-020,孫悟空 GDR★,,single,,23000,2026-09-19,821493
SDV9-SEC,孫悟空：GT SEC★,,single,150000,65000,2026-09-19,821556
SDVA-001,孫悟空,GDR,single,22222,,2026-09-19,825475
SDVA-002,ベジット,GDR,single,,10500,2026-09-19,825476
SDVA-003,ゴジータ,GDR,single,14000,14000,2026-09-19,825477
SDVP-020,孫悟空,GDR,single,11000,11800,2026-09-19,653136
SDVP-021,ベジータ,GDR,single,7500,7500,2026-09-19,653137
SDVP-022,バーダック,GDR,single,4980,,2026-09-19,653138
SDVP-024,孫悟空,PR,single,31000,28000,2026-09-19,755387
SDVP-026,孫悟空,CP,single,25000,17999,2026-09-19,825488
SDVP-027,孫悟空,CP,single,,49999,2026-09-19,825489
SDVP-030,孫悟空,PR,single,,14000,2026-09-19,825493
SDVP-032,孫悟空,CP,single,15500,,2026-09-19,826402
SDVP-033,ビルス,CP,single,16500,,2026-09-19,826403
SDVP-034,フリーザ,CP,single,20500,,2026-09-19,826404
SDVPJ-019,孫悟飯：少年期,PR,single,,20000,2026-09-19,825376
SDVPJ-029,孫悟空,PR,single,,9000,2026-09-19,825479
SDVPS-001,孫悟空 (蒼炎悟空),PR,single,,59800,2026-09-19,825492
SDVTB-003,孫悟飯：少年期,GDR,single,15590,16750,2026-09-19,825452
SDVTB-004,ベジータ,GDR,single,15000,11000,2026-09-19,825453
SDVTB-005,トランクス：青年期,GDR,single,13500,12980,2026-09-19,825454
SDVTB-006,ベジット,GDR,single,17777,15000,2026-09-19,825455
SDVTB-007,セル,GDR,single,24500,12900,2026-09-19,825456
SDVTD-001,孫悟空,PR,single,,12000,2026-09-19,825459
SDVTD-002,孫悟飯：少年期,PR,single,28000,15000,2026-09-19,825460
SDVTD-003,ピッコロ,PR,single,,11000,2026-09-19,825461
SDVZS-001,孫悟空：BR,PR,single,6800,6800,2026-09-19,825480
SDVZS-002,ベジータ：BR,PR,single,9000,6700,2026-09-19,825481
SDVZS-003,ブロリー：BR,PR,single,18999,6700,2026-09-19,825482
SDVZV-005,ベジット,PR,single,29999,18000,2026-09-19,825462
SDVZV-006,ゴテンクス,PR,single,25555,,2026-09-19,825463
SDVZV-007,魔人ブウ：純粋,PR,single,,12500,2026-09-19,825464
SDX-001,青眼の究極竜,UL,single,450000,650000,2026-09-19,342780
SDX-JP002,ヴィクトリー・ドラゴン,UL,single,,150000,2026-09-19,591630
SH1-SEC2,ベジット,UR,single,27999,27999,2026-09-19,267959
SH1-SEC2BCP,ベジット,UR,single,,50000,2026-09-19,271713
SH1-SEC2LC,ベジット,UR,single,50000,59800,2026-09-19,372308
SH3-27,孫悟空,UR,single,150000,80000,2026-09-19,268074
SH8-SEC,ゴジータ :ゼノ,UR,single,24999,,2026-09-19,268588
SLF1-JP038,閃刀姫－カガリ,SE,single,12800,,2026-09-19,102732
SLF1-JP039,閃刀姫－シズク,PSE,single,70000,,2026-09-19,102735
SLF1-JP079,Evil☆Twinキスキル,PSE,single,21999,20000,2026-09-19,102791
SLF1-JP080,Evil☆Twinリィラ,PSE,single,43000,41800,2026-09-19,102796
SM-00,仮面魔獣マスクド・ヘルレイザー,UL,single,550000,350000,2026-09-19,92627
SM-51,青眼の白龍,UL,single,3000000,2550000,2026-09-19,92628
SM-P/SM-P,チャンピオンズフェスティバル 2017,プロモ,single,344444,428000,2026-09-19,93057
SM-P/SM-P,チャンピオンズフェスティバル 2019,プロモ,single,328000,700000,2026-09-19,93059
SM-P/SM-P,チャンピオンズフェスティバル 2018,プロモ,single,265000,333333,2026-09-19,93058
SM-P/SM-P,古代ミュウ,P,single,250000,250000,2026-09-19,411041
SM-P/SM-P,殿堂の書,P,single,54000,37900,2026-09-19,411033
SM-P/SM-P,殿堂の書,プロモ,single,35000,,2026-09-19,93075
SM210,ファイヤー&サンダー&フリーザーGX,P,single,80000,82000,2026-09-19,494762
SM215,ミュウ,P,single,360000,,2026-09-19,738357
SOD-JP007,ホルスの黒炎竜 LV６,UL,single,118800,108000,2026-09-19,92582
SOD-JP007,ホルスの黒炎竜 LV6,SR,single,40000,,2026-09-19,618302
SOD-JP008,ホルスの黒炎竜 LV8,UR,single,180000,170000,2026-09-19,618303
SOD-JP008,ホルスの黒炎竜 LV８,UL,single,39800,255000,2026-09-19,92583
SOD-JP015,アームド・ドラゴン LV７,UL,single,,220000,2026-09-19,92586
SOD-JP033,月の女戦士,UL,single,,62800,2026-09-19,92584
SOI-JP001,神炎皇ウリア,UL,single,350000,332000,2026-09-19,92553
SOI-JP002,降雷皇ハモン,UL,single,468000,230000,2026-09-19,92552
SOI-JP003,幻魔皇ラビエル,UL,single,,368000,2026-09-19,92554
SOI-JP006,サイバー・バリア・ドラゴン,UL,single,59999,,2026-09-19,846892
SOI-JP007,サイバー・レーザー・ドラゴン,UL,single,48000,,2026-09-19,846894
SOI-JP034,破滅の女神ルイン,UL,single,39800,130000,2026-09-19,92555
SSC1-JP001,青眼の白龍,NP,single,15800,,2026-09-19,567099
ST01-001,モンキー・D・ルフィ L シリアルナンバー入り (開封済),,single,14350000,14100000,2026-09-19,102650
ST01-001,モンキー・Ｄ・ルフィ,L,single,39999,44000,2026-09-19,171995
ST01-001,モンキー・D・ルフィ,L,single,35000,45000,2026-09-19,836444
ST01-001,モンキー・D・ルフィ,L,single,9500,10000,2026-09-19,119360
ST01-002,ウソップ,C,single,20000,13900,2026-09-19,134320
ST01-002,ウソップ C-P,,single,6280,6200,2026-09-19,94919
ST01-002,ウソップ,C,single,4000,,2026-09-19,110716
ST01-004,サンジ,C,single,18181,16900,2026-09-19,134318
ST01-004,サンジ,C,single,9980,,2026-09-19,110717
ST01-005,ジンベエ,C,single,23800,15000,2026-09-19,157934
ST01-005,ジンベエ C パラレル,,single,10999,12999,2026-09-19,94916
ST01-006,トニートニー・チョッパー,C,single,190000,198000,2026-09-19,287036
ST01-006,トニートニー・チョッパー C パラレル (フラシチョッパー),,single,82000,99999,2026-09-19,102651
ST01-006,トニートニー・チョッパー,C,single,74000,75000,2026-09-19,201511
ST01-006,トニートニー・チョッパー,C,single,31500,30000,2026-09-19,157937
ST01-006,トニートニー・チョッパー,C,single,17000,16800,2026-09-19,134321
ST01-006,トニートニー・チョッパー C :フルアート,,single,15000,15000,2026-09-19,328658
ST01-006,トニートニー・チョッパー C-P,,single,14900,12800,2026-09-19,328659
ST01-006,トニートニー・チョッパー C パラレル,,single,8000,7900,2026-09-19,94921
ST01-007,ナミ C-P,,single,299999,290000,2026-09-19,477011
ST01-007,ナミ C-TR,,single,119000,99999,2026-09-19,221368
ST01-007,ナミ,C,single,65000,90000,2026-09-19,221667
ST01-007,ナミ：Winner,C,single,61999,,2026-09-19,567907
ST01-007,ナミ,C,single,33333,,2026-09-19,199704
ST01-007,ナミ,P,single,20500,20000,2026-09-19,105466
ST01-007,ナミ,,single,20000,,2026-09-19,105467
ST01-007,ナミ,C,single,12980,,2026-09-19,110715
ST01-007,ナミ,C,single,12490,12000,2026-09-19,435341
ST01-007,ナミ,C,single,9800,8999,2026-09-19,134319
ST01-007,ナミ,C,single,,39999,2026-09-19,201494
ST01-008,ニコ・ロビン,C,single,68000,,2026-09-19,201512
ST01-008,ニコ・ロビン,C,single,25500,21999,2026-09-19,157939
ST01-008,ニコ・ロビン C-P,,single,7500,7800,2026-09-19,94908
ST01-009,ネフェルタリ・ビビ：Silver Foil + Gold Stamp,C,single,80000,200000,2026-09-19,567911
ST01-009,ネフェルタリ・ビビ,,single,16800,16500,2026-09-19,106738
ST01-010,フランキー,C,single,60000,95000,2026-09-19,287038
ST01-010,フランキー C-P,,single,7280,6850,2026-09-19,94904
ST01-011,ブルック,C,single,75000,72800,2026-09-19,287039
ST01-011,ブルック,C,single,17000,17400,2026-09-19,134324
ST01-011,ブルック,C,single,9999,,2026-09-19,221668
ST01-011,ブルック,C,single,8000,,2026-09-19,229665
ST01-012,モンキー・D・ルフィ SR-P (サインルフィ),,single,900000,899999,2026-09-19,135441
ST01-012,モンキー・D・ルフィ：手配書 SR-SPC,,single,51000,47500,2026-09-19,112982
ST01-012,モンキー・D・ルフィ,SR,single,42000,6999,2026-09-19,119371
ST01-012,モンキー・D・ルフィ,SR,single,39998,40500,2026-09-19,568241
ST01-012,モンキー・D・ルフィ,SR,single,22200,10999,2026-09-19,141290
ST01-012,モンキー・D・ルフィ,SR,single,16000,15800,2026-09-19,135440
ST01-012,モンキー・Ｄ・ルフィ,SR,single,11800,11800,2026-09-19,161040
ST01-012,モンキー・D・ルフィ,SR,single,,688888,2026-09-19,449947
ST01-013,ロロノア・ゾロ SR パラレル,,single,1150000,1090000,2026-09-19,102903
ST01-013,ロロノア・ゾロ,SR,single,500000,390000,2026-09-19,215259
ST01-013,ロロノア・ゾロ,SR,single,350000,,2026-09-19,236972
ST01-013,ロロノア・ゾロ,SR,single,94000,72500,2026-09-19,201513
ST01-013,ロロノア・ゾロ,SR,single,29800,33333,2026-09-19,256054
ST01-013,ロロノア・ゾロ,SR,single,17888,9980,2026-09-19,110714
ST01-013,ロロノア・ゾロ,SR,single,11000,10000,2026-09-19,157930
ST01-013,ロロノア・ゾロ,SR,single,8980,8500,2026-09-19,134317
ST01-013,ロロノア・ゾロ,SR,single,,6999,2026-09-19,119372
ST01-015,ゴムゴムのJET銃,C,single,32000,32000,2026-09-19,161041
ST01‐006,トニートニー・チョッパー,C,single,155000,169999,2026-09-19,254308
ST02-001,ユースタス・キッド,L,single,10999,29900,2026-09-19,412062
ST02-007,ジュエリー・ボニー,C,single,35000,49500,2026-09-19,221669
ST02-007,ジュエリー・ボニー C-SPC,,single,30980,21800,2026-09-19,265749
ST02-007,ジュエリー・ボニー,C,single,24999,,2026-09-19,275246
ST02-007,ジュエリー・ボニー：Winner,C,single,20000,49500,2026-09-19,567908
ST02-007,ジュエリー・ボニー,,single,5000,,2026-09-19,105468
ST03-001,クロコダイル,L,single,11800,12000,2026-09-19,412060
ST03-004,ゲッコー・モリア C-SPC,,single,26666,23000,2026-09-19,265752
ST03-005,ジュラキュール・ミホーク C-P,,single,20000,15000,2026-09-19,111758
ST03-005,ジュラキュール・ミホーク C :フルアート,,single,14999,,2026-09-19,328669
ST03-005,ジュラキュール・ミホーク,C,single,,80000,2026-09-19,343192
ST03-007,戦桃丸,C,single,7777,,2026-09-19,221671
ST03-008,トラファルガー・ロー,C,single,27800,62500,2026-09-19,201514
ST03-008,トラファルガー・ロー,C,single,22000,,2026-09-19,357140
ST03-008,トラファルガー・ロー,C,single,20000,26000,2026-09-19,157935
ST03-008,トラファルガー・ロー,P,single,14800,20000,2026-09-19,134161
ST03-008,トラファルガー・ロー,,single,14000,15000,2026-09-19,105504
ST03-008,トラファルガー・ロー C :フルアート,,single,11480,,2026-09-19,328672
ST03-008,トラファルガー・ロー,C,single,3000,19800,2026-09-19,252661
ST03-008,トラファルガー・ロー,C,single,,450000,2026-09-19,221679
ST03-009,ドンキホーテ・ドフラミンゴ：手配書 SR-SPC,,single,19800,15999,2026-09-19,112984
ST03-012,パシフィスタ,C,single,1029,,2026-09-19,141837
ST03-013,ボア・ハンコック C-TR,,single,280000,320000,2026-09-19,255699
ST03-013,ボア・ハンコック,C,single,11000,10500,2026-09-19,237321
ST03-013,ボア・ハンコック C :フルアート,,single,10800,11000,2026-09-19,328675
ST03-013,ボア・ハンコック C-P,,single,8900,8800,2026-09-19,328676
ST03-017,メロメロ甘風,C,single,13780,13000,2026-09-19,141838
ST04-001,カイドウ,L,single,20000,14800,2026-09-19,412061
ST04-003,カイドウ：3rd Place,SR,single,1000000,,2026-09-19,562940
ST04-003,カイドウ：2nd Place,SR,single,1000000,,2026-09-19,562941
ST04-003,カイドウ：手配書 SR-SPC,,single,14800,14000,2026-09-19,112985
ST04-003,カイドウ SR-P,,single,12000,70000,2026-09-19,328678
ST04-005,クイーン C-SPC,,single,20000,20000,2026-09-19,265753
ST04-005,クイーン,,single,18500,15990,2026-09-19,106780
ST04-008,ジャック,C,single,23000,250000,2026-09-19,215517
ST04-008,ジャック,C,single,10500,6800,2026-09-19,229662
ST04-011,ブラックマリア,C,single,20000,25000,2026-09-19,221673
ST04-011,ブラックマリア,C,single,13800,12999,2026-09-19,129631
ST04-011,ブラックマリア,C,single,10500,10000,2026-09-19,229668
ST04-017,鬼ヶ島,C,single,6500,,2026-09-19,237328
ST05-004,ウタ,SR,single,13800,13900,2026-09-19,140964
ST05-014,ブエナ・フェスタ,,single,12100,,2026-09-19,141840
ST06-006,たしぎ C-SPC,,single,15480,18000,2026-09-19,265750
ST06-006,たしぎ,C,single,,29800,2026-09-19,229663
ST06-008,ヒナ,C,single,12000,30000,2026-09-19,237323
ST06-012,モンキー・D・ガープ,SR,single,160000,233333,2026-09-19,242212
ST07-008,シャーロット・プリン,C,single,75000,,2026-09-19,215518
ST07-008,シャーロット・プリン,C,single,13999,11999,2026-09-19,129628
ST07-008,シャーロット・プリン,C,single,,60000,2026-09-19,343191
ST07-008,シャーロット・プリン,C,single,,17500,2026-09-19,287696
ST07-010,シャーロット・リンリン,SR,single,21989,18000,2026-09-19,138426
ST08-001,モンキー・D・ルフィ,L,single,8999,7499,2026-09-19,119935
ST08-002,ウタ,SR,single,15000,14900,2026-09-19,140968
ST09-012,ヤマト,C,single,22500,,2026-09-19,201515
ST09-012,ヤマト,C,single,14000,9000,2026-09-19,157932
ST10-001,トラファルガー・ロー,L,single,6999,6999,2026-09-19,132557
ST10-002,モンキー・D・ルフィ,L,single,8900,8850,2026-09-19,132558
ST10-003,ユースタス・キッド,L,single,30000,30000,2026-09-19,132559
ST10-004,サンジ,C,single,20800,20800,2026-09-19,342331
ST10-005,ジンベエ,C,single,61500,50000,2026-09-19,287040
ST10-006,モンキー・D・ルフィ SR (がんばルフィ),,single,1950000,2320000,2026-09-19,138476
ST10-006,モンキー・D・ルフィ,SR,single,690000,699000,2026-09-19,287031
ST10-006,モンキー・D・ルフィ,SR,single,658800,,2026-09-19,221722
ST10-006,モンキー・D・ルフィ,SR,single,54900,54900,2026-09-19,315324
ST10-006,モンキー・D・ルフィ,SR,single,29000,20000,2026-09-19,428978
ST10-006,モンキー・D・ルフィ,SR,single,16980,,2026-09-19,132562
ST10-006,モンキー・Ｄ・ルフィ,SR,single,9999,8888,2026-09-19,677619
ST10-010,トラファルガー・ロー,SR,single,775000,700000,2026-09-19,138477
ST10-010,トラファルガー・ロー,SR,single,560000,,2026-09-19,221721
ST10-010,トラファルガー・ロー P-TR,,single,68000,,2026-09-19,304291
ST10-010,トラファルガー・ロー SR-P,,single,12000,24000,2026-09-19,328698
ST10-013,ユースタス・キッド,,single,368000,355000,2026-09-19,138478
ST10-013,ユースタス・キッド,SR,single,128000,175555,2026-09-19,221720
ST10-013,ユースタス・キッド SR-P,,single,49999,38500,2026-09-19,477014
ST10-013,ユースタス・キッド,SR,single,14800,,2026-09-19,252662
ST10-013,ユースタス・キッド,SR,single,9980,6999,2026-09-19,435344
ST10-013,ユースタス・キッド,SR,single,,349000,2026-09-19,221680
ST10-013,ユースタス・キッド,SR,single,,15000,2026-09-19,132569
ST10‐006,モンキー・D・ルフィ,SR,single,229000,195000,2026-09-19,254302
ST10‐006/OP01‐02/OP01‐013/OP01‐017/ST01‐006,モンキー・D・ルフィ / ロロノア・ゾロ / サンジ / ニコ・ロビン / トニートニー・チョッパー :5枚セット :未開封,,single,,210000,2026-09-19,826602
ST11-001,ウタ,L,single,,19800,2026-09-19,144345
ST11-002,ウタ,SR,single,,11111,2026-09-19,144346
ST11-003,逆光,C,single,,6999,2026-09-19,155969
ST12-001,ロロノア・ゾロ&サンジ,L,single,25000,13500,2026-09-19,150801
ST12-003,ジュラキュール・ミホーク,SR,single,19000,15000,2026-09-19,725657
ST12-003,ジュラキュール・ミホーク,SR,single,,23500,2026-09-19,713033
ST12-012,シャーロット・プリン C-SPC :フルアート,,single,16700,14900,2026-09-19,442291
ST13-001,サボ L-P,,single,29999,27998,2026-09-19,168870
ST13-001,サボ L-P,,single,19900,18500,2026-09-19,412057
ST13-001,サボ,L,single,6500,12999,2026-09-19,351112
ST13-001,サボ,L,single,4000,,2026-09-19,165921
ST13-002,ポートガス・Ｄ・エース L-P,,single,22000,15888,2026-09-19,168871
ST13-002,ポートガス・D・エース L-P,,single,19900,16990,2026-09-19,412059
ST13-002,ポートガス・Ｄ・エース,L,single,12500,14999,2026-09-19,165922
ST13-002,ポートガス・D・エース,L,single,8500,12800,2026-09-19,351113
ST13-003,モンキー・D・ルフィ,L,single,152000,149800,2026-09-19,556832
ST13-003,モンキー・D・ルフィ L-P,,single,33999,32990,2026-09-19,412058
ST13-003,モンキー・Ｄ・ルフィ L-P,,single,22499,20000,2026-09-19,167607
ST13-003,モンキー・Ｄ・ルフィ,L,single,18000,9599,2026-09-19,165923
ST13-003,モンキー・D・ルフィ,L,single,13000,13500,2026-09-19,351114
ST13-003,モンキー・D・ルフィ,L,single,,80000,2026-09-19,449769
ST13-005,エンポリオ・イワンコフ R-P,,single,,8888,2026-09-19,168872
ST13-006,カーリー・ダダン C-P,,single,5700,48888,2026-09-19,168349
ST13-007,サボ C-P,,single,19000,,2026-09-19,168267
ST13-008,サボ SR-P,,single,34500,17380,2026-09-19,168873
ST13-009,シャンクス C-P,,single,14800,,2026-09-19,168583
ST13-010,ポートガス・Ｄ・エース C-P,,single,22000,35000,2026-09-19,168268
ST13-011,ポートガス・Ｄ・エース SR-P,,single,49800,24500,2026-09-19,168874
ST13-011,ポートガス・D・エース SR-SPC,,single,19500,18800,2026-09-19,588862
ST13-012,マキノ C-P,,single,13000,,2026-09-19,168350
ST13-013,モンキー・Ｄ・ガープ SR-P,,single,6000,,2026-09-19,168351
ST13-014,モンキー・Ｄ・ルフィ C-P,,single,24000,22000,2026-09-19,168269
ST13-014,モンキー・Ｄ・ルフィ,C,single,10999,30000,2026-09-19,167604
ST13-015,モンキー・D・ルフィ,SR,single,38000,37990,2026-09-19,300067
ST13-015,モンキー・Ｄ・ルフィ SR-P,,single,16979,14700,2026-09-19,167608
ST13-015,モンキー・Ｄ・ルフィ,SR,single,5999,4999,2026-09-19,165931
ST13-016,ヤマト,C,single,45000,88888,2026-09-19,573125
ST13-016,ヤマト C-P,,single,23800,21500,2026-09-19,168875
ST13-016,ヤマト,C,single,12000,,2026-09-19,166827
ST14-001,モンキー・D・ルフィ,L,single,14000,9900,2026-09-19,250566
ST14-003,サンジ SR-SPC :フルアート,,single,19800,17490,2026-09-19,442293
ST14-006,ナミ,SR,single,12000,,2026-09-19,250571
ST14-016,仲間がいる゛よ!!!! C : フォイル,,single,9999,,2026-09-19,660076
ST15-002,エドワード・ニューゲート SR-SPC :フルアート,,single,23500,22222,2026-09-19,442289
ST15-002,エドワード・ニューゲート SR-P,,single,15800,,2026-09-19,656348
ST15-005,ポートガス・D・エース,SR,single,545000,488000,2026-09-19,635915
ST15-005,ポートガス・D・エース,SR,single,525000,750000,2026-09-19,635921
ST15-005,ポートガス・D・エース SR-SPC,,single,35000,36800,2026-09-19,822583
ST15-005,ポートガス・D・エース,SR,single,19000,15998,2026-09-19,744320
ST15-005,ポートガス・Ｄ・エース,SR,single,,17560,2026-09-19,750877
ST16-001,ウタ SR-P,,single,102222,114000,2026-09-19,477012
ST16-001,ウタ,SR,single,12000,12000,2026-09-19,435342
ST16-004,シャンクス SR-SPC,,single,33000,32999,2026-09-19,520557
ST16-005,モンキー・D・ルフィ,C,single,10999,,2026-09-19,311569
ST16-005,モンキー・Ｄ・ルフィ C : フォイル,,single,9000,30000,2026-09-19,660079
ST17-002,トラファルガー・ロー SR-P,,single,12000,10000,2026-09-19,656350
ST17-003,バギー,C,single,278000,320000,2026-09-19,635922
ST17-003,バギー,C,single,28000,30000,2026-09-19,553415
ST17-003,バギー,C,single,17000,25000,2026-09-19,304693
ST17-003,バギー,C,single,11800,27000,2026-09-19,562165
ST17-003,バギー,C,single,,350000,2026-09-19,635916
ST17-004,ボア・ハンコック SR-P,,single,350000,320000,2026-09-19,477013
ST17-004,ボア・ハンコック,SR,single,29500,,2026-09-19,573127
ST17-004,ボア・ハンコック,SR,single,21000,20500,2026-09-19,435343
ST17-005,マーシャル・D・ティーチ,C,single,9800,30000,2026-09-19,562166
ST18-001,ウソ八 C-SPC :フルアート,,single,23800,16980,2026-09-19,442292
ST18-001,ウソ八 C-P,,single,13333,,2026-09-19,656351
ST18-002,おナミ,C,single,94999,99800,2026-09-19,526701
ST18-002,おナミ,C,single,28999,25900,2026-09-19,537530
ST18-004,ゾロ十郎,SR,single,140000,120000,2026-09-19,825183
ST18-004,ゾロ十郎 SR-SPC,,single,28500,28300,2026-09-19,588860
ST18-004,ゾロ十郎,SR,single,,130000,2026-09-19,471535
ST18-005,ルフィ太郎 SR-SPC,,single,48000,48500,2026-09-19,520558
ST18-005,ルフィ太郎,SR,single,,63000,2026-09-19,825184
ST18-005,ルフィ太郎,SR,single,,50000,2026-09-19,311599
ST19-003,たしぎ,SR,single,,13800,2026-09-19,311612
ST21-001,モンキー・D・ルフィ L-P,,single,170000,79999,2026-09-19,563142
ST21-001,モンキー・D・ルフィ L-P,,single,53000,42000,2026-09-19,478752
ST21-001,モンキー・D・ルフィ,L,single,8100,8199,2026-09-19,730901
ST21-001,モンキー・D・ルフィ,L,single,7500,7800,2026-09-19,478751
ST21-001,モンキー・Ｄ・ルフィ,L,single,,33000,2026-09-19,855339
ST21-002,ウソップ C-P,,single,11950,,2026-09-19,478754
ST21-003,サンジ C-P,,single,17500,22800,2026-09-19,478756
ST21-004,ジュエリー・ボニー C-P,,single,17999,22800,2026-09-19,478758
ST21-005,ジンベエ C-P,,single,11898,,2026-09-19,478760
ST21-006,ステューシー C-P,,single,14000,35000,2026-09-19,478762
ST21-008,トニートニー・チョッパー C-P,,single,39999,14980,2026-09-19,478766
ST21-009,ナミ C-P,,single,42000,14999,2026-09-19,478768
ST21-010,ニコ・ロビン C-P,,single,70000,35000,2026-09-19,478770
ST21-011,フランキー C-P,,single,11899,,2026-09-19,478772
ST21-014,モンキー・D・ルフィ,SR,single,285000,279800,2026-09-19,605546
ST21-014,モンキー・D・ルフィ,SR,single,157800,250000,2026-09-19,663314
ST21-014,モンキー・D・ルフィ SR-P,,single,55000,17000,2026-09-19,478778
ST21-014,モンキー・D・ルフィ,SR,single,32470,31490,2026-09-19,706813
ST21-014,モンキー・D・ルフィ,SR,single,16800,19500,2026-09-19,478777
ST21-015,ロロノア・ゾロ,SR,single,145000,145000,2026-09-19,675682
ST21-015,ロロノア・ゾロ SR-P,,single,89999,20000,2026-09-19,478780
ST21-015,ロロノア・ゾロ,SR,single,49000,40000,2026-09-19,635880
ST21-015,ロロノア・ゾロ,SR,single,,9700,2026-09-19,478779
ST21-017,ゴムゴムのモグラ銃,C,single,19800,18500,2026-09-19,710530
ST22-001,エース＆ニューゲート L-P,,single,80000,33800,2026-09-19,573076
ST22-002,イゾウ SR-P,,single,,30000,2026-09-19,573078
ST22-003,エドワード・ニューゲート,C,single,,7000,2026-09-19,743936
ST23-001,ウタ,SR,single,21111,20000,2026-09-19,819290
ST26-005,モンキー・D・ルフィ SR-SPC,,single,44000,43000,2026-09-19,764639
ST26-005,モンキー・D・ルフィ,SR,single,10499,,2026-09-19,594491
ST29-001,モンキー・Ｄ・ルフィ L-P,,single,22500,22500,2026-09-19,743023
ST29-001,モンキー・Ｄ・ルフィ,L,single,7899,7500,2026-09-19,742095
ST29-004,サンジ SR-P,,single,22000,14000,2026-09-19,743026
ST29-005,ジンベエ C-P,,single,12500,30000,2026-09-19,743027
ST29-005,ジンベエ,C,single,1850,,2026-09-15,854167
ST29-006,ステューシー C-P,,single,7000,,2026-09-19,743028
ST29-007,トニートニー・チョッパー C-P,,single,32900,15000,2026-09-19,743029
ST29-008,ナミ C-P,,single,14800,14400,2026-09-19,743030
ST29-008,ナミ,C,single,,34500,2026-09-19,854160
ST29-009,ニコ・ロビン C-P,,single,40000,14999,2026-09-19,743031
ST29-009,ニコ・ロビン,C,single,20000,20000,2026-09-19,819291
ST29-011,ブルック C-P,,single,,26780,2026-09-19,743033
ST29-012,モンキー・Ｄ・ルフィ,C,single,9999,,2026-09-19,742106
ST29-012,モンキー・D・ルフィ C-P,,single,,36000,2026-09-19,751256
ST29-012,モンキー・Ｄ・ルフィ C-P,,single,,23980,2026-09-19,743034
ST29-013,ロブ・ルッチ C-P,,single,12500,30000,2026-09-19,743035
ST29-014,ロロノア・ゾロ SR-P,,single,19300,18000,2026-09-19,743036
ST29-014,ロロノア・ゾロ,SR,single,,20000,2026-09-19,742108
ST30-001,ルフィ＆エース L-P,,single,66000,64000,2026-09-19,793190
ST30-001,ルフィ＆エース,L,single,7399,7399,2026-09-19,793173
ST30-007,ポートガス・Ｄ・エース SR-P,,single,9000,8800,2026-09-19,793196
ST30-011,バギー C-P,,single,,13999,2026-09-19,793200
ST30-012,モンキー・D・ルフィ SR-P,,single,11500,11000,2026-09-19,793201
ST30-012,モンキー・D・ルフィ,SR,single,,12500,2026-09-19,793184
ST30-013,Mr.2・ボン・クレー(ベンサム) C-P,,single,9400,9300,2026-09-19,793202
ST30-017,無茶ばっかりしやがって!!!,C,single,15000,,2026-09-19,793189
ST30-017,無茶ばっかりしやがって!!! C-P,,single,,15999,2026-09-19,793206
STBL-JP040,シューティング・スター・ドラゴン,HR,single,50000,,2026-09-19,92368
STON-JP035,E・HERO グラン・ネオス,UL,single,59999,,2026-09-19,92538
STON-JP036,E・HERO グロー・ネオス,UL,single,,75555,2026-09-19,92536
STSP-JP001,幽鬼うさぎ,PSE,single,,19800,2026-09-19,741466
STSP-JP003,閃刀姫－ロゼ,PSE,single,,23000,2026-09-19,741470
STSP-JP005,幻惑の見習い魔術師,PSE,single,,11700,2026-09-19,741474
STSP-JP006,Ｍ∀ＬＩＣＥ＜Ｐ＞Ｗｈｉｔｅ Ｒａｂｂｉｔ,PSE,single,,11700,2026-09-19,741476
SUDA-JP000,結束と絆の超魔導剣士 25th,SE,single,31111,100000,2026-09-19,426670
SUDA-JP049,光なき影 ア=バオ・ア・クゥー 25th,SE,single,33800,33000,2026-09-19,426764
SV-P/SV-P,ポケモンカードゲーム YU NAGABA × ポケモンカードゲーム イーブイズ 全種セット,プロモ,single,265000,275000,2026-09-19,126334
SV107/SV122,リザードンVMAX,SUR,single,40000,89800,2026-09-19,490342
SVPEN014,コライドン,P,single,184000,,2026-09-19,493475
SVPEN027,ピカチュウ,P,single,9000,,2026-09-19,529256
SVPEN056,リザードンex,P,single,,88000,2026-09-19,726296
SVPEN073,テツノワダチex,P,single,6600,,2026-09-19,726315
SVPEN075,ミミッキュ,P,single,20262,,2026-09-19,726317
SVPEN085,ピカチュウ,プロモ,single,350000,390000,2026-09-19,146897
SVPEN124,ナンジャモ,SR,single,22000,23800,2026-09-19,261177
SVPEN131,キングドラex,P,single,98000,77000,2026-09-19,571039
SVPEN132,ゲッコウガex,P,single,79980,69999,2026-09-19,528636
SVPEN173,イーブイ,P,single,95000,,2026-09-19,535381
SVPEN173,イーブイ,P,single,18000,18500,2026-09-19,535380
SVPEN175,エーフィex,プロモ,single,22514,30800,2026-09-19,850602
SVPEN176,ブラッキーex,プロモ,single,38800,36800,2026-09-19,850603
SVPEN225,ピカチュウ,P,single,42000,44000,2026-09-19,622029
SWSH039,ピカチュウ,P,single,90000,95000,2026-09-19,746459
SWSH039,ピカチュウ,P,single,,268000,2026-09-19,727844
SWSH050,リザードンV,P,single,33999,35000,2026-09-19,493581
SWSH074,スペシャルデリバリーピカチュウ,P,single,390000,950000,2026-09-19,727871
SWSH075,スペシャルデリバリーリザードン,P,single,560000,419000,2026-09-19,666683
SWSH087,イーブイVMAX,P,single,12000,12000,2026-09-19,493591
SWSH121,マリィ（シャイニーマリィ）,UR,single,24999,39800,2026-09-19,487834
SWSH133,ワタルのリザードンV,P,single,,48000,2026-09-19,727917
SWSH144,ゲッコウガ★,P,single,,370000,2026-09-19,666682
SWSH145,ピカチュウV,P,single,110000,,2026-09-19,493596
SWSH179,ブースターV,P,single,27000,,2026-09-19,493469
SWSH180,ブースターVMAX,P,single,,164800,2026-09-19,493470
SWSH182,シャワーズVMAX,P,single,83999,164800,2026-09-19,493472
SWSH184,サンダースVMAX,P,single,,164800,2026-09-19,493474
SWSH221,ヒノアラシ,P,single,13500,,2026-09-19,727967
SWSH261,リザードンVMAX,P,single,149999,135000,2026-09-19,727998
SWSH291,ルカリオVSTAR,P,single,,24151,2026-09-19,493622
SWSH302,クララ,P,single,,38900,2026-09-19,728026
TAEV-JP006,究極宝玉神 レインボー・ドラゴン,UL,single,72000,140000,2026-09-19,92527
TAEV-JP043,Ｅ・ＨＥＲＯ マグマ・ネオス,UL,single,,80000,2026-09-19,857608
TB-34,サウザンド・アイズ・サクリファイス,UL,single,199800,139000,2026-09-19,92629
TD01-JP001,ブラック・マジシャン 25th,SE,single,50000,34000,2026-09-19,185262
TD02-JP001,青眼の白龍 25th,SE,single,71500,62800,2026-09-19,185263
TDGS-JP040,スターダスト・ドラゴン,UL,single,310000,180000,2026-09-19,92521
TDGS-JP040,スターダスト・ドラゴン,HR,single,,300000,2026-09-19,92520
TDGS-JP041,レッド・デーモンズ・ドラゴン,UL,single,130000,145000,2026-09-19,92522
TDPP-JP009,封印されしエクゾディア SE: ロゴ有り,,single,9800,,2026-09-19,193393
TDPP-JP011,マジシャン・オブ・ブラックカオス 25th,SE,single,38000,48800,2026-09-19,192505
TDPP-JP012,ゲート・ガーディアン 25th,SE,single,9000,11500,2026-09-19,192507
TDPP-JP013,トライホーン・ドラゴン UR: ロゴ有り,,single,4000,,2026-09-19,193374
TDPP-JP013,トライホーン・ドラゴン 25th,SE,single,,12800,2026-09-19,192509
TDPP-JP014,千年原人 25th,SE,single,12000,,2026-09-19,192511
TDPP-JP015,エビルナイト・ドラゴン 25th,SE,single,10000,15000,2026-09-19,192513
TDPP-JP016,ファイヤー・ウイング・ペガサス 25th,SE,single,10750,,2026-09-19,192515
TDPP-JP017,メテオ・ブラック・ドラゴン 25th,SE,single,,13000,2026-09-19,192517
TDPP-JP018,青眼の究極竜 25th,SE,single,25000,23800,2026-09-19,192519
TDPP-JP018,青眼の究極竜 SE: ロゴ有り,,single,9999,,2026-09-19,193387
TDS-JPP04,憑依装着－ウィン,SE,single,2500,,2026-09-14,192582
TG24/TG30,アセロラの予感,UR,single,,30000,2026-09-19,487836
TK03-JP001,トークン (闇遊戯),UR,single,,88888,2026-09-19,92815
TLM-JP005,ハネクリボー,UL,single,135000,,2026-09-19,92569
TLM-JP006,古代の機械巨人,UL,single,260000,228000,2026-09-19,92566
TLM-JP035,E・HERO フレイム・ウィングマン,UL,single,560000,350000,2026-09-19,92567
TRC1-JP000,青眼の白龍（初期イラスト）,HR,single,240000,220000,2026-09-19,92384
TRC1-JP001,ブラック・マジシャン EX-SE,,single,22000,42222,2026-09-19,238331
TSHD-JP040,ブラックフェザー・ドラゴン,UL,single,198000,255555,2026-09-19,92509
TSHD-JP044,カオス・ゴッデス－混沌の女神－,UL,single,25000,,2026-09-19,92508
TTP1-JP001,滅びの黒魔術師,PSE,single,,40000,2026-09-19,632393
TTP1-JP015,超魔導師-ブラック・マジシャンズ,PSE,single,,25000,2026-09-19,632413
TTP1-JP058,ウズヒメの御巫,PSE,single,20000,,2026-09-19,632478
TTPR-JP001,女剣士カナン 20th,SE,single,1300000,,2026-09-19,92486
UGM1-SEC3,孫悟飯：少年期,UR,single,,24000,2026-09-19,148630
UGM1-SEC4,孫悟空,UR,single,248000,178000,2026-09-19,148604
UGM10-063DA,ピッコロ：SH,SR,single,,11000,2026-09-19,146449
UGM10-GCP1,ブルマ,CP,single,22999,,2026-09-19,146470
UGM10-GCP2DA,チチ,CP,single,59999,,2026-09-19,146472
UGM10-LSEC,孫悟空,UR,single,45000,,2026-09-19,274802
UGM10-LSEC2,孫悟空 :GT,UR,single,40000,,2026-09-19,274803
UGM10-SEC,孫悟空,UR,single,38000,,2026-09-19,146456
UGM10-SEC3DA,孫悟空：少年期,UR,single,33000,,2026-09-19,146459
UGM10-SECLC,孫悟空,UR,single,55555,55555,2026-09-19,372321
UGM2-SEC,孫悟飯 :SH,UR,single,,20000,2026-09-19,151899
UGM2-SEC2,孫悟空,UR,single,,41800,2026-09-19,164203
UGM2-SEC3,セル,UR,single,30000,,2026-09-19,148645
UGM3-030,孫悟空 :GT,UR,single,60000,58800,2026-09-19,151902
UGM3-068,ベジット：ゼノ,UR,single,18000,,2026-09-19,151885
UGM3-CCP3,ゴジータ :GT,CP,single,,79000,2026-09-19,163857
UGM3-SEC,孫悟飯 :SH,UR,single,16000,14500,2026-09-19,151892
UGM3-SEC3,神龍,UR,single,68000,33000,2026-09-19,148650
UGM4-064,孫悟飯：SH,UR,single,,27777,2026-09-19,148647
UGM4-067,孫悟空 UR 開封済,プロモ,single,49500,42500,2026-09-19,148649
UGM4-GCP1,ブルマ,CP,single,37000,36200,2026-09-19,163697
UGM4-SEC,ベジット,UR,single,29800,44444,2026-09-19,148610
UGM4-SEC-DA,ベジット,UR,single,16999,,2026-09-19,274333
UGM4-SEC2,ゴテンクス,UR,single,,59999,2026-09-19,151896
UGM4-SECLC,ベジット,UR,single,,55555,2026-09-19,372318
UGM5-011DA,孫悟空,SR,single,38800,29000,2026-09-19,160834
UGM5-012DA,クリリン：少年期,C,single,16000,,2026-09-19,160836
UGM5-017,孫悟空,UR,single,6500,39999,2026-09-19,151894
UGM5-ASEC,孫悟空：少年期,UR,single,41500,37999,2026-09-19,160891
UGM5-ASEC-Pパラレル,孫悟空：少年期,UR,single,111111,115000,2026-09-19,148616
UGM5-CP6,ブロリー,CP,single,,30000,2026-09-19,160898
UGM5-SEC,孫悟飯：SH,UR,single,,39999,2026-09-19,151886
UGM5-SEC3,ベジット,UR,single,20000,,2026-09-19,160890
UGM6-041DA,ゴジータ：GT,UR,single,,19000,2026-09-19,160434
UGM6-052,孫悟空,UR,single,,10500,2026-09-19,160445
UGM6-ICP2,孫悟飯：GT,CP,single,,48200,2026-09-19,160472
UGM6-SEC2,孫悟空：GT,UR,single,60000,18500,2026-09-19,160463
UGM7-004DA,ベジータ,C,single,,60000,2026-09-19,159453
UGM7-015,孫悟空,UR,single,19000,,2026-09-19,159464
UGM7-018,ベジータ,UR,single,,60000,2026-09-19,159468
UGM7-SEC,孫悟空,UR,single,,20000,2026-09-19,159520
UGM7-SEC2,ブロリー,UR,single,,99000,2026-09-19,159521
UGM8-016DA,孫悟天,C,single,,14000,2026-09-19,159116
UGM8-035,ベジット,UR,single,,80000,2026-09-19,159136
UGM8-SEC,ベジット,UR,single,35000,,2026-09-19,159172
UGM8-SEC3,バーダック,UR,single,,49500,2026-09-19,159174
UGM8-SECLC,ベジット,UR,single,80000,69000,2026-09-19,372319
UGM9-035,魔人ブウ：悪,UR,single,,39999,2026-09-19,158742
UGM9-069,孫悟飯：少年期,UR,single,22000,,2026-09-19,158779
UGM9-SEC2,ベジット,UR,single,,49800,2026-09-19,148631
UGM9-SEC2LC,ベジット,UR,single,54800,52800,2026-09-19,372320
UGM9-SEC3,魔人ブウ：悪,UR,single,24000,,2026-09-19,158776
UGM9-SEC4,孫悟空：GT,UR,single,22222,48000,2026-09-19,158777
UM1-SEC,孫悟空,UR,single,39999,17000,2026-09-19,268662
UM10-012,孫悟空 :少年期,UR,single,,29900,2026-09-19,270882
UM10-012-DA,孫悟空 :少年期,UR,single,29800,29999,2026-09-19,274334
UM10-016,チチ :少女期,UR,single,,28000,2026-09-19,270886
UM10-SEC4,ベジット：ゼノ UR 開封済,プロモ,single,29999,23000,2026-09-19,148615
UM10-SEC5,ゴジータ：ゼノ UR 開封済,プロモ,single,28000,34999,2026-09-19,148624
UM11-SEC2,ゴジータ :UM,UR,single,33500,29999,2026-09-19,271025
UM12-SEC3,孫悟飯：少年期,UR,single,38000,32000,2026-09-19,148621
UM12-SEC4,ゴジータ :UM,UR,single,33333,24999,2026-09-19,271125
UM2-031,孫悟空,UR,single,,165000,2026-09-19,268695
UM4-043,孫悟空,UR,single,15000,,2026-09-19,268902
UM4-068,ベジット,UR,single,39000,,2026-09-19,268927
UM5-CP1,孫悟空,CP,single,,99999,2026-09-19,269018
UM5-CP3,ベジータ,CP,single,,75000,2026-09-19,269020
UM5-SEC,ベジット :ゼノ,UR,single,26999,,2026-09-19,269015
UM6-CP2,孫悟空 :BR,CP,single,45000,,2026-09-19,269156
UM7-022,ベジット,UR,single,,33000,2026-09-19,269206
UM7-049,ベジット :ゼノ,UR,single,,18999,2026-09-19,269233
UM7-SEC,孫悟空,UR,single,,5000,2026-09-19,269256
UM7-SEC2,孫悟飯 :青年期,UR,single,24444,36000,2026-09-19,269257
UM8-SEC,孫悟空,UR,single,38000,,2026-09-19,269388
UM8-SEC2,ゴジータ :ゼノ,UR,single,33500,19000,2026-09-19,269389
UM9-GTCP1,孫悟空 :GT,CP,single,50000,,2026-09-19,270724
UM9-SEC,孫悟空 :GT,UR,single,48000,52000,2026-09-19,270714
UMX-02,ベジータ :ゼノ -,,single,,9000,2026-09-19,281500
VJMP-JP037,オベリスクの巨神兵,UR,single,,64000,2026-09-19,598520
VJMP-JP046,ラーの翼神竜,UR,single,,67000,2026-09-19,598535
VJMP-JP064,オシリスの天空竜,UR,single,,69999,2026-09-19,598607
VJMP-JP080,青眼の白龍,UR,single,30000,90000,2026-09-19,598689
VP23-JP001,オシリスの天空竜,PSE,single,19999,22222,2026-09-19,835889
VP24-JP001,オベリスクの巨神兵 25th,SE,single,,14000,2026-09-19,274905
VP26-JP001,デーモンの召喚 PSE :オーバーフレーム,,single,16000,13700,2026-09-19,818861
VSMET/VSMET,鋼エネルギー :1ED,,single,,14700,2026-09-19,427961
W6S-JP001,真紅眼の闇竜,UL,single,370000,170000,2026-09-19,92763
W6S-JP002,ヴァンパイアジェネシス,UL,single,17999,,2026-09-19,92791
WCS-001,女剣士カナン,SR,single,300000,,2026-09-19,591129
WCS-EN403,千年原人,SR,single,,139999,2026-09-19,591140
WJMP-JP012,ブラック・マジシャン,UR,single,100000,90000,2026-09-19,598519
WJMP-JP018,マジマジ☆マジシャンギャル,UR,single,25555,25555,2026-09-19,598606
WP01-JP001,ラーの翼神竜 20th,SE,single,16800,12500,2026-09-19,594651
WPP1-JP000,デュナミス・ヴァルキリア,PSE,single,11000,,2026-09-19,536875
WPP4-JP066,ブラック・マジシャン・ガール 25th,SE,single,94000,95000,2026-09-19,140247
WPP5-JP000,アナザー・バース・ドラゴン 25th,SE,single,,13000,2026-09-19,401979
WPP6-JP035,天羽々斬之巳剣,PSE,single,,13000,2026-09-19,705463
XY-P/XY-P,ピカチュウ 20thアニバーサリーフェスタ,プロモ,single,1998000,2100000,2026-09-19,93123
XY-P/XY-P,ミュウ,プロモ,single,1500000,1580000,2026-09-19,91386
XY-P/XY-P,ギャラドス,プロモ,single,1200000,1100000,2026-09-19,91388
XY-P/XY-P,ミュウツーEX,プロモ,single,1080000,1080000,2026-09-19,91387
XY-P/XY-P,チャンピオンズフェスティバル 2016,プロモ,single,1070000,1299999,2026-09-19,91393
XY-P/XY-P,コイキング,P,single,970000,840000,2026-09-19,413552
XY-P/XY-P,ピカチュウ ワゴン,プロモ,single,708000,730000,2026-09-19,93125
XY-P/XY-P,コダック,プロモ,single,650000,750000,2026-09-19,91376
XY-P/XY-P,ゲッコウガ,プロモ,single,528000,465000,2026-09-19,91420
XY-P/XY-P,ピカチュウ ニコル,プロモ,single,400000,398000,2026-09-19,91406
XY-P/XY-P,ピッチのピカチュウ シュート,プロモ,single,369000,448888,2026-09-19,91426
XY-P/XY-P,ピッチのピカチュウ ドリブル,プロモ,single,315000,400000,2026-09-19,91427
XY-P/XY-P,コイキング,プロモ,single,225000,,2026-09-19,91398
XY-P/XY-P,チャンピオンズフェスティバル 2015,プロモ,single,198000,,2026-09-19,91392
XY-P/XY-P,ジムバッジ P :ミラー,プロモ,single,68000,129999,2026-09-19,413561
XY-P/XY-P,MガブリアスEX,P,single,63500,65000,2026-09-19,413484
XY-P/XY-P,MラグラージEX,P,single,59800,,2026-09-19,413470
XY-P/XY-P,ジムバッジ P :ミラー,プロモ,single,58000,60000,2026-09-19,413565
XY-P/XY-P,基本フェアリーエネルギー,P,single,50000,,2026-09-19,413541
XY-P/XY-P,エンペルトBREAK,P,single,49000,39800,2026-09-19,413478
XY-P/XY-P,MアブソルEX,P,single,47000,82000,2026-09-19,413467
XY-P/XY-P,クロバットBREAK,P,single,40000,40000,2026-09-19,413483
XY-P/XY-P,アブソルEX,P,single,36500,35000,2026-09-19,413466
XY-P/XY-P,フレア団のしたっぱ,P,single,36000,,2026-09-19,413453
XY-P/XY-P,ポケモンカードジムメダル,プロモ,single,24000,,2026-09-19,91378
XY-P/XY-P,ジムバッジ,P,single,23000,,2026-09-19,413505
XY-P/XY-P,みがわりロボ フレア団ギア,P,single,20980,98000,2026-09-19,413465
XY-P/XY-P,ジムバッジ,P,single,14900,,2026-09-19,413500
XY-P/XY-P,ジムバッジ,P,single,9900,,2026-09-19,413501
XY-P/XY-P,アブソル,P,single,9000,,2026-09-19,413486
XY-P/XY-P,基本雷エネルギー P :25thホロ,,single,,270000,2026-09-19,428849
XY-P/XY-P,ジムバッジ P :ミラー,プロモ,single,,150000,2026-09-19,413562
XY-P/XY-P,ジムバッジ P :ミラー,プロモ,single,,100000,2026-09-19,413568
XY-P/XY-P,基本炎エネルギー リザードンメガバトル,プロモ,single,,99800,2026-09-19,91417
YCPC-JP005,ブラック・マジシャン・ガール,M,single,,39800,2026-09-19,565896
YG04-JP001,E・HERO アブソルートZero,UR,single,,16000,2026-09-19,598516
YGOPR-JP001,光の創造神 ホルアクティ,UR,single,900000,1300000,2026-09-19,92756
YMAB-JP001,真エクゾディア 20th,SE,single,49980,,2026-09-19,92485
ギンガ,サンダーG,,single,62900,42000,2026-09-19,679986
ブラック・ホール1999年発売VOL.1-SR,ブラック・ホール 1999年発売vol.1,SR,single,,298000,2026-09-19,92664
ブラック・マジシャン1999年発売VOL.1-UR,ブラック・マジシャン 1999年発売vol.1,UR,single,350000,,2026-09-19,92662
ブラック・マジシャンVOL.1復刻パック-UR,ブラック・マジシャン Vol.1復刻パック,UR,single,49800,49800,2026-09-19,92866
暗黒騎士ガイア1999年発売VOL.1-UR,暗黒騎士ガイア 1999年発売vol.1,UR,single,,950000,2026-09-19,92663
開封済/開封済,ドン!!カード : ロビン&ウタ&ナミ&ハンコック スーパーパラレル,,single,36800,36880,2026-09-19,712256
開封済/開封済,ドン!!カード : ロビン&ウタ&ナミ&ハンコック,,single,9990,10000,2026-09-19,712255
開封済/開封済,ドン!!カード : 新四皇,,single,9500,8490,2026-09-19,744858
青眼の白龍海馬セット1枚-SE,青眼の白龍 海馬セット 1枚,SE,single,26800,26900,2026-09-19,92873
