画像URL,サムネURL
https://minnano-toreka.com/wp-content/uploads/2026/08/090-063-090-063-a0.jpg,https://minnano-toreka.com/wp-content/uploads/2026/08/090-063-090-063-a0-215x300.jpg
https://minnano-toreka.com/wp-content/uploads/2026/08/020-025-25th-020-025-a0.jpg,https://minnano-toreka.com/wp-content/uploads/2026/08/020-025-25th-020-025-a0-215x300.jpg
https://minnano-toreka.com/wp-content/uploads/2026/08/236-187-ex-236-187-a2.jpg,https://minnano-toreka.com/wp-content/uploads/2026/08/236-187-ex-236-187-a2-215x300.jpg
https://minnano-toreka.com/wp-content/uploads/2026/08/212-187-ex-212-187-a2.jpg,https://minnano-toreka.com/wp-content/uploads/2026/08/212-187-ex-212-187-a2-215x300.jpg
https://minnano-toreka.com/wp-content/uploads/2026/08/VSTAR-262-172-a0.jpg,https://minnano-toreka.com/wp-content/uploads/2026/08/VSTAR-262-172-a0-217x300.jpg
https://minnano-toreka.com/wp-content/uploads/2026/08/091-063-091-063-a0.jpg,https://minnano-toreka.com/wp-content/uploads/2026/08/091-063-091-063-a0-215x300.jpg
https://minnano-toreka.com/wp-content/uploads/2026/08/VMAX-085-070-a0.jpg,https://minnano-toreka.com/wp-content/uploads/2026/08/VMAX-085-070-a0-215x300.jpg
https://minnano-toreka.com/wp-content/uploads/2026/08/GX-064-049-a1.jpg,https://minnano-toreka.com/wp-content/uploads/2026/08/GX-064-049-a1-215x300.jpg
https://minnano-toreka.com/wp-content/uploads/2026/08/030-028-25th-030-028-a0.jpg,https://minnano-toreka.com/wp-content/uploads/2026/08/030-028-25th-030-028-a0-215x300.jpg
https://minnano-toreka.com/wp-content/uploads/2026/08/GX-063-049-a0.jpg,https://minnano-toreka.com/wp-content/uploads/2026/08/GX-063-049-a0-215x300.jpg
https://minnano-toreka.com/wp-content/uploads/2026/08/ex-240-193-a0.png,https://minnano-toreka.com/wp-content/uploads/2026/08/ex-240-193-a0-212x300.png
https://minnano-toreka.com/wp-content/uploads/2026/08/205-172-a0.jpg,https://minnano-toreka.com/wp-content/uploads/2026/08/205-172-a0-217x300.jpg
https://minnano-toreka.com/wp-content/uploads/2026/08/226-S-P-S-P-226-a0.jpg,https://minnano-toreka.com/wp-content/uploads/2026/08/226-S-P-S-P-226-a0-215x300.jpg
https://minnano-toreka.com/wp-content/uploads/2026/08/ps5-digital-edition-jp-only-front.webp,https://minnano-toreka.com/wp-content/uploads/2026/08/ps5-digital-edition-jp-only-front-300x300.webp
https://minnano-toreka.com/wp-content/uploads/2026/08/airpods-pro-3.webp,https://minnano-toreka.com/wp-content/uploads/2026/08/airpods-pro-3-300x300.webp
https://minnano-toreka.com/wp-content/uploads/2026/08/ps5-digital-edition-jp-only.webp,https://minnano-toreka.com/wp-content/uploads/2026/08/ps5-digital-edition-jp-only-300x300.webp
https://minnano-toreka.com/wp-content/uploads/2026/08/66968eb4.webp,https://minnano-toreka.com/wp-content/uploads/2026/08/66968eb4-254x300.webp
https://minnano-toreka.com/wp-content/uploads/2026/08/1BOX-a0.jpg,https://minnano-toreka.com/wp-content/uploads/2026/08/1BOX-a0-300x283.jpg
https://minnano-toreka.com/wp-content/uploads/2026/08/a863bb07-1.webp,https://minnano-toreka.com/wp-content/uploads/2026/08/a863bb07-1-260x300.webp
https://minnano-toreka.com/wp-content/uploads/2026/08/ex-349-190-a1.jpg,https://minnano-toreka.com/wp-content/uploads/2026/08/ex-349-190-a1-216x300.jpg
https://minnano-toreka.com/wp-content/uploads/2026/08/c9ca1865.webp,https://minnano-toreka.com/wp-content/uploads/2026/08/c9ca1865-212x300.webp
https://minnano-toreka.com/wp-content/uploads/2026/08/a8a8c062.webp,https://minnano-toreka.com/wp-content/uploads/2026/08/a8a8c062-210x300.webp
https://minnano-toreka.com/wp-content/uploads/2026/08/092-063-ex-092-063-a0.jpg,https://minnano-toreka.com/wp-content/uploads/2026/08/092-063-ex-092-063-a0-215x300.jpg
https://minnano-toreka.com/wp-content/uploads/2026/08/7bdfcbce.webp,https://minnano-toreka.com/wp-content/uploads/2026/08/7bdfcbce-217x300.webp
https://minnano-toreka.com/wp-content/uploads/2026/08/55709dad.webp,https://minnano-toreka.com/wp-content/uploads/2026/08/55709dad-213x300.webp
https://minnano-toreka.com/wp-content/uploads/2026/08/110-080-Xex-110-080-a0.jpg,https://minnano-toreka.com/wp-content/uploads/2026/08/110-080-Xex-110-080-a0-215x300.jpg
https://minnano-toreka.com/wp-content/uploads/2026/08/VMAX-093-069-a0.jpg,https://minnano-toreka.com/wp-content/uploads/2026/08/VMAX-093-069-a0-217x300.jpg
https://minnano-toreka.com/wp-content/uploads/2026/08/V-076-067-a0.jpg,https://minnano-toreka.com/wp-content/uploads/2026/08/V-076-067-a0-214x300.jpg
https://minnano-toreka.com/wp-content/uploads/2026/08/GX-098-094-a0.jpg,https://minnano-toreka.com/wp-content/uploads/2026/08/GX-098-094-a0-215x300.jpg
https://minnano-toreka.com/wp-content/uploads/2026/08/GX-101-095-a0.jpg,https://minnano-toreka.com/wp-content/uploads/2026/08/GX-101-095-a0-214x300.jpg
https://minnano-toreka.com/wp-content/uploads/2026/08/N-CHR-a0-1.jpg,https://minnano-toreka.com/wp-content/uploads/2026/08/N-CHR-a0-1-216x300.jpg
https://minnano-toreka.com/wp-content/uploads/2026/08/232-SV-P-P-a0.png,https://minnano-toreka.com/wp-content/uploads/2026/08/232-SV-P-P-a0-300x295.png
https://minnano-toreka.com/wp-content/uploads/2026/08/N-CHR-a0.jpg,https://minnano-toreka.com/wp-content/uploads/2026/08/N-CHR-a0-216x300.jpg
https://minnano-toreka.com/wp-content/uploads/2026/08/a1-14.jpg,https://minnano-toreka.com/wp-content/uploads/2026/08/a1-14-276x300.jpg
https://minnano-toreka.com/wp-content/uploads/2026/08/a4.jpg,https://minnano-toreka.com/wp-content/uploads/2026/08/a4-256x300.jpg
https://minnano-toreka.com/wp-content/uploads/2026/08/d13faac6.webp,https://minnano-toreka.com/wp-content/uploads/2026/08/d13faac6-117x300.webp
https://minnano-toreka.com/wp-content/uploads/2026/08/a1-13.jpg,https://minnano-toreka.com/wp-content/uploads/2026/08/a1-13-277x300.jpg
https://minnano-toreka.com/wp-content/uploads/2026/08/a1-12.jpg,https://minnano-toreka.com/wp-content/uploads/2026/08/a1-12-265x300.jpg
https://minnano-toreka.com/wp-content/uploads/2026/08/a1-11.jpg,https://minnano-toreka.com/wp-content/uploads/2026/08/a1-11-300x300.jpg
https://minnano-toreka.com/wp-content/uploads/2026/08/a1-10.jpg,https://minnano-toreka.com/wp-content/uploads/2026/08/a1-10-256x300.jpg
https://minnano-toreka.com/wp-content/uploads/2026/08/a1-9.jpg,https://minnano-toreka.com/wp-content/uploads/2026/08/a1-9-256x300.jpg
https://minnano-toreka.com/wp-content/uploads/2026/08/a0.png,https://minnano-toreka.com/wp-content/uploads/2026/08/a0-215x300.png
https://minnano-toreka.com/wp-content/uploads/2026/08/554e0f91.webp,https://minnano-toreka.com/wp-content/uploads/2026/08/554e0f91-296x300.webp
https://minnano-toreka.com/wp-content/uploads/2026/08/ex-a0.jpg,https://minnano-toreka.com/wp-content/uploads/2026/08/ex-a0-300x283.jpg
https://minnano-toreka.com/wp-content/uploads/2026/08/a0-4.jpg,https://minnano-toreka.com/wp-content/uploads/2026/08/a0-4-264x300.jpg
https://minnano-toreka.com/wp-content/uploads/2026/08/a863bb07.webp,https://minnano-toreka.com/wp-content/uploads/2026/08/a863bb07-260x300.webp
https://minnano-toreka.com/wp-content/uploads/2026/08/e176d51d.webp,https://minnano-toreka.com/wp-content/uploads/2026/08/e176d51d-215x300.webp
https://minnano-toreka.com/wp-content/uploads/2026/08/a1-8.jpg,https://minnano-toreka.com/wp-content/uploads/2026/08/a1-8-265x300.jpg
https://minnano-toreka.com/wp-content/uploads/2026/08/Pokemon-GO-a6.jpg,https://minnano-toreka.com/wp-content/uploads/2026/08/Pokemon-GO-a6-252x300.jpg
https://minnano-toreka.com/wp-content/uploads/2026/08/a1-7.jpg,https://minnano-toreka.com/wp-content/uploads/2026/08/a1-7-275x300.jpg
https://minnano-toreka.com/wp-content/uploads/2026/08/a3.jpg,https://minnano-toreka.com/wp-content/uploads/2026/08/a3-276x300.jpg
https://minnano-toreka.com/wp-content/uploads/2026/08/a0-3.jpg,https://minnano-toreka.com/wp-content/uploads/2026/08/a0-3-266x300.jpg
https://minnano-toreka.com/wp-content/uploads/2026/08/151-a16.jpg,https://minnano-toreka.com/wp-content/uploads/2026/08/151-a16-256x300.jpg
https://minnano-toreka.com/wp-content/uploads/2026/08/a1-6.jpg,https://minnano-toreka.com/wp-content/uploads/2026/08/a1-6-300x300.jpg
https://minnano-toreka.com/wp-content/uploads/2026/08/a0-2.jpg,https://minnano-toreka.com/wp-content/uploads/2026/08/a0-2-300x300.jpg
https://minnano-toreka.com/wp-content/uploads/2026/08/a1-5.jpg,https://minnano-toreka.com/wp-content/uploads/2026/08/a1-5-300x300.jpg
https://minnano-toreka.com/wp-content/uploads/2026/08/a1-4.jpg,https://minnano-toreka.com/wp-content/uploads/2026/08/a1-4-300x288.jpg
https://minnano-toreka.com/wp-content/uploads/2026/08/a1-3.jpg,https://minnano-toreka.com/wp-content/uploads/2026/08/a1-3-300x282.jpg
https://minnano-toreka.com/wp-content/uploads/2026/08/a1-2.jpg,https://minnano-toreka.com/wp-content/uploads/2026/08/a1-2-300x300.jpg
https://minnano-toreka.com/wp-content/uploads/2026/08/a1-1.jpg,https://minnano-toreka.com/wp-content/uploads/2026/08/a1-1-268x300.jpg
https://minnano-toreka.com/wp-content/uploads/2026/08/a0-1.jpg,https://minnano-toreka.com/wp-content/uploads/2026/08/a0-1-300x300.jpg
https://minnano-toreka.com/wp-content/uploads/2026/08/a0.jpg,https://minnano-toreka.com/wp-content/uploads/2026/08/a0-292x300.jpg
https://minnano-toreka.com/wp-content/uploads/2026/08/a1.jpg,https://minnano-toreka.com/wp-content/uploads/2026/08/a1-266x300.jpg
https://minnano-toreka.com/wp-content/uploads/2026/08/box-shinystarv-cr17174.jpg,https://minnano-toreka.com/wp-content/uploads/2026/08/box-shinystarv-cr17174-300x300.jpg
https://minnano-toreka.com/wp-content/uploads/2026/08/box-stellamiracle-cr58164.webp,https://minnano-toreka.com/wp-content/uploads/2026/08/box-stellamiracle-cr58164-255x300.webp
https://minnano-toreka.com/wp-content/uploads/2026/08/box-netsukaze-arena-sv9a.webp,https://minnano-toreka.com/wp-content/uploads/2026/08/box-netsukaze-arena-sv9a-257x300.webp
https://minnano-toreka.com/wp-content/uploads/2026/08/box-1731481695790706.webp,https://minnano-toreka.com/wp-content/uploads/2026/08/box-1731481695790706-256x300.webp
https://minnano-toreka.com/wp-content/uploads/2026/08/box-1731481703381919.webp,https://minnano-toreka.com/wp-content/uploads/2026/08/box-1731481703381919-257x300.webp
https://minnano-toreka.com/wp-content/uploads/2026/08/box-1731481764131690.webp,https://minnano-toreka.com/wp-content/uploads/2026/08/box-1731481764131690-264x300.webp
https://minnano-toreka.com/wp-content/uploads/2026/08/box-1731481797861767.webp,https://minnano-toreka.com/wp-content/uploads/2026/08/box-1731481797861767-277x300.webp
https://minnano-toreka.com/wp-content/uploads/2026/08/box-1731481695348179.webp,https://minnano-toreka.com/wp-content/uploads/2026/08/box-1731481695348179-255x300.webp
https://minnano-toreka.com/wp-content/uploads/2026/08/box-1731481766398199.webp,https://minnano-toreka.com/wp-content/uploads/2026/08/box-1731481766398199-269x300.webp
https://minnano-toreka.com/wp-content/uploads/2026/08/box-1731481762517075.webp,https://minnano-toreka.com/wp-content/uploads/2026/08/box-1731481762517075-266x300.webp
https://minnano-toreka.com/wp-content/uploads/2026/08/box-1731481719875267.webp,https://minnano-toreka.com/wp-content/uploads/2026/08/box-1731481719875267-256x300.webp
https://minnano-toreka.com/wp-content/uploads/2026/08/box-1731481688771756.webp,https://minnano-toreka.com/wp-content/uploads/2026/08/box-1731481688771756-266x300.webp
https://minnano-toreka.com/wp-content/uploads/2026/07/36b8a46f.webp,https://minnano-toreka.com/wp-content/uploads/2026/07/36b8a46f-215x300.webp
https://minnano-toreka.com/wp-content/uploads/2026/07/36258502.webp,https://minnano-toreka.com/wp-content/uploads/2026/07/36258502-217x300.webp
https://minnano-toreka.com/wp-content/uploads/2026/07/68520036.webp,https://minnano-toreka.com/wp-content/uploads/2026/07/68520036-215x300.webp
https://minnano-toreka.com/wp-content/uploads/2026/07/61e093c5.webp,https://minnano-toreka.com/wp-content/uploads/2026/07/61e093c5-209x300.webp
https://minnano-toreka.com/wp-content/uploads/2026/07/063-059-PSA10-a16.webp,https://minnano-toreka.com/wp-content/uploads/2026/07/063-059-PSA10-a16-217x300.webp
https://minnano-toreka.com/wp-content/uploads/2026/07/142-XY-P-PSA10-a127.webp,https://minnano-toreka.com/wp-content/uploads/2026/07/142-XY-P-PSA10-a127-214x300.webp
https://minnano-toreka.com/wp-content/uploads/2026/07/027-PLAY-PSA10-ex-a262.webp,https://minnano-toreka.com/wp-content/uploads/2026/07/027-PLAY-PSA10-ex-a262-214x300.webp
https://minnano-toreka.com/wp-content/uploads/2026/07/SWSH050-BGS10-V-a2179.webp,https://minnano-toreka.com/wp-content/uploads/2026/07/SWSH050-BGS10-V-a2179-211x300.webp
https://minnano-toreka.com/wp-content/uploads/2026/07/011-051-PSA10-GX-a2296.webp,https://minnano-toreka.com/wp-content/uploads/2026/07/011-051-PSA10-GX-a2296-215x300.webp
https://minnano-toreka.com/wp-content/uploads/2026/07/022-PLAY-PSA9-a2496.webp,https://minnano-toreka.com/wp-content/uploads/2026/07/022-PLAY-PSA9-a2496-215x300.webp
https://minnano-toreka.com/wp-content/uploads/2026/07/PSA-a2497.webp,https://minnano-toreka.com/wp-content/uploads/2026/07/PSA-a2497-212x300.webp
https://minnano-toreka.com/wp-content/uploads/2026/07/057-050-PSA10-GX-a2588.webp,https://minnano-toreka.com/wp-content/uploads/2026/07/057-050-PSA10-GX-a2588-214x300.webp
https://minnano-toreka.com/wp-content/uploads/2026/07/226-S-P-PSA10-a2739.webp,https://minnano-toreka.com/wp-content/uploads/2026/07/226-S-P-PSA10-a2739-215x300.webp
https://minnano-toreka.com/wp-content/uploads/2026/07/001-002-PSA8-a3065.webp,https://minnano-toreka.com/wp-content/uploads/2026/07/001-002-PSA8-a3065-213x300.webp
https://minnano-toreka.com/wp-content/uploads/2026/07/019-L-P-PSA10-a3149.webp,https://minnano-toreka.com/wp-content/uploads/2026/07/019-L-P-PSA10-a3149-211x300.webp
https://minnano-toreka.com/wp-content/uploads/2026/07/032-075-PSA9-a3232.webp,https://minnano-toreka.com/wp-content/uploads/2026/07/032-075-PSA9-a3232-215x300.webp
https://minnano-toreka.com/wp-content/uploads/2026/07/007-PLAY-PSA9-ex-a3554.webp,https://minnano-toreka.com/wp-content/uploads/2026/07/007-PLAY-PSA9-ex-a3554-215x300.webp
https://minnano-toreka.com/wp-content/uploads/2026/07/002-002-PSA10-a3571.webp,https://minnano-toreka.com/wp-content/uploads/2026/07/002-002-PSA10-a3571-215x300.webp
https://minnano-toreka.com/wp-content/uploads/2026/07/033-075-PSA9-a3694.webp,https://minnano-toreka.com/wp-content/uploads/2026/07/033-075-PSA9-a3694-212x300.webp
https://minnano-toreka.com/wp-content/uploads/2026/07/052-PCG-P-PSA10-ex-a3744.webp,https://minnano-toreka.com/wp-content/uploads/2026/07/052-PCG-P-PSA10-ex-a3744-213x300.webp
https://minnano-toreka.com/wp-content/uploads/2026/07/041-106-PSA10-ex-a3748.webp,https://minnano-toreka.com/wp-content/uploads/2026/07/041-106-PSA10-ex-a3748-215x300.webp
https://minnano-toreka.com/wp-content/uploads/2026/07/091-106-PSA10-ex-a4367.webp,https://minnano-toreka.com/wp-content/uploads/2026/07/091-106-PSA10-ex-a4367-213x300.webp
https://minnano-toreka.com/wp-content/uploads/2026/07/064-051-PSA9-GX-a4933.webp,https://minnano-toreka.com/wp-content/uploads/2026/07/064-051-PSA9-GX-a4933-215x300.webp
https://minnano-toreka.com/wp-content/uploads/2026/07/065-082-PSA10-a5091.webp,https://minnano-toreka.com/wp-content/uploads/2026/07/065-082-PSA10-a5091-213x300.webp
https://minnano-toreka.com/wp-content/uploads/2026/07/029-PLAY-PSA9-ex-a5220.webp,https://minnano-toreka.com/wp-content/uploads/2026/07/029-PLAY-PSA9-ex-a5220-214x300.webp
https://minnano-toreka.com/wp-content/uploads/2026/07/BGS8-5-a5352.webp,https://minnano-toreka.com/wp-content/uploads/2026/07/BGS8-5-a5352-213x300.webp
https://minnano-toreka.com/wp-content/uploads/2026/07/067-082-PSA10-a6063.webp,https://minnano-toreka.com/wp-content/uploads/2026/07/067-082-PSA10-a6063-212x300.webp
https://minnano-toreka.com/wp-content/uploads/2026/07/119-114-ARS10-a6068.webp,https://minnano-toreka.com/wp-content/uploads/2026/07/119-114-ARS10-a6068-215x300.webp
https://minnano-toreka.com/wp-content/uploads/2026/07/395-SM-P-PSA10-a6070.webp,https://minnano-toreka.com/wp-content/uploads/2026/07/395-SM-P-PSA10-a6070-215x300.webp
https://minnano-toreka.com/wp-content/uploads/2026/07/PSA7-a25665.webp,https://minnano-toreka.com/wp-content/uploads/2026/07/PSA7-a25665-300x300.webp
https://minnano-toreka.com/wp-content/uploads/2026/07/052-PCG-P-PSA9-ex-a25666.webp,https://minnano-toreka.com/wp-content/uploads/2026/07/052-PCG-P-PSA9-ex-a25666-300x300.webp
https://minnano-toreka.com/wp-content/uploads/2026/07/PSA10-a25796.webp,https://minnano-toreka.com/wp-content/uploads/2026/07/PSA10-a25796-216x300.webp
https://minnano-toreka.com/wp-content/uploads/2026/07/2-a25754.webp,https://minnano-toreka.com/wp-content/uploads/2026/07/2-a25754-216x300.webp
https://minnano-toreka.com/wp-content/uploads/2026/07/5-a25758.webp,https://minnano-toreka.com/wp-content/uploads/2026/07/5-a25758-225x300.webp
https://minnano-toreka.com/wp-content/uploads/2026/07/a25736.webp,https://minnano-toreka.com/wp-content/uploads/2026/07/a25736-216x300.webp
https://minnano-toreka.com/wp-content/uploads/2026/07/a25977.webp,https://minnano-toreka.com/wp-content/uploads/2026/07/a25977-216x300.webp
https://minnano-toreka.com/wp-content/uploads/2026/07/PSA10-a25890.webp,https://minnano-toreka.com/wp-content/uploads/2026/07/PSA10-a25890-216x300.webp
https://minnano-toreka.com/wp-content/uploads/2026/07/PSA10-a25894.webp,https://minnano-toreka.com/wp-content/uploads/2026/07/PSA10-a25894-215x300.webp
https://minnano-toreka.com/wp-content/uploads/2026/07/PSA10-a25928.webp,https://minnano-toreka.com/wp-content/uploads/2026/07/PSA10-a25928-214x300.webp
https://minnano-toreka.com/wp-content/uploads/2026/07/PSA10-a25932.webp,https://minnano-toreka.com/wp-content/uploads/2026/07/PSA10-a25932-215x300.webp
https://minnano-toreka.com/wp-content/uploads/2026/07/PSA10-a25939.webp,https://minnano-toreka.com/wp-content/uploads/2026/07/PSA10-a25939-215x300.webp
https://minnano-toreka.com/wp-content/uploads/2026/07/PSA10-a25992.webp,https://minnano-toreka.com/wp-content/uploads/2026/07/PSA10-a25992-216x300.webp
https://minnano-toreka.com/wp-content/uploads/2026/07/4f4a82d2.webp,https://minnano-toreka.com/wp-content/uploads/2026/07/4f4a82d2-217x300.webp
https://minnano-toreka.com/wp-content/uploads/2026/07/45f2e5bc.webp,https://minnano-toreka.com/wp-content/uploads/2026/07/45f2e5bc-212x300.webp
https://minnano-toreka.com/wp-content/uploads/2026/07/a383a669.webp,https://minnano-toreka.com/wp-content/uploads/2026/07/a383a669-212x300.webp
https://minnano-toreka.com/wp-content/uploads/2026/07/9ed7d1c8.webp,https://minnano-toreka.com/wp-content/uploads/2026/07/9ed7d1c8-215x300.webp
https://minnano-toreka.com/wp-content/uploads/2026/07/11675055.webp,https://minnano-toreka.com/wp-content/uploads/2026/07/11675055-215x300.webp
https://minnano-toreka.com/wp-content/uploads/2026/07/199-193-a0.png,https://minnano-toreka.com/wp-content/uploads/2026/07/199-193-a0-212x300.png
https://minnano-toreka.com/wp-content/uploads/2026/07/e4f2a54b.webp,https://minnano-toreka.com/wp-content/uploads/2026/07/e4f2a54b-216x300.webp
https://minnano-toreka.com/wp-content/uploads/2026/07/daaa313c.webp,https://minnano-toreka.com/wp-content/uploads/2026/07/daaa313c-211x300.webp
https://minnano-toreka.com/wp-content/uploads/2026/07/a16747-1.webp,https://minnano-toreka.com/wp-content/uploads/2026/07/a16747-1-216x300.webp
https://minnano-toreka.com/wp-content/uploads/2026/07/a16681-1.webp,https://minnano-toreka.com/wp-content/uploads/2026/07/a16681-1-215x300.webp
https://minnano-toreka.com/wp-content/uploads/2026/07/a16673-1.webp,https://minnano-toreka.com/wp-content/uploads/2026/07/a16673-1-215x300.webp
https://minnano-toreka.com/wp-content/uploads/2026/07/0bd37069.webp,https://minnano-toreka.com/wp-content/uploads/2026/07/0bd37069-214x300.webp
https://minnano-toreka.com/wp-content/uploads/2026/07/93d57008.webp,https://minnano-toreka.com/wp-content/uploads/2026/07/93d57008-208x300.webp
https://minnano-toreka.com/wp-content/uploads/2026/07/f8845c25.webp,https://minnano-toreka.com/wp-content/uploads/2026/07/f8845c25-300x300.webp
https://minnano-toreka.com/wp-content/uploads/2026/07/8071d6a9.webp,https://minnano-toreka.com/wp-content/uploads/2026/07/8071d6a9-216x300.webp
https://minnano-toreka.com/wp-content/uploads/2026/07/d843be07.webp,https://minnano-toreka.com/wp-content/uploads/2026/07/d843be07-215x300.webp
https://minnano-toreka.com/wp-content/uploads/2026/07/5df3c60b.webp,https://minnano-toreka.com/wp-content/uploads/2026/07/5df3c60b-216x300.webp
https://minnano-toreka.com/wp-content/uploads/2026/07/c83ea3a4.webp,https://minnano-toreka.com/wp-content/uploads/2026/07/c83ea3a4-215x300.webp
https://minnano-toreka.com/wp-content/uploads/2026/07/daee3dc7.webp,https://minnano-toreka.com/wp-content/uploads/2026/07/daee3dc7-216x300.webp
https://minnano-toreka.com/wp-content/uploads/2026/07/420edef5.webp,https://minnano-toreka.com/wp-content/uploads/2026/07/420edef5-209x300.webp
https://minnano-toreka.com/wp-content/uploads/2026/07/13443c53.webp,https://minnano-toreka.com/wp-content/uploads/2026/07/13443c53-213x300.webp
https://minnano-toreka.com/wp-content/uploads/2026/07/EX-223-193-a0.png,https://minnano-toreka.com/wp-content/uploads/2026/07/EX-223-193-a0-211x300.png
https://minnano-toreka.com/wp-content/uploads/2026/07/289-SV-P-a0-1.png,https://minnano-toreka.com/wp-content/uploads/2026/07/289-SV-P-a0-1-214x300.png
https://minnano-toreka.com/wp-content/uploads/2026/07/289-SV-P-a0.png,https://minnano-toreka.com/wp-content/uploads/2026/07/289-SV-P-a0-214x300.png
https://minnano-toreka.com/wp-content/uploads/2026/07/ex-234-193-a0-1.png,https://minnano-toreka.com/wp-content/uploads/2026/07/ex-234-193-a0-1-217x300.png
https://minnano-toreka.com/wp-content/uploads/2026/07/ex-234-193-a0.png,https://minnano-toreka.com/wp-content/uploads/2026/07/ex-234-193-a0-217x300.png
https://minnano-toreka.com/wp-content/uploads/2026/07/1-a0-2.png,https://minnano-toreka.com/wp-content/uploads/2026/07/1-a0-2-150x300.png
https://minnano-toreka.com/wp-content/uploads/2026/07/N-210-193-a0.png,https://minnano-toreka.com/wp-content/uploads/2026/07/N-210-193-a0-209x300.png
https://minnano-toreka.com/wp-content/uploads/2026/07/OP03-024_crushop-a19467.webp,https://minnano-toreka.com/wp-content/uploads/2026/07/OP03-024_crushop-a19467-215x300.webp
https://minnano-toreka.com/wp-content/uploads/2026/07/EB03-003_crushop-a25453.webp,https://minnano-toreka.com/wp-content/uploads/2026/07/EB03-003_crushop-a25453-215x300.webp
https://minnano-toreka.com/wp-content/uploads/2026/07/EB03-026_crushop-a25535.webp,https://minnano-toreka.com/wp-content/uploads/2026/07/EB03-026_crushop-a25535-215x300.webp
https://minnano-toreka.com/wp-content/uploads/2026/07/EB03-055_crushop-a25537.webp,https://minnano-toreka.com/wp-content/uploads/2026/07/EB03-055_crushop-a25537-215x300.webp
https://minnano-toreka.com/wp-content/uploads/2026/07/EB03-024_crushop-a25538.webp,https://minnano-toreka.com/wp-content/uploads/2026/07/EB03-024_crushop-a25538-215x300.webp
https://minnano-toreka.com/wp-content/uploads/2026/07/EB03-045_crushop-a25540.webp,https://minnano-toreka.com/wp-content/uploads/2026/07/EB03-045_crushop-a25540-215x300.webp
https://minnano-toreka.com/wp-content/uploads/2026/07/EB03-018_crushop-a25543.webp,https://minnano-toreka.com/wp-content/uploads/2026/07/EB03-018_crushop-a25543-215x300.webp
https://minnano-toreka.com/wp-content/uploads/2026/07/EB04-061_crushop-a25742.webp,https://minnano-toreka.com/wp-content/uploads/2026/07/EB04-061_crushop-a25742-215x300.webp
https://minnano-toreka.com/wp-content/uploads/2026/07/OP13-118_crushop-a25991.webp,https://minnano-toreka.com/wp-content/uploads/2026/07/OP13-118_crushop-a25991-215x300.webp
https://minnano-toreka.com/wp-content/uploads/2026/07/011-108_crush-a81.webp,https://minnano-toreka.com/wp-content/uploads/2026/07/011-108_crush-a81-216x300.webp
https://minnano-toreka.com/wp-content/uploads/2026/07/015-108_crush-a266.webp,https://minnano-toreka.com/wp-content/uploads/2026/07/015-108_crush-a266-213x300.webp
https://minnano-toreka.com/wp-content/uploads/2026/07/045-L-P_crush-a557.webp,https://minnano-toreka.com/wp-content/uploads/2026/07/045-L-P_crush-a557-213x300.webp
https://minnano-toreka.com/wp-content/uploads/2026/07/061-DP-P_crush-a786.webp,https://minnano-toreka.com/wp-content/uploads/2026/07/061-DP-P_crush-a786-178x300.webp
https://minnano-toreka.com/wp-content/uploads/2026/07/011-015_crush-a1281.webp,https://minnano-toreka.com/wp-content/uploads/2026/07/011-015_crush-a1281-178x300.webp
https://minnano-toreka.com/wp-content/uploads/2026/07/088-090_crush-a1529.webp,https://minnano-toreka.com/wp-content/uploads/2026/07/088-090_crush-a1529-178x300.webp
https://minnano-toreka.com/wp-content/uploads/2026/07/005-L-P_crush-a1656.webp,https://minnano-toreka.com/wp-content/uploads/2026/07/005-L-P_crush-a1656-215x300.webp
https://minnano-toreka.com/wp-content/uploads/2026/07/005-092_crush-a1697.webp,https://minnano-toreka.com/wp-content/uploads/2026/07/005-092_crush-a1697-178x300.webp
https://minnano-toreka.com/wp-content/uploads/2026/07/076-DP-P_crush-a1776.webp,https://minnano-toreka.com/wp-content/uploads/2026/07/076-DP-P_crush-a1776-215x300.webp
https://minnano-toreka.com/wp-content/uploads/2026/07/005-092_crush-a1819.webp,https://minnano-toreka.com/wp-content/uploads/2026/07/005-092_crush-a1819-178x300.webp
https://minnano-toreka.com/wp-content/uploads/2026/07/011-108_crush-a1961.webp,https://minnano-toreka.com/wp-content/uploads/2026/07/011-108_crush-a1961-216x300.webp
https://minnano-toreka.com/wp-content/uploads/2026/07/065-L-P_crush-a1986.webp,https://minnano-toreka.com/wp-content/uploads/2026/07/065-L-P_crush-a1986-215x300.webp
https://minnano-toreka.com/wp-content/uploads/2026/07/011-108_crush-a1995.webp,https://minnano-toreka.com/wp-content/uploads/2026/07/011-108_crush-a1995-216x300.webp
https://minnano-toreka.com/wp-content/uploads/2026/07/005-L-P_crush-a2032.webp,https://minnano-toreka.com/wp-content/uploads/2026/07/005-L-P_crush-a2032-215x300.webp
https://minnano-toreka.com/wp-content/uploads/2026/07/011-108_crush-a2125.webp,https://minnano-toreka.com/wp-content/uploads/2026/07/011-108_crush-a2125-216x300.webp
https://minnano-toreka.com/wp-content/uploads/2026/07/004-016_crush-a2194.webp,https://minnano-toreka.com/wp-content/uploads/2026/07/004-016_crush-a2194-202x300.webp
https://minnano-toreka.com/wp-content/uploads/2026/07/015-108_crush-a2510.webp,https://minnano-toreka.com/wp-content/uploads/2026/07/015-108_crush-a2510-213x300.webp
https://minnano-toreka.com/wp-content/uploads/2026/07/015-108_crush-a2512.webp,https://minnano-toreka.com/wp-content/uploads/2026/07/015-108_crush-a2512-213x300.webp
https://minnano-toreka.com/wp-content/uploads/2026/07/025-096_crush-a2571.webp,https://minnano-toreka.com/wp-content/uploads/2026/07/025-096_crush-a2571-178x300.webp
https://minnano-toreka.com/wp-content/uploads/2026/07/026-092_crush-a2613.webp,https://minnano-toreka.com/wp-content/uploads/2026/07/026-092_crush-a2613-215x300.webp
https://minnano-toreka.com/wp-content/uploads/2026/07/026-092_crush-a2624.webp,https://minnano-toreka.com/wp-content/uploads/2026/07/026-092_crush-a2624-215x300.webp
https://minnano-toreka.com/wp-content/uploads/2026/07/026-092_crush-a2682.webp,https://minnano-toreka.com/wp-content/uploads/2026/07/026-092_crush-a2682-215x300.webp
https://minnano-toreka.com/wp-content/uploads/2026/07/003-010_crush-a2689.webp,https://minnano-toreka.com/wp-content/uploads/2026/07/003-010_crush-a2689-178x300.webp
https://minnano-toreka.com/wp-content/uploads/2026/07/078-DP-P_crush-a2747.webp,https://minnano-toreka.com/wp-content/uploads/2026/07/078-DP-P_crush-a2747-215x300.webp
https://minnano-toreka.com/wp-content/uploads/2026/07/020-092_crush-a2851.webp,https://minnano-toreka.com/wp-content/uploads/2026/07/020-092_crush-a2851-178x300.webp
https://minnano-toreka.com/wp-content/uploads/2026/07/025-096_crush-a2885.webp,https://minnano-toreka.com/wp-content/uploads/2026/07/025-096_crush-a2885-178x300.webp
https://minnano-toreka.com/wp-content/uploads/2026/07/027-108_crush-a3018.webp,https://minnano-toreka.com/wp-content/uploads/2026/07/027-108_crush-a3018-212x300.webp
https://minnano-toreka.com/wp-content/uploads/2026/07/027-108_crush-a3020.webp,https://minnano-toreka.com/wp-content/uploads/2026/07/027-108_crush-a3020-212x300.webp
https://minnano-toreka.com/wp-content/uploads/2026/07/026-092_crush-a3147.webp,https://minnano-toreka.com/wp-content/uploads/2026/07/026-092_crush-a3147-215x300.webp
https://minnano-toreka.com/wp-content/uploads/2026/07/112-DP-P_crush-a3223.webp,https://minnano-toreka.com/wp-content/uploads/2026/07/112-DP-P_crush-a3223-178x300.webp
https://minnano-toreka.com/wp-content/uploads/2026/07/026-092_crush-a3470.webp,https://minnano-toreka.com/wp-content/uploads/2026/07/026-092_crush-a3470-215x300.webp
https://minnano-toreka.com/wp-content/uploads/2026/07/039-090_crush-a3549.webp,https://minnano-toreka.com/wp-content/uploads/2026/07/039-090_crush-a3549-178x300.webp
https://minnano-toreka.com/wp-content/uploads/2026/07/006-011_crush-a4270.webp,https://minnano-toreka.com/wp-content/uploads/2026/07/006-011_crush-a4270-178x300.webp
https://minnano-toreka.com/wp-content/uploads/2026/07/056-108_crush-a4649.webp,https://minnano-toreka.com/wp-content/uploads/2026/07/056-108_crush-a4649-215x300.webp
https://minnano-toreka.com/wp-content/uploads/2026/07/107-DP-P_crush-a4825.webp,https://minnano-toreka.com/wp-content/uploads/2026/07/107-DP-P_crush-a4825-215x300.webp
https://minnano-toreka.com/wp-content/uploads/2026/07/058-DP-P_crush-a5181.webp,https://minnano-toreka.com/wp-content/uploads/2026/07/058-DP-P_crush-a5181-215x300.webp
https://minnano-toreka.com/wp-content/uploads/2026/07/062-092_crush-a5201.webp,https://minnano-toreka.com/wp-content/uploads/2026/07/062-092_crush-a5201-212x300.webp
https://minnano-toreka.com/wp-content/uploads/2026/07/125-DP-P_crush-a5203.webp,https://minnano-toreka.com/wp-content/uploads/2026/07/125-DP-P_crush-a5203-215x300.webp
https://minnano-toreka.com/wp-content/uploads/2026/07/127-DP-P_crush-a5225.webp,https://minnano-toreka.com/wp-content/uploads/2026/07/127-DP-P_crush-a5225-212x300.webp
https://minnano-toreka.com/wp-content/uploads/2026/07/111-DP-P_crush-a5321.webp,https://minnano-toreka.com/wp-content/uploads/2026/07/111-DP-P_crush-a5321-178x300.webp
https://minnano-toreka.com/wp-content/uploads/2026/07/080-092_crush-a5337.webp,https://minnano-toreka.com/wp-content/uploads/2026/07/080-092_crush-a5337-215x300.webp
https://minnano-toreka.com/wp-content/uploads/2026/07/021-022_crush-a5347.webp,https://minnano-toreka.com/wp-content/uploads/2026/07/021-022_crush-a5347-178x300.webp
https://minnano-toreka.com/wp-content/uploads/2026/07/115-DP-P_crush-a5370.webp,https://minnano-toreka.com/wp-content/uploads/2026/07/115-DP-P_crush-a5370-211x300.webp
https://minnano-toreka.com/wp-content/uploads/2026/07/062-092_crush-a5448.webp,https://minnano-toreka.com/wp-content/uploads/2026/07/062-092_crush-a5448-212x300.webp
https://minnano-toreka.com/wp-content/uploads/2026/07/080-092_crush-a5541.webp,https://minnano-toreka.com/wp-content/uploads/2026/07/080-092_crush-a5541-215x300.webp
https://minnano-toreka.com/wp-content/uploads/2026/07/012-012_crush-a5578.webp,https://minnano-toreka.com/wp-content/uploads/2026/07/012-012_crush-a5578-212x300.webp
https://minnano-toreka.com/wp-content/uploads/2026/07/012-012_crush-a5592.webp,https://minnano-toreka.com/wp-content/uploads/2026/07/012-012_crush-a5592-212x300.webp
https://minnano-toreka.com/wp-content/uploads/2026/07/057-L-P_crush-a5599.webp,https://minnano-toreka.com/wp-content/uploads/2026/07/057-L-P_crush-a5599-214x300.webp
https://minnano-toreka.com/wp-content/uploads/2026/07/051-DPT-P_crush-a5603.webp,https://minnano-toreka.com/wp-content/uploads/2026/07/051-DPT-P_crush-a5603-214x300.webp
https://minnano-toreka.com/wp-content/uploads/2026/07/153-BW-P_crush-a5617.webp,https://minnano-toreka.com/wp-content/uploads/2026/07/153-BW-P_crush-a5617-150x150.webp
https://minnano-toreka.com/wp-content/uploads/2026/07/031-DPT-P_crush-a5625.webp,https://minnano-toreka.com/wp-content/uploads/2026/07/031-DPT-P_crush-a5625-214x300.webp
https://minnano-toreka.com/wp-content/uploads/2026/07/051-DPT-P_crush-a5628.webp,https://minnano-toreka.com/wp-content/uploads/2026/07/051-DPT-P_crush-a5628-214x300.webp
https://minnano-toreka.com/wp-content/uploads/2026/07/019-DPT-P_crush-a5711.webp,https://minnano-toreka.com/wp-content/uploads/2026/07/019-DPT-P_crush-a5711-215x300.webp
https://minnano-toreka.com/wp-content/uploads/2026/07/044-DPT-P_crush-a5727.webp,https://minnano-toreka.com/wp-content/uploads/2026/07/044-DPT-P_crush-a5727-216x300.webp
https://minnano-toreka.com/wp-content/uploads/2026/07/021-DPT-P_crush-a16610.webp,https://minnano-toreka.com/wp-content/uploads/2026/07/021-DPT-P_crush-a16610-214x300.webp
https://minnano-toreka.com/wp-content/uploads/2026/07/153-BW-P_crush-a17322.webp,https://minnano-toreka.com/wp-content/uploads/2026/07/153-BW-P_crush-a17322-150x150.webp
https://minnano-toreka.com/wp-content/uploads/2026/07/048-DP-P_crush-a25673.webp,https://minnano-toreka.com/wp-content/uploads/2026/07/048-DP-P_crush-a25673-215x300.webp
https://minnano-toreka.com/wp-content/uploads/2026/07/183-171_pcg-a6.webp,https://minnano-toreka.com/wp-content/uploads/2026/07/183-171_pcg-a6-215x300.webp
https://minnano-toreka.com/wp-content/uploads/2026/07/064-059_pcg-a9.webp,https://minnano-toreka.com/wp-content/uploads/2026/07/064-059_pcg-a9-215x300.webp
https://minnano-toreka.com/wp-content/uploads/2026/07/102-096_pcg-a11.webp,https://minnano-toreka.com/wp-content/uploads/2026/07/102-096_pcg-a11-215x300.webp
https://minnano-toreka.com/wp-content/uploads/2026/07/099-087_pcg-a12.webp,https://minnano-toreka.com/wp-content/uploads/2026/07/099-087_pcg-a12-215x300.webp
https://minnano-toreka.com/wp-content/uploads/2026/07/183-171_pcg-a14.webp,https://minnano-toreka.com/wp-content/uploads/2026/07/183-171_pcg-a14-215x300.webp
https://minnano-toreka.com/wp-content/uploads/2026/07/183-171_pcg-a17.webp,https://minnano-toreka.com/wp-content/uploads/2026/07/183-171_pcg-a17-215x300.webp
https://minnano-toreka.com/wp-content/uploads/2026/07/183-171_pcg-a19.webp,https://minnano-toreka.com/wp-content/uploads/2026/07/183-171_pcg-a19-215x300.webp
https://minnano-toreka.com/wp-content/uploads/2026/07/112-108_pcg-a46.webp,https://minnano-toreka.com/wp-content/uploads/2026/07/112-108_pcg-a46-215x300.webp
https://minnano-toreka.com/wp-content/uploads/2026/07/149-165_pcg-a51.webp,https://minnano-toreka.com/wp-content/uploads/2026/07/149-165_pcg-a51-215x300.webp
https://minnano-toreka.com/wp-content/uploads/2026/07/071-068_pcg-a57.webp,https://minnano-toreka.com/wp-content/uploads/2026/07/071-068_pcg-a57-215x300.webp
https://minnano-toreka.com/wp-content/uploads/2026/07/088-165_pcg-a69.webp,https://minnano-toreka.com/wp-content/uploads/2026/07/088-165_pcg-a69-215x300.webp
https://minnano-toreka.com/wp-content/uploads/2026/07/063-165_pcg-a70.webp,https://minnano-toreka.com/wp-content/uploads/2026/07/063-165_pcg-a70-215x300.webp
https://minnano-toreka.com/wp-content/uploads/2026/07/011-108_pcg-a81.webp,https://minnano-toreka.com/wp-content/uploads/2026/07/011-108_pcg-a81-150x150.webp
https://minnano-toreka.com/wp-content/uploads/2026/07/093-081_pcg-a89.webp,https://minnano-toreka.com/wp-content/uploads/2026/07/093-081_pcg-a89-215x300.webp
https://minnano-toreka.com/wp-content/uploads/2026/07/091-087_pcg-a106.webp,https://minnano-toreka.com/wp-content/uploads/2026/07/091-087_pcg-a106-215x300.webp
https://minnano-toreka.com/wp-content/uploads/2026/07/042-048_pcg-a107.webp,https://minnano-toreka.com/wp-content/uploads/2026/07/042-048_pcg-a107-215x300.webp
https://minnano-toreka.com/wp-content/uploads/2026/07/243-S-P_pcg-a108.webp,https://minnano-toreka.com/wp-content/uploads/2026/07/243-S-P_pcg-a108-215x300.webp
https://minnano-toreka.com/wp-content/uploads/2026/07/091-087_pcg-a109.webp,https://minnano-toreka.com/wp-content/uploads/2026/07/091-087_pcg-a109-215x300.webp
https://minnano-toreka.com/wp-content/uploads/2026/07/186-S-P_pcg-a112.webp,https://minnano-toreka.com/wp-content/uploads/2026/07/186-S-P_pcg-a112-215x300.webp
https://minnano-toreka.com/wp-content/uploads/2026/07/173-172_pcg-a116.webp,https://minnano-toreka.com/wp-content/uploads/2026/07/173-172_pcg-a116-215x300.webp
https://minnano-toreka.com/wp-content/uploads/2026/07/069-165_pcg-a118.webp,https://minnano-toreka.com/wp-content/uploads/2026/07/069-165_pcg-a118-215x300.webp
https://minnano-toreka.com/wp-content/uploads/2026/07/041-048_pcg-a133.webp,https://minnano-toreka.com/wp-content/uploads/2026/07/041-048_pcg-a133-215x300.webp
https://minnano-toreka.com/wp-content/uploads/2026/07/155-150_pcg-a136.webp,https://minnano-toreka.com/wp-content/uploads/2026/07/155-150_pcg-a136-215x300.webp
https://minnano-toreka.com/wp-content/uploads/2026/07/160-150_pcg-a157.webp,https://minnano-toreka.com/wp-content/uploads/2026/07/160-150_pcg-a157-215x300.webp
https://minnano-toreka.com/wp-content/uploads/2026/07/155-150_pcg-a158.webp,https://minnano-toreka.com/wp-content/uploads/2026/07/155-150_pcg-a158-215x300.webp
https://minnano-toreka.com/wp-content/uploads/2026/07/158-150_pcg-a168.webp,https://minnano-toreka.com/wp-content/uploads/2026/07/158-150_pcg-a168-215x300.webp
https://minnano-toreka.com/wp-content/uploads/2026/07/246-XY-P_pcg-a171.webp,https://minnano-toreka.com/wp-content/uploads/2026/07/246-XY-P_pcg-a171-215x300.webp
https://minnano-toreka.com/wp-content/uploads/2026/07/058-054_pcg-a172.webp,https://minnano-toreka.com/wp-content/uploads/2026/07/058-054_pcg-a172-215x300.webp
https://minnano-toreka.com/wp-content/uploads/2026/07/101-096_pcg-a177.webp,https://minnano-toreka.com/wp-content/uploads/2026/07/101-096_pcg-a177-215x300.webp
https://minnano-toreka.com/wp-content/uploads/2026/07/182-171_pcg-a183.webp,https://minnano-toreka.com/wp-content/uploads/2026/07/182-171_pcg-a183-215x300.webp
https://minnano-toreka.com/wp-content/uploads/2026/07/186-171_pcg-a186.webp,https://minnano-toreka.com/wp-content/uploads/2026/07/186-171_pcg-a186-215x300.webp
https://minnano-toreka.com/wp-content/uploads/2026/07/095-088_pcg-a187.webp,https://minnano-toreka.com/wp-content/uploads/2026/07/095-088_pcg-a187-215x300.webp
https://minnano-toreka.com/wp-content/uploads/2026/07/053-SM-P_pcg-a190.webp,https://minnano-toreka.com/wp-content/uploads/2026/07/053-SM-P_pcg-a190-215x300.webp
https://minnano-toreka.com/wp-content/uploads/2026/07/064-059_pcg-a191.webp,https://minnano-toreka.com/wp-content/uploads/2026/07/064-059_pcg-a191-215x300.webp
https://minnano-toreka.com/wp-content/uploads/2026/07/059-053_pcg-a200.webp,https://minnano-toreka.com/wp-content/uploads/2026/07/059-053_pcg-a200-215x300.webp
https://minnano-toreka.com/wp-content/uploads/2026/07/038-092_pcg-a218.webp,https://minnano-toreka.com/wp-content/uploads/2026/07/038-092_pcg-a218-150x150.webp
https://minnano-toreka.com/wp-content/uploads/2026/07/085-SV-P_pcg-a221.webp,https://minnano-toreka.com/wp-content/uploads/2026/07/085-SV-P_pcg-a221-215x300.webp
https://minnano-toreka.com/wp-content/uploads/2026/07/038-092_pcg-a223.webp,https://minnano-toreka.com/wp-content/uploads/2026/07/038-092_pcg-a223-150x150.webp
https://minnano-toreka.com/wp-content/uploads/2026/07/005-SM-P_pcg-a224.webp,https://minnano-toreka.com/wp-content/uploads/2026/07/005-SM-P_pcg-a224-215x300.webp
https://minnano-toreka.com/wp-content/uploads/2026/07/034-070_pcg-a225.webp,https://minnano-toreka.com/wp-content/uploads/2026/07/034-070_pcg-a225-216x300.webp
https://minnano-toreka.com/wp-content/uploads/2026/07/043-DPT-P_pcg-a227.webp,https://minnano-toreka.com/wp-content/uploads/2026/07/043-DPT-P_pcg-a227-150x150.webp
https://minnano-toreka.com/wp-content/uploads/2026/07/043-DPT-P_pcg-a228.webp,https://minnano-toreka.com/wp-content/uploads/2026/07/043-DPT-P_pcg-a228-150x150.webp
https://minnano-toreka.com/wp-content/uploads/2026/07/231-XY-P_pcg-a230.webp,https://minnano-toreka.com/wp-content/uploads/2026/07/231-XY-P_pcg-a230-215x300.webp
https://minnano-toreka.com/wp-content/uploads/2026/07/207-XY-P_pcg-a233.webp,https://minnano-toreka.com/wp-content/uploads/2026/07/207-XY-P_pcg-a233-215x300.webp
https://minnano-toreka.com/wp-content/uploads/2026/07/086-165_pcg-a238.webp,https://minnano-toreka.com/wp-content/uploads/2026/07/086-165_pcg-a238-215x300.webp
https://minnano-toreka.com/wp-content/uploads/2026/07/027-106_pcg-a251.webp,https://minnano-toreka.com/wp-content/uploads/2026/07/027-106_pcg-a251-215x300.webp
https://minnano-toreka.com/wp-content/uploads/2026/07/081-076_pcg-a257.webp,https://minnano-toreka.com/wp-content/uploads/2026/07/081-076_pcg-a257-215x300.webp
https://minnano-toreka.com/wp-content/uploads/2026/07/054-052_pcg-a258.webp,https://minnano-toreka.com/wp-content/uploads/2026/07/054-052_pcg-a258-215x300.webp
https://minnano-toreka.com/wp-content/uploads/2026/07/006-034_pcg-a259.webp,https://minnano-toreka.com/wp-content/uploads/2026/07/006-034_pcg-a259-215x300.webp
https://minnano-toreka.com/wp-content/uploads/2026/07/015-108_pcg-a266.webp,https://minnano-toreka.com/wp-content/uploads/2026/07/015-108_pcg-a266-150x150.webp
https://minnano-toreka.com/wp-content/uploads/2026/07/185-BW-P_pcg-a267.webp,https://minnano-toreka.com/wp-content/uploads/2026/07/185-BW-P_pcg-a267-216x300.webp
https://minnano-toreka.com/wp-content/uploads/2026/07/243-S-P_pcg-a282.webp,https://minnano-toreka.com/wp-content/uploads/2026/07/243-S-P_pcg-a282-215x300.webp
https://minnano-toreka.com/wp-content/uploads/2026/07/225-XY-P_pcg-a286.webp,https://minnano-toreka.com/wp-content/uploads/2026/07/225-XY-P_pcg-a286-300x215.webp
https://minnano-toreka.com/wp-content/uploads/2026/07/018-083_pcg-a288.webp,https://minnano-toreka.com/wp-content/uploads/2026/07/018-083_pcg-a288-215x300.webp
https://minnano-toreka.com/wp-content/uploads/2026/07/017-088_pcg-a292.webp,https://minnano-toreka.com/wp-content/uploads/2026/07/017-088_pcg-a292-215x300.webp
https://minnano-toreka.com/wp-content/uploads/2026/07/239-150_pcg-a306.webp,https://minnano-toreka.com/wp-content/uploads/2026/07/239-150_pcg-a306-215x300.webp
https://minnano-toreka.com/wp-content/uploads/2026/07/179-171_pcg-a319.webp,https://minnano-toreka.com/wp-content/uploads/2026/07/179-171_pcg-a319-215x300.webp
https://minnano-toreka.com/wp-content/uploads/2026/07/079-076_pcg-a321.webp,https://minnano-toreka.com/wp-content/uploads/2026/07/079-076_pcg-a321-215x300.webp
https://minnano-toreka.com/wp-content/uploads/2026/07/191-172_pcg-a324.webp,https://minnano-toreka.com/wp-content/uploads/2026/07/191-172_pcg-a324-215x300.webp
https://minnano-toreka.com/wp-content/uploads/2026/07/090-081_pcg-a332.webp,https://minnano-toreka.com/wp-content/uploads/2026/07/090-081_pcg-a332-215x300.webp
https://minnano-toreka.com/wp-content/uploads/2026/07/068-092_pcg-a343.webp,https://minnano-toreka.com/wp-content/uploads/2026/07/068-092_pcg-a343-150x150.webp
https://minnano-toreka.com/wp-content/uploads/2026/07/068-092_pcg-a345.webp,https://minnano-toreka.com/wp-content/uploads/2026/07/068-092_pcg-a345-150x150.webp
https://minnano-toreka.com/wp-content/uploads/2026/07/048-048_pcg-a352.webp,https://minnano-toreka.com/wp-content/uploads/2026/07/048-048_pcg-a352-215x300.webp
https://minnano-toreka.com/wp-content/uploads/2026/07/094-081_pcg-a353.webp,https://minnano-toreka.com/wp-content/uploads/2026/07/094-081_pcg-a353-215x300.webp
https://minnano-toreka.com/wp-content/uploads/2026/07/089-073_pcg-a366.webp,https://minnano-toreka.com/wp-content/uploads/2026/07/089-073_pcg-a366-215x300.webp
https://minnano-toreka.com/wp-content/uploads/2026/07/186-172_pcg-a370.webp,https://minnano-toreka.com/wp-content/uploads/2026/07/186-172_pcg-a370-215x300.webp
https://minnano-toreka.com/wp-content/uploads/2026/07/011-034_pcg-a371.webp,https://minnano-toreka.com/wp-content/uploads/2026/07/011-034_pcg-a371-215x300.webp
https://minnano-toreka.com/wp-content/uploads/2026/07/039-070_pcg-a385.webp,https://minnano-toreka.com/wp-content/uploads/2026/07/039-070_pcg-a385-216x300.webp
https://minnano-toreka.com/wp-content/uploads/2026/07/308-S-P_pcg-a387.webp,https://minnano-toreka.com/wp-content/uploads/2026/07/308-S-P_pcg-a387-215x300.webp
https://minnano-toreka.com/wp-content/uploads/2026/07/086-165_pcg-a414.webp,https://minnano-toreka.com/wp-content/uploads/2026/07/086-165_pcg-a414-215x300.webp
https://minnano-toreka.com/wp-content/uploads/2026/07/270-SM-P_pcg-a435.webp,https://minnano-toreka.com/wp-content/uploads/2026/07/270-SM-P_pcg-a435-215x300.webp
https://minnano-toreka.com/wp-content/uploads/2026/07/254-S-P_pcg-a443.webp,https://minnano-toreka.com/wp-content/uploads/2026/07/254-S-P_pcg-a443-215x300.webp
https://minnano-toreka.com/wp-content/uploads/2026/07/070-L-P_pcg-a446.webp,https://minnano-toreka.com/wp-content/uploads/2026/07/070-L-P_pcg-a446-150x150.webp
https://minnano-toreka.com/wp-content/uploads/2026/07/052-L-P_pcg-a448.webp,https://minnano-toreka.com/wp-content/uploads/2026/07/052-L-P_pcg-a448-150x150.webp
https://minnano-toreka.com/wp-content/uploads/2026/07/122-XY-P_pcg-a466.webp,https://minnano-toreka.com/wp-content/uploads/2026/07/122-XY-P_pcg-a466-215x300.webp
https://minnano-toreka.com/wp-content/uploads/2026/07/158-XY-P_pcg-a471.webp,https://minnano-toreka.com/wp-content/uploads/2026/07/158-XY-P_pcg-a471-215x300.webp
https://minnano-toreka.com/wp-content/uploads/2026/07/058-072_pcg-a473.webp,https://minnano-toreka.com/wp-content/uploads/2026/07/058-072_pcg-a473-215x300.webp
https://minnano-toreka.com/wp-content/uploads/2026/07/077-XY-P_pcg-a476.webp,https://minnano-toreka.com/wp-content/uploads/2026/07/077-XY-P_pcg-a476-215x300.webp
https://minnano-toreka.com/wp-content/uploads/2026/07/089-088_pcg-a477.webp,https://minnano-toreka.com/wp-content/uploads/2026/07/089-088_pcg-a477-215x300.webp
https://minnano-toreka.com/wp-content/uploads/2026/07/098-087_pcg-a481.webp,https://minnano-toreka.com/wp-content/uploads/2026/07/098-087_pcg-a481-215x300.webp
https://minnano-toreka.com/wp-content/uploads/2026/07/092-081_pcg-a484.webp,https://minnano-toreka.com/wp-content/uploads/2026/07/092-081_pcg-a484-215x300.webp
https://minnano-toreka.com/wp-content/uploads/2026/07/057-072_pcg-a496.webp,https://minnano-toreka.com/wp-content/uploads/2026/07/057-072_pcg-a496-215x300.webp
https://minnano-toreka.com/wp-content/uploads/2026/07/232-XY-P_pcg-a499.webp,https://minnano-toreka.com/wp-content/uploads/2026/07/232-XY-P_pcg-a499-215x300.webp
https://minnano-toreka.com/wp-content/uploads/2026/07/013-SM-P_pcg-a503.webp,https://minnano-toreka.com/wp-content/uploads/2026/07/013-SM-P_pcg-a503-215x300.webp
https://minnano-toreka.com/wp-content/uploads/2026/07/077-062_pcg-a546.webp,https://minnano-toreka.com/wp-content/uploads/2026/07/077-062_pcg-a546-215x300.webp
https://minnano-toreka.com/wp-content/uploads/2026/07/045-L-P_pcg-a557.webp,https://minnano-toreka.com/wp-content/uploads/2026/07/045-L-P_pcg-a557-150x150.webp
https://minnano-toreka.com/wp-content/uploads/2026/07/077-062_pcg-a567.webp,https://minnano-toreka.com/wp-content/uploads/2026/07/077-062_pcg-a567-215x300.webp
https://minnano-toreka.com/wp-content/uploads/2026/07/005-172_pcg-a574.webp,https://minnano-toreka.com/wp-content/uploads/2026/07/005-172_pcg-a574-215x300.webp
https://minnano-toreka.com/wp-content/uploads/2026/07/072-172_pcg-a575.webp,https://minnano-toreka.com/wp-content/uploads/2026/07/072-172_pcg-a575-215x300.webp
https://minnano-toreka.com/wp-content/uploads/2026/07/051-108_pcg-a577.webp,https://minnano-toreka.com/wp-content/uploads/2026/07/051-108_pcg-a577-215x300.webp
https://minnano-toreka.com/wp-content/uploads/2026/07/048-067_pcg-a580.webp,https://minnano-toreka.com/wp-content/uploads/2026/07/048-067_pcg-a580-215x300.webp
https://minnano-toreka.com/wp-content/uploads/2026/07/040-165_pcg-a581.webp,https://minnano-toreka.com/wp-content/uploads/2026/07/040-165_pcg-a581-215x300.webp
https://minnano-toreka.com/wp-content/uploads/2026/07/006-032_pcg-a583.webp,https://minnano-toreka.com/wp-content/uploads/2026/07/006-032_pcg-a583-215x300.webp
https://minnano-toreka.com/wp-content/uploads/2026/07/012-032_pcg-a584.webp,https://minnano-toreka.com/wp-content/uploads/2026/07/012-032_pcg-a584-215x300.webp
https://minnano-toreka.com/wp-content/uploads/2026/07/013-032_pcg-a586.webp,https://minnano-toreka.com/wp-content/uploads/2026/07/013-032_pcg-a586-215x300.webp
https://minnano-toreka.com/wp-content/uploads/2026/07/046-076_pcg-a592.webp,https://minnano-toreka.com/wp-content/uploads/2026/07/046-076_pcg-a592-215x300.webp
https://minnano-toreka.com/wp-content/uploads/2026/07/052-087_pcg-a594.webp,https://minnano-toreka.com/wp-content/uploads/2026/07/052-087_pcg-a594-215x300.webp
https://minnano-toreka.com/wp-content/uploads/2026/07/199-150_pcg-a595.webp,https://minnano-toreka.com/wp-content/uploads/2026/07/199-150_pcg-a595-215x300.webp
https://minnano-toreka.com/wp-content/uploads/2026/07/022-L-P_pcg-a596.webp,https://minnano-toreka.com/wp-content/uploads/2026/07/022-L-P_pcg-a596-150x150.webp
https://minnano-toreka.com/wp-content/uploads/2026/07/057-070_pcg-a605.webp,https://minnano-toreka.com/wp-content/uploads/2026/07/057-070_pcg-a605-216x300.webp
https://minnano-toreka.com/wp-content/uploads/2026/07/145-BW-P_pcg-a610.webp,https://minnano-toreka.com/wp-content/uploads/2026/07/145-BW-P_pcg-a610-216x300.webp
https://minnano-toreka.com/wp-content/uploads/2026/07/021-067_pcg-a618.webp,https://minnano-toreka.com/wp-content/uploads/2026/07/021-067_pcg-a618-215x300.webp
https://minnano-toreka.com/wp-content/uploads/2026/07/005-071_pcg-a619.webp,https://minnano-toreka.com/wp-content/uploads/2026/07/005-071_pcg-a619-215x300.webp
https://minnano-toreka.com/wp-content/uploads/2026/07/079-076_pcg-a625.webp,https://minnano-toreka.com/wp-content/uploads/2026/07/079-076_pcg-a625-215x300.webp
https://minnano-toreka.com/wp-content/uploads/2026/07/072-165_pcg-a634.webp,https://minnano-toreka.com/wp-content/uploads/2026/07/072-165_pcg-a634-215x300.webp
https://minnano-toreka.com/wp-content/uploads/2026/07/012-051_pcg-a649.webp,https://minnano-toreka.com/wp-content/uploads/2026/07/012-051_pcg-a649-215x300.webp
https://minnano-toreka.com/wp-content/uploads/2026/07/022-070_pcg-a660.webp,https://minnano-toreka.com/wp-content/uploads/2026/07/022-070_pcg-a660-215x300.webp
https://minnano-toreka.com/wp-content/uploads/2026/07/005-009_pcg-a661.webp,https://minnano-toreka.com/wp-content/uploads/2026/07/005-009_pcg-a661-150x150.webp
https://minnano-toreka.com/wp-content/uploads/2026/07/089-088_pcg-a665.webp,https://minnano-toreka.com/wp-content/uploads/2026/07/089-088_pcg-a665-215x300.webp
https://minnano-toreka.com/wp-content/uploads/2026/07/022-031_pcg-a669.webp,https://minnano-toreka.com/wp-content/uploads/2026/07/022-031_pcg-a669-215x300.webp
https://minnano-toreka.com/wp-content/uploads/2026/07/019-062_pcg-a674.webp,https://minnano-toreka.com/wp-content/uploads/2026/07/019-062_pcg-a674-215x300.webp
https://minnano-toreka.com/wp-content/uploads/2026/07/038-165_pcg-a676.webp,https://minnano-toreka.com/wp-content/uploads/2026/07/038-165_pcg-a676-215x300.webp
https://minnano-toreka.com/wp-content/uploads/2026/07/075-062_pcg-a678.webp,https://minnano-toreka.com/wp-content/uploads/2026/07/075-062_pcg-a678-215x300.webp
https://minnano-toreka.com/wp-content/uploads/2026/07/059-072_pcg-a681.webp,https://minnano-toreka.com/wp-content/uploads/2026/07/059-072_pcg-a681-215x300.webp
https://minnano-toreka.com/wp-content/uploads/2026/07/119-SV-P_pcg-a688.webp,https://minnano-toreka.com/wp-content/uploads/2026/07/119-SV-P_pcg-a688-215x300.webp
https://minnano-toreka.com/wp-content/uploads/2026/07/033-067_pcg-a694.webp,https://minnano-toreka.com/wp-content/uploads/2026/07/033-067_pcg-a694-215x300.webp
https://minnano-toreka.com/wp-content/uploads/2026/07/274-XY-P_pcg-a701.webp,https://minnano-toreka.com/wp-content/uploads/2026/07/274-XY-P_pcg-a701-215x300.webp
https://minnano-toreka.com/wp-content/uploads/2026/07/046-048_pcg-a707.webp,https://minnano-toreka.com/wp-content/uploads/2026/07/046-048_pcg-a707-215x300.webp
https://minnano-toreka.com/wp-content/uploads/2026/07/173-172_pcg-a726.webp,https://minnano-toreka.com/wp-content/uploads/2026/07/173-172_pcg-a726-215x300.webp
https://minnano-toreka.com/wp-content/uploads/2026/07/184-172_pcg-a733.webp,https://minnano-toreka.com/wp-content/uploads/2026/07/184-172_pcg-a733-215x300.webp
https://minnano-toreka.com/wp-content/uploads/2026/07/197-172_pcg-a735.webp,https://minnano-toreka.com/wp-content/uploads/2026/07/197-172_pcg-a735-215x300.webp
https://minnano-toreka.com/wp-content/uploads/2026/07/254-190_pcg-a737.webp,https://minnano-toreka.com/wp-content/uploads/2026/07/254-190_pcg-a737-215x300.webp
https://minnano-toreka.com/wp-content/uploads/2026/07/046-067_pcg-a740.webp,https://minnano-toreka.com/wp-content/uploads/2026/07/046-067_pcg-a740-215x300.webp
https://minnano-toreka.com/wp-content/uploads/2026/07/032-106_pcg-a750.webp,https://minnano-toreka.com/wp-content/uploads/2026/07/032-106_pcg-a750-215x300.webp
https://minnano-toreka.com/wp-content/uploads/2026/07/170-150_pcg-a760.webp,https://minnano-toreka.com/wp-content/uploads/2026/07/170-150_pcg-a760-215x300.webp
https://minnano-toreka.com/wp-content/uploads/2026/07/282-190_pcg-a761.webp,https://minnano-toreka.com/wp-content/uploads/2026/07/282-190_pcg-a761-215x300.webp
https://minnano-toreka.com/wp-content/uploads/2026/07/008-100_pcg-a763.webp,https://minnano-toreka.com/wp-content/uploads/2026/07/008-100_pcg-a763-215x300.webp
https://minnano-toreka.com/wp-content/uploads/2026/07/085-100_pcg-a768.webp,https://minnano-toreka.com/wp-content/uploads/2026/07/085-100_pcg-a768-215x300.webp
https://minnano-toreka.com/wp-content/uploads/2026/07/187-165_pcg-a770.webp,https://minnano-toreka.com/wp-content/uploads/2026/07/187-165_pcg-a770-215x300.webp
https://minnano-toreka.com/wp-content/uploads/2026/07/256-XY-P_pcg-a776.webp,https://minnano-toreka.com/wp-content/uploads/2026/07/256-XY-P_pcg-a776-215x300.webp
https://minnano-toreka.com/wp-content/uploads/2026/07/089-165_pcg-a781.webp,https://minnano-toreka.com/wp-content/uploads/2026/07/089-165_pcg-a781-215x300.webp
https://minnano-toreka.com/wp-content/uploads/2026/07/061-DP-P_pcg-a786.webp,https://minnano-toreka.com/wp-content/uploads/2026/07/061-DP-P_pcg-a786-150x150.webp
https://minnano-toreka.com/wp-content/uploads/2026/07/040-067_pcg-a794.webp,https://minnano-toreka.com/wp-content/uploads/2026/07/040-067_pcg-a794-215x300.webp
https://minnano-toreka.com/wp-content/uploads/2026/07/085-100_pcg-a801.webp,https://minnano-toreka.com/wp-content/uploads/2026/07/085-100_pcg-a801-150x150.webp
https://minnano-toreka.com/wp-content/uploads/2026/07/118-XY-P_pcg-a815.webp,https://minnano-toreka.com/wp-content/uploads/2026/07/118-XY-P_pcg-a815-215x300.webp
https://minnano-toreka.com/wp-content/uploads/2026/07/208-XY-P_pcg-a821.webp,https://minnano-toreka.com/wp-content/uploads/2026/07/208-XY-P_pcg-a821-215x300.webp
https://minnano-toreka.com/wp-content/uploads/2026/07/419-414_pcg-a823.webp,https://minnano-toreka.com/wp-content/uploads/2026/07/419-414_pcg-a823-215x300.webp
https://minnano-toreka.com/wp-content/uploads/2026/07/083-081_pcg-a833.webp,https://minnano-toreka.com/wp-content/uploads/2026/07/083-081_pcg-a833-215x300.webp
https://minnano-toreka.com/wp-content/uploads/2026/07/028-078_pcg-a837.webp,https://minnano-toreka.com/wp-content/uploads/2026/07/028-078_pcg-a837-215x300.webp
https://minnano-toreka.com/wp-content/uploads/2026/07/072-062_pcg-a843.webp,https://minnano-toreka.com/wp-content/uploads/2026/07/072-062_pcg-a843-215x300.webp
https://minnano-toreka.com/wp-content/uploads/2026/07/085-073_pcg-a844.webp,https://minnano-toreka.com/wp-content/uploads/2026/07/085-073_pcg-a844-215x300.webp
https://minnano-toreka.com/wp-content/uploads/2026/07/130-172_pcg-a846.webp,https://minnano-toreka.com/wp-content/uploads/2026/07/130-172_pcg-a846-215x300.webp
https://minnano-toreka.com/wp-content/uploads/2026/07/099-087_pcg-a863.webp,https://minnano-toreka.com/wp-content/uploads/2026/07/099-087_pcg-a863-215x300.webp
https://minnano-toreka.com/wp-content/uploads/2026/07/099-087_pcg-a864.webp,https://minnano-toreka.com/wp-content/uploads/2026/07/099-087_pcg-a864-215x300.webp
https://minnano-toreka.com/wp-content/uploads/2026/07/102-096_pcg-a868.webp,https://minnano-toreka.com/wp-content/uploads/2026/07/102-096_pcg-a868-215x300.webp
https://minnano-toreka.com/wp-content/uploads/2026/07/183-171_pcg-a870.webp,https://minnano-toreka.com/wp-content/uploads/2026/07/183-171_pcg-a870-215x300.webp
https://minnano-toreka.com/wp-content/uploads/2026/07/082-076_pcg-a874.webp,https://minnano-toreka.com/wp-content/uploads/2026/07/082-076_pcg-a874-215x300.webp
https://minnano-toreka.com/wp-content/uploads/2026/07/064-059_pcg-a877.webp,https://minnano-toreka.com/wp-content/uploads/2026/07/064-059_pcg-a877-215x300.webp
https://minnano-toreka.com/wp-content/uploads/2026/07/068-049_pcg-a885.webp,https://minnano-toreka.com/wp-content/uploads/2026/07/068-049_pcg-a885-215x300.webp
https://minnano-toreka.com/wp-content/uploads/2026/07/118-114_pcg-a887.webp,https://minnano-toreka.com/wp-content/uploads/2026/07/118-114_pcg-a887-215x300.webp
https://minnano-toreka.com/wp-content/uploads/2026/07/180-171_pcg-a889.webp,https://minnano-toreka.com/wp-content/uploads/2026/07/180-171_pcg-a889-215x300.webp
https://minnano-toreka.com/wp-content/uploads/2026/07/184-171_pcg-a892.webp,https://minnano-toreka.com/wp-content/uploads/2026/07/184-171_pcg-a892-215x300.webp
https://minnano-toreka.com/wp-content/uploads/2026/07/180-171_pcg-a893.webp,https://minnano-toreka.com/wp-content/uploads/2026/07/180-171_pcg-a893-215x300.webp
https://minnano-toreka.com/wp-content/uploads/2026/07/180-171_pcg-a900.webp,https://minnano-toreka.com/wp-content/uploads/2026/07/180-171_pcg-a900-215x300.webp
https://minnano-toreka.com/wp-content/uploads/2026/07/184-171_pcg-a904.webp,https://minnano-toreka.com/wp-content/uploads/2026/07/184-171_pcg-a904-215x300.webp
https://minnano-toreka.com/wp-content/uploads/2026/07/184-171_pcg-a908.webp,https://minnano-toreka.com/wp-content/uploads/2026/07/184-171_pcg-a908-215x300.webp
https://minnano-toreka.com/wp-content/uploads/2026/07/180-171_pcg-a909.webp,https://minnano-toreka.com/wp-content/uploads/2026/07/180-171_pcg-a909-215x300.webp
https://minnano-toreka.com/wp-content/uploads/2026/07/084-087_pcg-a916.webp,https://minnano-toreka.com/wp-content/uploads/2026/07/084-087_pcg-a916-215x300.webp
https://minnano-toreka.com/wp-content/uploads/2026/07/082-076_pcg-a921.webp,https://minnano-toreka.com/wp-content/uploads/2026/07/082-076_pcg-a921-215x300.webp
https://minnano-toreka.com/wp-content/uploads/2026/07/082-076_pcg-a922.webp,https://minnano-toreka.com/wp-content/uploads/2026/07/082-076_pcg-a922-215x300.webp
https://minnano-toreka.com/wp-content/uploads/2026/07/278-XY-P_pcg-a923.webp,https://minnano-toreka.com/wp-content/uploads/2026/07/278-XY-P_pcg-a923-215x300.webp
https://minnano-toreka.com/wp-content/uploads/2026/07/298-XY-P_pcg-a935.webp,https://minnano-toreka.com/wp-content/uploads/2026/07/298-XY-P_pcg-a935-215x300.webp
https://minnano-toreka.com/wp-content/uploads/2026/07/277-XY-P_pcg-a951.webp,https://minnano-toreka.com/wp-content/uploads/2026/07/277-XY-P_pcg-a951-215x300.webp
https://minnano-toreka.com/wp-content/uploads/2026/07/102-096_pcg-a962.webp,https://minnano-toreka.com/wp-content/uploads/2026/07/102-096_pcg-a962-215x300.webp
https://minnano-toreka.com/wp-content/uploads/2026/07/077-072_pcg-a969.webp,https://minnano-toreka.com/wp-content/uploads/2026/07/077-072_pcg-a969-215x300.webp
https://minnano-toreka.com/wp-content/uploads/2026/07/419-414_pcg-a970.webp,https://minnano-toreka.com/wp-content/uploads/2026/07/419-414_pcg-a970-215x300.webp
https://minnano-toreka.com/wp-content/uploads/2026/07/082-076_pcg-a975.webp,https://minnano-toreka.com/wp-content/uploads/2026/07/082-076_pcg-a975-215x300.webp
https://minnano-toreka.com/wp-content/uploads/2026/07/102-096_pcg-a983.webp,https://minnano-toreka.com/wp-content/uploads/2026/07/102-096_pcg-a983-215x300.webp
https://minnano-toreka.com/wp-content/uploads/2026/07/059-053_pcg-a986.webp,https://minnano-toreka.com/wp-content/uploads/2026/07/059-053_pcg-a986-215x300.webp
https://minnano-toreka.com/wp-content/uploads/2026/07/121-XY-P_pcg-a994.webp,https://minnano-toreka.com/wp-content/uploads/2026/07/121-XY-P_pcg-a994-215x300.webp
https://minnano-toreka.com/wp-content/uploads/2026/07/068-049_pcg-a1002.webp,https://minnano-toreka.com/wp-content/uploads/2026/07/068-049_pcg-a1002-215x300.webp
https://minnano-toreka.com/wp-content/uploads/2026/07/118-114_pcg-a1009.webp,https://minnano-toreka.com/wp-content/uploads/2026/07/118-114_pcg-a1009-215x300.webp
https://minnano-toreka.com/wp-content/uploads/2026/07/068-049_pcg-a1012.webp,https://minnano-toreka.com/wp-content/uploads/2026/07/068-049_pcg-a1012-215x300.webp
https://minnano-toreka.com/wp-content/uploads/2026/07/068-049_pcg-a1020.webp,https://minnano-toreka.com/wp-content/uploads/2026/07/068-049_pcg-a1020-215x300.webp
https://minnano-toreka.com/wp-content/uploads/2026/07/082-076_pcg-a1029.webp,https://minnano-toreka.com/wp-content/uploads/2026/07/082-076_pcg-a1029-215x300.webp
https://minnano-toreka.com/wp-content/uploads/2026/07/102-096_pcg-a1030.webp,https://minnano-toreka.com/wp-content/uploads/2026/07/102-096_pcg-a1030-215x300.webp
https://minnano-toreka.com/wp-content/uploads/2026/07/064-059_pcg-a1041.webp,https://minnano-toreka.com/wp-content/uploads/2026/07/064-059_pcg-a1041-215x300.webp
https://minnano-toreka.com/wp-content/uploads/2026/07/058-054_pcg-a1059.webp,https://minnano-toreka.com/wp-content/uploads/2026/07/058-054_pcg-a1059-215x300.webp
https://minnano-toreka.com/wp-content/uploads/2026/07/053-SM-P_pcg-a1067.webp,https://minnano-toreka.com/wp-content/uploads/2026/07/053-SM-P_pcg-a1067-215x300.webp
https://minnano-toreka.com/wp-content/uploads/2026/07/104-094_pcg-a1079.webp,https://minnano-toreka.com/wp-content/uploads/2026/07/104-094_pcg-a1079-215x300.webp
https://minnano-toreka.com/wp-content/uploads/2026/07/059-053_pcg-a1081.webp,https://minnano-toreka.com/wp-content/uploads/2026/07/059-053_pcg-a1081-215x300.webp
https://minnano-toreka.com/wp-content/uploads/2026/07/064-059_pcg-a1082.webp,https://minnano-toreka.com/wp-content/uploads/2026/07/064-059_pcg-a1082-215x300.webp
https://minnano-toreka.com/wp-content/uploads/2026/07/289-XY-P_pcg-a1099.webp,https://minnano-toreka.com/wp-content/uploads/2026/07/289-XY-P_pcg-a1099-215x300.webp
https://minnano-toreka.com/wp-content/uploads/2026/07/058-054_pcg-a1106.webp,https://minnano-toreka.com/wp-content/uploads/2026/07/058-054_pcg-a1106-215x300.webp
https://minnano-toreka.com/wp-content/uploads/2026/07/068-049_pcg-a1108.webp,https://minnano-toreka.com/wp-content/uploads/2026/07/068-049_pcg-a1108-215x300.webp
https://minnano-toreka.com/wp-content/uploads/2026/07/074-080_pcg-a1111.webp,https://minnano-toreka.com/wp-content/uploads/2026/07/074-080_pcg-a1111-216x300.webp
https://minnano-toreka.com/wp-content/uploads/2026/07/068-070_pcg-a1112.webp,https://minnano-toreka.com/wp-content/uploads/2026/07/068-070_pcg-a1112-216x300.webp
https://minnano-toreka.com/wp-content/uploads/2026/07/094-088_pcg-a1114.webp,https://minnano-toreka.com/wp-content/uploads/2026/07/094-088_pcg-a1114-215x300.webp
https://minnano-toreka.com/wp-content/uploads/2026/07/419-414_pcg-a1120.webp,https://minnano-toreka.com/wp-content/uploads/2026/07/419-414_pcg-a1120-215x300.webp
https://minnano-toreka.com/wp-content/uploads/2026/07/121-XY-P_pcg-a1122.webp,https://minnano-toreka.com/wp-content/uploads/2026/07/121-XY-P_pcg-a1122-215x300.webp
https://minnano-toreka.com/wp-content/uploads/2026/07/093-088_pcg-a1126.webp,https://minnano-toreka.com/wp-content/uploads/2026/07/093-088_pcg-a1126-215x300.webp
https://minnano-toreka.com/wp-content/uploads/2026/07/093-088_pcg-a1135.webp,https://minnano-toreka.com/wp-content/uploads/2026/07/093-088_pcg-a1135-215x300.webp
https://minnano-toreka.com/wp-content/uploads/2026/07/068-049_pcg-a1136.webp,https://minnano-toreka.com/wp-content/uploads/2026/07/068-049_pcg-a1136-215x300.webp
https://minnano-toreka.com/wp-content/uploads/2026/07/077-072_pcg-a1148.webp,https://minnano-toreka.com/wp-content/uploads/2026/07/077-072_pcg-a1148-215x300.webp
https://minnano-toreka.com/wp-content/uploads/2026/07/020-020_pcg-a1156.webp,https://minnano-toreka.com/wp-content/uploads/2026/07/020-020_pcg-a1156-216x300.webp
https://minnano-toreka.com/wp-content/uploads/2026/07/194-190_pcg-a1158.webp,https://minnano-toreka.com/wp-content/uploads/2026/07/194-190_pcg-a1158-215x300.webp
https://minnano-toreka.com/wp-content/uploads/2026/07/104-094_pcg-a1164.webp,https://minnano-toreka.com/wp-content/uploads/2026/07/104-094_pcg-a1164-215x300.webp
https://minnano-toreka.com/wp-content/uploads/2026/07/186-171_pcg-a1166.webp,https://minnano-toreka.com/wp-content/uploads/2026/07/186-171_pcg-a1166-215x300.webp
https://minnano-toreka.com/wp-content/uploads/2026/07/104-094_pcg-a1179.webp,https://minnano-toreka.com/wp-content/uploads/2026/07/104-094_pcg-a1179-215x300.webp
https://minnano-toreka.com/wp-content/uploads/2026/07/121-XY-P_pcg-a1181.webp,https://minnano-toreka.com/wp-content/uploads/2026/07/121-XY-P_pcg-a1181-215x300.webp
https://minnano-toreka.com/wp-content/uploads/2026/07/419-414_pcg-a1182.webp,https://minnano-toreka.com/wp-content/uploads/2026/07/419-414_pcg-a1182-215x300.webp
https://minnano-toreka.com/wp-content/uploads/2026/07/182-171_pcg-a1188.webp,https://minnano-toreka.com/wp-content/uploads/2026/07/182-171_pcg-a1188-215x300.webp
https://minnano-toreka.com/wp-content/uploads/2026/07/182-171_pcg-a1196.webp,https://minnano-toreka.com/wp-content/uploads/2026/07/182-171_pcg-a1196-215x300.webp
https://minnano-toreka.com/wp-content/uploads/2026/07/102-096_pcg-a1201.webp,https://minnano-toreka.com/wp-content/uploads/2026/07/102-096_pcg-a1201-215x300.webp
https://minnano-toreka.com/wp-content/uploads/2026/07/197-173_pcg-a1204.webp,https://minnano-toreka.com/wp-content/uploads/2026/07/197-173_pcg-a1204-215x300.webp
https://minnano-toreka.com/wp-content/uploads/2026/07/075-080_pcg-a1225.webp,https://minnano-toreka.com/wp-content/uploads/2026/07/075-080_pcg-a1225-216x300.webp
https://minnano-toreka.com/wp-content/uploads/2026/07/199-173_pcg-a1231.webp,https://minnano-toreka.com/wp-content/uploads/2026/07/199-173_pcg-a1231-215x300.webp
https://minnano-toreka.com/wp-content/uploads/2026/07/419-414_pcg-a1239.webp,https://minnano-toreka.com/wp-content/uploads/2026/07/419-414_pcg-a1239-215x300.webp
https://minnano-toreka.com/wp-content/uploads/2026/07/093-088_pcg-a1247.webp,https://minnano-toreka.com/wp-content/uploads/2026/07/093-088_pcg-a1247-215x300.webp
https://minnano-toreka.com/wp-content/uploads/2026/07/011-015_pcg-a1281.webp,https://minnano-toreka.com/wp-content/uploads/2026/07/011-015_pcg-a1281-150x150.webp
https://minnano-toreka.com/wp-content/uploads/2026/07/103-087_pcg-a1287.webp,https://minnano-toreka.com/wp-content/uploads/2026/07/103-087_pcg-a1287-215x300.webp
https://minnano-toreka.com/wp-content/uploads/2026/07/197-173_pcg-a1293.webp,https://minnano-toreka.com/wp-content/uploads/2026/07/197-173_pcg-a1293-215x300.webp
https://minnano-toreka.com/wp-content/uploads/2026/07/102-096_pcg-a1295.webp,https://minnano-toreka.com/wp-content/uploads/2026/07/102-096_pcg-a1295-215x300.webp
https://minnano-toreka.com/wp-content/uploads/2026/07/158-150_pcg-a1303.webp,https://minnano-toreka.com/wp-content/uploads/2026/07/158-150_pcg-a1303-215x300.webp
https://minnano-toreka.com/wp-content/uploads/2026/07/101-096_pcg-a1305.webp,https://minnano-toreka.com/wp-content/uploads/2026/07/101-096_pcg-a1305-215x300.webp
https://minnano-toreka.com/wp-content/uploads/2026/07/069-070_pcg-a1310.webp,https://minnano-toreka.com/wp-content/uploads/2026/07/069-070_pcg-a1310-216x300.webp
https://minnano-toreka.com/wp-content/uploads/2026/07/200-XY-P_pcg-a1314.webp,https://minnano-toreka.com/wp-content/uploads/2026/07/200-XY-P_pcg-a1314-215x300.webp
https://minnano-toreka.com/wp-content/uploads/2026/07/021-031_pcg-a1324.webp,https://minnano-toreka.com/wp-content/uploads/2026/07/021-031_pcg-a1324-215x300.webp
https://minnano-toreka.com/wp-content/uploads/2026/07/012-BW-P_pcg-a1347.webp,https://minnano-toreka.com/wp-content/uploads/2026/07/012-BW-P_pcg-a1347-216x300.webp
https://minnano-toreka.com/wp-content/uploads/2026/07/263-184_pcg-a1353.webp,https://minnano-toreka.com/wp-content/uploads/2026/07/263-184_pcg-a1353-215x300.webp
https://minnano-toreka.com/wp-content/uploads/2026/07/247-172_pcg-a1376.webp,https://minnano-toreka.com/wp-content/uploads/2026/07/247-172_pcg-a1376-215x300.webp
https://minnano-toreka.com/wp-content/uploads/2026/07/085-076_pcg-a1387.webp,https://minnano-toreka.com/wp-content/uploads/2026/07/085-076_pcg-a1387-215x300.webp
https://minnano-toreka.com/wp-content/uploads/2026/07/139-S-P_pcg-a1406.webp,https://minnano-toreka.com/wp-content/uploads/2026/07/139-S-P_pcg-a1406-215x300.webp
https://minnano-toreka.com/wp-content/uploads/2026/07/160-150_pcg-a1407.webp,https://minnano-toreka.com/wp-content/uploads/2026/07/160-150_pcg-a1407-215x300.webp
https://minnano-toreka.com/wp-content/uploads/2026/07/269-184_pcg-a1410.webp,https://minnano-toreka.com/wp-content/uploads/2026/07/269-184_pcg-a1410-215x300.webp
https://minnano-toreka.com/wp-content/uploads/2026/07/005-S-P_pcg-a1413.webp,https://minnano-toreka.com/wp-content/uploads/2026/07/005-S-P_pcg-a1413-215x300.webp
https://minnano-toreka.com/wp-content/uploads/2026/07/246-XY-P_pcg-a1425.webp,https://minnano-toreka.com/wp-content/uploads/2026/07/246-XY-P_pcg-a1425-215x300.webp
https://minnano-toreka.com/wp-content/uploads/2026/07/264-184_pcg-a1430.webp,https://minnano-toreka.com/wp-content/uploads/2026/07/264-184_pcg-a1430-215x300.webp
https://minnano-toreka.com/wp-content/uploads/2026/07/193-190_pcg-a1452.webp,https://minnano-toreka.com/wp-content/uploads/2026/07/193-190_pcg-a1452-215x300.webp
https://minnano-toreka.com/wp-content/uploads/2026/07/142-171_pcg-a1475.webp,https://minnano-toreka.com/wp-content/uploads/2026/07/142-171_pcg-a1475-215x300.webp
https://minnano-toreka.com/wp-content/uploads/2026/07/247-172_pcg-a1478.webp,https://minnano-toreka.com/wp-content/uploads/2026/07/247-172_pcg-a1478-215x300.webp
https://minnano-toreka.com/wp-content/uploads/2026/07/068-070_pcg-a1480.webp,https://minnano-toreka.com/wp-content/uploads/2026/07/068-070_pcg-a1480-216x300.webp
https://minnano-toreka.com/wp-content/uploads/2026/07/063-072_pcg-a1493.webp,https://minnano-toreka.com/wp-content/uploads/2026/07/063-072_pcg-a1493-215x300.webp
https://minnano-toreka.com/wp-content/uploads/2026/07/230-S-P_pcg-a1519.webp,https://minnano-toreka.com/wp-content/uploads/2026/07/230-S-P_pcg-a1519-215x300.webp
https://minnano-toreka.com/wp-content/uploads/2026/07/088-090_pcg-a1529.webp,https://minnano-toreka.com/wp-content/uploads/2026/07/088-090_pcg-a1529-150x150.webp
https://minnano-toreka.com/wp-content/uploads/2026/07/028-032_pcg-a1532.webp,https://minnano-toreka.com/wp-content/uploads/2026/07/028-032_pcg-a1532-215x300.webp
https://minnano-toreka.com/wp-content/uploads/2026/07/230-S-P_pcg-a1556.webp,https://minnano-toreka.com/wp-content/uploads/2026/07/230-S-P_pcg-a1556-215x300.webp
https://minnano-toreka.com/wp-content/uploads/2026/07/049-049_pcg-a1557.webp,https://minnano-toreka.com/wp-content/uploads/2026/07/049-049_pcg-a1557-215x300.webp
https://minnano-toreka.com/wp-content/uploads/2026/07/257-184_pcg-a1584.webp,https://minnano-toreka.com/wp-content/uploads/2026/07/257-184_pcg-a1584-215x300.webp
https://minnano-toreka.com/wp-content/uploads/2026/07/098-BW-P_pcg-a1596.webp,https://minnano-toreka.com/wp-content/uploads/2026/07/098-BW-P_pcg-a1596-216x300.webp
https://minnano-toreka.com/wp-content/uploads/2026/07/408-414_pcg-a1601.webp,https://minnano-toreka.com/wp-content/uploads/2026/07/408-414_pcg-a1601-215x300.webp
https://minnano-toreka.com/wp-content/uploads/2026/07/142-171_pcg-a1605.webp,https://minnano-toreka.com/wp-content/uploads/2026/07/142-171_pcg-a1605-215x300.webp
https://minnano-toreka.com/wp-content/uploads/2026/07/139-S-P_pcg-a1617.webp,https://minnano-toreka.com/wp-content/uploads/2026/07/139-S-P_pcg-a1617-215x300.webp
https://minnano-toreka.com/wp-content/uploads/2026/07/247-172_pcg-a1634.webp,https://minnano-toreka.com/wp-content/uploads/2026/07/247-172_pcg-a1634-215x300.webp
https://minnano-toreka.com/wp-content/uploads/2026/07/049-049_pcg-a1646.webp,https://minnano-toreka.com/wp-content/uploads/2026/07/049-049_pcg-a1646-215x300.webp
https://minnano-toreka.com/wp-content/uploads/2026/07/005-L-P_pcg-a1656.webp,https://minnano-toreka.com/wp-content/uploads/2026/07/005-L-P_pcg-a1656-150x150.webp
https://minnano-toreka.com/wp-content/uploads/2026/07/006-070_pcg-a1660.webp,https://minnano-toreka.com/wp-content/uploads/2026/07/006-070_pcg-a1660-216x300.webp
https://minnano-toreka.com/wp-content/uploads/2026/07/013-092_pcg-a1663.webp,https://minnano-toreka.com/wp-content/uploads/2026/07/013-092_pcg-a1663-150x150.webp
https://minnano-toreka.com/wp-content/uploads/2026/07/004-015_pcg-a1667.webp,https://minnano-toreka.com/wp-content/uploads/2026/07/004-015_pcg-a1667-150x150.webp
https://minnano-toreka.com/wp-content/uploads/2026/07/077-076_pcg-a1677.webp,https://minnano-toreka.com/wp-content/uploads/2026/07/077-076_pcg-a1677-215x300.webp
https://minnano-toreka.com/wp-content/uploads/2026/07/071-070_pcg-a1679.webp,https://minnano-toreka.com/wp-content/uploads/2026/07/071-070_pcg-a1679-215x300.webp
https://minnano-toreka.com/wp-content/uploads/2026/07/182-BW-P_pcg-a1683.webp,https://minnano-toreka.com/wp-content/uploads/2026/07/182-BW-P_pcg-a1683-216x300.webp
https://minnano-toreka.com/wp-content/uploads/2026/07/108-S-P_pcg-a1693.webp,https://minnano-toreka.com/wp-content/uploads/2026/07/108-S-P_pcg-a1693-215x300.webp
https://minnano-toreka.com/wp-content/uploads/2026/07/005-092_pcg-a1697.webp,https://minnano-toreka.com/wp-content/uploads/2026/07/005-092_pcg-a1697-150x150.webp
https://minnano-toreka.com/wp-content/uploads/2026/07/089-087_pcg-a1699.webp,https://minnano-toreka.com/wp-content/uploads/2026/07/089-087_pcg-a1699-215x300.webp
https://minnano-toreka.com/wp-content/uploads/2026/07/009-070_pcg-a1709.webp,https://minnano-toreka.com/wp-content/uploads/2026/07/009-070_pcg-a1709-216x300.webp
https://minnano-toreka.com/wp-content/uploads/2026/07/182-BW-P_pcg-a1712.webp,https://minnano-toreka.com/wp-content/uploads/2026/07/182-BW-P_pcg-a1712-216x300.webp
https://minnano-toreka.com/wp-content/uploads/2026/07/009-070_pcg-a1719.webp,https://minnano-toreka.com/wp-content/uploads/2026/07/009-070_pcg-a1719-216x300.webp
https://minnano-toreka.com/wp-content/uploads/2026/07/176-BW-P_pcg-a1739.webp,https://minnano-toreka.com/wp-content/uploads/2026/07/176-BW-P_pcg-a1739-216x300.webp
https://minnano-toreka.com/wp-content/uploads/2026/07/031-032_pcg-a1746.webp,https://minnano-toreka.com/wp-content/uploads/2026/07/031-032_pcg-a1746-215x300.webp
https://minnano-toreka.com/wp-content/uploads/2026/07/408-414_pcg-a1749.webp,https://minnano-toreka.com/wp-content/uploads/2026/07/408-414_pcg-a1749-215x300.webp
https://minnano-toreka.com/wp-content/uploads/2026/07/009-070_pcg-a1757.webp,https://minnano-toreka.com/wp-content/uploads/2026/07/009-070_pcg-a1757-216x300.webp
https://minnano-toreka.com/wp-content/uploads/2026/07/001-009_pcg-a1763.webp,https://minnano-toreka.com/wp-content/uploads/2026/07/001-009_pcg-a1763-150x150.webp
https://minnano-toreka.com/wp-content/uploads/2026/07/002-032_pcg-a1764.webp,https://minnano-toreka.com/wp-content/uploads/2026/07/002-032_pcg-a1764-215x300.webp
https://minnano-toreka.com/wp-content/uploads/2026/07/003-069_pcg-a1766.webp,https://minnano-toreka.com/wp-content/uploads/2026/07/003-069_pcg-a1766-216x300.webp
https://minnano-toreka.com/wp-content/uploads/2026/07/003-032_pcg-a1775.webp,https://minnano-toreka.com/wp-content/uploads/2026/07/003-032_pcg-a1775-215x300.webp
https://minnano-toreka.com/wp-content/uploads/2026/07/076-DP-P_pcg-a1776.webp,https://minnano-toreka.com/wp-content/uploads/2026/07/076-DP-P_pcg-a1776-150x150.webp
https://minnano-toreka.com/wp-content/uploads/2026/07/001-032_pcg-a1780.webp,https://minnano-toreka.com/wp-content/uploads/2026/07/001-032_pcg-a1780-215x300.webp
https://minnano-toreka.com/wp-content/uploads/2026/07/003-020_pcg-a1782.webp,https://minnano-toreka.com/wp-content/uploads/2026/07/003-020_pcg-a1782-216x300.webp
https://minnano-toreka.com/wp-content/uploads/2026/07/004-087_pcg-a1802.webp,https://minnano-toreka.com/wp-content/uploads/2026/07/004-087_pcg-a1802-215x300.webp
https://minnano-toreka.com/wp-content/uploads/2026/07/005-092_pcg-a1819.webp,https://minnano-toreka.com/wp-content/uploads/2026/07/005-092_pcg-a1819-150x150.webp
https://minnano-toreka.com/wp-content/uploads/2026/07/002-087_pcg-a1836.webp,https://minnano-toreka.com/wp-content/uploads/2026/07/002-087_pcg-a1836-215x300.webp
https://minnano-toreka.com/wp-content/uploads/2026/07/182-BW-P_pcg-a1840.webp,https://minnano-toreka.com/wp-content/uploads/2026/07/182-BW-P_pcg-a1840-216x300.webp
https://minnano-toreka.com/wp-content/uploads/2026/07/004-072_pcg-a1843.webp,https://minnano-toreka.com/wp-content/uploads/2026/07/004-072_pcg-a1843-215x300.webp
https://minnano-toreka.com/wp-content/uploads/2026/07/041-048_pcg-a1846.webp,https://minnano-toreka.com/wp-content/uploads/2026/07/041-048_pcg-a1846-215x300.webp
https://minnano-toreka.com/wp-content/uploads/2026/07/206-172_pcg-a1853.webp,https://minnano-toreka.com/wp-content/uploads/2026/07/206-172_pcg-a1853-215x300.webp
https://minnano-toreka.com/wp-content/uploads/2026/07/077-076_pcg-a1876.webp,https://minnano-toreka.com/wp-content/uploads/2026/07/077-076_pcg-a1876-215x300.webp
https://minnano-toreka.com/wp-content/uploads/2026/07/170-S-P_pcg-a1880.webp,https://minnano-toreka.com/wp-content/uploads/2026/07/170-S-P_pcg-a1880-215x300.webp
https://minnano-toreka.com/wp-content/uploads/2026/07/207-172_pcg-a1882.webp,https://minnano-toreka.com/wp-content/uploads/2026/07/207-172_pcg-a1882-215x300.webp
https://minnano-toreka.com/wp-content/uploads/2026/07/009-070_pcg-a1885.webp,https://minnano-toreka.com/wp-content/uploads/2026/07/009-070_pcg-a1885-216x300.webp
https://minnano-toreka.com/wp-content/uploads/2026/07/006-059_pcg-a1889.webp,https://minnano-toreka.com/wp-content/uploads/2026/07/006-059_pcg-a1889-300x215.webp
https://minnano-toreka.com/wp-content/uploads/2026/07/207-172_pcg-a1898.webp,https://minnano-toreka.com/wp-content/uploads/2026/07/207-172_pcg-a1898-215x300.webp
https://minnano-toreka.com/wp-content/uploads/2026/07/003-032_pcg-a1900.webp,https://minnano-toreka.com/wp-content/uploads/2026/07/003-032_pcg-a1900-215x300.webp
https://minnano-toreka.com/wp-content/uploads/2026/07/004-071_pcg-a1904.webp,https://minnano-toreka.com/wp-content/uploads/2026/07/004-071_pcg-a1904-215x300.webp
https://minnano-toreka.com/wp-content/uploads/2026/07/206-172_pcg-a1914.webp,https://minnano-toreka.com/wp-content/uploads/2026/07/206-172_pcg-a1914-215x300.webp
https://minnano-toreka.com/wp-content/uploads/2026/07/106-S-P_pcg-a1917.webp,https://minnano-toreka.com/wp-content/uploads/2026/07/106-S-P_pcg-a1917-215x300.webp
https://minnano-toreka.com/wp-content/uploads/2026/07/008-016_pcg-a1920.webp,https://minnano-toreka.com/wp-content/uploads/2026/07/008-016_pcg-a1920-216x300.webp
https://minnano-toreka.com/wp-content/uploads/2026/07/004-070_pcg-a1926.webp,https://minnano-toreka.com/wp-content/uploads/2026/07/004-070_pcg-a1926-215x300.webp
https://minnano-toreka.com/wp-content/uploads/2026/07/074-073_pcg-a1938.webp,https://minnano-toreka.com/wp-content/uploads/2026/07/074-073_pcg-a1938-215x300.webp
https://minnano-toreka.com/wp-content/uploads/2026/07/148-S-P_pcg-a1940.webp,https://minnano-toreka.com/wp-content/uploads/2026/07/148-S-P_pcg-a1940-215x300.webp
https://minnano-toreka.com/wp-content/uploads/2026/07/047-165_pcg-a1946.webp,https://minnano-toreka.com/wp-content/uploads/2026/07/047-165_pcg-a1946-215x300.webp
https://minnano-toreka.com/wp-content/uploads/2026/07/008-054_pcg-a1950.webp,https://minnano-toreka.com/wp-content/uploads/2026/07/008-054_pcg-a1950-300x215.webp
https://minnano-toreka.com/wp-content/uploads/2026/07/011-108_pcg-a1961.webp,https://minnano-toreka.com/wp-content/uploads/2026/07/011-108_pcg-a1961-150x150.webp
https://minnano-toreka.com/wp-content/uploads/2026/07/042-048_pcg-a1963.webp,https://minnano-toreka.com/wp-content/uploads/2026/07/042-048_pcg-a1963-215x300.webp
https://minnano-toreka.com/wp-content/uploads/2026/07/014-068_pcg-a1975.webp,https://minnano-toreka.com/wp-content/uploads/2026/07/014-068_pcg-a1975-215x300.webp
https://minnano-toreka.com/wp-content/uploads/2026/07/019-106_pcg-a1978.webp,https://minnano-toreka.com/wp-content/uploads/2026/07/019-106_pcg-a1978-215x300.webp
https://minnano-toreka.com/wp-content/uploads/2026/07/065-L-P_pcg-a1986.webp,https://minnano-toreka.com/wp-content/uploads/2026/07/065-L-P_pcg-a1986-150x150.webp
https://minnano-toreka.com/wp-content/uploads/2026/07/019-106_pcg-a1991.webp,https://minnano-toreka.com/wp-content/uploads/2026/07/019-106_pcg-a1991-215x300.webp
https://minnano-toreka.com/wp-content/uploads/2026/07/187-S-P_pcg-a1992.webp,https://minnano-toreka.com/wp-content/uploads/2026/07/187-S-P_pcg-a1992-215x300.webp
https://minnano-toreka.com/wp-content/uploads/2026/07/011-108_pcg-a1995.webp,https://minnano-toreka.com/wp-content/uploads/2026/07/011-108_pcg-a1995-150x150.webp
https://minnano-toreka.com/wp-content/uploads/2026/07/001-009_pcg-a2015.webp,https://minnano-toreka.com/wp-content/uploads/2026/07/001-009_pcg-a2015-150x150.webp
https://minnano-toreka.com/wp-content/uploads/2026/07/207-172_pcg-a2028.webp,https://minnano-toreka.com/wp-content/uploads/2026/07/207-172_pcg-a2028-215x300.webp
https://minnano-toreka.com/wp-content/uploads/2026/07/206-172_pcg-a2029.webp,https://minnano-toreka.com/wp-content/uploads/2026/07/206-172_pcg-a2029-215x300.webp
https://minnano-toreka.com/wp-content/uploads/2026/07/005-L-P_pcg-a2032.webp,https://minnano-toreka.com/wp-content/uploads/2026/07/005-L-P_pcg-a2032-150x150.webp
https://minnano-toreka.com/wp-content/uploads/2026/07/002-032_pcg-a2035.webp,https://minnano-toreka.com/wp-content/uploads/2026/07/002-032_pcg-a2035-215x300.webp
https://minnano-toreka.com/wp-content/uploads/2026/07/207-172_pcg-a2050.webp,https://minnano-toreka.com/wp-content/uploads/2026/07/207-172_pcg-a2050-215x300.webp
https://minnano-toreka.com/wp-content/uploads/2026/07/001-032_pcg-a2051.webp,https://minnano-toreka.com/wp-content/uploads/2026/07/001-032_pcg-a2051-215x300.webp
https://minnano-toreka.com/wp-content/uploads/2026/07/224-XY-P_pcg-a2053.webp,https://minnano-toreka.com/wp-content/uploads/2026/07/224-XY-P_pcg-a2053-215x300.webp
https://minnano-toreka.com/wp-content/uploads/2026/07/014-068_pcg-a2068.webp,https://minnano-toreka.com/wp-content/uploads/2026/07/014-068_pcg-a2068-215x300.webp
https://minnano-toreka.com/wp-content/uploads/2026/07/020-088_pcg-a2069.webp,https://minnano-toreka.com/wp-content/uploads/2026/07/020-088_pcg-a2069-215x300.webp
https://minnano-toreka.com/wp-content/uploads/2026/07/027-087_pcg-a2079.webp,https://minnano-toreka.com/wp-content/uploads/2026/07/027-087_pcg-a2079-215x300.webp
https://minnano-toreka.com/wp-content/uploads/2026/07/018-088_pcg-a2086.webp,https://minnano-toreka.com/wp-content/uploads/2026/07/018-088_pcg-a2086-215x300.webp
https://minnano-toreka.com/wp-content/uploads/2026/07/027-087_pcg-a2108.webp,https://minnano-toreka.com/wp-content/uploads/2026/07/027-087_pcg-a2108-215x300.webp
https://minnano-toreka.com/wp-content/uploads/2026/07/019-106_pcg-a2119.webp,https://minnano-toreka.com/wp-content/uploads/2026/07/019-106_pcg-a2119-215x300.webp
https://minnano-toreka.com/wp-content/uploads/2026/07/011-108_pcg-a2125.webp,https://minnano-toreka.com/wp-content/uploads/2026/07/011-108_pcg-a2125-150x150.webp
https://minnano-toreka.com/wp-content/uploads/2026/07/091-087_pcg-a2140.webp,https://minnano-toreka.com/wp-content/uploads/2026/07/091-087_pcg-a2140-215x300.webp
https://minnano-toreka.com/wp-content/uploads/2026/07/019-106_pcg-a2151.webp,https://minnano-toreka.com/wp-content/uploads/2026/07/019-106_pcg-a2151-215x300.webp
https://minnano-toreka.com/wp-content/uploads/2026/07/007-036_pcg-a2157.webp,https://minnano-toreka.com/wp-content/uploads/2026/07/007-036_pcg-a2157-215x300.webp
https://minnano-toreka.com/wp-content/uploads/2026/07/083-SM-P_pcg-a2166.webp,https://minnano-toreka.com/wp-content/uploads/2026/07/083-SM-P_pcg-a2166-215x300.webp
https://minnano-toreka.com/wp-content/uploads/2026/07/017-088_pcg-a2169.webp,https://minnano-toreka.com/wp-content/uploads/2026/07/017-088_pcg-a2169-215x300.webp
https://minnano-toreka.com/wp-content/uploads/2026/07/007-036_pcg-a2185.webp,https://minnano-toreka.com/wp-content/uploads/2026/07/007-036_pcg-a2185-215x300.webp
https://minnano-toreka.com/wp-content/uploads/2026/07/004-016_pcg-a2194.webp,https://minnano-toreka.com/wp-content/uploads/2026/07/004-016_pcg-a2194-150x150.webp
https://minnano-toreka.com/wp-content/uploads/2026/07/017-070_pcg-a2199.webp,https://minnano-toreka.com/wp-content/uploads/2026/07/017-070_pcg-a2199-216x300.webp
https://minnano-toreka.com/wp-content/uploads/2026/07/083-SM-P_pcg-a2204.webp,https://minnano-toreka.com/wp-content/uploads/2026/07/083-SM-P_pcg-a2204-215x300.webp
https://minnano-toreka.com/wp-content/uploads/2026/07/048-L-P_pcg-a2219.webp,https://minnano-toreka.com/wp-content/uploads/2026/07/048-L-P_pcg-a2219-150x150.webp
https://minnano-toreka.com/wp-content/uploads/2026/07/172-171_pcg-a2227.webp,https://minnano-toreka.com/wp-content/uploads/2026/07/172-171_pcg-a2227-215x300.webp
https://minnano-toreka.com/wp-content/uploads/2026/07/017-070_pcg-a2233.webp,https://minnano-toreka.com/wp-content/uploads/2026/07/017-070_pcg-a2233-216x300.webp
https://minnano-toreka.com/wp-content/uploads/2026/07/076-068_pcg-a2261.webp,https://minnano-toreka.com/wp-content/uploads/2026/07/076-068_pcg-a2261-215x300.webp
https://minnano-toreka.com/wp-content/uploads/2026/07/243-S-P_pcg-a2266.webp,https://minnano-toreka.com/wp-content/uploads/2026/07/243-S-P_pcg-a2266-215x300.webp
https://minnano-toreka.com/wp-content/uploads/2026/07/048-L-P_pcg-a2281.webp,https://minnano-toreka.com/wp-content/uploads/2026/07/048-L-P_pcg-a2281-150x150.webp
https://minnano-toreka.com/wp-content/uploads/2026/07/007-036_pcg-a2283.webp,https://minnano-toreka.com/wp-content/uploads/2026/07/007-036_pcg-a2283-215x300.webp
https://minnano-toreka.com/wp-content/uploads/2026/07/004-020_pcg-a2291.webp,https://minnano-toreka.com/wp-content/uploads/2026/07/004-020_pcg-a2291-216x300.webp
https://minnano-toreka.com/wp-content/uploads/2026/07/193-XY-P_pcg-a2297.webp,https://minnano-toreka.com/wp-content/uploads/2026/07/193-XY-P_pcg-a2297-215x300.webp
https://minnano-toreka.com/wp-content/uploads/2026/07/014-070_pcg-a2311.webp,https://minnano-toreka.com/wp-content/uploads/2026/07/014-070_pcg-a2311-216x300.webp
https://minnano-toreka.com/wp-content/uploads/2026/07/015-081_pcg-a2312.webp,https://minnano-toreka.com/wp-content/uploads/2026/07/015-081_pcg-a2312-215x300.webp
https://minnano-toreka.com/wp-content/uploads/2026/07/103-XY-P_pcg-a2315.webp,https://minnano-toreka.com/wp-content/uploads/2026/07/103-XY-P_pcg-a2315-215x300.webp
https://minnano-toreka.com/wp-content/uploads/2026/07/026-087_pcg-a2338.webp,https://minnano-toreka.com/wp-content/uploads/2026/07/026-087_pcg-a2338-215x300.webp
https://minnano-toreka.com/wp-content/uploads/2026/07/013-087_pcg-a2346.webp,https://minnano-toreka.com/wp-content/uploads/2026/07/013-087_pcg-a2346-215x300.webp
https://minnano-toreka.com/wp-content/uploads/2026/07/225-XY-P_pcg-a2372.webp,https://minnano-toreka.com/wp-content/uploads/2026/07/225-XY-P_pcg-a2372-300x215.webp
https://minnano-toreka.com/wp-content/uploads/2026/07/172-171_pcg-a2384.webp,https://minnano-toreka.com/wp-content/uploads/2026/07/172-171_pcg-a2384-215x300.webp
https://minnano-toreka.com/wp-content/uploads/2026/07/009-059_pcg-a2394.webp,https://minnano-toreka.com/wp-content/uploads/2026/07/009-059_pcg-a2394-215x300.webp
https://minnano-toreka.com/wp-content/uploads/2026/07/013-087_pcg-a2400.webp,https://minnano-toreka.com/wp-content/uploads/2026/07/013-087_pcg-a2400-215x300.webp
https://minnano-toreka.com/wp-content/uploads/2026/07/003-L-P_pcg-a2406.webp,https://minnano-toreka.com/wp-content/uploads/2026/07/003-L-P_pcg-a2406-150x150.webp
https://minnano-toreka.com/wp-content/uploads/2026/07/338-S-P_pcg-a2412.webp,https://minnano-toreka.com/wp-content/uploads/2026/07/338-S-P_pcg-a2412-215x300.webp
https://minnano-toreka.com/wp-content/uploads/2026/07/214-190_pcg-a2416.webp,https://minnano-toreka.com/wp-content/uploads/2026/07/214-190_pcg-a2416-215x300.webp
https://minnano-toreka.com/wp-content/uploads/2026/07/168-S-P_pcg-a2417.webp,https://minnano-toreka.com/wp-content/uploads/2026/07/168-S-P_pcg-a2417-215x300.webp
https://minnano-toreka.com/wp-content/uploads/2026/07/175-172_pcg-a2422.webp,https://minnano-toreka.com/wp-content/uploads/2026/07/175-172_pcg-a2422-215x300.webp
https://minnano-toreka.com/wp-content/uploads/2026/07/077-165_pcg-a2424.webp,https://minnano-toreka.com/wp-content/uploads/2026/07/077-165_pcg-a2424-215x300.webp
https://minnano-toreka.com/wp-content/uploads/2026/07/006-036_pcg-a2435.webp,https://minnano-toreka.com/wp-content/uploads/2026/07/006-036_pcg-a2435-215x300.webp
https://minnano-toreka.com/wp-content/uploads/2026/07/005-020_pcg-a2451.webp,https://minnano-toreka.com/wp-content/uploads/2026/07/005-020_pcg-a2451-216x300.webp
https://minnano-toreka.com/wp-content/uploads/2026/07/031-092_pcg-a2455.webp,https://minnano-toreka.com/wp-content/uploads/2026/07/031-092_pcg-a2455-150x150.webp
https://minnano-toreka.com/wp-content/uploads/2026/07/023-068_pcg-a2457.webp,https://minnano-toreka.com/wp-content/uploads/2026/07/023-068_pcg-a2457-215x300.webp
https://minnano-toreka.com/wp-content/uploads/2026/07/044-048_pcg-a2458.webp,https://minnano-toreka.com/wp-content/uploads/2026/07/044-048_pcg-a2458-215x300.webp
https://minnano-toreka.com/wp-content/uploads/2026/07/006-034_pcg-a2461.webp,https://minnano-toreka.com/wp-content/uploads/2026/07/006-034_pcg-a2461-215x300.webp
https://minnano-toreka.com/wp-content/uploads/2026/07/044-048_pcg-a2462.webp,https://minnano-toreka.com/wp-content/uploads/2026/07/044-048_pcg-a2462-215x300.webp
https://minnano-toreka.com/wp-content/uploads/2026/07/015-068_pcg-a2481.webp,https://minnano-toreka.com/wp-content/uploads/2026/07/015-068_pcg-a2481-215x300.webp
https://minnano-toreka.com/wp-content/uploads/2026/07/023-068_pcg-a2484.webp,https://minnano-toreka.com/wp-content/uploads/2026/07/023-068_pcg-a2484-215x300.webp
https://minnano-toreka.com/wp-content/uploads/2026/07/032-106_pcg-a2491.webp,https://minnano-toreka.com/wp-content/uploads/2026/07/032-106_pcg-a2491-215x300.webp
https://minnano-toreka.com/wp-content/uploads/2026/07/015-068_pcg-a2495.webp,https://minnano-toreka.com/wp-content/uploads/2026/07/015-068_pcg-a2495-215x300.webp
https://minnano-toreka.com/wp-content/uploads/2026/07/015-068_pcg-a2500.webp,https://minnano-toreka.com/wp-content/uploads/2026/07/015-068_pcg-a2500-215x300.webp
https://minnano-toreka.com/wp-content/uploads/2026/07/290-XY-P_pcg-a2505.webp,https://minnano-toreka.com/wp-content/uploads/2026/07/290-XY-P_pcg-a2505-215x300.webp
https://minnano-toreka.com/wp-content/uploads/2026/07/015-108_pcg-a2510.webp,https://minnano-toreka.com/wp-content/uploads/2026/07/015-108_pcg-a2510-150x150.webp
https://minnano-toreka.com/wp-content/uploads/2026/07/187-S-P_pcg-a2511.webp,https://minnano-toreka.com/wp-content/uploads/2026/07/187-S-P_pcg-a2511-215x300.webp
https://minnano-toreka.com/wp-content/uploads/2026/07/015-108_pcg-a2512.webp,https://minnano-toreka.com/wp-content/uploads/2026/07/015-108_pcg-a2512-150x150.webp
https://minnano-toreka.com/wp-content/uploads/2026/07/004-020_pcg-a2530.webp,https://minnano-toreka.com/wp-content/uploads/2026/07/004-020_pcg-a2530-216x300.webp
https://minnano-toreka.com/wp-content/uploads/2026/07/175-172_pcg-a2538.webp,https://minnano-toreka.com/wp-content/uploads/2026/07/175-172_pcg-a2538-215x300.webp
https://minnano-toreka.com/wp-content/uploads/2026/07/040-087_pcg-a2555.webp,https://minnano-toreka.com/wp-content/uploads/2026/07/040-087_pcg-a2555-215x300.webp
https://minnano-toreka.com/wp-content/uploads/2026/07/147-SM-P_pcg-a2561.webp,https://minnano-toreka.com/wp-content/uploads/2026/07/147-SM-P_pcg-a2561-215x300.webp
https://minnano-toreka.com/wp-content/uploads/2026/07/025-096_pcg-a2571.webp,https://minnano-toreka.com/wp-content/uploads/2026/07/025-096_pcg-a2571-150x150.webp
https://minnano-toreka.com/wp-content/uploads/2026/07/030-092_pcg-a2575.webp,https://minnano-toreka.com/wp-content/uploads/2026/07/030-092_pcg-a2575-150x150.webp
https://minnano-toreka.com/wp-content/uploads/2026/07/185-BW-P_pcg-a2590.webp,https://minnano-toreka.com/wp-content/uploads/2026/07/185-BW-P_pcg-a2590-216x300.webp
https://minnano-toreka.com/wp-content/uploads/2026/07/071-070_pcg-a2592.webp,https://minnano-toreka.com/wp-content/uploads/2026/07/071-070_pcg-a2592-215x300.webp
https://minnano-toreka.com/wp-content/uploads/2026/07/147-SM-P_pcg-a2600.webp,https://minnano-toreka.com/wp-content/uploads/2026/07/147-SM-P_pcg-a2600-215x300.webp
https://minnano-toreka.com/wp-content/uploads/2026/07/031-088_pcg-a2608.webp,https://minnano-toreka.com/wp-content/uploads/2026/07/031-088_pcg-a2608-215x300.webp
https://minnano-toreka.com/wp-content/uploads/2026/07/218-XY-P_pcg-a2610.webp,https://minnano-toreka.com/wp-content/uploads/2026/07/218-XY-P_pcg-a2610-215x300.webp
https://minnano-toreka.com/wp-content/uploads/2026/07/026-092_pcg-a2613.webp,https://minnano-toreka.com/wp-content/uploads/2026/07/026-092_pcg-a2613-150x150.webp
https://minnano-toreka.com/wp-content/uploads/2026/07/026-092_pcg-a2624.webp,https://minnano-toreka.com/wp-content/uploads/2026/07/026-092_pcg-a2624-150x150.webp
https://minnano-toreka.com/wp-content/uploads/2026/07/093-081_pcg-a2629.webp,https://minnano-toreka.com/wp-content/uploads/2026/07/093-081_pcg-a2629-215x300.webp
https://minnano-toreka.com/wp-content/uploads/2026/07/031-092_pcg-a2633.webp,https://minnano-toreka.com/wp-content/uploads/2026/07/031-092_pcg-a2633-150x150.webp
https://minnano-toreka.com/wp-content/uploads/2026/07/105-DP-P_pcg-a2635.webp,https://minnano-toreka.com/wp-content/uploads/2026/07/105-DP-P_pcg-a2635-150x150.webp
https://minnano-toreka.com/wp-content/uploads/2026/07/054-052_pcg-a2638.webp,https://minnano-toreka.com/wp-content/uploads/2026/07/054-052_pcg-a2638-215x300.webp
https://minnano-toreka.com/wp-content/uploads/2026/07/031-088_pcg-a2653.webp,https://minnano-toreka.com/wp-content/uploads/2026/07/031-088_pcg-a2653-215x300.webp
https://minnano-toreka.com/wp-content/uploads/2026/07/007-016_pcg-a2658.webp,https://minnano-toreka.com/wp-content/uploads/2026/07/007-016_pcg-a2658-215x300.webp
https://minnano-toreka.com/wp-content/uploads/2026/07/040-087_pcg-a2663.webp,https://minnano-toreka.com/wp-content/uploads/2026/07/040-087_pcg-a2663-215x300.webp
https://minnano-toreka.com/wp-content/uploads/2026/07/030-087_pcg-a2665.webp,https://minnano-toreka.com/wp-content/uploads/2026/07/030-087_pcg-a2665-300x215.webp
https://minnano-toreka.com/wp-content/uploads/2026/07/146-S-P_pcg-a2666.webp,https://minnano-toreka.com/wp-content/uploads/2026/07/146-S-P_pcg-a2666-215x300.webp
https://minnano-toreka.com/wp-content/uploads/2026/07/028-072_pcg-a2668.webp,https://minnano-toreka.com/wp-content/uploads/2026/07/028-072_pcg-a2668-215x300.webp
https://minnano-toreka.com/wp-content/uploads/2026/07/003-032_pcg-a2671.webp,https://minnano-toreka.com/wp-content/uploads/2026/07/003-032_pcg-a2671-215x300.webp
https://minnano-toreka.com/wp-content/uploads/2026/07/019-070_pcg-a2672.webp,https://minnano-toreka.com/wp-content/uploads/2026/07/019-070_pcg-a2672-216x300.webp
https://minnano-toreka.com/wp-content/uploads/2026/07/026-092_pcg-a2682.webp,https://minnano-toreka.com/wp-content/uploads/2026/07/026-092_pcg-a2682-150x150.webp
https://minnano-toreka.com/wp-content/uploads/2026/07/003-010_pcg-a2689.webp,https://minnano-toreka.com/wp-content/uploads/2026/07/003-010_pcg-a2689-150x150.webp
https://minnano-toreka.com/wp-content/uploads/2026/07/020-080_pcg-a2690.webp,https://minnano-toreka.com/wp-content/uploads/2026/07/020-080_pcg-a2690-215x300.webp
https://minnano-toreka.com/wp-content/uploads/2026/07/015-047_pcg-a2698.webp,https://minnano-toreka.com/wp-content/uploads/2026/07/015-047_pcg-a2698-216x300.webp
https://minnano-toreka.com/wp-content/uploads/2026/07/213-150_pcg-a2701.webp,https://minnano-toreka.com/wp-content/uploads/2026/07/213-150_pcg-a2701-215x300.webp
https://minnano-toreka.com/wp-content/uploads/2026/07/214-150_pcg-a2715.webp,https://minnano-toreka.com/wp-content/uploads/2026/07/214-150_pcg-a2715-215x300.webp
https://minnano-toreka.com/wp-content/uploads/2026/07/014-036_pcg-a2718.webp,https://minnano-toreka.com/wp-content/uploads/2026/07/014-036_pcg-a2718-215x300.webp
https://minnano-toreka.com/wp-content/uploads/2026/07/030-087_pcg-a2728.webp,https://minnano-toreka.com/wp-content/uploads/2026/07/030-087_pcg-a2728-300x215.webp
https://minnano-toreka.com/wp-content/uploads/2026/07/054-052_pcg-a2731.webp,https://minnano-toreka.com/wp-content/uploads/2026/07/054-052_pcg-a2731-215x300.webp
https://minnano-toreka.com/wp-content/uploads/2026/07/290-XY-P_pcg-a2732.webp,https://minnano-toreka.com/wp-content/uploads/2026/07/290-XY-P_pcg-a2732-215x300.webp
https://minnano-toreka.com/wp-content/uploads/2026/07/007-L-P_pcg-a2734.webp,https://minnano-toreka.com/wp-content/uploads/2026/07/007-L-P_pcg-a2734-150x150.webp
https://minnano-toreka.com/wp-content/uploads/2026/07/023-068_pcg-a2736.webp,https://minnano-toreka.com/wp-content/uploads/2026/07/023-068_pcg-a2736-215x300.webp
https://minnano-toreka.com/wp-content/uploads/2026/07/078-DP-P_pcg-a2747.webp,https://minnano-toreka.com/wp-content/uploads/2026/07/078-DP-P_pcg-a2747-150x150.webp
https://minnano-toreka.com/wp-content/uploads/2026/07/030-080_pcg-a2754.webp,https://minnano-toreka.com/wp-content/uploads/2026/07/030-080_pcg-a2754-300x215.webp
https://minnano-toreka.com/wp-content/uploads/2026/07/177-XY-P_pcg-a2762.webp,https://minnano-toreka.com/wp-content/uploads/2026/07/177-XY-P_pcg-a2762-215x300.webp
https://minnano-toreka.com/wp-content/uploads/2026/07/010-036_pcg-a2765.webp,https://minnano-toreka.com/wp-content/uploads/2026/07/010-036_pcg-a2765-215x300.webp
https://minnano-toreka.com/wp-content/uploads/2026/07/013-036_pcg-a2769.webp,https://minnano-toreka.com/wp-content/uploads/2026/07/013-036_pcg-a2769-215x300.webp
https://minnano-toreka.com/wp-content/uploads/2026/07/025-087_pcg-a2770.webp,https://minnano-toreka.com/wp-content/uploads/2026/07/025-087_pcg-a2770-215x300.webp
https://minnano-toreka.com/wp-content/uploads/2026/07/146-S-P_pcg-a2771.webp,https://minnano-toreka.com/wp-content/uploads/2026/07/146-S-P_pcg-a2771-215x300.webp
https://minnano-toreka.com/wp-content/uploads/2026/07/028-171_pcg-a2787.webp,https://minnano-toreka.com/wp-content/uploads/2026/07/028-171_pcg-a2787-300x215.webp
https://minnano-toreka.com/wp-content/uploads/2026/07/221-190_pcg-a2797.webp,https://minnano-toreka.com/wp-content/uploads/2026/07/221-190_pcg-a2797-215x300.webp
https://minnano-toreka.com/wp-content/uploads/2026/07/036-190_pcg-a2799.webp,https://minnano-toreka.com/wp-content/uploads/2026/07/036-190_pcg-a2799-215x300.webp
https://minnano-toreka.com/wp-content/uploads/2026/07/179-172_pcg-a2809.webp,https://minnano-toreka.com/wp-content/uploads/2026/07/179-172_pcg-a2809-215x300.webp
https://minnano-toreka.com/wp-content/uploads/2026/07/014-059_pcg-a2810.webp,https://minnano-toreka.com/wp-content/uploads/2026/07/014-059_pcg-a2810-216x300.webp
https://minnano-toreka.com/wp-content/uploads/2026/07/169-150_pcg-a2816.webp,https://minnano-toreka.com/wp-content/uploads/2026/07/169-150_pcg-a2816-215x300.webp
https://minnano-toreka.com/wp-content/uploads/2026/07/311-190_pcg-a2830.webp,https://minnano-toreka.com/wp-content/uploads/2026/07/311-190_pcg-a2830-215x300.webp
https://minnano-toreka.com/wp-content/uploads/2026/07/020-092_pcg-a2851.webp,https://minnano-toreka.com/wp-content/uploads/2026/07/020-092_pcg-a2851-150x150.webp
https://minnano-toreka.com/wp-content/uploads/2026/07/180-165_pcg-a2853.webp,https://minnano-toreka.com/wp-content/uploads/2026/07/180-165_pcg-a2853-215x300.webp
https://minnano-toreka.com/wp-content/uploads/2026/07/179-172_pcg-a2859.webp,https://minnano-toreka.com/wp-content/uploads/2026/07/179-172_pcg-a2859-215x300.webp
https://minnano-toreka.com/wp-content/uploads/2026/07/028-072_pcg-a2867.webp,https://minnano-toreka.com/wp-content/uploads/2026/07/028-072_pcg-a2867-215x300.webp
https://minnano-toreka.com/wp-content/uploads/2026/07/018-071_pcg-a2871.webp,https://minnano-toreka.com/wp-content/uploads/2026/07/018-071_pcg-a2871-215x300.webp
https://minnano-toreka.com/wp-content/uploads/2026/07/025-087_pcg-a2883.webp,https://minnano-toreka.com/wp-content/uploads/2026/07/025-087_pcg-a2883-215x300.webp
https://minnano-toreka.com/wp-content/uploads/2026/07/025-096_pcg-a2885.webp,https://minnano-toreka.com/wp-content/uploads/2026/07/025-096_pcg-a2885-150x150.webp
https://minnano-toreka.com/wp-content/uploads/2026/07/021-067_pcg-a2889.webp,https://minnano-toreka.com/wp-content/uploads/2026/07/021-067_pcg-a2889-215x300.webp
https://minnano-toreka.com/wp-content/uploads/2026/07/003-032_pcg-a2899.webp,https://minnano-toreka.com/wp-content/uploads/2026/07/003-032_pcg-a2899-215x300.webp
https://minnano-toreka.com/wp-content/uploads/2026/07/002-020_pcg-a2900.webp,https://minnano-toreka.com/wp-content/uploads/2026/07/002-020_pcg-a2900-215x300.webp
https://minnano-toreka.com/wp-content/uploads/2026/07/025-087_pcg-a2903.webp,https://minnano-toreka.com/wp-content/uploads/2026/07/025-087_pcg-a2903-215x300.webp
https://minnano-toreka.com/wp-content/uploads/2026/07/031-088_pcg-a2905.webp,https://minnano-toreka.com/wp-content/uploads/2026/07/031-088_pcg-a2905-215x300.webp
https://minnano-toreka.com/wp-content/uploads/2026/07/020-096_pcg-a2908.webp,https://minnano-toreka.com/wp-content/uploads/2026/07/020-096_pcg-a2908-215x300.webp
https://minnano-toreka.com/wp-content/uploads/2026/07/174-173_pcg-a2909.webp,https://minnano-toreka.com/wp-content/uploads/2026/07/174-173_pcg-a2909-215x300.webp
https://minnano-toreka.com/wp-content/uploads/2026/07/214-150_pcg-a2917.webp,https://minnano-toreka.com/wp-content/uploads/2026/07/214-150_pcg-a2917-215x300.webp
https://minnano-toreka.com/wp-content/uploads/2026/07/033-172_pcg-a2922.webp,https://minnano-toreka.com/wp-content/uploads/2026/07/033-172_pcg-a2922-215x300.webp
https://minnano-toreka.com/wp-content/uploads/2026/07/018-071_pcg-a2926.webp,https://minnano-toreka.com/wp-content/uploads/2026/07/018-071_pcg-a2926-215x300.webp
https://minnano-toreka.com/wp-content/uploads/2026/07/001-020_pcg-a2934.webp,https://minnano-toreka.com/wp-content/uploads/2026/07/001-020_pcg-a2934-215x300.webp
https://minnano-toreka.com/wp-content/uploads/2026/07/027-070_pcg-a2935.webp,https://minnano-toreka.com/wp-content/uploads/2026/07/027-070_pcg-a2935-216x300.webp
https://minnano-toreka.com/wp-content/uploads/2026/07/225-190_pcg-a2937.webp,https://minnano-toreka.com/wp-content/uploads/2026/07/225-190_pcg-a2937-215x300.webp
https://minnano-toreka.com/wp-content/uploads/2026/07/039-106_pcg-a2960.webp,https://minnano-toreka.com/wp-content/uploads/2026/07/039-106_pcg-a2960-215x300.webp
https://minnano-toreka.com/wp-content/uploads/2026/07/293-XY-P_pcg-a2973.webp,https://minnano-toreka.com/wp-content/uploads/2026/07/293-XY-P_pcg-a2973-215x300.webp
https://minnano-toreka.com/wp-content/uploads/2026/07/150-XY-P_pcg-a2978.webp,https://minnano-toreka.com/wp-content/uploads/2026/07/150-XY-P_pcg-a2978-215x300.webp
https://minnano-toreka.com/wp-content/uploads/2026/07/013-SM-P_pcg-a2981.webp,https://minnano-toreka.com/wp-content/uploads/2026/07/013-SM-P_pcg-a2981-215x300.webp
https://minnano-toreka.com/wp-content/uploads/2026/07/151-XY-P_pcg-a2984.webp,https://minnano-toreka.com/wp-content/uploads/2026/07/151-XY-P_pcg-a2984-215x300.webp
https://minnano-toreka.com/wp-content/uploads/2026/07/204-XY-P_pcg-a2985.webp,https://minnano-toreka.com/wp-content/uploads/2026/07/204-XY-P_pcg-a2985-215x300.webp
https://minnano-toreka.com/wp-content/uploads/2026/07/231-XY-P_pcg-a2987.webp,https://minnano-toreka.com/wp-content/uploads/2026/07/231-XY-P_pcg-a2987-215x300.webp
https://minnano-toreka.com/wp-content/uploads/2026/07/230-XY-P_pcg-a2988.webp,https://minnano-toreka.com/wp-content/uploads/2026/07/230-XY-P_pcg-a2988-215x300.webp
https://minnano-toreka.com/wp-content/uploads/2026/07/295-XY-P_pcg-a2989.webp,https://minnano-toreka.com/wp-content/uploads/2026/07/295-XY-P_pcg-a2989-215x300.webp
https://minnano-toreka.com/wp-content/uploads/2026/07/293-XY-P_pcg-a2992.webp,https://minnano-toreka.com/wp-content/uploads/2026/07/293-XY-P_pcg-a2992-215x300.webp
https://minnano-toreka.com/wp-content/uploads/2026/07/296-XY-P_pcg-a2994.webp,https://minnano-toreka.com/wp-content/uploads/2026/07/296-XY-P_pcg-a2994-215x300.webp
https://minnano-toreka.com/wp-content/uploads/2026/07/295-XY-P_pcg-a2995.webp,https://minnano-toreka.com/wp-content/uploads/2026/07/295-XY-P_pcg-a2995-215x300.webp
https://minnano-toreka.com/wp-content/uploads/2026/07/150-XY-P_pcg-a2999.webp,https://minnano-toreka.com/wp-content/uploads/2026/07/150-XY-P_pcg-a2999-215x300.webp
https://minnano-toreka.com/wp-content/uploads/2026/07/151-XY-P_pcg-a3000.webp,https://minnano-toreka.com/wp-content/uploads/2026/07/151-XY-P_pcg-a3000-215x300.webp
https://minnano-toreka.com/wp-content/uploads/2026/07/207-XY-P_pcg-a3001.webp,https://minnano-toreka.com/wp-content/uploads/2026/07/207-XY-P_pcg-a3001-215x300.webp
https://minnano-toreka.com/wp-content/uploads/2026/07/013-SM-P_pcg-a3002.webp,https://minnano-toreka.com/wp-content/uploads/2026/07/013-SM-P_pcg-a3002-215x300.webp
https://minnano-toreka.com/wp-content/uploads/2026/07/095-XY-P_pcg-a3003.webp,https://minnano-toreka.com/wp-content/uploads/2026/07/095-XY-P_pcg-a3003-215x300.webp
https://minnano-toreka.com/wp-content/uploads/2026/07/096-XY-P_pcg-a3004.webp,https://minnano-toreka.com/wp-content/uploads/2026/07/096-XY-P_pcg-a3004-215x300.webp
https://minnano-toreka.com/wp-content/uploads/2026/07/039-106_pcg-a3005.webp,https://minnano-toreka.com/wp-content/uploads/2026/07/039-106_pcg-a3005-215x300.webp
https://minnano-toreka.com/wp-content/uploads/2026/07/150-XY-P_pcg-a3007.webp,https://minnano-toreka.com/wp-content/uploads/2026/07/150-XY-P_pcg-a3007-215x300.webp
https://minnano-toreka.com/wp-content/uploads/2026/07/151-XY-P_pcg-a3008.webp,https://minnano-toreka.com/wp-content/uploads/2026/07/151-XY-P_pcg-a3008-215x300.webp
https://minnano-toreka.com/wp-content/uploads/2026/07/150-XY-P_pcg-a3009.webp,https://minnano-toreka.com/wp-content/uploads/2026/07/150-XY-P_pcg-a3009-215x300.webp
https://minnano-toreka.com/wp-content/uploads/2026/07/294-XY-P_pcg-a3015.webp,https://minnano-toreka.com/wp-content/uploads/2026/07/294-XY-P_pcg-a3015-215x300.webp
https://minnano-toreka.com/wp-content/uploads/2026/07/207-XY-P_pcg-a3016.webp,https://minnano-toreka.com/wp-content/uploads/2026/07/207-XY-P_pcg-a3016-215x300.webp
https://minnano-toreka.com/wp-content/uploads/2026/07/231-XY-P_pcg-a3017.webp,https://minnano-toreka.com/wp-content/uploads/2026/07/231-XY-P_pcg-a3017-215x300.webp
https://minnano-toreka.com/wp-content/uploads/2026/07/027-108_pcg-a3018.webp,https://minnano-toreka.com/wp-content/uploads/2026/07/027-108_pcg-a3018-150x150.webp
https://minnano-toreka.com/wp-content/uploads/2026/07/296-XY-P_pcg-a3019.webp,https://minnano-toreka.com/wp-content/uploads/2026/07/296-XY-P_pcg-a3019-215x300.webp
https://minnano-toreka.com/wp-content/uploads/2026/07/027-108_pcg-a3020.webp,https://minnano-toreka.com/wp-content/uploads/2026/07/027-108_pcg-a3020-150x150.webp
https://minnano-toreka.com/wp-content/uploads/2026/07/230-XY-P_pcg-a3021.webp,https://minnano-toreka.com/wp-content/uploads/2026/07/230-XY-P_pcg-a3021-215x300.webp
https://minnano-toreka.com/wp-content/uploads/2026/07/296-XY-P_pcg-a3023.webp,https://minnano-toreka.com/wp-content/uploads/2026/07/296-XY-P_pcg-a3023-215x300.webp
https://minnano-toreka.com/wp-content/uploads/2026/07/208-XY-P_pcg-a3024.webp,https://minnano-toreka.com/wp-content/uploads/2026/07/208-XY-P_pcg-a3024-215x300.webp
https://minnano-toreka.com/wp-content/uploads/2026/07/294-XY-P_pcg-a3025.webp,https://minnano-toreka.com/wp-content/uploads/2026/07/294-XY-P_pcg-a3025-215x300.webp
https://minnano-toreka.com/wp-content/uploads/2026/07/296-XY-P_pcg-a3027.webp,https://minnano-toreka.com/wp-content/uploads/2026/07/296-XY-P_pcg-a3027-215x300.webp
https://minnano-toreka.com/wp-content/uploads/2026/07/188-S-P_pcg-a3028.webp,https://minnano-toreka.com/wp-content/uploads/2026/07/188-S-P_pcg-a3028-215x300.webp
https://minnano-toreka.com/wp-content/uploads/2026/07/207-XY-P_pcg-a3029.webp,https://minnano-toreka.com/wp-content/uploads/2026/07/207-XY-P_pcg-a3029-215x300.webp
https://minnano-toreka.com/wp-content/uploads/2026/07/204-XY-P_pcg-a3031.webp,https://minnano-toreka.com/wp-content/uploads/2026/07/204-XY-P_pcg-a3031-215x300.webp
https://minnano-toreka.com/wp-content/uploads/2026/07/207-XY-P_pcg-a3032.webp,https://minnano-toreka.com/wp-content/uploads/2026/07/207-XY-P_pcg-a3032-215x300.webp
https://minnano-toreka.com/wp-content/uploads/2026/07/294-XY-P_pcg-a3037.webp,https://minnano-toreka.com/wp-content/uploads/2026/07/294-XY-P_pcg-a3037-215x300.webp
https://minnano-toreka.com/wp-content/uploads/2026/07/014-060_pcg-a3043.webp,https://minnano-toreka.com/wp-content/uploads/2026/07/014-060_pcg-a3043-215x300.webp
https://minnano-toreka.com/wp-content/uploads/2026/07/001-020_pcg-a3048.webp,https://minnano-toreka.com/wp-content/uploads/2026/07/001-020_pcg-a3048-215x300.webp
https://minnano-toreka.com/wp-content/uploads/2026/07/088-SM-P_pcg-a3053.webp,https://minnano-toreka.com/wp-content/uploads/2026/07/088-SM-P_pcg-a3053-215x300.webp
https://minnano-toreka.com/wp-content/uploads/2026/07/210-SM-P_pcg-a3067.webp,https://minnano-toreka.com/wp-content/uploads/2026/07/210-SM-P_pcg-a3067-215x300.webp
https://minnano-toreka.com/wp-content/uploads/2026/07/203-XY-P_pcg-a3071.webp,https://minnano-toreka.com/wp-content/uploads/2026/07/203-XY-P_pcg-a3071-215x300.webp
https://minnano-toreka.com/wp-content/uploads/2026/07/098-XY-P_pcg-a3085.webp,https://minnano-toreka.com/wp-content/uploads/2026/07/098-XY-P_pcg-a3085-215x300.webp
https://minnano-toreka.com/wp-content/uploads/2026/07/020-080_pcg-a3086.webp,https://minnano-toreka.com/wp-content/uploads/2026/07/020-080_pcg-a3086-216x300.webp
https://minnano-toreka.com/wp-content/uploads/2026/07/008-016_pcg-a3096.webp,https://minnano-toreka.com/wp-content/uploads/2026/07/008-016_pcg-a3096-150x150.webp
https://minnano-toreka.com/wp-content/uploads/2026/07/034-070_pcg-a3099.webp,https://minnano-toreka.com/wp-content/uploads/2026/07/034-070_pcg-a3099-216x300.webp
https://minnano-toreka.com/wp-content/uploads/2026/07/034-070_pcg-a3104.webp,https://minnano-toreka.com/wp-content/uploads/2026/07/034-070_pcg-a3104-216x300.webp
https://minnano-toreka.com/wp-content/uploads/2026/07/197-SM-P_pcg-a3109.webp,https://minnano-toreka.com/wp-content/uploads/2026/07/197-SM-P_pcg-a3109-215x300.webp
https://minnano-toreka.com/wp-content/uploads/2026/07/192-SM-P_pcg-a3113.webp,https://minnano-toreka.com/wp-content/uploads/2026/07/192-SM-P_pcg-a3113-215x300.webp
https://minnano-toreka.com/wp-content/uploads/2026/07/221-XY-P_pcg-a3115.webp,https://minnano-toreka.com/wp-content/uploads/2026/07/221-XY-P_pcg-a3115-215x300.webp
https://minnano-toreka.com/wp-content/uploads/2026/07/038-SM-P_pcg-a3120.webp,https://minnano-toreka.com/wp-content/uploads/2026/07/038-SM-P_pcg-a3120-215x300.webp
https://minnano-toreka.com/wp-content/uploads/2026/07/037-SM-P_pcg-a3121.webp,https://minnano-toreka.com/wp-content/uploads/2026/07/037-SM-P_pcg-a3121-215x300.webp
https://minnano-toreka.com/wp-content/uploads/2026/07/005-026_pcg-a3126.webp,https://minnano-toreka.com/wp-content/uploads/2026/07/005-026_pcg-a3126-215x300.webp
https://minnano-toreka.com/wp-content/uploads/2026/07/295-XY-P_pcg-a3135.webp,https://minnano-toreka.com/wp-content/uploads/2026/07/295-XY-P_pcg-a3135-215x300.webp
https://minnano-toreka.com/wp-content/uploads/2026/07/204-XY-P_pcg-a3136.webp,https://minnano-toreka.com/wp-content/uploads/2026/07/204-XY-P_pcg-a3136-215x300.webp
https://minnano-toreka.com/wp-content/uploads/2026/07/095-XY-P_pcg-a3139.webp,https://minnano-toreka.com/wp-content/uploads/2026/07/095-XY-P_pcg-a3139-215x300.webp
https://minnano-toreka.com/wp-content/uploads/2026/07/097-XY-P_pcg-a3141.webp,https://minnano-toreka.com/wp-content/uploads/2026/07/097-XY-P_pcg-a3141-215x300.webp
https://minnano-toreka.com/wp-content/uploads/2026/07/094-XY-P_pcg-a3142.webp,https://minnano-toreka.com/wp-content/uploads/2026/07/094-XY-P_pcg-a3142-215x300.webp
https://minnano-toreka.com/wp-content/uploads/2026/07/026-092_pcg-a3147.webp,https://minnano-toreka.com/wp-content/uploads/2026/07/026-092_pcg-a3147-150x150.webp
https://minnano-toreka.com/wp-content/uploads/2026/07/088-SM-P_pcg-a3153.webp,https://minnano-toreka.com/wp-content/uploads/2026/07/088-SM-P_pcg-a3153-215x300.webp
https://minnano-toreka.com/wp-content/uploads/2026/07/074-072_pcg-a3158.webp,https://minnano-toreka.com/wp-content/uploads/2026/07/074-072_pcg-a3158-215x300.webp
https://minnano-toreka.com/wp-content/uploads/2026/07/079-L-P_pcg-a3159.webp,https://minnano-toreka.com/wp-content/uploads/2026/07/079-L-P_pcg-a3159-150x150.webp
https://minnano-toreka.com/wp-content/uploads/2026/07/098-XY-P_pcg-a3162.webp,https://minnano-toreka.com/wp-content/uploads/2026/07/098-XY-P_pcg-a3162-215x300.webp
https://minnano-toreka.com/wp-content/uploads/2026/07/062-060_pcg-a3170.webp,https://minnano-toreka.com/wp-content/uploads/2026/07/062-060_pcg-a3170-215x300.webp
https://minnano-toreka.com/wp-content/uploads/2026/07/020-072_pcg-a3177.webp,https://minnano-toreka.com/wp-content/uploads/2026/07/020-072_pcg-a3177-215x300.webp
https://minnano-toreka.com/wp-content/uploads/2026/07/192-SM-P_pcg-a3183.webp,https://minnano-toreka.com/wp-content/uploads/2026/07/192-SM-P_pcg-a3183-215x300.webp
https://minnano-toreka.com/wp-content/uploads/2026/07/036-S-P_pcg-a3186.webp,https://minnano-toreka.com/wp-content/uploads/2026/07/036-S-P_pcg-a3186-215x300.webp
https://minnano-toreka.com/wp-content/uploads/2026/07/037-SM-P_pcg-a3199.webp,https://minnano-toreka.com/wp-content/uploads/2026/07/037-SM-P_pcg-a3199-215x300.webp
https://minnano-toreka.com/wp-content/uploads/2026/07/043-DPT-P_pcg-a3208.webp,https://minnano-toreka.com/wp-content/uploads/2026/07/043-DPT-P_pcg-a3208-150x150.webp
https://minnano-toreka.com/wp-content/uploads/2026/07/031-070_pcg-a3212.webp,https://minnano-toreka.com/wp-content/uploads/2026/07/031-070_pcg-a3212-216x300.webp
https://minnano-toreka.com/wp-content/uploads/2026/07/211-SM-P_pcg-a3220.webp,https://minnano-toreka.com/wp-content/uploads/2026/07/211-SM-P_pcg-a3220-215x300.webp
https://minnano-toreka.com/wp-content/uploads/2026/07/112-DP-P_pcg-a3223.webp,https://minnano-toreka.com/wp-content/uploads/2026/07/112-DP-P_pcg-a3223-150x150.webp
https://minnano-toreka.com/wp-content/uploads/2026/07/069-L-P_pcg-a3225.webp,https://minnano-toreka.com/wp-content/uploads/2026/07/069-L-P_pcg-a3225-150x150.webp
https://minnano-toreka.com/wp-content/uploads/2026/07/036-092_pcg-a3243.webp,https://minnano-toreka.com/wp-content/uploads/2026/07/036-092_pcg-a3243-150x150.webp
https://minnano-toreka.com/wp-content/uploads/2026/07/174-171_pcg-a3255.webp,https://minnano-toreka.com/wp-content/uploads/2026/07/174-171_pcg-a3255-215x300.webp
https://minnano-toreka.com/wp-content/uploads/2026/07/023-055_pcg-a3260.webp,https://minnano-toreka.com/wp-content/uploads/2026/07/023-055_pcg-a3260-215x300.webp
https://minnano-toreka.com/wp-content/uploads/2026/07/046-048_pcg-a3261.webp,https://minnano-toreka.com/wp-content/uploads/2026/07/046-048_pcg-a3261-215x300.webp
https://minnano-toreka.com/wp-content/uploads/2026/07/270-SM-P_pcg-a3264.webp,https://minnano-toreka.com/wp-content/uploads/2026/07/270-SM-P_pcg-a3264-215x300.webp
https://minnano-toreka.com/wp-content/uploads/2026/07/203-XY-P_pcg-a3276.webp,https://minnano-toreka.com/wp-content/uploads/2026/07/203-XY-P_pcg-a3276-215x300.webp
https://minnano-toreka.com/wp-content/uploads/2026/07/008-L-P_pcg-a3290.webp,https://minnano-toreka.com/wp-content/uploads/2026/07/008-L-P_pcg-a3290-150x150.webp
https://minnano-toreka.com/wp-content/uploads/2026/07/174-171_pcg-a3291.webp,https://minnano-toreka.com/wp-content/uploads/2026/07/174-171_pcg-a3291-215x300.webp
https://minnano-toreka.com/wp-content/uploads/2026/07/221-XY-P_pcg-a3302.webp,https://minnano-toreka.com/wp-content/uploads/2026/07/221-XY-P_pcg-a3302-215x300.webp
https://minnano-toreka.com/wp-content/uploads/2026/07/089-088_pcg-a3315.webp,https://minnano-toreka.com/wp-content/uploads/2026/07/089-088_pcg-a3315-215x300.webp
https://minnano-toreka.com/wp-content/uploads/2026/07/085-SV-P_pcg-a3327.webp,https://minnano-toreka.com/wp-content/uploads/2026/07/085-SV-P_pcg-a3327-215x300.webp
https://minnano-toreka.com/wp-content/uploads/2026/07/046-048_pcg-a3331.webp,https://minnano-toreka.com/wp-content/uploads/2026/07/046-048_pcg-a3331-215x300.webp
https://minnano-toreka.com/wp-content/uploads/2026/07/020-080_pcg-a3341.webp,https://minnano-toreka.com/wp-content/uploads/2026/07/020-080_pcg-a3341-216x300.webp
https://minnano-toreka.com/wp-content/uploads/2026/07/027-080_pcg-a3349.webp,https://minnano-toreka.com/wp-content/uploads/2026/07/027-080_pcg-a3349-216x300.webp
https://minnano-toreka.com/wp-content/uploads/2026/07/026-048_pcg-a3360.webp,https://minnano-toreka.com/wp-content/uploads/2026/07/026-048_pcg-a3360-215x300.webp
https://minnano-toreka.com/wp-content/uploads/2026/07/034-070_pcg-a3363.webp,https://minnano-toreka.com/wp-content/uploads/2026/07/034-070_pcg-a3363-216x300.webp
https://minnano-toreka.com/wp-content/uploads/2026/07/008-L-P_pcg-a3390.webp,https://minnano-toreka.com/wp-content/uploads/2026/07/008-L-P_pcg-a3390-150x150.webp
https://minnano-toreka.com/wp-content/uploads/2026/07/040-087_pcg-a3396.webp,https://minnano-toreka.com/wp-content/uploads/2026/07/040-087_pcg-a3396-215x300.webp
https://minnano-toreka.com/wp-content/uploads/2026/07/003-004_pcg-a3397.webp,https://minnano-toreka.com/wp-content/uploads/2026/07/003-004_pcg-a3397-215x300.webp
https://minnano-toreka.com/wp-content/uploads/2026/07/020-080_pcg-a3405.webp,https://minnano-toreka.com/wp-content/uploads/2026/07/020-080_pcg-a3405-216x300.webp
https://minnano-toreka.com/wp-content/uploads/2026/07/269-XY-P_pcg-a3426.webp,https://minnano-toreka.com/wp-content/uploads/2026/07/269-XY-P_pcg-a3426-215x300.webp
https://minnano-toreka.com/wp-content/uploads/2026/07/025-055_pcg-a3428.webp,https://minnano-toreka.com/wp-content/uploads/2026/07/025-055_pcg-a3428-215x300.webp
https://minnano-toreka.com/wp-content/uploads/2026/07/034-070_pcg-a3429.webp,https://minnano-toreka.com/wp-content/uploads/2026/07/034-070_pcg-a3429-216x300.webp
https://minnano-toreka.com/wp-content/uploads/2026/07/020-072_pcg-a3434.webp,https://minnano-toreka.com/wp-content/uploads/2026/07/020-072_pcg-a3434-215x300.webp
https://minnano-toreka.com/wp-content/uploads/2026/07/031-070_pcg-a3439.webp,https://minnano-toreka.com/wp-content/uploads/2026/07/031-070_pcg-a3439-216x300.webp
https://minnano-toreka.com/wp-content/uploads/2026/07/030-080_pcg-a3441.webp,https://minnano-toreka.com/wp-content/uploads/2026/07/030-080_pcg-a3441-216x300.webp
https://minnano-toreka.com/wp-content/uploads/2026/07/027-080_pcg-a3444.webp,https://minnano-toreka.com/wp-content/uploads/2026/07/027-080_pcg-a3444-216x300.webp
https://minnano-toreka.com/wp-content/uploads/2026/07/279-SM-P_pcg-a3447.webp,https://minnano-toreka.com/wp-content/uploads/2026/07/279-SM-P_pcg-a3447-215x300.webp
https://minnano-toreka.com/wp-content/uploads/2026/07/051-173_pcg-a3454.webp,https://minnano-toreka.com/wp-content/uploads/2026/07/051-173_pcg-a3454-215x300.webp
https://minnano-toreka.com/wp-content/uploads/2026/07/023-028_pcg-a3458.webp,https://minnano-toreka.com/wp-content/uploads/2026/07/023-028_pcg-a3458-215x300.webp
https://minnano-toreka.com/wp-content/uploads/2026/07/040-087_pcg-a3461.webp,https://minnano-toreka.com/wp-content/uploads/2026/07/040-087_pcg-a3461-215x300.webp
https://minnano-toreka.com/wp-content/uploads/2026/07/022-028_pcg-a3464.webp,https://minnano-toreka.com/wp-content/uploads/2026/07/022-028_pcg-a3464-215x300.webp
https://minnano-toreka.com/wp-content/uploads/2026/07/026-092_pcg-a3470.webp,https://minnano-toreka.com/wp-content/uploads/2026/07/026-092_pcg-a3470-150x150.webp
https://minnano-toreka.com/wp-content/uploads/2026/07/031-070_pcg-a3476.webp,https://minnano-toreka.com/wp-content/uploads/2026/07/031-070_pcg-a3476-216x300.webp
https://minnano-toreka.com/wp-content/uploads/2026/07/180-172_pcg-a3482.webp,https://minnano-toreka.com/wp-content/uploads/2026/07/180-172_pcg-a3482-215x300.webp
https://minnano-toreka.com/wp-content/uploads/2026/07/209-172_pcg-a3499.webp,https://minnano-toreka.com/wp-content/uploads/2026/07/209-172_pcg-a3499-215x300.webp
https://minnano-toreka.com/wp-content/uploads/2026/07/079-L-P_pcg-a3505.webp,https://minnano-toreka.com/wp-content/uploads/2026/07/079-L-P_pcg-a3505-150x150.webp
https://minnano-toreka.com/wp-content/uploads/2026/07/024-088_pcg-a3509.webp,https://minnano-toreka.com/wp-content/uploads/2026/07/024-088_pcg-a3509-215x300.webp
https://minnano-toreka.com/wp-content/uploads/2026/07/024-028_pcg-a3515.webp,https://minnano-toreka.com/wp-content/uploads/2026/07/024-028_pcg-a3515-215x300.webp
https://minnano-toreka.com/wp-content/uploads/2026/07/098-XY-P_pcg-a3543.webp,https://minnano-toreka.com/wp-content/uploads/2026/07/098-XY-P_pcg-a3543-215x300.webp
https://minnano-toreka.com/wp-content/uploads/2026/07/039-090_pcg-a3549.webp,https://minnano-toreka.com/wp-content/uploads/2026/07/039-090_pcg-a3549-150x150.webp
https://minnano-toreka.com/wp-content/uploads/2026/07/036-S-P_pcg-a3551.webp,https://minnano-toreka.com/wp-content/uploads/2026/07/036-S-P_pcg-a3551-215x300.webp
https://minnano-toreka.com/wp-content/uploads/2026/07/036-092_pcg-a3552.webp,https://minnano-toreka.com/wp-content/uploads/2026/07/036-092_pcg-a3552-150x150.webp
https://minnano-toreka.com/wp-content/uploads/2026/07/024-028_pcg-a3586.webp,https://minnano-toreka.com/wp-content/uploads/2026/07/024-028_pcg-a3586-215x300.webp
https://minnano-toreka.com/wp-content/uploads/2026/07/112-108_pcg-a3592.webp,https://minnano-toreka.com/wp-content/uploads/2026/07/112-108_pcg-a3592-215x300.webp
https://minnano-toreka.com/wp-content/uploads/2026/07/209-172_pcg-a3602.webp,https://minnano-toreka.com/wp-content/uploads/2026/07/209-172_pcg-a3602-215x300.webp
https://minnano-toreka.com/wp-content/uploads/2026/07/014-076_pcg-a3609.webp,https://minnano-toreka.com/wp-content/uploads/2026/07/014-076_pcg-a3609-215x300.webp
https://minnano-toreka.com/wp-content/uploads/2026/07/088-SM-P_pcg-a3621.webp,https://minnano-toreka.com/wp-content/uploads/2026/07/088-SM-P_pcg-a3621-215x300.webp
https://minnano-toreka.com/wp-content/uploads/2026/07/053-087_pcg-a3685.webp,https://minnano-toreka.com/wp-content/uploads/2026/07/053-087_pcg-a3685-215x300.webp
https://minnano-toreka.com/wp-content/uploads/2026/07/030-L-P_pcg-a3715.webp,https://minnano-toreka.com/wp-content/uploads/2026/07/030-L-P_pcg-a3715-150x150.webp
https://minnano-toreka.com/wp-content/uploads/2026/07/046-092_pcg-a3724.webp,https://minnano-toreka.com/wp-content/uploads/2026/07/046-092_pcg-a3724-150x150.webp
https://minnano-toreka.com/wp-content/uploads/2026/07/046-092_pcg-a3738.webp,https://minnano-toreka.com/wp-content/uploads/2026/07/046-092_pcg-a3738-150x150.webp
https://minnano-toreka.com/wp-content/uploads/2026/07/037-070_pcg-a3766.webp,https://minnano-toreka.com/wp-content/uploads/2026/07/037-070_pcg-a3766-216x300.webp
https://minnano-toreka.com/wp-content/uploads/2026/07/024-080_pcg-a3798.webp,https://minnano-toreka.com/wp-content/uploads/2026/07/024-080_pcg-a3798-216x300.webp
https://minnano-toreka.com/wp-content/uploads/2026/07/045-088_pcg-a3810.webp,https://minnano-toreka.com/wp-content/uploads/2026/07/045-088_pcg-a3810-215x300.webp
https://minnano-toreka.com/wp-content/uploads/2026/07/155-XY-P_pcg-a3819.webp,https://minnano-toreka.com/wp-content/uploads/2026/07/155-XY-P_pcg-a3819-215x300.webp
https://minnano-toreka.com/wp-content/uploads/2026/07/076-L-P_pcg-a3830.webp,https://minnano-toreka.com/wp-content/uploads/2026/07/076-L-P_pcg-a3830-150x150.webp
https://minnano-toreka.com/wp-content/uploads/2026/07/046-092_pcg-a3846.webp,https://minnano-toreka.com/wp-content/uploads/2026/07/046-092_pcg-a3846-150x150.webp
https://minnano-toreka.com/wp-content/uploads/2026/07/010-026_pcg-a3849.webp,https://minnano-toreka.com/wp-content/uploads/2026/07/010-026_pcg-a3849-215x300.webp
https://minnano-toreka.com/wp-content/uploads/2026/07/221-150_pcg-a3855.webp,https://minnano-toreka.com/wp-content/uploads/2026/07/221-150_pcg-a3855-215x300.webp
https://minnano-toreka.com/wp-content/uploads/2026/07/037-070_pcg-a3857.webp,https://minnano-toreka.com/wp-content/uploads/2026/07/037-070_pcg-a3857-216x300.webp
https://minnano-toreka.com/wp-content/uploads/2026/07/222-150_pcg-a3859.webp,https://minnano-toreka.com/wp-content/uploads/2026/07/222-150_pcg-a3859-215x300.webp
https://minnano-toreka.com/wp-content/uploads/2026/07/016-032_pcg-a3863.webp,https://minnano-toreka.com/wp-content/uploads/2026/07/016-032_pcg-a3863-215x300.webp
https://minnano-toreka.com/wp-content/uploads/2026/07/044-087_pcg-a3876.webp,https://minnano-toreka.com/wp-content/uploads/2026/07/044-087_pcg-a3876-300x215.webp
https://minnano-toreka.com/wp-content/uploads/2026/07/039-070_pcg-a3886.webp,https://minnano-toreka.com/wp-content/uploads/2026/07/039-070_pcg-a3886-216x300.webp
https://minnano-toreka.com/wp-content/uploads/2026/07/037-070_pcg-a3912.webp,https://minnano-toreka.com/wp-content/uploads/2026/07/037-070_pcg-a3912-216x300.webp
https://minnano-toreka.com/wp-content/uploads/2026/07/019-036_pcg-a3927.webp,https://minnano-toreka.com/wp-content/uploads/2026/07/019-036_pcg-a3927-215x300.webp
https://minnano-toreka.com/wp-content/uploads/2026/07/187-BW-P_pcg-a3938.webp,https://minnano-toreka.com/wp-content/uploads/2026/07/187-BW-P_pcg-a3938-216x300.webp
https://minnano-toreka.com/wp-content/uploads/2026/07/155-XY-P_pcg-a3943.webp,https://minnano-toreka.com/wp-content/uploads/2026/07/155-XY-P_pcg-a3943-215x300.webp
https://minnano-toreka.com/wp-content/uploads/2026/07/027-048_pcg-a3947.webp,https://minnano-toreka.com/wp-content/uploads/2026/07/027-048_pcg-a3947-215x300.webp
https://minnano-toreka.com/wp-content/uploads/2026/07/081-SM-P_pcg-a3952.webp,https://minnano-toreka.com/wp-content/uploads/2026/07/081-SM-P_pcg-a3952-215x300.webp
https://minnano-toreka.com/wp-content/uploads/2026/07/308-S-P_pcg-a3962.webp,https://minnano-toreka.com/wp-content/uploads/2026/07/308-S-P_pcg-a3962-215x300.webp
https://minnano-toreka.com/wp-content/uploads/2026/07/019-036_pcg-a3965.webp,https://minnano-toreka.com/wp-content/uploads/2026/07/019-036_pcg-a3965-215x300.webp
https://minnano-toreka.com/wp-content/uploads/2026/07/221-172_pcg-a3974.webp,https://minnano-toreka.com/wp-content/uploads/2026/07/221-172_pcg-a3974-215x300.webp
https://minnano-toreka.com/wp-content/uploads/2026/07/179-S-P_pcg-a3980.webp,https://minnano-toreka.com/wp-content/uploads/2026/07/179-S-P_pcg-a3980-215x300.webp
https://minnano-toreka.com/wp-content/uploads/2026/07/013-032_pcg-a3986.webp,https://minnano-toreka.com/wp-content/uploads/2026/07/013-032_pcg-a3986-215x300.webp
https://minnano-toreka.com/wp-content/uploads/2026/07/017-032_pcg-a4000.webp,https://minnano-toreka.com/wp-content/uploads/2026/07/017-032_pcg-a4000-215x300.webp
https://minnano-toreka.com/wp-content/uploads/2026/07/196-XY-P_pcg-a4005.webp,https://minnano-toreka.com/wp-content/uploads/2026/07/196-XY-P_pcg-a4005-215x300.webp
https://minnano-toreka.com/wp-content/uploads/2026/07/041-070_pcg-a4006.webp,https://minnano-toreka.com/wp-content/uploads/2026/07/041-070_pcg-a4006-216x300.webp
https://minnano-toreka.com/wp-content/uploads/2026/07/037-070_pcg-a4008.webp,https://minnano-toreka.com/wp-content/uploads/2026/07/037-070_pcg-a4008-216x300.webp
https://minnano-toreka.com/wp-content/uploads/2026/07/024-080_pcg-a4011.webp,https://minnano-toreka.com/wp-content/uploads/2026/07/024-080_pcg-a4011-216x300.webp
https://minnano-toreka.com/wp-content/uploads/2026/07/055-172_pcg-a4016.webp,https://minnano-toreka.com/wp-content/uploads/2026/07/055-172_pcg-a4016-215x300.webp
https://minnano-toreka.com/wp-content/uploads/2026/07/018-036_pcg-a4021.webp,https://minnano-toreka.com/wp-content/uploads/2026/07/018-036_pcg-a4021-215x300.webp
https://minnano-toreka.com/wp-content/uploads/2026/07/185-172_pcg-a4024.webp,https://minnano-toreka.com/wp-content/uploads/2026/07/185-172_pcg-a4024-215x300.webp
https://minnano-toreka.com/wp-content/uploads/2026/07/043-072_pcg-a4029.webp,https://minnano-toreka.com/wp-content/uploads/2026/07/043-072_pcg-a4029-215x300.webp
https://minnano-toreka.com/wp-content/uploads/2026/07/037-070_pcg-a4039.webp,https://minnano-toreka.com/wp-content/uploads/2026/07/037-070_pcg-a4039-216x300.webp
https://minnano-toreka.com/wp-content/uploads/2026/07/247-190_pcg-a4042.webp,https://minnano-toreka.com/wp-content/uploads/2026/07/247-190_pcg-a4042-215x300.webp
https://minnano-toreka.com/wp-content/uploads/2026/07/043-072_pcg-a4050.webp,https://minnano-toreka.com/wp-content/uploads/2026/07/043-072_pcg-a4050-215x300.webp
https://minnano-toreka.com/wp-content/uploads/2026/07/017-032_pcg-a4056.webp,https://minnano-toreka.com/wp-content/uploads/2026/07/017-032_pcg-a4056-215x300.webp
https://minnano-toreka.com/wp-content/uploads/2026/07/015-028_pcg-a4062.webp,https://minnano-toreka.com/wp-content/uploads/2026/07/015-028_pcg-a4062-215x300.webp
https://minnano-toreka.com/wp-content/uploads/2026/07/239-193_pcg-a4078.webp,https://minnano-toreka.com/wp-content/uploads/2026/07/239-193_pcg-a4078-215x300.webp
https://minnano-toreka.com/wp-content/uploads/2026/07/221-172_pcg-a4079.webp,https://minnano-toreka.com/wp-content/uploads/2026/07/221-172_pcg-a4079-215x300.webp
https://minnano-toreka.com/wp-content/uploads/2026/07/014-028_pcg-a4085.webp,https://minnano-toreka.com/wp-content/uploads/2026/07/014-028_pcg-a4085-215x300.webp
https://minnano-toreka.com/wp-content/uploads/2026/07/015-028_pcg-a4086.webp,https://minnano-toreka.com/wp-content/uploads/2026/07/015-028_pcg-a4086-215x300.webp
https://minnano-toreka.com/wp-content/uploads/2026/07/221-172_pcg-a4087.webp,https://minnano-toreka.com/wp-content/uploads/2026/07/221-172_pcg-a4087-215x300.webp
https://minnano-toreka.com/wp-content/uploads/2026/07/155-XY-P_pcg-a4091.webp,https://minnano-toreka.com/wp-content/uploads/2026/07/155-XY-P_pcg-a4091-215x300.webp
https://minnano-toreka.com/wp-content/uploads/2026/07/014-028_pcg-a4107.webp,https://minnano-toreka.com/wp-content/uploads/2026/07/014-028_pcg-a4107-215x300.webp
https://minnano-toreka.com/wp-content/uploads/2026/07/017-028_pcg-a4108.webp,https://minnano-toreka.com/wp-content/uploads/2026/07/017-028_pcg-a4108-215x300.webp
https://minnano-toreka.com/wp-content/uploads/2026/07/184-172_pcg-a4115.webp,https://minnano-toreka.com/wp-content/uploads/2026/07/184-172_pcg-a4115-215x300.webp
https://minnano-toreka.com/wp-content/uploads/2026/07/251-190_pcg-a4118.webp,https://minnano-toreka.com/wp-content/uploads/2026/07/251-190_pcg-a4118-215x300.webp
https://minnano-toreka.com/wp-content/uploads/2026/07/189-172_pcg-a4147.webp,https://minnano-toreka.com/wp-content/uploads/2026/07/189-172_pcg-a4147-215x300.webp
https://minnano-toreka.com/wp-content/uploads/2026/07/045-080_pcg-a4154.webp,https://minnano-toreka.com/wp-content/uploads/2026/07/045-080_pcg-a4154-216x300.webp
https://minnano-toreka.com/wp-content/uploads/2026/07/046-070_pcg-a4158.webp,https://minnano-toreka.com/wp-content/uploads/2026/07/046-070_pcg-a4158-216x300.webp
https://minnano-toreka.com/wp-content/uploads/2026/07/054-052_pcg-a4160.webp,https://minnano-toreka.com/wp-content/uploads/2026/07/054-052_pcg-a4160-215x300.webp
https://minnano-toreka.com/wp-content/uploads/2026/07/054-052_pcg-a4162.webp,https://minnano-toreka.com/wp-content/uploads/2026/07/054-052_pcg-a4162-215x300.webp
https://minnano-toreka.com/wp-content/uploads/2026/07/176-171_pcg-a4163.webp,https://minnano-toreka.com/wp-content/uploads/2026/07/176-171_pcg-a4163-215x300.webp
https://minnano-toreka.com/wp-content/uploads/2026/07/027-087_pcg-a4164.webp,https://minnano-toreka.com/wp-content/uploads/2026/07/027-087_pcg-a4164-215x300.webp
https://minnano-toreka.com/wp-content/uploads/2026/07/056-083_pcg-a4172.webp,https://minnano-toreka.com/wp-content/uploads/2026/07/056-083_pcg-a4172-215x300.webp
https://minnano-toreka.com/wp-content/uploads/2026/07/035-078_pcg-a4192.webp,https://minnano-toreka.com/wp-content/uploads/2026/07/035-078_pcg-a4192-215x300.webp
https://minnano-toreka.com/wp-content/uploads/2026/07/032-080_pcg-a4198.webp,https://minnano-toreka.com/wp-content/uploads/2026/07/032-080_pcg-a4198-216x300.webp
https://minnano-toreka.com/wp-content/uploads/2026/07/015-028_pcg-a4199.webp,https://minnano-toreka.com/wp-content/uploads/2026/07/015-028_pcg-a4199-215x300.webp
https://minnano-toreka.com/wp-content/uploads/2026/07/014-028_pcg-a4204.webp,https://minnano-toreka.com/wp-content/uploads/2026/07/014-028_pcg-a4204-215x300.webp
https://minnano-toreka.com/wp-content/uploads/2026/07/185-172_pcg-a4207.webp,https://minnano-toreka.com/wp-content/uploads/2026/07/185-172_pcg-a4207-215x300.webp
https://minnano-toreka.com/wp-content/uploads/2026/07/043-100_pcg-a4211.webp,https://minnano-toreka.com/wp-content/uploads/2026/07/043-100_pcg-a4211-215x300.webp
https://minnano-toreka.com/wp-content/uploads/2026/07/013-032_pcg-a4218.webp,https://minnano-toreka.com/wp-content/uploads/2026/07/013-032_pcg-a4218-215x300.webp
https://minnano-toreka.com/wp-content/uploads/2026/07/039-070_pcg-a4221.webp,https://minnano-toreka.com/wp-content/uploads/2026/07/039-070_pcg-a4221-216x300.webp
https://minnano-toreka.com/wp-content/uploads/2026/07/050-087_pcg-a4232.webp,https://minnano-toreka.com/wp-content/uploads/2026/07/050-087_pcg-a4232-215x300.webp
https://minnano-toreka.com/wp-content/uploads/2026/07/221-172_pcg-a4242.webp,https://minnano-toreka.com/wp-content/uploads/2026/07/221-172_pcg-a4242-215x300.webp
https://minnano-toreka.com/wp-content/uploads/2026/07/017-028_pcg-a4244.webp,https://minnano-toreka.com/wp-content/uploads/2026/07/017-028_pcg-a4244-215x300.webp
https://minnano-toreka.com/wp-content/uploads/2026/07/270-190_pcg-a4264.webp,https://minnano-toreka.com/wp-content/uploads/2026/07/270-190_pcg-a4264-215x300.webp
https://minnano-toreka.com/wp-content/uploads/2026/07/014-034_pcg-a4266.webp,https://minnano-toreka.com/wp-content/uploads/2026/07/014-034_pcg-a4266-215x300.webp
https://minnano-toreka.com/wp-content/uploads/2026/07/006-011_pcg-a4270.webp,https://minnano-toreka.com/wp-content/uploads/2026/07/006-011_pcg-a4270-150x150.webp
https://minnano-toreka.com/wp-content/uploads/2026/07/049-080_pcg-a4279.webp,https://minnano-toreka.com/wp-content/uploads/2026/07/049-080_pcg-a4279-216x300.webp
https://minnano-toreka.com/wp-content/uploads/2026/07/019-033_pcg-a4283.webp,https://minnano-toreka.com/wp-content/uploads/2026/07/019-033_pcg-a4283-215x300.webp
https://minnano-toreka.com/wp-content/uploads/2026/07/088-081_pcg-a4287.webp,https://minnano-toreka.com/wp-content/uploads/2026/07/088-081_pcg-a4287-215x300.webp
https://minnano-toreka.com/wp-content/uploads/2026/07/056-083_pcg-a4289.webp,https://minnano-toreka.com/wp-content/uploads/2026/07/056-083_pcg-a4289-215x300.webp
https://minnano-toreka.com/wp-content/uploads/2026/07/058-087_pcg-a4290.webp,https://minnano-toreka.com/wp-content/uploads/2026/07/058-087_pcg-a4290-300x215.webp
https://minnano-toreka.com/wp-content/uploads/2026/07/046-070_pcg-a4295.webp,https://minnano-toreka.com/wp-content/uploads/2026/07/046-070_pcg-a4295-216x300.webp
https://minnano-toreka.com/wp-content/uploads/2026/07/052-088_pcg-a4296.webp,https://minnano-toreka.com/wp-content/uploads/2026/07/052-088_pcg-a4296-215x300.webp
https://minnano-toreka.com/wp-content/uploads/2026/07/212-S-P_pcg-a4303.webp,https://minnano-toreka.com/wp-content/uploads/2026/07/212-S-P_pcg-a4303-215x300.webp
https://minnano-toreka.com/wp-content/uploads/2026/07/069-SM-P_pcg-a4304.webp,https://minnano-toreka.com/wp-content/uploads/2026/07/069-SM-P_pcg-a4304-215x300.webp
https://minnano-toreka.com/wp-content/uploads/2026/07/225-150_pcg-a4305.webp,https://minnano-toreka.com/wp-content/uploads/2026/07/225-150_pcg-a4305-215x300.webp
https://minnano-toreka.com/wp-content/uploads/2026/07/094-081_pcg-a4309.webp,https://minnano-toreka.com/wp-content/uploads/2026/07/094-081_pcg-a4309-215x300.webp
https://minnano-toreka.com/wp-content/uploads/2026/07/026-040_pcg-a4312.webp,https://minnano-toreka.com/wp-content/uploads/2026/07/026-040_pcg-a4312-215x300.webp
https://minnano-toreka.com/wp-content/uploads/2026/07/046-070_pcg-a4315.webp,https://minnano-toreka.com/wp-content/uploads/2026/07/046-070_pcg-a4315-216x300.webp
https://minnano-toreka.com/wp-content/uploads/2026/07/045-080_pcg-a4316.webp,https://minnano-toreka.com/wp-content/uploads/2026/07/045-080_pcg-a4316-216x300.webp
https://minnano-toreka.com/wp-content/uploads/2026/07/030-055_pcg-a4328.webp,https://minnano-toreka.com/wp-content/uploads/2026/07/030-055_pcg-a4328-215x300.webp
https://minnano-toreka.com/wp-content/uploads/2026/07/046-070_pcg-a4333.webp,https://minnano-toreka.com/wp-content/uploads/2026/07/046-070_pcg-a4333-216x300.webp
https://minnano-toreka.com/wp-content/uploads/2026/07/176-171_pcg-a4336.webp,https://minnano-toreka.com/wp-content/uploads/2026/07/176-171_pcg-a4336-215x300.webp
https://minnano-toreka.com/wp-content/uploads/2026/07/094-081_pcg-a4344.webp,https://minnano-toreka.com/wp-content/uploads/2026/07/094-081_pcg-a4344-215x300.webp
https://minnano-toreka.com/wp-content/uploads/2026/07/056-083_pcg-a4346.webp,https://minnano-toreka.com/wp-content/uploads/2026/07/056-083_pcg-a4346-215x300.webp
https://minnano-toreka.com/wp-content/uploads/2026/07/052-088_pcg-a4347.webp,https://minnano-toreka.com/wp-content/uploads/2026/07/052-088_pcg-a4347-215x300.webp
https://minnano-toreka.com/wp-content/uploads/2026/07/046-070_pcg-a4349.webp,https://minnano-toreka.com/wp-content/uploads/2026/07/046-070_pcg-a4349-216x300.webp
https://minnano-toreka.com/wp-content/uploads/2026/07/188-BW-P_pcg-a4356.webp,https://minnano-toreka.com/wp-content/uploads/2026/07/188-BW-P_pcg-a4356-216x300.webp
https://minnano-toreka.com/wp-content/uploads/2026/07/072-088_pcg-a4359.webp,https://minnano-toreka.com/wp-content/uploads/2026/07/072-088_pcg-a4359-215x300.webp
https://minnano-toreka.com/wp-content/uploads/2026/07/072-088_pcg-a4363.webp,https://minnano-toreka.com/wp-content/uploads/2026/07/072-088_pcg-a4363-215x300.webp
https://minnano-toreka.com/wp-content/uploads/2026/07/052-068_pcg-a4366.webp,https://minnano-toreka.com/wp-content/uploads/2026/07/052-068_pcg-a4366-215x300.webp
https://minnano-toreka.com/wp-content/uploads/2026/07/140-XY-P_pcg-a4368.webp,https://minnano-toreka.com/wp-content/uploads/2026/07/140-XY-P_pcg-a4368-215x300.webp
https://minnano-toreka.com/wp-content/uploads/2026/07/140-XY-P_pcg-a4370.webp,https://minnano-toreka.com/wp-content/uploads/2026/07/140-XY-P_pcg-a4370-215x300.webp
https://minnano-toreka.com/wp-content/uploads/2026/07/006-009_pcg-a4380.webp,https://minnano-toreka.com/wp-content/uploads/2026/07/006-009_pcg-a4380-150x150.webp
https://minnano-toreka.com/wp-content/uploads/2026/07/018-033_pcg-a4381.webp,https://minnano-toreka.com/wp-content/uploads/2026/07/018-033_pcg-a4381-215x300.webp
https://minnano-toreka.com/wp-content/uploads/2026/07/044-080_pcg-a4382.webp,https://minnano-toreka.com/wp-content/uploads/2026/07/044-080_pcg-a4382-216x300.webp
https://minnano-toreka.com/wp-content/uploads/2026/07/026-040_pcg-a4393.webp,https://minnano-toreka.com/wp-content/uploads/2026/07/026-040_pcg-a4393-215x300.webp
https://minnano-toreka.com/wp-content/uploads/2026/07/026-040_pcg-a4402.webp,https://minnano-toreka.com/wp-content/uploads/2026/07/026-040_pcg-a4402-215x300.webp
https://minnano-toreka.com/wp-content/uploads/2026/07/057-087_pcg-a4411.webp,https://minnano-toreka.com/wp-content/uploads/2026/07/057-087_pcg-a4411-215x300.webp
https://minnano-toreka.com/wp-content/uploads/2026/07/057-087_pcg-a4416.webp,https://minnano-toreka.com/wp-content/uploads/2026/07/057-087_pcg-a4416-215x300.webp
https://minnano-toreka.com/wp-content/uploads/2026/07/093-078_pcg-a4420.webp,https://minnano-toreka.com/wp-content/uploads/2026/07/093-078_pcg-a4420-215x300.webp
https://minnano-toreka.com/wp-content/uploads/2026/07/263-190_pcg-a4421.webp,https://minnano-toreka.com/wp-content/uploads/2026/07/263-190_pcg-a4421-215x300.webp
https://minnano-toreka.com/wp-content/uploads/2026/07/038-XY-P_pcg-a4425.webp,https://minnano-toreka.com/wp-content/uploads/2026/07/038-XY-P_pcg-a4425-215x300.webp
https://minnano-toreka.com/wp-content/uploads/2026/07/182-XY-P_pcg-a4427.webp,https://minnano-toreka.com/wp-content/uploads/2026/07/182-XY-P_pcg-a4427-215x300.webp
https://minnano-toreka.com/wp-content/uploads/2026/07/183-XY-P_pcg-a4428.webp,https://minnano-toreka.com/wp-content/uploads/2026/07/183-XY-P_pcg-a4428-215x300.webp
https://minnano-toreka.com/wp-content/uploads/2026/07/060-087_pcg-a4439.webp,https://minnano-toreka.com/wp-content/uploads/2026/07/060-087_pcg-a4439-215x300.webp
https://minnano-toreka.com/wp-content/uploads/2026/07/021-036_pcg-a4447.webp,https://minnano-toreka.com/wp-content/uploads/2026/07/021-036_pcg-a4447-215x300.webp
https://minnano-toreka.com/wp-content/uploads/2026/07/112-165_pcg-a4449.webp,https://minnano-toreka.com/wp-content/uploads/2026/07/112-165_pcg-a4449-215x300.webp
https://minnano-toreka.com/wp-content/uploads/2026/07/197-XY-P_pcg-a4450.webp,https://minnano-toreka.com/wp-content/uploads/2026/07/197-XY-P_pcg-a4450-215x300.webp
https://minnano-toreka.com/wp-content/uploads/2026/07/188-BW-P_pcg-a4462.webp,https://minnano-toreka.com/wp-content/uploads/2026/07/188-BW-P_pcg-a4462-216x300.webp
https://minnano-toreka.com/wp-content/uploads/2026/07/031-051_pcg-a4464.webp,https://minnano-toreka.com/wp-content/uploads/2026/07/031-051_pcg-a4464-215x300.webp
https://minnano-toreka.com/wp-content/uploads/2026/07/178-171_pcg-a4468.webp,https://minnano-toreka.com/wp-content/uploads/2026/07/178-171_pcg-a4468-215x300.webp
https://minnano-toreka.com/wp-content/uploads/2026/07/067-092_pcg-a4490.webp,https://minnano-toreka.com/wp-content/uploads/2026/07/067-092_pcg-a4490-150x150.webp
https://minnano-toreka.com/wp-content/uploads/2026/07/037-080_pcg-a4496.webp,https://minnano-toreka.com/wp-content/uploads/2026/07/037-080_pcg-a4496-216x300.webp
https://minnano-toreka.com/wp-content/uploads/2026/07/068-092_pcg-a4511.webp,https://minnano-toreka.com/wp-content/uploads/2026/07/068-092_pcg-a4511-150x150.webp
https://minnano-toreka.com/wp-content/uploads/2026/07/071-088_pcg-a4525.webp,https://minnano-toreka.com/wp-content/uploads/2026/07/071-088_pcg-a4525-215x300.webp
https://minnano-toreka.com/wp-content/uploads/2026/07/071-088_pcg-a4526.webp,https://minnano-toreka.com/wp-content/uploads/2026/07/071-088_pcg-a4526-215x300.webp
https://minnano-toreka.com/wp-content/uploads/2026/07/072-088_pcg-a4528.webp,https://minnano-toreka.com/wp-content/uploads/2026/07/072-088_pcg-a4528-215x300.webp
https://minnano-toreka.com/wp-content/uploads/2026/07/072-088_pcg-a4543.webp,https://minnano-toreka.com/wp-content/uploads/2026/07/072-088_pcg-a4543-215x300.webp
https://minnano-toreka.com/wp-content/uploads/2026/07/052-068_pcg-a4549.webp,https://minnano-toreka.com/wp-content/uploads/2026/07/052-068_pcg-a4549-215x300.webp
https://minnano-toreka.com/wp-content/uploads/2026/07/090-081_pcg-a4571.webp,https://minnano-toreka.com/wp-content/uploads/2026/07/090-081_pcg-a4571-215x300.webp
https://minnano-toreka.com/wp-content/uploads/2026/07/037-080_pcg-a4576.webp,https://minnano-toreka.com/wp-content/uploads/2026/07/037-080_pcg-a4576-216x300.webp
https://minnano-toreka.com/wp-content/uploads/2026/07/037-080_pcg-a4583.webp,https://minnano-toreka.com/wp-content/uploads/2026/07/037-080_pcg-a4583-216x300.webp
https://minnano-toreka.com/wp-content/uploads/2026/07/031-051_pcg-a4609.webp,https://minnano-toreka.com/wp-content/uploads/2026/07/031-051_pcg-a4609-215x300.webp
https://minnano-toreka.com/wp-content/uploads/2026/07/046-055_pcg-a4634.webp,https://minnano-toreka.com/wp-content/uploads/2026/07/046-055_pcg-a4634-215x300.webp
https://minnano-toreka.com/wp-content/uploads/2026/07/027-040_pcg-a4642.webp,https://minnano-toreka.com/wp-content/uploads/2026/07/027-040_pcg-a4642-215x300.webp
https://minnano-toreka.com/wp-content/uploads/2026/07/056-108_pcg-a4649.webp,https://minnano-toreka.com/wp-content/uploads/2026/07/056-108_pcg-a4649-150x150.webp
https://minnano-toreka.com/wp-content/uploads/2026/07/036-060_pcg-a4674.webp,https://minnano-toreka.com/wp-content/uploads/2026/07/036-060_pcg-a4674-215x300.webp
https://minnano-toreka.com/wp-content/uploads/2026/07/042-067_pcg-a4677.webp,https://minnano-toreka.com/wp-content/uploads/2026/07/042-067_pcg-a4677-215x300.webp
https://minnano-toreka.com/wp-content/uploads/2026/07/056-095_pcg-a4679.webp,https://minnano-toreka.com/wp-content/uploads/2026/07/056-095_pcg-a4679-215x300.webp
https://minnano-toreka.com/wp-content/uploads/2026/07/190-172_pcg-a4680.webp,https://minnano-toreka.com/wp-content/uploads/2026/07/190-172_pcg-a4680-215x300.webp
https://minnano-toreka.com/wp-content/uploads/2026/07/115-108_pcg-a4685.webp,https://minnano-toreka.com/wp-content/uploads/2026/07/115-108_pcg-a4685-215x300.webp
https://minnano-toreka.com/wp-content/uploads/2026/07/192-172_pcg-a4700.webp,https://minnano-toreka.com/wp-content/uploads/2026/07/192-172_pcg-a4700-215x300.webp
https://minnano-toreka.com/wp-content/uploads/2026/07/321-190_pcg-a4701.webp,https://minnano-toreka.com/wp-content/uploads/2026/07/321-190_pcg-a4701-215x300.webp
https://minnano-toreka.com/wp-content/uploads/2026/07/115-108_pcg-a4702.webp,https://minnano-toreka.com/wp-content/uploads/2026/07/115-108_pcg-a4702-215x300.webp
https://minnano-toreka.com/wp-content/uploads/2026/07/051-067_pcg-a4703.webp,https://minnano-toreka.com/wp-content/uploads/2026/07/051-067_pcg-a4703-215x300.webp
https://minnano-toreka.com/wp-content/uploads/2026/07/095-078_pcg-a4714.webp,https://minnano-toreka.com/wp-content/uploads/2026/07/095-078_pcg-a4714-215x300.webp
https://minnano-toreka.com/wp-content/uploads/2026/07/277-190_pcg-a4733.webp,https://minnano-toreka.com/wp-content/uploads/2026/07/277-190_pcg-a4733-215x300.webp
https://minnano-toreka.com/wp-content/uploads/2026/07/190-172_pcg-a4751.webp,https://minnano-toreka.com/wp-content/uploads/2026/07/190-172_pcg-a4751-215x300.webp
https://minnano-toreka.com/wp-content/uploads/2026/07/016-028_pcg-a4753.webp,https://minnano-toreka.com/wp-content/uploads/2026/07/016-028_pcg-a4753-215x300.webp
https://minnano-toreka.com/wp-content/uploads/2026/07/179-171_pcg-a4761.webp,https://minnano-toreka.com/wp-content/uploads/2026/07/179-171_pcg-a4761-215x300.webp
https://minnano-toreka.com/wp-content/uploads/2026/07/028-036_pcg-a4762.webp,https://minnano-toreka.com/wp-content/uploads/2026/07/028-036_pcg-a4762-215x300.webp
https://minnano-toreka.com/wp-content/uploads/2026/07/091-173_pcg-a4781.webp,https://minnano-toreka.com/wp-content/uploads/2026/07/091-173_pcg-a4781-215x300.webp
https://minnano-toreka.com/wp-content/uploads/2026/07/190-150_pcg-a4783.webp,https://minnano-toreka.com/wp-content/uploads/2026/07/190-150_pcg-a4783-215x300.webp
https://minnano-toreka.com/wp-content/uploads/2026/07/234-150_pcg-a4807.webp,https://minnano-toreka.com/wp-content/uploads/2026/07/234-150_pcg-a4807-215x300.webp
https://minnano-toreka.com/wp-content/uploads/2026/07/029-036_pcg-a4812.webp,https://minnano-toreka.com/wp-content/uploads/2026/07/029-036_pcg-a4812-215x300.webp
https://minnano-toreka.com/wp-content/uploads/2026/07/107-DP-P_pcg-a4825.webp,https://minnano-toreka.com/wp-content/uploads/2026/07/107-DP-P_pcg-a4825-150x150.webp
https://minnano-toreka.com/wp-content/uploads/2026/07/055-054_pcg-a4845.webp,https://minnano-toreka.com/wp-content/uploads/2026/07/055-054_pcg-a4845-215x300.webp
https://minnano-toreka.com/wp-content/uploads/2026/07/021-032_pcg-a4853.webp,https://minnano-toreka.com/wp-content/uploads/2026/07/021-032_pcg-a4853-215x300.webp
https://minnano-toreka.com/wp-content/uploads/2026/07/019-024_pcg-a4856.webp,https://minnano-toreka.com/wp-content/uploads/2026/07/019-024_pcg-a4856-215x300.webp
https://minnano-toreka.com/wp-content/uploads/2026/07/022-032_pcg-a4857.webp,https://minnano-toreka.com/wp-content/uploads/2026/07/022-032_pcg-a4857-215x300.webp
https://minnano-toreka.com/wp-content/uploads/2026/07/186-XY-P_pcg-a4860.webp,https://minnano-toreka.com/wp-content/uploads/2026/07/186-XY-P_pcg-a4860-215x300.webp
https://minnano-toreka.com/wp-content/uploads/2026/07/043-059_pcg-a4862.webp,https://minnano-toreka.com/wp-content/uploads/2026/07/043-059_pcg-a4862-300x215.webp
https://minnano-toreka.com/wp-content/uploads/2026/07/021-032_pcg-a4865.webp,https://minnano-toreka.com/wp-content/uploads/2026/07/021-032_pcg-a4865-215x300.webp
https://minnano-toreka.com/wp-content/uploads/2026/07/032-036_pcg-a4866.webp,https://minnano-toreka.com/wp-content/uploads/2026/07/032-036_pcg-a4866-215x300.webp
https://minnano-toreka.com/wp-content/uploads/2026/07/022-032_pcg-a4868.webp,https://minnano-toreka.com/wp-content/uploads/2026/07/022-032_pcg-a4868-215x300.webp
https://minnano-toreka.com/wp-content/uploads/2026/07/027-032_pcg-a4871.webp,https://minnano-toreka.com/wp-content/uploads/2026/07/027-032_pcg-a4871-215x300.webp
https://minnano-toreka.com/wp-content/uploads/2026/07/023-032_pcg-a4875.webp,https://minnano-toreka.com/wp-content/uploads/2026/07/023-032_pcg-a4875-215x300.webp
https://minnano-toreka.com/wp-content/uploads/2026/07/239-150_pcg-a4878.webp,https://minnano-toreka.com/wp-content/uploads/2026/07/239-150_pcg-a4878-215x300.webp
https://minnano-toreka.com/wp-content/uploads/2026/07/024-032_pcg-a4879.webp,https://minnano-toreka.com/wp-content/uploads/2026/07/024-032_pcg-a4879-215x300.webp
https://minnano-toreka.com/wp-content/uploads/2026/07/141-XY-P_pcg-a4881.webp,https://minnano-toreka.com/wp-content/uploads/2026/07/141-XY-P_pcg-a4881-215x300.webp
https://minnano-toreka.com/wp-content/uploads/2026/07/185-XY-P_pcg-a4897.webp,https://minnano-toreka.com/wp-content/uploads/2026/07/185-XY-P_pcg-a4897-215x300.webp
https://minnano-toreka.com/wp-content/uploads/2026/07/049-070_pcg-a4898.webp,https://minnano-toreka.com/wp-content/uploads/2026/07/049-070_pcg-a4898-215x300.webp
https://minnano-toreka.com/wp-content/uploads/2026/07/091-XY-P_pcg-a4902.webp,https://minnano-toreka.com/wp-content/uploads/2026/07/091-XY-P_pcg-a4902-215x300.webp
https://minnano-toreka.com/wp-content/uploads/2026/07/091-XY-P_pcg-a4915.webp,https://minnano-toreka.com/wp-content/uploads/2026/07/091-XY-P_pcg-a4915-215x300.webp
https://minnano-toreka.com/wp-content/uploads/2026/07/038-036_pcg-a4926.webp,https://minnano-toreka.com/wp-content/uploads/2026/07/038-036_pcg-a4926-215x300.webp
https://minnano-toreka.com/wp-content/uploads/2026/07/038-036_pcg-a4930.webp,https://minnano-toreka.com/wp-content/uploads/2026/07/038-036_pcg-a4930-215x300.webp
https://minnano-toreka.com/wp-content/uploads/2026/07/016-028_pcg-a4952.webp,https://minnano-toreka.com/wp-content/uploads/2026/07/016-028_pcg-a4952-215x300.webp
https://minnano-toreka.com/wp-content/uploads/2026/07/100-096_pcg-a4962.webp,https://minnano-toreka.com/wp-content/uploads/2026/07/100-096_pcg-a4962-215x300.webp
https://minnano-toreka.com/wp-content/uploads/2026/07/149-165_pcg-a4969.webp,https://minnano-toreka.com/wp-content/uploads/2026/07/149-165_pcg-a4969-215x300.webp
https://minnano-toreka.com/wp-content/uploads/2026/07/101-096_pcg-a4980.webp,https://minnano-toreka.com/wp-content/uploads/2026/07/101-096_pcg-a4980-215x300.webp
https://minnano-toreka.com/wp-content/uploads/2026/07/020-027_pcg-a4997.webp,https://minnano-toreka.com/wp-content/uploads/2026/07/020-027_pcg-a4997-215x300.webp
https://minnano-toreka.com/wp-content/uploads/2026/07/100-XY-P_pcg-a4999.webp,https://minnano-toreka.com/wp-content/uploads/2026/07/100-XY-P_pcg-a4999-215x300.webp
https://minnano-toreka.com/wp-content/uploads/2026/07/144-BW-P_pcg-a5000.webp,https://minnano-toreka.com/wp-content/uploads/2026/07/144-BW-P_pcg-a5000-216x300.webp
https://minnano-toreka.com/wp-content/uploads/2026/07/018-027_pcg-a5004.webp,https://minnano-toreka.com/wp-content/uploads/2026/07/018-027_pcg-a5004-215x300.webp
https://minnano-toreka.com/wp-content/uploads/2026/07/240-150_pcg-a5008.webp,https://minnano-toreka.com/wp-content/uploads/2026/07/240-150_pcg-a5008-215x300.webp
https://minnano-toreka.com/wp-content/uploads/2026/07/240-150_pcg-a5026.webp,https://minnano-toreka.com/wp-content/uploads/2026/07/240-150_pcg-a5026-215x300.webp
https://minnano-toreka.com/wp-content/uploads/2026/07/145-BW-P_pcg-a5047.webp,https://minnano-toreka.com/wp-content/uploads/2026/07/145-BW-P_pcg-a5047-216x300.webp
https://minnano-toreka.com/wp-content/uploads/2026/07/027-032_pcg-a5050.webp,https://minnano-toreka.com/wp-content/uploads/2026/07/027-032_pcg-a5050-215x300.webp
https://minnano-toreka.com/wp-content/uploads/2026/07/024-032_pcg-a5053.webp,https://minnano-toreka.com/wp-content/uploads/2026/07/024-032_pcg-a5053-215x300.webp
https://minnano-toreka.com/wp-content/uploads/2026/07/089-088_pcg-a5069.webp,https://minnano-toreka.com/wp-content/uploads/2026/07/089-088_pcg-a5069-215x300.webp
https://minnano-toreka.com/wp-content/uploads/2026/07/089-088_pcg-a5078.webp,https://minnano-toreka.com/wp-content/uploads/2026/07/089-088_pcg-a5078-215x300.webp
https://minnano-toreka.com/wp-content/uploads/2026/07/090-106_pcg-a5082.webp,https://minnano-toreka.com/wp-content/uploads/2026/07/090-106_pcg-a5082-215x300.webp
https://minnano-toreka.com/wp-content/uploads/2026/07/195-172_pcg-a5099.webp,https://minnano-toreka.com/wp-content/uploads/2026/07/195-172_pcg-a5099-215x300.webp
https://minnano-toreka.com/wp-content/uploads/2026/07/195-172_pcg-a5100.webp,https://minnano-toreka.com/wp-content/uploads/2026/07/195-172_pcg-a5100-215x300.webp
https://minnano-toreka.com/wp-content/uploads/2026/07/101-096_pcg-a5101.webp,https://minnano-toreka.com/wp-content/uploads/2026/07/101-096_pcg-a5101-215x300.webp
https://minnano-toreka.com/wp-content/uploads/2026/07/020-027_pcg-a5102.webp,https://minnano-toreka.com/wp-content/uploads/2026/07/020-027_pcg-a5102-215x300.webp
https://minnano-toreka.com/wp-content/uploads/2026/07/043-078_pcg-a5104.webp,https://minnano-toreka.com/wp-content/uploads/2026/07/043-078_pcg-a5104-215x300.webp
https://minnano-toreka.com/wp-content/uploads/2026/07/213-S-P_pcg-a5113.webp,https://minnano-toreka.com/wp-content/uploads/2026/07/213-S-P_pcg-a5113-215x300.webp
https://minnano-toreka.com/wp-content/uploads/2026/07/195-172_pcg-a5118.webp,https://minnano-toreka.com/wp-content/uploads/2026/07/195-172_pcg-a5118-215x300.webp
https://minnano-toreka.com/wp-content/uploads/2026/07/293-S-P_pcg-a5120.webp,https://minnano-toreka.com/wp-content/uploads/2026/07/293-S-P_pcg-a5120-215x300.webp
https://minnano-toreka.com/wp-content/uploads/2026/07/100-173_pcg-a5123.webp,https://minnano-toreka.com/wp-content/uploads/2026/07/100-173_pcg-a5123-215x300.webp
https://minnano-toreka.com/wp-content/uploads/2026/07/002-020_pcg-a5124.webp,https://minnano-toreka.com/wp-content/uploads/2026/07/002-020_pcg-a5124-216x300.webp
https://minnano-toreka.com/wp-content/uploads/2026/07/057-072_pcg-a5125.webp,https://minnano-toreka.com/wp-content/uploads/2026/07/057-072_pcg-a5125-215x300.webp
https://minnano-toreka.com/wp-content/uploads/2026/07/005-018_pcg-a5132.webp,https://minnano-toreka.com/wp-content/uploads/2026/07/005-018_pcg-a5132-215x300.webp
https://minnano-toreka.com/wp-content/uploads/2026/07/020-027_pcg-a5140.webp,https://minnano-toreka.com/wp-content/uploads/2026/07/020-027_pcg-a5140-215x300.webp
https://minnano-toreka.com/wp-content/uploads/2026/07/195-BW-P_pcg-a5141.webp,https://minnano-toreka.com/wp-content/uploads/2026/07/195-BW-P_pcg-a5141-216x300.webp
https://minnano-toreka.com/wp-content/uploads/2026/07/034-036_pcg-a5152.webp,https://minnano-toreka.com/wp-content/uploads/2026/07/034-036_pcg-a5152-215x300.webp
https://minnano-toreka.com/wp-content/uploads/2026/07/070-087_pcg-a5155.webp,https://minnano-toreka.com/wp-content/uploads/2026/07/070-087_pcg-a5155-215x300.webp
https://minnano-toreka.com/wp-content/uploads/2026/07/098-087_pcg-a5158.webp,https://minnano-toreka.com/wp-content/uploads/2026/07/098-087_pcg-a5158-215x300.webp
https://minnano-toreka.com/wp-content/uploads/2026/07/075-L-P_pcg-a5159.webp,https://minnano-toreka.com/wp-content/uploads/2026/07/075-L-P_pcg-a5159-150x150.webp
https://minnano-toreka.com/wp-content/uploads/2026/07/061-070_pcg-a5164.webp,https://minnano-toreka.com/wp-content/uploads/2026/07/061-070_pcg-a5164-216x300.webp
https://minnano-toreka.com/wp-content/uploads/2026/07/097-087_pcg-a5168.webp,https://minnano-toreka.com/wp-content/uploads/2026/07/097-087_pcg-a5168-215x300.webp
https://minnano-toreka.com/wp-content/uploads/2026/07/058-DP-P_pcg-a5181.webp,https://minnano-toreka.com/wp-content/uploads/2026/07/058-DP-P_pcg-a5181-150x150.webp
https://minnano-toreka.com/wp-content/uploads/2026/07/058-083_pcg-a5183.webp,https://minnano-toreka.com/wp-content/uploads/2026/07/058-083_pcg-a5183-215x300.webp
https://minnano-toreka.com/wp-content/uploads/2026/07/036-036_pcg-a5185.webp,https://minnano-toreka.com/wp-content/uploads/2026/07/036-036_pcg-a5185-215x300.webp
https://minnano-toreka.com/wp-content/uploads/2026/07/054-070_pcg-a5195.webp,https://minnano-toreka.com/wp-content/uploads/2026/07/054-070_pcg-a5195-216x300.webp
https://minnano-toreka.com/wp-content/uploads/2026/07/062-092_pcg-a5201.webp,https://minnano-toreka.com/wp-content/uploads/2026/07/062-092_pcg-a5201-150x150.webp
https://minnano-toreka.com/wp-content/uploads/2026/07/066-092_pcg-a5202.webp,https://minnano-toreka.com/wp-content/uploads/2026/07/066-092_pcg-a5202-150x150.webp
https://minnano-toreka.com/wp-content/uploads/2026/07/125-DP-P_pcg-a5203.webp,https://minnano-toreka.com/wp-content/uploads/2026/07/125-DP-P_pcg-a5203-150x150.webp
https://minnano-toreka.com/wp-content/uploads/2026/07/158-XY-P_pcg-a5208.webp,https://minnano-toreka.com/wp-content/uploads/2026/07/158-XY-P_pcg-a5208-215x300.webp
https://minnano-toreka.com/wp-content/uploads/2026/07/098-087_pcg-a5213.webp,https://minnano-toreka.com/wp-content/uploads/2026/07/098-087_pcg-a5213-215x300.webp
https://minnano-toreka.com/wp-content/uploads/2026/07/090-106_pcg-a5216.webp,https://minnano-toreka.com/wp-content/uploads/2026/07/090-106_pcg-a5216-215x300.webp
https://minnano-toreka.com/wp-content/uploads/2026/07/127-DP-P_pcg-a5225.webp,https://minnano-toreka.com/wp-content/uploads/2026/07/127-DP-P_pcg-a5225-150x150.webp
https://minnano-toreka.com/wp-content/uploads/2026/07/138-SM-P_pcg-a5231.webp,https://minnano-toreka.com/wp-content/uploads/2026/07/138-SM-P_pcg-a5231-215x300.webp
https://minnano-toreka.com/wp-content/uploads/2026/07/098-087_pcg-a5246.webp,https://minnano-toreka.com/wp-content/uploads/2026/07/098-087_pcg-a5246-215x300.webp
https://minnano-toreka.com/wp-content/uploads/2026/07/092-081_pcg-a5251.webp,https://minnano-toreka.com/wp-content/uploads/2026/07/092-081_pcg-a5251-215x300.webp
https://minnano-toreka.com/wp-content/uploads/2026/07/141-SM-P_pcg-a5253.webp,https://minnano-toreka.com/wp-content/uploads/2026/07/141-SM-P_pcg-a5253-215x300.webp
https://minnano-toreka.com/wp-content/uploads/2026/07/061-070_pcg-a5259.webp,https://minnano-toreka.com/wp-content/uploads/2026/07/061-070_pcg-a5259-216x300.webp
https://minnano-toreka.com/wp-content/uploads/2026/07/066-092_pcg-a5272.webp,https://minnano-toreka.com/wp-content/uploads/2026/07/066-092_pcg-a5272-150x150.webp
https://minnano-toreka.com/wp-content/uploads/2026/07/058-072_pcg-a5274.webp,https://minnano-toreka.com/wp-content/uploads/2026/07/058-072_pcg-a5274-215x300.webp
https://minnano-toreka.com/wp-content/uploads/2026/07/097-087_pcg-a5278.webp,https://minnano-toreka.com/wp-content/uploads/2026/07/097-087_pcg-a5278-215x300.webp
https://minnano-toreka.com/wp-content/uploads/2026/07/056-L-P_pcg-a5289.webp,https://minnano-toreka.com/wp-content/uploads/2026/07/056-L-P_pcg-a5289-150x150.webp
https://minnano-toreka.com/wp-content/uploads/2026/07/053-070_pcg-a5290.webp,https://minnano-toreka.com/wp-content/uploads/2026/07/053-070_pcg-a5290-216x300.webp
https://minnano-toreka.com/wp-content/uploads/2026/07/054-070_pcg-a5292.webp,https://minnano-toreka.com/wp-content/uploads/2026/07/054-070_pcg-a5292-216x300.webp
https://minnano-toreka.com/wp-content/uploads/2026/07/059-072_pcg-a5293.webp,https://minnano-toreka.com/wp-content/uploads/2026/07/059-072_pcg-a5293-215x300.webp
https://minnano-toreka.com/wp-content/uploads/2026/07/024-027_pcg-a5307.webp,https://minnano-toreka.com/wp-content/uploads/2026/07/024-027_pcg-a5307-215x300.webp
https://minnano-toreka.com/wp-content/uploads/2026/07/058-072_pcg-a5310.webp,https://minnano-toreka.com/wp-content/uploads/2026/07/058-072_pcg-a5310-215x300.webp
https://minnano-toreka.com/wp-content/uploads/2026/07/010-L-P_pcg-a5316.webp,https://minnano-toreka.com/wp-content/uploads/2026/07/010-L-P_pcg-a5316-150x150.webp
https://minnano-toreka.com/wp-content/uploads/2026/07/059-078_pcg-a5318.webp,https://minnano-toreka.com/wp-content/uploads/2026/07/059-078_pcg-a5318-300x215.webp
https://minnano-toreka.com/wp-content/uploads/2026/07/111-DP-P_pcg-a5321.webp,https://minnano-toreka.com/wp-content/uploads/2026/07/111-DP-P_pcg-a5321-150x150.webp
https://minnano-toreka.com/wp-content/uploads/2026/07/029-S-P_pcg-a5330.webp,https://minnano-toreka.com/wp-content/uploads/2026/07/029-S-P_pcg-a5330-215x300.webp
https://minnano-toreka.com/wp-content/uploads/2026/07/063-087_pcg-a5335.webp,https://minnano-toreka.com/wp-content/uploads/2026/07/063-087_pcg-a5335-215x300.webp
https://minnano-toreka.com/wp-content/uploads/2026/07/080-092_pcg-a5337.webp,https://minnano-toreka.com/wp-content/uploads/2026/07/080-092_pcg-a5337-150x150.webp
https://minnano-toreka.com/wp-content/uploads/2026/07/141-SM-P_pcg-a5342.webp,https://minnano-toreka.com/wp-content/uploads/2026/07/141-SM-P_pcg-a5342-215x300.webp
https://minnano-toreka.com/wp-content/uploads/2026/07/066-092_pcg-a5343.webp,https://minnano-toreka.com/wp-content/uploads/2026/07/066-092_pcg-a5343-150x150.webp
https://minnano-toreka.com/wp-content/uploads/2026/07/021-022_pcg-a5347.webp,https://minnano-toreka.com/wp-content/uploads/2026/07/021-022_pcg-a5347-150x150.webp
https://minnano-toreka.com/wp-content/uploads/2026/07/102-087_pcg-a5348.webp,https://minnano-toreka.com/wp-content/uploads/2026/07/102-087_pcg-a5348-215x300.webp
https://minnano-toreka.com/wp-content/uploads/2026/07/061-078_pcg-a5350.webp,https://minnano-toreka.com/wp-content/uploads/2026/07/061-078_pcg-a5350-215x300.webp
https://minnano-toreka.com/wp-content/uploads/2026/07/204-172_pcg-a5354.webp,https://minnano-toreka.com/wp-content/uploads/2026/07/204-172_pcg-a5354-215x300.webp
https://minnano-toreka.com/wp-content/uploads/2026/07/197-172_pcg-a5356.webp,https://minnano-toreka.com/wp-content/uploads/2026/07/197-172_pcg-a5356-215x300.webp
https://minnano-toreka.com/wp-content/uploads/2026/07/016-020_pcg-a5360.webp,https://minnano-toreka.com/wp-content/uploads/2026/07/016-020_pcg-a5360-216x300.webp
https://minnano-toreka.com/wp-content/uploads/2026/07/017-020_pcg-a5361.webp,https://minnano-toreka.com/wp-content/uploads/2026/07/017-020_pcg-a5361-216x300.webp
https://minnano-toreka.com/wp-content/uploads/2026/07/055-071_pcg-a5367.webp,https://minnano-toreka.com/wp-content/uploads/2026/07/055-071_pcg-a5367-215x300.webp
https://minnano-toreka.com/wp-content/uploads/2026/07/115-DP-P_pcg-a5370.webp,https://minnano-toreka.com/wp-content/uploads/2026/07/115-DP-P_pcg-a5370-150x150.webp
https://minnano-toreka.com/wp-content/uploads/2026/07/015-020_pcg-a5371.webp,https://minnano-toreka.com/wp-content/uploads/2026/07/015-020_pcg-a5371-216x300.webp
https://minnano-toreka.com/wp-content/uploads/2026/07/017-032_pcg-a5372.webp,https://minnano-toreka.com/wp-content/uploads/2026/07/017-032_pcg-a5372-215x300.webp
https://minnano-toreka.com/wp-content/uploads/2026/07/323-190_pcg-a5376.webp,https://minnano-toreka.com/wp-content/uploads/2026/07/323-190_pcg-a5376-215x300.webp
https://minnano-toreka.com/wp-content/uploads/2026/07/024-027_pcg-a5379.webp,https://minnano-toreka.com/wp-content/uploads/2026/07/024-027_pcg-a5379-215x300.webp
https://minnano-toreka.com/wp-content/uploads/2026/07/142-165_pcg-a5394.webp,https://minnano-toreka.com/wp-content/uploads/2026/07/142-165_pcg-a5394-215x300.webp
https://minnano-toreka.com/wp-content/uploads/2026/07/054-070_pcg-a5396.webp,https://minnano-toreka.com/wp-content/uploads/2026/07/054-070_pcg-a5396-216x300.webp
https://minnano-toreka.com/wp-content/uploads/2026/07/066-088_pcg-a5400.webp,https://minnano-toreka.com/wp-content/uploads/2026/07/066-088_pcg-a5400-215x300.webp
https://minnano-toreka.com/wp-content/uploads/2026/07/066-080_pcg-a5401.webp,https://minnano-toreka.com/wp-content/uploads/2026/07/066-080_pcg-a5401-300x215.webp
https://minnano-toreka.com/wp-content/uploads/2026/07/324-190_pcg-a5402.webp,https://minnano-toreka.com/wp-content/uploads/2026/07/324-190_pcg-a5402-215x300.webp
https://minnano-toreka.com/wp-content/uploads/2026/07/003-S-P_pcg-a5413.webp,https://minnano-toreka.com/wp-content/uploads/2026/07/003-S-P_pcg-a5413-215x300.webp
https://minnano-toreka.com/wp-content/uploads/2026/07/035-036_pcg-a5416.webp,https://minnano-toreka.com/wp-content/uploads/2026/07/035-036_pcg-a5416-215x300.webp
https://minnano-toreka.com/wp-content/uploads/2026/07/030-032_pcg-a5417.webp,https://minnano-toreka.com/wp-content/uploads/2026/07/030-032_pcg-a5417-215x300.webp
https://minnano-toreka.com/wp-content/uploads/2026/07/056-070_pcg-a5422.webp,https://minnano-toreka.com/wp-content/uploads/2026/07/056-070_pcg-a5422-215x300.webp
https://minnano-toreka.com/wp-content/uploads/2026/07/055-070_pcg-a5425.webp,https://minnano-toreka.com/wp-content/uploads/2026/07/055-070_pcg-a5425-216x300.webp
https://minnano-toreka.com/wp-content/uploads/2026/07/038-048_pcg-a5426.webp,https://minnano-toreka.com/wp-content/uploads/2026/07/038-048_pcg-a5426-215x300.webp
https://minnano-toreka.com/wp-content/uploads/2026/07/055-052_pcg-a5427.webp,https://minnano-toreka.com/wp-content/uploads/2026/07/055-052_pcg-a5427-215x300.webp
https://minnano-toreka.com/wp-content/uploads/2026/07/123-XY-P_pcg-a5442.webp,https://minnano-toreka.com/wp-content/uploads/2026/07/123-XY-P_pcg-a5442-215x300.webp
https://minnano-toreka.com/wp-content/uploads/2026/07/062-092_pcg-a5448.webp,https://minnano-toreka.com/wp-content/uploads/2026/07/062-092_pcg-a5448-150x150.webp
https://minnano-toreka.com/wp-content/uploads/2026/07/056-076_pcg-a5450.webp,https://minnano-toreka.com/wp-content/uploads/2026/07/056-076_pcg-a5450-215x300.webp
https://minnano-toreka.com/wp-content/uploads/2026/07/029-S-P_pcg-a5452.webp,https://minnano-toreka.com/wp-content/uploads/2026/07/029-S-P_pcg-a5452-215x300.webp
https://minnano-toreka.com/wp-content/uploads/2026/07/204-172_pcg-a5496.webp,https://minnano-toreka.com/wp-content/uploads/2026/07/204-172_pcg-a5496-215x300.webp
https://minnano-toreka.com/wp-content/uploads/2026/07/030-032_pcg-a5498.webp,https://minnano-toreka.com/wp-content/uploads/2026/07/030-032_pcg-a5498-215x300.webp
https://minnano-toreka.com/wp-content/uploads/2026/07/055-071_pcg-a5501.webp,https://minnano-toreka.com/wp-content/uploads/2026/07/055-071_pcg-a5501-215x300.webp
https://minnano-toreka.com/wp-content/uploads/2026/07/063-087_pcg-a5506.webp,https://minnano-toreka.com/wp-content/uploads/2026/07/063-087_pcg-a5506-215x300.webp
https://minnano-toreka.com/wp-content/uploads/2026/07/059-076_pcg-a5523.webp,https://minnano-toreka.com/wp-content/uploads/2026/07/059-076_pcg-a5523-215x300.webp
https://minnano-toreka.com/wp-content/uploads/2026/07/036-036_pcg-a5527.webp,https://minnano-toreka.com/wp-content/uploads/2026/07/036-036_pcg-a5527-215x300.webp
https://minnano-toreka.com/wp-content/uploads/2026/07/080-092_pcg-a5541.webp,https://minnano-toreka.com/wp-content/uploads/2026/07/080-092_pcg-a5541-150x150.webp
https://minnano-toreka.com/wp-content/uploads/2026/07/059-070_pcg-a5546.webp,https://minnano-toreka.com/wp-content/uploads/2026/07/059-070_pcg-a5546-215x300.webp
https://minnano-toreka.com/wp-content/uploads/2026/07/031-032_pcg-a5557.webp,https://minnano-toreka.com/wp-content/uploads/2026/07/031-032_pcg-a5557-215x300.webp
https://minnano-toreka.com/wp-content/uploads/2026/07/002-015_pcg-a5562.webp,https://minnano-toreka.com/wp-content/uploads/2026/07/002-015_pcg-a5562-215x300.webp
https://minnano-toreka.com/wp-content/uploads/2026/07/277-S-P_pcg-a5565.webp,https://minnano-toreka.com/wp-content/uploads/2026/07/277-S-P_pcg-a5565-215x300.webp
https://minnano-toreka.com/wp-content/uploads/2026/07/015-020_pcg-a5567.webp,https://minnano-toreka.com/wp-content/uploads/2026/07/015-020_pcg-a5567-216x300.webp
https://minnano-toreka.com/wp-content/uploads/2026/07/031-032_pcg-a5574.webp,https://minnano-toreka.com/wp-content/uploads/2026/07/031-032_pcg-a5574-215x300.webp
https://minnano-toreka.com/wp-content/uploads/2026/07/012-012_pcg-a5578.webp,https://minnano-toreka.com/wp-content/uploads/2026/07/012-012_pcg-a5578-150x150.webp
https://minnano-toreka.com/wp-content/uploads/2026/07/083-087_pcg-a5584.webp,https://minnano-toreka.com/wp-content/uploads/2026/07/083-087_pcg-a5584-215x300.webp
https://minnano-toreka.com/wp-content/uploads/2026/07/002-015_pcg-a5590.webp,https://minnano-toreka.com/wp-content/uploads/2026/07/002-015_pcg-a5590-215x300.webp
https://minnano-toreka.com/wp-content/uploads/2026/07/012-012_pcg-a5592.webp,https://minnano-toreka.com/wp-content/uploads/2026/07/012-012_pcg-a5592-150x150.webp
https://minnano-toreka.com/wp-content/uploads/2026/07/031-L-P_pcg-a5594.webp,https://minnano-toreka.com/wp-content/uploads/2026/07/031-L-P_pcg-a5594-150x150.webp
https://minnano-toreka.com/wp-content/uploads/2026/07/057-L-P_pcg-a5599.webp,https://minnano-toreka.com/wp-content/uploads/2026/07/057-L-P_pcg-a5599-150x150.webp
https://minnano-toreka.com/wp-content/uploads/2026/07/051-DPT-P_pcg-a5603.webp,https://minnano-toreka.com/wp-content/uploads/2026/07/051-DPT-P_pcg-a5603-150x150.webp
https://minnano-toreka.com/wp-content/uploads/2026/07/033-L-P_pcg-a5610.webp,https://minnano-toreka.com/wp-content/uploads/2026/07/033-L-P_pcg-a5610-150x150.webp
https://minnano-toreka.com/wp-content/uploads/2026/07/153-BW-P_pcg-a5617.webp,https://minnano-toreka.com/wp-content/uploads/2026/07/153-BW-P_pcg-a5617-150x150.webp
https://minnano-toreka.com/wp-content/uploads/2026/07/031-L-P_pcg-a5618.webp,https://minnano-toreka.com/wp-content/uploads/2026/07/031-L-P_pcg-a5618-150x150.webp
https://minnano-toreka.com/wp-content/uploads/2026/07/032-L-P_pcg-a5622.webp,https://minnano-toreka.com/wp-content/uploads/2026/07/032-L-P_pcg-a5622-150x150.webp
https://minnano-toreka.com/wp-content/uploads/2026/07/065-070_pcg-a5624.webp,https://minnano-toreka.com/wp-content/uploads/2026/07/065-070_pcg-a5624-216x300.webp
https://minnano-toreka.com/wp-content/uploads/2026/07/031-DPT-P_pcg-a5625.webp,https://minnano-toreka.com/wp-content/uploads/2026/07/031-DPT-P_pcg-a5625-150x150.webp
https://minnano-toreka.com/wp-content/uploads/2026/07/051-DPT-P_pcg-a5628.webp,https://minnano-toreka.com/wp-content/uploads/2026/07/051-DPT-P_pcg-a5628-150x150.webp
https://minnano-toreka.com/wp-content/uploads/2026/07/031-L-P_pcg-a5629.webp,https://minnano-toreka.com/wp-content/uploads/2026/07/031-L-P_pcg-a5629-150x150.webp
https://minnano-toreka.com/wp-content/uploads/2026/07/058-051_pcg-a5636.webp,https://minnano-toreka.com/wp-content/uploads/2026/07/058-051_pcg-a5636-215x300.webp
https://minnano-toreka.com/wp-content/uploads/2026/07/033-L-P_pcg-a5637.webp,https://minnano-toreka.com/wp-content/uploads/2026/07/033-L-P_pcg-a5637-150x150.webp
https://minnano-toreka.com/wp-content/uploads/2026/07/189-165_pcg-a5653.webp,https://minnano-toreka.com/wp-content/uploads/2026/07/189-165_pcg-a5653-215x300.webp
https://minnano-toreka.com/wp-content/uploads/2026/07/104-094_pcg-a5659.webp,https://minnano-toreka.com/wp-content/uploads/2026/07/104-094_pcg-a5659-215x300.webp
https://minnano-toreka.com/wp-content/uploads/2026/07/019-DPT-P_pcg-a5711.webp,https://minnano-toreka.com/wp-content/uploads/2026/07/019-DPT-P_pcg-a5711-150x150.webp
https://minnano-toreka.com/wp-content/uploads/2026/07/044-DPT-P_pcg-a5727.webp,https://minnano-toreka.com/wp-content/uploads/2026/07/044-DPT-P_pcg-a5727-150x150.webp
https://minnano-toreka.com/wp-content/uploads/2026/07/139-XY-P_pcg-a5728.webp,https://minnano-toreka.com/wp-content/uploads/2026/07/139-XY-P_pcg-a5728-215x300.webp
https://minnano-toreka.com/wp-content/uploads/2026/07/127-S-P_pcg-a5732.webp,https://minnano-toreka.com/wp-content/uploads/2026/07/127-S-P_pcg-a5732-215x300.webp
https://minnano-toreka.com/wp-content/uploads/2026/07/398-SM-P_pcg-a5733.webp,https://minnano-toreka.com/wp-content/uploads/2026/07/398-SM-P_pcg-a5733-215x300.webp
https://minnano-toreka.com/wp-content/uploads/2026/07/127-S-P_pcg-a5735.webp,https://minnano-toreka.com/wp-content/uploads/2026/07/127-S-P_pcg-a5735-215x300.webp
https://minnano-toreka.com/wp-content/uploads/2026/07/190-BW-P_pcg-a5736.webp,https://minnano-toreka.com/wp-content/uploads/2026/07/190-BW-P_pcg-a5736-216x300.webp
https://minnano-toreka.com/wp-content/uploads/2026/07/398-SM-P_pcg-a5737.webp,https://minnano-toreka.com/wp-content/uploads/2026/07/398-SM-P_pcg-a5737-215x300.webp
https://minnano-toreka.com/wp-content/uploads/2026/07/190-BW-P_pcg-a5740.webp,https://minnano-toreka.com/wp-content/uploads/2026/07/190-BW-P_pcg-a5740-216x300.webp
https://minnano-toreka.com/wp-content/uploads/2026/07/398-SM-P_pcg-a5741.webp,https://minnano-toreka.com/wp-content/uploads/2026/07/398-SM-P_pcg-a5741-215x300.webp
https://minnano-toreka.com/wp-content/uploads/2026/07/013-020_pcg-a5749.webp,https://minnano-toreka.com/wp-content/uploads/2026/07/013-020_pcg-a5749-215x300.webp
https://minnano-toreka.com/wp-content/uploads/2026/07/031-032_pcg-a5753.webp,https://minnano-toreka.com/wp-content/uploads/2026/07/031-032_pcg-a5753-215x300.webp
https://minnano-toreka.com/wp-content/uploads/2026/07/060-060_pcg-a5797.webp,https://minnano-toreka.com/wp-content/uploads/2026/07/060-060_pcg-a5797-215x300.webp
https://minnano-toreka.com/wp-content/uploads/2026/07/085-087_pcg-a5799.webp,https://minnano-toreka.com/wp-content/uploads/2026/07/085-087_pcg-a5799-215x300.webp
https://minnano-toreka.com/wp-content/uploads/2026/07/060-060_pcg-a5803.webp,https://minnano-toreka.com/wp-content/uploads/2026/07/060-060_pcg-a5803-215x300.webp
https://minnano-toreka.com/wp-content/uploads/2026/07/050-050_pcg-a5804.webp,https://minnano-toreka.com/wp-content/uploads/2026/07/050-050_pcg-a5804-216x300.webp
https://minnano-toreka.com/wp-content/uploads/2026/07/221-172_pcg-a5828.webp,https://minnano-toreka.com/wp-content/uploads/2026/07/221-172_pcg-a5828-215x300.webp
https://minnano-toreka.com/wp-content/uploads/2026/07/051-SV-P_pcg-a5854.webp,https://minnano-toreka.com/wp-content/uploads/2026/07/051-SV-P_pcg-a5854-215x300.webp
https://minnano-toreka.com/wp-content/uploads/2026/07/032-106_pcg-a5908.webp,https://minnano-toreka.com/wp-content/uploads/2026/07/032-106_pcg-a5908-215x300.webp
https://minnano-toreka.com/wp-content/uploads/2026/07/140-XY-P_pcg-a5909.webp,https://minnano-toreka.com/wp-content/uploads/2026/07/140-XY-P_pcg-a5909-215x300.webp
https://minnano-toreka.com/wp-content/uploads/2026/07/294-XY-P_pcg-a5916.webp,https://minnano-toreka.com/wp-content/uploads/2026/07/294-XY-P_pcg-a5916-215x300.webp
https://minnano-toreka.com/wp-content/uploads/2026/07/100-096_pcg-a5923.webp,https://minnano-toreka.com/wp-content/uploads/2026/07/100-096_pcg-a5923-215x300.webp
https://minnano-toreka.com/wp-content/uploads/2026/07/100-096_pcg-a5924.webp,https://minnano-toreka.com/wp-content/uploads/2026/07/100-096_pcg-a5924-215x300.webp
https://minnano-toreka.com/wp-content/uploads/2026/07/206-172_pcg-a5926.webp,https://minnano-toreka.com/wp-content/uploads/2026/07/206-172_pcg-a5926-215x300.webp
https://minnano-toreka.com/wp-content/uploads/2026/07/141-XY-P_pcg-a5929.webp,https://minnano-toreka.com/wp-content/uploads/2026/07/141-XY-P_pcg-a5929-215x300.webp
https://minnano-toreka.com/wp-content/uploads/2026/07/192-172_pcg-a5937.webp,https://minnano-toreka.com/wp-content/uploads/2026/07/192-172_pcg-a5937-215x300.webp
https://minnano-toreka.com/wp-content/uploads/2026/07/262-XY-P_pcg-a5939.webp,https://minnano-toreka.com/wp-content/uploads/2026/07/262-XY-P_pcg-a5939-215x300.webp
https://minnano-toreka.com/wp-content/uploads/2026/07/031-071_pcg-a5944.webp,https://minnano-toreka.com/wp-content/uploads/2026/07/031-071_pcg-a5944-215x300.webp
https://minnano-toreka.com/wp-content/uploads/2026/07/123-108_pcg-a5945.webp,https://minnano-toreka.com/wp-content/uploads/2026/07/123-108_pcg-a5945-215x300.webp
https://minnano-toreka.com/wp-content/uploads/2026/07/120-108_pcg-a5950.webp,https://minnano-toreka.com/wp-content/uploads/2026/07/120-108_pcg-a5950-215x300.webp
https://minnano-toreka.com/wp-content/uploads/2026/07/076-165_pcg-a5961.webp,https://minnano-toreka.com/wp-content/uploads/2026/07/076-165_pcg-a5961-215x300.webp
https://minnano-toreka.com/wp-content/uploads/2026/07/062-073_pcg-a5965.webp,https://minnano-toreka.com/wp-content/uploads/2026/07/062-073_pcg-a5965-215x300.webp
https://minnano-toreka.com/wp-content/uploads/2026/07/172-150_pcg-a5969.webp,https://minnano-toreka.com/wp-content/uploads/2026/07/172-150_pcg-a5969-215x300.webp
https://minnano-toreka.com/wp-content/uploads/2026/07/362-SM-P_pcg-a5972.webp,https://minnano-toreka.com/wp-content/uploads/2026/07/362-SM-P_pcg-a5972-215x300.webp
https://minnano-toreka.com/wp-content/uploads/2026/07/056-100_pcg-a5975.webp,https://minnano-toreka.com/wp-content/uploads/2026/07/056-100_pcg-a5975-215x300.webp
https://minnano-toreka.com/wp-content/uploads/2026/07/034-070_pcg-a5987.webp,https://minnano-toreka.com/wp-content/uploads/2026/07/034-070_pcg-a5987-216x300.webp
https://minnano-toreka.com/wp-content/uploads/2026/07/068-092_pcg-a5988.webp,https://minnano-toreka.com/wp-content/uploads/2026/07/068-092_pcg-a5988-150x150.webp
https://minnano-toreka.com/wp-content/uploads/2026/07/004-072_pcg-a5989.webp,https://minnano-toreka.com/wp-content/uploads/2026/07/004-072_pcg-a5989-215x300.webp
https://minnano-toreka.com/wp-content/uploads/2026/07/052-051_pcg-a5994.webp,https://minnano-toreka.com/wp-content/uploads/2026/07/052-051_pcg-a5994-215x300.webp
https://minnano-toreka.com/wp-content/uploads/2026/07/052-051_pcg-a5995.webp,https://minnano-toreka.com/wp-content/uploads/2026/07/052-051_pcg-a5995-215x300.webp
https://minnano-toreka.com/wp-content/uploads/2026/07/115-114_pcg-a5996.webp,https://minnano-toreka.com/wp-content/uploads/2026/07/115-114_pcg-a5996-215x300.webp
https://minnano-toreka.com/wp-content/uploads/2026/07/054-051_pcg-a6000.webp,https://minnano-toreka.com/wp-content/uploads/2026/07/054-051_pcg-a6000-215x300.webp
https://minnano-toreka.com/wp-content/uploads/2026/07/052-050_pcg-a6003.webp,https://minnano-toreka.com/wp-content/uploads/2026/07/052-050_pcg-a6003-215x300.webp
https://minnano-toreka.com/wp-content/uploads/2026/07/052-050_pcg-a6008.webp,https://minnano-toreka.com/wp-content/uploads/2026/07/052-050_pcg-a6008-215x300.webp
https://minnano-toreka.com/wp-content/uploads/2026/07/117-114_pcg-a6013.webp,https://minnano-toreka.com/wp-content/uploads/2026/07/117-114_pcg-a6013-215x300.webp
https://minnano-toreka.com/wp-content/uploads/2026/07/058-051_pcg-a6017.webp,https://minnano-toreka.com/wp-content/uploads/2026/07/058-051_pcg-a6017-215x300.webp
https://minnano-toreka.com/wp-content/uploads/2026/07/058-051_pcg-a6021.webp,https://minnano-toreka.com/wp-content/uploads/2026/07/058-051_pcg-a6021-215x300.webp
https://minnano-toreka.com/wp-content/uploads/2026/07/135-S-P_pcg-a6037.webp,https://minnano-toreka.com/wp-content/uploads/2026/07/135-S-P_pcg-a6037-215x300.webp
https://minnano-toreka.com/wp-content/uploads/2026/07/095-078_pcg-a6043.webp,https://minnano-toreka.com/wp-content/uploads/2026/07/095-078_pcg-a6043-215x300.webp
https://minnano-toreka.com/wp-content/uploads/2026/07/066-100_pcg-a6046.webp,https://minnano-toreka.com/wp-content/uploads/2026/07/066-100_pcg-a6046-215x300.webp
https://minnano-toreka.com/wp-content/uploads/2026/07/118-131_pcg-a6049.webp,https://minnano-toreka.com/wp-content/uploads/2026/07/118-131_pcg-a6049-215x300.webp
https://minnano-toreka.com/wp-content/uploads/2026/07/278-XY-P_pcg-a6059.webp,https://minnano-toreka.com/wp-content/uploads/2026/07/278-XY-P_pcg-a6059-215x300.webp
https://minnano-toreka.com/wp-content/uploads/2026/07/085-SM-P_pcg-a6072.webp,https://minnano-toreka.com/wp-content/uploads/2026/07/085-SM-P_pcg-a6072-215x300.webp
https://minnano-toreka.com/wp-content/uploads/2026/07/275-XY-P_pcg-a6074.webp,https://minnano-toreka.com/wp-content/uploads/2026/07/275-XY-P_pcg-a6074-215x300.webp
https://minnano-toreka.com/wp-content/uploads/2026/07/406-SM-P_pcg-a6076.webp,https://minnano-toreka.com/wp-content/uploads/2026/07/406-SM-P_pcg-a6076-215x300.webp
https://minnano-toreka.com/wp-content/uploads/2026/07/117-108_pcg-a6078.webp,https://minnano-toreka.com/wp-content/uploads/2026/07/117-108_pcg-a6078-215x300.webp
https://minnano-toreka.com/wp-content/uploads/2026/07/006-023_pcg-a6079.webp,https://minnano-toreka.com/wp-content/uploads/2026/07/006-023_pcg-a6079-215x300.webp
https://minnano-toreka.com/wp-content/uploads/2026/07/174-S-P_pcg-a6094.webp,https://minnano-toreka.com/wp-content/uploads/2026/07/174-S-P_pcg-a6094-215x300.webp
https://minnano-toreka.com/wp-content/uploads/2026/07/010-190_pcg-a6095.webp,https://minnano-toreka.com/wp-content/uploads/2026/07/010-190_pcg-a6095-215x300.webp
https://minnano-toreka.com/wp-content/uploads/2026/07/279-SM-P_pcg-a6846.webp,https://minnano-toreka.com/wp-content/uploads/2026/07/279-SM-P_pcg-a6846-215x300.webp
https://minnano-toreka.com/wp-content/uploads/2026/07/419-414_pcg-a9379.webp,https://minnano-toreka.com/wp-content/uploads/2026/07/419-414_pcg-a9379-215x300.webp
https://minnano-toreka.com/wp-content/uploads/2026/07/188-S-P_pcg-a9526.webp,https://minnano-toreka.com/wp-content/uploads/2026/07/188-S-P_pcg-a9526-215x300.webp
https://minnano-toreka.com/wp-content/uploads/2026/07/298-XY-P_pcg-a9546.webp,https://minnano-toreka.com/wp-content/uploads/2026/07/298-XY-P_pcg-a9546-215x300.webp
https://minnano-toreka.com/wp-content/uploads/2026/07/071-171_pcg-a9547.webp,https://minnano-toreka.com/wp-content/uploads/2026/07/071-171_pcg-a9547-215x300.webp
https://minnano-toreka.com/wp-content/uploads/2026/07/178-171_pcg-a9548.webp,https://minnano-toreka.com/wp-content/uploads/2026/07/178-171_pcg-a9548-215x300.webp
https://minnano-toreka.com/wp-content/uploads/2026/07/172-171_pcg-a9557.webp,https://minnano-toreka.com/wp-content/uploads/2026/07/172-171_pcg-a9557-215x300.webp
https://minnano-toreka.com/wp-content/uploads/2026/07/174-171_pcg-a9575.webp,https://minnano-toreka.com/wp-content/uploads/2026/07/174-171_pcg-a9575-215x300.webp
https://minnano-toreka.com/wp-content/uploads/2026/07/176-171_pcg-a9584.webp,https://minnano-toreka.com/wp-content/uploads/2026/07/176-171_pcg-a9584-215x300.webp
https://minnano-toreka.com/wp-content/uploads/2026/07/139-171_pcg-a9589.webp,https://minnano-toreka.com/wp-content/uploads/2026/07/139-171_pcg-a9589-215x300.webp
https://minnano-toreka.com/wp-content/uploads/2026/07/180-171_pcg-a9590.webp,https://minnano-toreka.com/wp-content/uploads/2026/07/180-171_pcg-a9590-215x300.webp
https://minnano-toreka.com/wp-content/uploads/2026/07/036-036_pcg-a9764.webp,https://minnano-toreka.com/wp-content/uploads/2026/07/036-036_pcg-a9764-215x300.webp
https://minnano-toreka.com/wp-content/uploads/2026/07/046-171_pcg-a9827.webp,https://minnano-toreka.com/wp-content/uploads/2026/07/046-171_pcg-a9827-215x300.webp
https://minnano-toreka.com/wp-content/uploads/2026/07/071-165_pcg-a10023.webp,https://minnano-toreka.com/wp-content/uploads/2026/07/071-165_pcg-a10023-215x300.webp
https://minnano-toreka.com/wp-content/uploads/2026/07/138-165_pcg-a10335.webp,https://minnano-toreka.com/wp-content/uploads/2026/07/138-165_pcg-a10335-215x300.webp
https://minnano-toreka.com/wp-content/uploads/2026/07/114-150_pcg-a10425.webp,https://minnano-toreka.com/wp-content/uploads/2026/07/114-150_pcg-a10425-215x300.webp
https://minnano-toreka.com/wp-content/uploads/2026/07/142-171_pcg-a10713.webp,https://minnano-toreka.com/wp-content/uploads/2026/07/142-171_pcg-a10713-215x300.webp
https://minnano-toreka.com/wp-content/uploads/2026/07/183-171_pcg-a10714.webp,https://minnano-toreka.com/wp-content/uploads/2026/07/183-171_pcg-a10714-215x300.webp
https://minnano-toreka.com/wp-content/uploads/2026/07/109-131_pcg-a10722.webp,https://minnano-toreka.com/wp-content/uploads/2026/07/109-131_pcg-a10722-215x300.webp
https://minnano-toreka.com/wp-content/uploads/2026/07/179-171_pcg-a10881.webp,https://minnano-toreka.com/wp-content/uploads/2026/07/179-171_pcg-a10881-215x300.webp
https://minnano-toreka.com/wp-content/uploads/2026/07/063-165_pcg-a11080.webp,https://minnano-toreka.com/wp-content/uploads/2026/07/063-165_pcg-a11080-215x300.webp
https://minnano-toreka.com/wp-content/uploads/2026/07/014-036_pcg-a11132.webp,https://minnano-toreka.com/wp-content/uploads/2026/07/014-036_pcg-a11132-215x300.webp
https://minnano-toreka.com/wp-content/uploads/2026/07/015-028_pcg-a11283.webp,https://minnano-toreka.com/wp-content/uploads/2026/07/015-028_pcg-a11283-215x300.webp
https://minnano-toreka.com/wp-content/uploads/2026/07/184-171_pcg-a11426.webp,https://minnano-toreka.com/wp-content/uploads/2026/07/184-171_pcg-a11426-215x300.webp
https://minnano-toreka.com/wp-content/uploads/2026/07/112-165_pcg-a11456.webp,https://minnano-toreka.com/wp-content/uploads/2026/07/112-165_pcg-a11456-215x300.webp
https://minnano-toreka.com/wp-content/uploads/2026/07/155-171_pcg-a11463.webp,https://minnano-toreka.com/wp-content/uploads/2026/07/155-171_pcg-a11463-215x300.webp
https://minnano-toreka.com/wp-content/uploads/2026/07/005-026_pcg-a11517.webp,https://minnano-toreka.com/wp-content/uploads/2026/07/005-026_pcg-a11517-215x300.webp
https://minnano-toreka.com/wp-content/uploads/2026/07/020-072_pcg-a11564.webp,https://minnano-toreka.com/wp-content/uploads/2026/07/020-072_pcg-a11564-215x300.webp
https://minnano-toreka.com/wp-content/uploads/2026/07/129-131_pcg-a11871.webp,https://minnano-toreka.com/wp-content/uploads/2026/07/129-131_pcg-a11871-215x300.webp
https://minnano-toreka.com/wp-content/uploads/2026/07/158-171_pcg-a11872.webp,https://minnano-toreka.com/wp-content/uploads/2026/07/158-171_pcg-a11872-215x300.webp
https://minnano-toreka.com/wp-content/uploads/2026/07/018-020_pcg-a11881.webp,https://minnano-toreka.com/wp-content/uploads/2026/07/018-020_pcg-a11881-216x300.webp
https://minnano-toreka.com/wp-content/uploads/2026/07/108-171_pcg-a11974.webp,https://minnano-toreka.com/wp-content/uploads/2026/07/108-171_pcg-a11974-215x300.webp
https://minnano-toreka.com/wp-content/uploads/2026/07/038-036_pcg-a12075.webp,https://minnano-toreka.com/wp-content/uploads/2026/07/038-036_pcg-a12075-215x300.webp
https://minnano-toreka.com/wp-content/uploads/2026/07/123-131_pcg-a12086.webp,https://minnano-toreka.com/wp-content/uploads/2026/07/123-131_pcg-a12086-215x300.webp
https://minnano-toreka.com/wp-content/uploads/2026/07/147-171_pcg-a12087.webp,https://minnano-toreka.com/wp-content/uploads/2026/07/147-171_pcg-a12087-215x300.webp
https://minnano-toreka.com/wp-content/uploads/2026/07/055-131_pcg-a12095.webp,https://minnano-toreka.com/wp-content/uploads/2026/07/055-131_pcg-a12095-300x215.webp
https://minnano-toreka.com/wp-content/uploads/2026/07/171-171_pcg-a12258.webp,https://minnano-toreka.com/wp-content/uploads/2026/07/171-171_pcg-a12258-215x300.webp
https://minnano-toreka.com/wp-content/uploads/2026/07/070-070_pcg-a12264.webp,https://minnano-toreka.com/wp-content/uploads/2026/07/070-070_pcg-a12264-217x300.webp
https://minnano-toreka.com/wp-content/uploads/2026/07/125-171_pcg-a12326.webp,https://minnano-toreka.com/wp-content/uploads/2026/07/125-171_pcg-a12326-215x300.webp
https://minnano-toreka.com/wp-content/uploads/2026/07/102-131_pcg-a12674.webp,https://minnano-toreka.com/wp-content/uploads/2026/07/102-131_pcg-a12674-215x300.webp
https://minnano-toreka.com/wp-content/uploads/2026/07/113-171_pcg-a12675.webp,https://minnano-toreka.com/wp-content/uploads/2026/07/113-171_pcg-a12675-215x300.webp
https://minnano-toreka.com/wp-content/uploads/2026/07/030-165_pcg-a12779.webp,https://minnano-toreka.com/wp-content/uploads/2026/07/030-165_pcg-a12779-215x300.webp
https://minnano-toreka.com/wp-content/uploads/2026/07/103-131_pcg-a12974.webp,https://minnano-toreka.com/wp-content/uploads/2026/07/103-131_pcg-a12974-215x300.webp
https://minnano-toreka.com/wp-content/uploads/2026/07/086-165_pcg-a12981.webp,https://minnano-toreka.com/wp-content/uploads/2026/07/086-165_pcg-a12981-215x300.webp
https://minnano-toreka.com/wp-content/uploads/2026/07/105-131_pcg-a13109.webp,https://minnano-toreka.com/wp-content/uploads/2026/07/105-131_pcg-a13109-215x300.webp
https://minnano-toreka.com/wp-content/uploads/2026/07/047-165_pcg-a13167.webp,https://minnano-toreka.com/wp-content/uploads/2026/07/047-165_pcg-a13167-215x300.webp
https://minnano-toreka.com/wp-content/uploads/2026/07/116-171_pcg-a13304.webp,https://minnano-toreka.com/wp-content/uploads/2026/07/116-171_pcg-a13304-215x300.webp
https://minnano-toreka.com/wp-content/uploads/2026/07/059-072_pcg-a13346.webp,https://minnano-toreka.com/wp-content/uploads/2026/07/059-072_pcg-a13346-215x300.webp
https://minnano-toreka.com/wp-content/uploads/2026/07/043-072_pcg-a13348.webp,https://minnano-toreka.com/wp-content/uploads/2026/07/043-072_pcg-a13348-215x300.webp
https://minnano-toreka.com/wp-content/uploads/2026/07/004-072_pcg-a13349.webp,https://minnano-toreka.com/wp-content/uploads/2026/07/004-072_pcg-a13349-215x300.webp
https://minnano-toreka.com/wp-content/uploads/2026/07/028-072_pcg-a13350.webp,https://minnano-toreka.com/wp-content/uploads/2026/07/028-072_pcg-a13350-215x300.webp
https://minnano-toreka.com/wp-content/uploads/2026/07/058-072_pcg-a13352.webp,https://minnano-toreka.com/wp-content/uploads/2026/07/058-072_pcg-a13352-215x300.webp
https://minnano-toreka.com/wp-content/uploads/2026/07/007-036_pcg-a13363.webp,https://minnano-toreka.com/wp-content/uploads/2026/07/007-036_pcg-a13363-215x300.webp
https://minnano-toreka.com/wp-content/uploads/2026/07/126-165_pcg-a13593.webp,https://minnano-toreka.com/wp-content/uploads/2026/07/126-165_pcg-a13593-215x300.webp
https://minnano-toreka.com/wp-content/uploads/2026/07/186-171_pcg-a13819.webp,https://minnano-toreka.com/wp-content/uploads/2026/07/186-171_pcg-a13819-215x300.webp
https://minnano-toreka.com/wp-content/uploads/2026/07/088-165_pcg-a13856.webp,https://minnano-toreka.com/wp-content/uploads/2026/07/088-165_pcg-a13856-215x300.webp
https://minnano-toreka.com/wp-content/uploads/2026/07/089-165_pcg-a13858.webp,https://minnano-toreka.com/wp-content/uploads/2026/07/089-165_pcg-a13858-215x300.webp
https://minnano-toreka.com/wp-content/uploads/2026/07/064-070_pcg-a13963.webp,https://minnano-toreka.com/wp-content/uploads/2026/07/064-070_pcg-a13963-216x300.webp
https://minnano-toreka.com/wp-content/uploads/2026/07/056-XY-P_pcg-a13968.webp,https://minnano-toreka.com/wp-content/uploads/2026/07/056-XY-P_pcg-a13968-215x300.webp
https://minnano-toreka.com/wp-content/uploads/2026/07/190-BW-P_pcg-a14000.webp,https://minnano-toreka.com/wp-content/uploads/2026/07/190-BW-P_pcg-a14000-216x300.webp
https://minnano-toreka.com/wp-content/uploads/2026/07/152-171_pcg-a14006.webp,https://minnano-toreka.com/wp-content/uploads/2026/07/152-171_pcg-a14006-215x300.webp
https://minnano-toreka.com/wp-content/uploads/2026/07/065-070_pcg-a14009.webp,https://minnano-toreka.com/wp-content/uploads/2026/07/065-070_pcg-a14009-216x300.webp
https://minnano-toreka.com/wp-content/uploads/2026/07/077-165_pcg-a14064.webp,https://minnano-toreka.com/wp-content/uploads/2026/07/077-165_pcg-a14064-215x300.webp
https://minnano-toreka.com/wp-content/uploads/2026/07/069-165_pcg-a14214.webp,https://minnano-toreka.com/wp-content/uploads/2026/07/069-165_pcg-a14214-215x300.webp
https://minnano-toreka.com/wp-content/uploads/2026/07/098-XY-P_pcg-a14504.webp,https://minnano-toreka.com/wp-content/uploads/2026/07/098-XY-P_pcg-a14504-215x300.webp
https://minnano-toreka.com/wp-content/uploads/2026/07/098-XY-P_pcg-a14505.webp,https://minnano-toreka.com/wp-content/uploads/2026/07/098-XY-P_pcg-a14505-215x300.webp
https://minnano-toreka.com/wp-content/uploads/2026/07/072-165_pcg-a14548.webp,https://minnano-toreka.com/wp-content/uploads/2026/07/072-165_pcg-a14548-215x300.webp
https://minnano-toreka.com/wp-content/uploads/2026/07/019-036_pcg-a14583.webp,https://minnano-toreka.com/wp-content/uploads/2026/07/019-036_pcg-a14583-215x300.webp
https://minnano-toreka.com/wp-content/uploads/2026/07/034-036_pcg-a15233.webp,https://minnano-toreka.com/wp-content/uploads/2026/07/034-036_pcg-a15233-215x300.webp
https://minnano-toreka.com/wp-content/uploads/2026/07/010-026_pcg-a15296.webp,https://minnano-toreka.com/wp-content/uploads/2026/07/010-026_pcg-a15296-215x300.webp
https://minnano-toreka.com/wp-content/uploads/2026/07/066-165_pcg-a15369.webp,https://minnano-toreka.com/wp-content/uploads/2026/07/066-165_pcg-a15369-215x300.webp
https://minnano-toreka.com/wp-content/uploads/2026/07/156-171_pcg-a15467.webp,https://minnano-toreka.com/wp-content/uploads/2026/07/156-171_pcg-a15467-215x300.webp
https://minnano-toreka.com/wp-content/uploads/2026/07/182-171_pcg-a15494.webp,https://minnano-toreka.com/wp-content/uploads/2026/07/182-171_pcg-a15494-215x300.webp
https://minnano-toreka.com/wp-content/uploads/2026/07/005-SM-P_pcg-a15777.webp,https://minnano-toreka.com/wp-content/uploads/2026/07/005-SM-P_pcg-a15777-215x300.webp
https://minnano-toreka.com/wp-content/uploads/2026/07/006-XY-P_pcg-a15913.webp,https://minnano-toreka.com/wp-content/uploads/2026/07/006-XY-P_pcg-a15913-215x300.webp
https://minnano-toreka.com/wp-content/uploads/2026/07/005-S-P_pcg-a16105.webp,https://minnano-toreka.com/wp-content/uploads/2026/07/005-S-P_pcg-a16105-215x300.webp
https://minnano-toreka.com/wp-content/uploads/2026/07/109-SV-P_pcg-a16118.webp,https://minnano-toreka.com/wp-content/uploads/2026/07/109-SV-P_pcg-a16118-215x300.webp
https://minnano-toreka.com/wp-content/uploads/2026/07/057-072_pcg-a16434.webp,https://minnano-toreka.com/wp-content/uploads/2026/07/057-072_pcg-a16434-215x300.webp
https://minnano-toreka.com/wp-content/uploads/2026/07/003-032_pcg-a16470.webp,https://minnano-toreka.com/wp-content/uploads/2026/07/003-032_pcg-a16470-215x300.webp
https://minnano-toreka.com/wp-content/uploads/2026/07/003-032_pcg-a16472.webp,https://minnano-toreka.com/wp-content/uploads/2026/07/003-032_pcg-a16472-215x300.webp
https://minnano-toreka.com/wp-content/uploads/2026/07/002-015_pcg-a16540.webp,https://minnano-toreka.com/wp-content/uploads/2026/07/002-015_pcg-a16540-215x300.webp
https://minnano-toreka.com/wp-content/uploads/2026/07/070-070_pcg-a16609.webp,https://minnano-toreka.com/wp-content/uploads/2026/07/070-070_pcg-a16609-217x300.webp
https://minnano-toreka.com/wp-content/uploads/2026/07/021-DPT-P_pcg-a16610.webp,https://minnano-toreka.com/wp-content/uploads/2026/07/021-DPT-P_pcg-a16610-150x150.webp
https://minnano-toreka.com/wp-content/uploads/2026/07/373-SM-P_pcg-a16778.webp,https://minnano-toreka.com/wp-content/uploads/2026/07/373-SM-P_pcg-a16778-215x300.webp
https://minnano-toreka.com/wp-content/uploads/2026/07/347-S-P_pcg-a16797.webp,https://minnano-toreka.com/wp-content/uploads/2026/07/347-S-P_pcg-a16797-215x300.webp
https://minnano-toreka.com/wp-content/uploads/2026/07/345-S-P_pcg-a16798.webp,https://minnano-toreka.com/wp-content/uploads/2026/07/345-S-P_pcg-a16798-215x300.webp
https://minnano-toreka.com/wp-content/uploads/2026/07/344-S-P_pcg-a16799.webp,https://minnano-toreka.com/wp-content/uploads/2026/07/344-S-P_pcg-a16799-215x300.webp
https://minnano-toreka.com/wp-content/uploads/2026/07/329-SM-P_pcg-a16819.webp,https://minnano-toreka.com/wp-content/uploads/2026/07/329-SM-P_pcg-a16819-215x300.webp
https://minnano-toreka.com/wp-content/uploads/2026/07/297-XY-P_pcg-a16854.webp,https://minnano-toreka.com/wp-content/uploads/2026/07/297-XY-P_pcg-a16854-215x300.webp
https://minnano-toreka.com/wp-content/uploads/2026/07/296-XY-P_pcg-a16857.webp,https://minnano-toreka.com/wp-content/uploads/2026/07/296-XY-P_pcg-a16857-215x300.webp
https://minnano-toreka.com/wp-content/uploads/2026/07/295-XY-P_pcg-a16860.webp,https://minnano-toreka.com/wp-content/uploads/2026/07/295-XY-P_pcg-a16860-215x300.webp
https://minnano-toreka.com/wp-content/uploads/2026/07/294-XY-P_pcg-a16863.webp,https://minnano-toreka.com/wp-content/uploads/2026/07/294-XY-P_pcg-a16863-215x300.webp
https://minnano-toreka.com/wp-content/uploads/2026/07/293-XY-P_pcg-a16866.webp,https://minnano-toreka.com/wp-content/uploads/2026/07/293-XY-P_pcg-a16866-215x300.webp
https://minnano-toreka.com/wp-content/uploads/2026/07/290-XY-P_pcg-a16875.webp,https://minnano-toreka.com/wp-content/uploads/2026/07/290-XY-P_pcg-a16875-215x300.webp
https://minnano-toreka.com/wp-content/uploads/2026/07/282-XY-P_pcg-a16897.webp,https://minnano-toreka.com/wp-content/uploads/2026/07/282-XY-P_pcg-a16897-215x300.webp
https://minnano-toreka.com/wp-content/uploads/2026/07/278-XY-P_pcg-a16908.webp,https://minnano-toreka.com/wp-content/uploads/2026/07/278-XY-P_pcg-a16908-215x300.webp
https://minnano-toreka.com/wp-content/uploads/2026/07/277-XY-P_pcg-a16910.webp,https://minnano-toreka.com/wp-content/uploads/2026/07/277-XY-P_pcg-a16910-215x300.webp
https://minnano-toreka.com/wp-content/uploads/2026/07/275-XY-P_pcg-a16914.webp,https://minnano-toreka.com/wp-content/uploads/2026/07/275-XY-P_pcg-a16914-215x300.webp
https://minnano-toreka.com/wp-content/uploads/2026/07/274-XY-P_pcg-a16916.webp,https://minnano-toreka.com/wp-content/uploads/2026/07/274-XY-P_pcg-a16916-215x300.webp
https://minnano-toreka.com/wp-content/uploads/2026/07/272-SM-P_pcg-a16923.webp,https://minnano-toreka.com/wp-content/uploads/2026/07/272-SM-P_pcg-a16923-215x300.webp
https://minnano-toreka.com/wp-content/uploads/2026/07/271-SM-P_pcg-a16926.webp,https://minnano-toreka.com/wp-content/uploads/2026/07/271-SM-P_pcg-a16926-215x300.webp
https://minnano-toreka.com/wp-content/uploads/2026/07/270-SM-P_pcg-a16929.webp,https://minnano-toreka.com/wp-content/uploads/2026/07/270-SM-P_pcg-a16929-215x300.webp
https://minnano-toreka.com/wp-content/uploads/2026/07/269-XY-P_pcg-a16930.webp,https://minnano-toreka.com/wp-content/uploads/2026/07/269-XY-P_pcg-a16930-215x300.webp
https://minnano-toreka.com/wp-content/uploads/2026/07/262-XY-P_pcg-a16950.webp,https://minnano-toreka.com/wp-content/uploads/2026/07/262-XY-P_pcg-a16950-215x300.webp
https://minnano-toreka.com/wp-content/uploads/2026/07/261-SM-P_pcg-a16955.webp,https://minnano-toreka.com/wp-content/uploads/2026/07/261-SM-P_pcg-a16955-215x300.webp
https://minnano-toreka.com/wp-content/uploads/2026/07/257-XY-P_pcg-a16965.webp,https://minnano-toreka.com/wp-content/uploads/2026/07/257-XY-P_pcg-a16965-215x300.webp
https://minnano-toreka.com/wp-content/uploads/2026/07/256-XY-P_pcg-a16968.webp,https://minnano-toreka.com/wp-content/uploads/2026/07/256-XY-P_pcg-a16968-215x300.webp
https://minnano-toreka.com/wp-content/uploads/2026/07/248-SM-P_pcg-a16992.webp,https://minnano-toreka.com/wp-content/uploads/2026/07/248-SM-P_pcg-a16992-215x300.webp
https://minnano-toreka.com/wp-content/uploads/2026/07/246-XY-P_pcg-a16996.webp,https://minnano-toreka.com/wp-content/uploads/2026/07/246-XY-P_pcg-a16996-215x300.webp
https://minnano-toreka.com/wp-content/uploads/2026/07/245-S-P_pcg-a16999.webp,https://minnano-toreka.com/wp-content/uploads/2026/07/245-S-P_pcg-a16999-215x300.webp
https://minnano-toreka.com/wp-content/uploads/2026/07/243-XY-P_pcg-a17004.webp,https://minnano-toreka.com/wp-content/uploads/2026/07/243-XY-P_pcg-a17004-215x300.webp
https://minnano-toreka.com/wp-content/uploads/2026/07/243-S-P_pcg-a17005.webp,https://minnano-toreka.com/wp-content/uploads/2026/07/243-S-P_pcg-a17005-215x300.webp
https://minnano-toreka.com/wp-content/uploads/2026/07/232-XY-P_pcg-a17035.webp,https://minnano-toreka.com/wp-content/uploads/2026/07/232-XY-P_pcg-a17035-215x300.webp
https://minnano-toreka.com/wp-content/uploads/2026/07/231-XY-P_pcg-a17039.webp,https://minnano-toreka.com/wp-content/uploads/2026/07/231-XY-P_pcg-a17039-215x300.webp
https://minnano-toreka.com/wp-content/uploads/2026/07/230-XY-P_pcg-a17043.webp,https://minnano-toreka.com/wp-content/uploads/2026/07/230-XY-P_pcg-a17043-215x300.webp
https://minnano-toreka.com/wp-content/uploads/2026/07/230-S-P_pcg-a17044.webp,https://minnano-toreka.com/wp-content/uploads/2026/07/230-S-P_pcg-a17044-215x300.webp
https://minnano-toreka.com/wp-content/uploads/2026/07/230-BW-P_pcg-a17046.webp,https://minnano-toreka.com/wp-content/uploads/2026/07/230-BW-P_pcg-a17046-216x300.webp
https://minnano-toreka.com/wp-content/uploads/2026/07/224-XY-P_pcg-a17066.webp,https://minnano-toreka.com/wp-content/uploads/2026/07/224-XY-P_pcg-a17066-215x300.webp
https://minnano-toreka.com/wp-content/uploads/2026/07/221-XY-P_pcg-a17077.webp,https://minnano-toreka.com/wp-content/uploads/2026/07/221-XY-P_pcg-a17077-215x300.webp
https://minnano-toreka.com/wp-content/uploads/2026/07/220-SM-P_pcg-a17083.webp,https://minnano-toreka.com/wp-content/uploads/2026/07/220-SM-P_pcg-a17083-215x300.webp
https://minnano-toreka.com/wp-content/uploads/2026/07/218-XY-P_pcg-a17089.webp,https://minnano-toreka.com/wp-content/uploads/2026/07/218-XY-P_pcg-a17089-215x300.webp
https://minnano-toreka.com/wp-content/uploads/2026/07/218-BW-P_pcg-a17092.webp,https://minnano-toreka.com/wp-content/uploads/2026/07/218-BW-P_pcg-a17092-216x300.webp
https://minnano-toreka.com/wp-content/uploads/2026/07/216-XY-P_pcg-a17097.webp,https://minnano-toreka.com/wp-content/uploads/2026/07/216-XY-P_pcg-a17097-300x215.webp
https://minnano-toreka.com/wp-content/uploads/2026/07/215-XY-P_pcg-a17101.webp,https://minnano-toreka.com/wp-content/uploads/2026/07/215-XY-P_pcg-a17101-215x300.webp
https://minnano-toreka.com/wp-content/uploads/2026/07/211-SM-P_pcg-a17119.webp,https://minnano-toreka.com/wp-content/uploads/2026/07/211-SM-P_pcg-a17119-215x300.webp
https://minnano-toreka.com/wp-content/uploads/2026/07/210-SM-P_pcg-a17123.webp,https://minnano-toreka.com/wp-content/uploads/2026/07/210-SM-P_pcg-a17123-215x300.webp
https://minnano-toreka.com/wp-content/uploads/2026/07/208-XY-P_pcg-a17129.webp,https://minnano-toreka.com/wp-content/uploads/2026/07/208-XY-P_pcg-a17129-215x300.webp
https://minnano-toreka.com/wp-content/uploads/2026/07/207-XY-P_pcg-a17133.webp,https://minnano-toreka.com/wp-content/uploads/2026/07/207-XY-P_pcg-a17133-215x300.webp
https://minnano-toreka.com/wp-content/uploads/2026/07/204-XY-P_pcg-a17142.webp,https://minnano-toreka.com/wp-content/uploads/2026/07/204-XY-P_pcg-a17142-215x300.webp
https://minnano-toreka.com/wp-content/uploads/2026/07/203-XY-P_pcg-a17145.webp,https://minnano-toreka.com/wp-content/uploads/2026/07/203-XY-P_pcg-a17145-215x300.webp
https://minnano-toreka.com/wp-content/uploads/2026/07/197-SM-P_pcg-a17164.webp,https://minnano-toreka.com/wp-content/uploads/2026/07/197-SM-P_pcg-a17164-215x300.webp
https://minnano-toreka.com/wp-content/uploads/2026/07/193-XY-P_pcg-a17174.webp,https://minnano-toreka.com/wp-content/uploads/2026/07/193-XY-P_pcg-a17174-215x300.webp
https://minnano-toreka.com/wp-content/uploads/2026/07/192-SM-P_pcg-a17179.webp,https://minnano-toreka.com/wp-content/uploads/2026/07/192-SM-P_pcg-a17179-215x300.webp
https://minnano-toreka.com/wp-content/uploads/2026/07/188-BW-P_pcg-a17193.webp,https://minnano-toreka.com/wp-content/uploads/2026/07/188-BW-P_pcg-a17193-216x300.webp
https://minnano-toreka.com/wp-content/uploads/2026/07/187-S-P_pcg-a17195.webp,https://minnano-toreka.com/wp-content/uploads/2026/07/187-S-P_pcg-a17195-215x300.webp
https://minnano-toreka.com/wp-content/uploads/2026/07/187-BW-P_pcg-a17197.webp,https://minnano-toreka.com/wp-content/uploads/2026/07/187-BW-P_pcg-a17197-216x300.webp
https://minnano-toreka.com/wp-content/uploads/2026/07/186-XY-P_pcg-a17198.webp,https://minnano-toreka.com/wp-content/uploads/2026/07/186-XY-P_pcg-a17198-215x300.webp
https://minnano-toreka.com/wp-content/uploads/2026/07/186-S-P_pcg-a17199.webp,https://minnano-toreka.com/wp-content/uploads/2026/07/186-S-P_pcg-a17199-215x300.webp
https://minnano-toreka.com/wp-content/uploads/2026/07/185-XY-P_pcg-a17202.webp,https://minnano-toreka.com/wp-content/uploads/2026/07/185-XY-P_pcg-a17202-215x300.webp
https://minnano-toreka.com/wp-content/uploads/2026/07/182-BW-P_pcg-a17215.webp,https://minnano-toreka.com/wp-content/uploads/2026/07/182-BW-P_pcg-a17215-216x300.webp
https://minnano-toreka.com/wp-content/uploads/2026/07/175-BW-P_pcg-a17243.webp,https://minnano-toreka.com/wp-content/uploads/2026/07/175-BW-P_pcg-a17243-216x300.webp
https://minnano-toreka.com/wp-content/uploads/2026/07/158-XY-P_pcg-a17301.webp,https://minnano-toreka.com/wp-content/uploads/2026/07/158-XY-P_pcg-a17301-215x300.webp
https://minnano-toreka.com/wp-content/uploads/2026/07/155-XY-P_pcg-a17312.webp,https://minnano-toreka.com/wp-content/uploads/2026/07/155-XY-P_pcg-a17312-215x300.webp
https://minnano-toreka.com/wp-content/uploads/2026/07/153-XY-P_pcg-a17319.webp,https://minnano-toreka.com/wp-content/uploads/2026/07/153-XY-P_pcg-a17319-215x300.webp
https://minnano-toreka.com/wp-content/uploads/2026/07/153-SM-P_pcg-a17321.webp,https://minnano-toreka.com/wp-content/uploads/2026/07/153-SM-P_pcg-a17321-215x300.webp
https://minnano-toreka.com/wp-content/uploads/2026/07/153-BW-P_pcg-a17322.webp,https://minnano-toreka.com/wp-content/uploads/2026/07/153-BW-P_pcg-a17322-150x150.webp
https://minnano-toreka.com/wp-content/uploads/2026/07/152-XY-P_pcg-a17323.webp,https://minnano-toreka.com/wp-content/uploads/2026/07/152-XY-P_pcg-a17323-215x300.webp
https://minnano-toreka.com/wp-content/uploads/2026/07/152-SM-P_pcg-a17326.webp,https://minnano-toreka.com/wp-content/uploads/2026/07/152-SM-P_pcg-a17326-215x300.webp
https://minnano-toreka.com/wp-content/uploads/2026/07/151-XY-P_pcg-a17327.webp,https://minnano-toreka.com/wp-content/uploads/2026/07/151-XY-P_pcg-a17327-215x300.webp
https://minnano-toreka.com/wp-content/uploads/2026/07/150-XY-P_pcg-a17332.webp,https://minnano-toreka.com/wp-content/uploads/2026/07/150-XY-P_pcg-a17332-215x300.webp
https://minnano-toreka.com/wp-content/uploads/2026/07/147-SM-P_pcg-a17346.webp,https://minnano-toreka.com/wp-content/uploads/2026/07/147-SM-P_pcg-a17346-215x300.webp
https://minnano-toreka.com/wp-content/uploads/2026/07/146-S-P_pcg-a17349.webp,https://minnano-toreka.com/wp-content/uploads/2026/07/146-S-P_pcg-a17349-215x300.webp
https://minnano-toreka.com/wp-content/uploads/2026/07/144-BW-P_pcg-a17357.webp,https://minnano-toreka.com/wp-content/uploads/2026/07/144-BW-P_pcg-a17357-216x300.webp
https://minnano-toreka.com/wp-content/uploads/2026/07/141-XY-P_pcg-a17367.webp,https://minnano-toreka.com/wp-content/uploads/2026/07/141-XY-P_pcg-a17367-215x300.webp
https://minnano-toreka.com/wp-content/uploads/2026/07/141-SM-P_pcg-a17370.webp,https://minnano-toreka.com/wp-content/uploads/2026/07/141-SM-P_pcg-a17370-215x300.webp
https://minnano-toreka.com/wp-content/uploads/2026/07/140-XY-P_pcg-a17372.webp,https://minnano-toreka.com/wp-content/uploads/2026/07/140-XY-P_pcg-a17372-215x300.webp
https://minnano-toreka.com/wp-content/uploads/2026/07/139-XY-P_pcg-a17377.webp,https://minnano-toreka.com/wp-content/uploads/2026/07/139-XY-P_pcg-a17377-215x300.webp
https://minnano-toreka.com/wp-content/uploads/2026/07/139-S-P_pcg-a17379.webp,https://minnano-toreka.com/wp-content/uploads/2026/07/139-S-P_pcg-a17379-215x300.webp
https://minnano-toreka.com/wp-content/uploads/2026/07/138-SM-P_pcg-a17385.webp,https://minnano-toreka.com/wp-content/uploads/2026/07/138-SM-P_pcg-a17385-215x300.webp
https://minnano-toreka.com/wp-content/uploads/2026/07/136-SV-P_pcg-a17393.webp,https://minnano-toreka.com/wp-content/uploads/2026/07/136-SV-P_pcg-a17393-215x300.webp
https://minnano-toreka.com/wp-content/uploads/2026/07/136-S-P_pcg-a17394.webp,https://minnano-toreka.com/wp-content/uploads/2026/07/136-S-P_pcg-a17394-215x300.webp
https://minnano-toreka.com/wp-content/uploads/2026/07/135-S-P_pcg-a17399.webp,https://minnano-toreka.com/wp-content/uploads/2026/07/135-S-P_pcg-a17399-215x300.webp
https://minnano-toreka.com/wp-content/uploads/2026/07/133-XY-P_pcg-a17406.webp,https://minnano-toreka.com/wp-content/uploads/2026/07/133-XY-P_pcg-a17406-215x300.webp
https://minnano-toreka.com/wp-content/uploads/2026/07/129-BW-P_pcg-a17429.webp,https://minnano-toreka.com/wp-content/uploads/2026/07/129-BW-P_pcg-a17429-216x300.webp
https://minnano-toreka.com/wp-content/uploads/2026/07/127-S-P_pcg-a17434.webp,https://minnano-toreka.com/wp-content/uploads/2026/07/127-S-P_pcg-a17434-215x300.webp
https://minnano-toreka.com/wp-content/uploads/2026/07/125-XY-P_pcg-a17442.webp,https://minnano-toreka.com/wp-content/uploads/2026/07/125-XY-P_pcg-a17442-215x300.webp
https://minnano-toreka.com/wp-content/uploads/2026/07/123-XY-P_pcg-a17452.webp,https://minnano-toreka.com/wp-content/uploads/2026/07/123-XY-P_pcg-a17452-215x300.webp
https://minnano-toreka.com/wp-content/uploads/2026/07/122-XY-P_pcg-a17457.webp,https://minnano-toreka.com/wp-content/uploads/2026/07/122-XY-P_pcg-a17457-215x300.webp
https://minnano-toreka.com/wp-content/uploads/2026/07/121-XY-P_pcg-a17462.webp,https://minnano-toreka.com/wp-content/uploads/2026/07/121-XY-P_pcg-a17462-215x300.webp
https://minnano-toreka.com/wp-content/uploads/2026/07/119-S-P_pcg-a17473.webp,https://minnano-toreka.com/wp-content/uploads/2026/07/119-S-P_pcg-a17473-215x300.webp
https://minnano-toreka.com/wp-content/uploads/2026/07/108-XY-P_pcg-a17520.webp,https://minnano-toreka.com/wp-content/uploads/2026/07/108-XY-P_pcg-a17520-215x300.webp
https://minnano-toreka.com/wp-content/uploads/2026/07/108-S-P_pcg-a17521.webp,https://minnano-toreka.com/wp-content/uploads/2026/07/108-S-P_pcg-a17521-215x300.webp
https://minnano-toreka.com/wp-content/uploads/2026/07/104-XY-P_pcg-a17539.webp,https://minnano-toreka.com/wp-content/uploads/2026/07/104-XY-P_pcg-a17539-215x300.webp
https://minnano-toreka.com/wp-content/uploads/2026/07/103-XY-P_pcg-a17544.webp,https://minnano-toreka.com/wp-content/uploads/2026/07/103-XY-P_pcg-a17544-215x300.webp
https://minnano-toreka.com/wp-content/uploads/2026/07/100-XY-P_pcg-a17559.webp,https://minnano-toreka.com/wp-content/uploads/2026/07/100-XY-P_pcg-a17559-215x300.webp
https://minnano-toreka.com/wp-content/uploads/2026/07/098-XY-P_pcg-a17567.webp,https://minnano-toreka.com/wp-content/uploads/2026/07/098-XY-P_pcg-a17567-215x300.webp
https://minnano-toreka.com/wp-content/uploads/2026/07/097-XY-P_pcg-a17571.webp,https://minnano-toreka.com/wp-content/uploads/2026/07/097-XY-P_pcg-a17571-215x300.webp
https://minnano-toreka.com/wp-content/uploads/2026/07/096-XY-P_pcg-a17575.webp,https://minnano-toreka.com/wp-content/uploads/2026/07/096-XY-P_pcg-a17575-215x300.webp
https://minnano-toreka.com/wp-content/uploads/2026/07/095-XY-P_pcg-a17579.webp,https://minnano-toreka.com/wp-content/uploads/2026/07/095-XY-P_pcg-a17579-215x300.webp
https://minnano-toreka.com/wp-content/uploads/2026/07/095-SV-P_pcg-a17580.webp,https://minnano-toreka.com/wp-content/uploads/2026/07/095-SV-P_pcg-a17580-215x300.webp
https://minnano-toreka.com/wp-content/uploads/2026/07/094-XY-P_pcg-a17584.webp,https://minnano-toreka.com/wp-content/uploads/2026/07/094-XY-P_pcg-a17584-215x300.webp
https://minnano-toreka.com/wp-content/uploads/2026/07/091-XY-P_pcg-a17599.webp,https://minnano-toreka.com/wp-content/uploads/2026/07/091-XY-P_pcg-a17599-215x300.webp
https://minnano-toreka.com/wp-content/uploads/2026/07/088-SM-P_pcg-a17616.webp,https://minnano-toreka.com/wp-content/uploads/2026/07/088-SM-P_pcg-a17616-215x300.webp
https://minnano-toreka.com/wp-content/uploads/2026/07/085-SM-P_pcg-a17628.webp,https://minnano-toreka.com/wp-content/uploads/2026/07/085-SM-P_pcg-a17628-215x300.webp
https://minnano-toreka.com/wp-content/uploads/2026/07/083-SM-P_pcg-a17633.webp,https://minnano-toreka.com/wp-content/uploads/2026/07/083-SM-P_pcg-a17633-215x300.webp
https://minnano-toreka.com/wp-content/uploads/2026/07/082-BW-P_pcg-a17638.webp,https://minnano-toreka.com/wp-content/uploads/2026/07/082-BW-P_pcg-a17638-216x300.webp
https://minnano-toreka.com/wp-content/uploads/2026/07/081-SM-P_pcg-a17641.webp,https://minnano-toreka.com/wp-content/uploads/2026/07/081-SM-P_pcg-a17641-215x300.webp
https://minnano-toreka.com/wp-content/uploads/2026/07/077-XY-P_pcg-a17655.webp,https://minnano-toreka.com/wp-content/uploads/2026/07/077-XY-P_pcg-a17655-215x300.webp
https://minnano-toreka.com/wp-content/uploads/2026/07/067-SM-P_pcg-a17698.webp,https://minnano-toreka.com/wp-content/uploads/2026/07/067-SM-P_pcg-a17698-215x300.webp
https://minnano-toreka.com/wp-content/uploads/2026/07/066-SM-P_pcg-a17703.webp,https://minnano-toreka.com/wp-content/uploads/2026/07/066-SM-P_pcg-a17703-215x300.webp
https://minnano-toreka.com/wp-content/uploads/2026/07/065-SM-P_pcg-a17708.webp,https://minnano-toreka.com/wp-content/uploads/2026/07/065-SM-P_pcg-a17708-215x300.webp
https://minnano-toreka.com/wp-content/uploads/2026/07/056-XY-P_pcg-a17751.webp,https://minnano-toreka.com/wp-content/uploads/2026/07/056-XY-P_pcg-a17751-215x300.webp
https://minnano-toreka.com/wp-content/uploads/2026/07/054-XY-P_pcg-a17761.webp,https://minnano-toreka.com/wp-content/uploads/2026/07/054-XY-P_pcg-a17761-215x300.webp
https://minnano-toreka.com/wp-content/uploads/2026/07/053-SM-P_pcg-a17769.webp,https://minnano-toreka.com/wp-content/uploads/2026/07/053-SM-P_pcg-a17769-215x300.webp
https://minnano-toreka.com/wp-content/uploads/2026/07/052-SM-P_pcg-a17774.webp,https://minnano-toreka.com/wp-content/uploads/2026/07/052-SM-P_pcg-a17774-215x300.webp
https://minnano-toreka.com/wp-content/uploads/2026/07/051-XY-P_pcg-a17776.webp,https://minnano-toreka.com/wp-content/uploads/2026/07/051-XY-P_pcg-a17776-215x300.webp
https://minnano-toreka.com/wp-content/uploads/2026/07/038-SM-P_pcg-a17844.webp,https://minnano-toreka.com/wp-content/uploads/2026/07/038-SM-P_pcg-a17844-215x300.webp
https://minnano-toreka.com/wp-content/uploads/2026/07/037-SM-P_pcg-a17849.webp,https://minnano-toreka.com/wp-content/uploads/2026/07/037-SM-P_pcg-a17849-215x300.webp
https://minnano-toreka.com/wp-content/uploads/2026/07/036-S-P_pcg-a17853.webp,https://minnano-toreka.com/wp-content/uploads/2026/07/036-S-P_pcg-a17853-215x300.webp
https://minnano-toreka.com/wp-content/uploads/2026/07/035-XY-P_pcg-a17856.webp,https://minnano-toreka.com/wp-content/uploads/2026/07/035-XY-P_pcg-a17856-215x300.webp
https://minnano-toreka.com/wp-content/uploads/2026/07/031-S-P_pcg-a17874.webp,https://minnano-toreka.com/wp-content/uploads/2026/07/031-S-P_pcg-a17874-215x300.webp
https://minnano-toreka.com/wp-content/uploads/2026/07/029-S-P_pcg-a17882.webp,https://minnano-toreka.com/wp-content/uploads/2026/07/029-S-P_pcg-a17882-215x300.webp
https://minnano-toreka.com/wp-content/uploads/2026/07/023-BW-P_pcg-a17918.webp,https://minnano-toreka.com/wp-content/uploads/2026/07/023-BW-P_pcg-a17918-216x300.webp
https://minnano-toreka.com/wp-content/uploads/2026/07/020-BW-P_pcg-a17934.webp,https://minnano-toreka.com/wp-content/uploads/2026/07/020-BW-P_pcg-a17934-216x300.webp
https://minnano-toreka.com/wp-content/uploads/2026/07/013-SM-P_pcg-a17972.webp,https://minnano-toreka.com/wp-content/uploads/2026/07/013-SM-P_pcg-a17972-215x300.webp
https://minnano-toreka.com/wp-content/uploads/2026/07/406-SM-P_pcg-a18016.webp,https://minnano-toreka.com/wp-content/uploads/2026/07/406-SM-P_pcg-a18016-215x300.webp
https://minnano-toreka.com/wp-content/uploads/2026/07/398-SM-P_pcg-a18017.webp,https://minnano-toreka.com/wp-content/uploads/2026/07/398-SM-P_pcg-a18017-215x300.webp
https://minnano-toreka.com/wp-content/uploads/2026/07/298-XY-P_pcg-a18050.webp,https://minnano-toreka.com/wp-content/uploads/2026/07/298-XY-P_pcg-a18050-215x300.webp
https://minnano-toreka.com/wp-content/uploads/2026/07/254-S-P_pcg-a18054.webp,https://minnano-toreka.com/wp-content/uploads/2026/07/254-S-P_pcg-a18054-215x300.webp
https://minnano-toreka.com/wp-content/uploads/2026/07/185-BW-P_pcg-a18063.webp,https://minnano-toreka.com/wp-content/uploads/2026/07/185-BW-P_pcg-a18063-216x300.webp
https://minnano-toreka.com/wp-content/uploads/2026/07/083-064_pcg-a20777.webp,https://minnano-toreka.com/wp-content/uploads/2026/07/083-064_pcg-a20777-215x300.webp
https://minnano-toreka.com/wp-content/uploads/2026/07/081-064_pcg-a20779.webp,https://minnano-toreka.com/wp-content/uploads/2026/07/081-064_pcg-a20779-215x300.webp
https://minnano-toreka.com/wp-content/uploads/2026/07/195-187_pcg-a23014.webp,https://minnano-toreka.com/wp-content/uploads/2026/07/195-187_pcg-a23014-215x300.webp
https://minnano-toreka.com/wp-content/uploads/2026/07/217-187_pcg-a23065.webp,https://minnano-toreka.com/wp-content/uploads/2026/07/217-187_pcg-a23065-215x300.webp
https://minnano-toreka.com/wp-content/uploads/2026/07/092-187_pcg-a23076.webp,https://minnano-toreka.com/wp-content/uploads/2026/07/092-187_pcg-a23076-215x300.webp
https://minnano-toreka.com/wp-content/uploads/2026/07/122-187_pcg-a23077.webp,https://minnano-toreka.com/wp-content/uploads/2026/07/122-187_pcg-a23077-215x300.webp
https://minnano-toreka.com/wp-content/uploads/2026/07/116-187_pcg-a23081.webp,https://minnano-toreka.com/wp-content/uploads/2026/07/116-187_pcg-a23081-215x300.webp
https://minnano-toreka.com/wp-content/uploads/2026/07/115-187_pcg-a23082.webp,https://minnano-toreka.com/wp-content/uploads/2026/07/115-187_pcg-a23082-215x300.webp
https://minnano-toreka.com/wp-content/uploads/2026/07/114-187_pcg-a23083.webp,https://minnano-toreka.com/wp-content/uploads/2026/07/114-187_pcg-a23083-215x300.webp
https://minnano-toreka.com/wp-content/uploads/2026/07/112-187_pcg-a23085.webp,https://minnano-toreka.com/wp-content/uploads/2026/07/112-187_pcg-a23085-215x300.webp
https://minnano-toreka.com/wp-content/uploads/2026/07/110-187_pcg-a23087.webp,https://minnano-toreka.com/wp-content/uploads/2026/07/110-187_pcg-a23087-215x300.webp
https://minnano-toreka.com/wp-content/uploads/2026/07/109-187_pcg-a23088.webp,https://minnano-toreka.com/wp-content/uploads/2026/07/109-187_pcg-a23088-215x300.webp
https://minnano-toreka.com/wp-content/uploads/2026/07/107-187_pcg-a23090.webp,https://minnano-toreka.com/wp-content/uploads/2026/07/107-187_pcg-a23090-215x300.webp
https://minnano-toreka.com/wp-content/uploads/2026/07/106-187_pcg-a23091.webp,https://minnano-toreka.com/wp-content/uploads/2026/07/106-187_pcg-a23091-215x300.webp
https://minnano-toreka.com/wp-content/uploads/2026/07/100-187_pcg-a23092.webp,https://minnano-toreka.com/wp-content/uploads/2026/07/100-187_pcg-a23092-215x300.webp
https://minnano-toreka.com/wp-content/uploads/2026/07/092-187_pcg-a23099.webp,https://minnano-toreka.com/wp-content/uploads/2026/07/092-187_pcg-a23099-215x300.webp
https://minnano-toreka.com/wp-content/uploads/2026/07/089-187_pcg-a23101.webp,https://minnano-toreka.com/wp-content/uploads/2026/07/089-187_pcg-a23101-215x300.webp
https://minnano-toreka.com/wp-content/uploads/2026/07/085-187_pcg-a23104.webp,https://minnano-toreka.com/wp-content/uploads/2026/07/085-187_pcg-a23104-215x300.webp
https://minnano-toreka.com/wp-content/uploads/2026/07/084-187_pcg-a23105.webp,https://minnano-toreka.com/wp-content/uploads/2026/07/084-187_pcg-a23105-215x300.webp
https://minnano-toreka.com/wp-content/uploads/2026/07/082-187_pcg-a23107.webp,https://minnano-toreka.com/wp-content/uploads/2026/07/082-187_pcg-a23107-215x300.webp
https://minnano-toreka.com/wp-content/uploads/2026/07/081-187_pcg-a23108.webp,https://minnano-toreka.com/wp-content/uploads/2026/07/081-187_pcg-a23108-215x300.webp
https://minnano-toreka.com/wp-content/uploads/2026/07/079-187_pcg-a23110.webp,https://minnano-toreka.com/wp-content/uploads/2026/07/079-187_pcg-a23110-215x300.webp
https://minnano-toreka.com/wp-content/uploads/2026/07/077-187_pcg-a23111.webp,https://minnano-toreka.com/wp-content/uploads/2026/07/077-187_pcg-a23111-215x300.webp
https://minnano-toreka.com/wp-content/uploads/2026/07/072-187_pcg-a23115.webp,https://minnano-toreka.com/wp-content/uploads/2026/07/072-187_pcg-a23115-215x300.webp
https://minnano-toreka.com/wp-content/uploads/2026/07/068-187_pcg-a23118.webp,https://minnano-toreka.com/wp-content/uploads/2026/07/068-187_pcg-a23118-215x300.webp
https://minnano-toreka.com/wp-content/uploads/2026/07/067-187_pcg-a23119.webp,https://minnano-toreka.com/wp-content/uploads/2026/07/067-187_pcg-a23119-215x300.webp
https://minnano-toreka.com/wp-content/uploads/2026/07/061-187_pcg-a23124.webp,https://minnano-toreka.com/wp-content/uploads/2026/07/061-187_pcg-a23124-215x300.webp
https://minnano-toreka.com/wp-content/uploads/2026/07/060-187_pcg-a23125.webp,https://minnano-toreka.com/wp-content/uploads/2026/07/060-187_pcg-a23125-215x300.webp
https://minnano-toreka.com/wp-content/uploads/2026/07/058-187_pcg-a23126.webp,https://minnano-toreka.com/wp-content/uploads/2026/07/058-187_pcg-a23126-215x300.webp
https://minnano-toreka.com/wp-content/uploads/2026/07/057-187_pcg-a23127.webp,https://minnano-toreka.com/wp-content/uploads/2026/07/057-187_pcg-a23127-215x300.webp
https://minnano-toreka.com/wp-content/uploads/2026/07/048-187_pcg-a23131.webp,https://minnano-toreka.com/wp-content/uploads/2026/07/048-187_pcg-a23131-215x300.webp
https://minnano-toreka.com/wp-content/uploads/2026/07/044-187_pcg-a23134.webp,https://minnano-toreka.com/wp-content/uploads/2026/07/044-187_pcg-a23134-215x300.webp
https://minnano-toreka.com/wp-content/uploads/2026/07/034-187_pcg-a23142.webp,https://minnano-toreka.com/wp-content/uploads/2026/07/034-187_pcg-a23142-215x300.webp
https://minnano-toreka.com/wp-content/uploads/2026/07/033-187_pcg-a23143.webp,https://minnano-toreka.com/wp-content/uploads/2026/07/033-187_pcg-a23143-215x300.webp
https://minnano-toreka.com/wp-content/uploads/2026/07/032-187_pcg-a23144.webp,https://minnano-toreka.com/wp-content/uploads/2026/07/032-187_pcg-a23144-215x300.webp
https://minnano-toreka.com/wp-content/uploads/2026/07/029-187_pcg-a23146.webp,https://minnano-toreka.com/wp-content/uploads/2026/07/029-187_pcg-a23146-215x300.webp
https://minnano-toreka.com/wp-content/uploads/2026/07/028-187_pcg-a23147.webp,https://minnano-toreka.com/wp-content/uploads/2026/07/028-187_pcg-a23147-215x300.webp
https://minnano-toreka.com/wp-content/uploads/2026/07/025-187_pcg-a23148.webp,https://minnano-toreka.com/wp-content/uploads/2026/07/025-187_pcg-a23148-215x300.webp
https://minnano-toreka.com/wp-content/uploads/2026/07/024-187_pcg-a23149.webp,https://minnano-toreka.com/wp-content/uploads/2026/07/024-187_pcg-a23149-215x300.webp
https://minnano-toreka.com/wp-content/uploads/2026/07/018-187_pcg-a23152.webp,https://minnano-toreka.com/wp-content/uploads/2026/07/018-187_pcg-a23152-215x300.webp
https://minnano-toreka.com/wp-content/uploads/2026/07/015-187_pcg-a23154.webp,https://minnano-toreka.com/wp-content/uploads/2026/07/015-187_pcg-a23154-215x300.webp
https://minnano-toreka.com/wp-content/uploads/2026/07/014-187_pcg-a23155.webp,https://minnano-toreka.com/wp-content/uploads/2026/07/014-187_pcg-a23155-215x300.webp
https://minnano-toreka.com/wp-content/uploads/2026/07/013-187_pcg-a23156.webp,https://minnano-toreka.com/wp-content/uploads/2026/07/013-187_pcg-a23156-215x300.webp
https://minnano-toreka.com/wp-content/uploads/2026/07/012-187_pcg-a23157.webp,https://minnano-toreka.com/wp-content/uploads/2026/07/012-187_pcg-a23157-215x300.webp
https://minnano-toreka.com/wp-content/uploads/2026/07/011-187_pcg-a23158.webp,https://minnano-toreka.com/wp-content/uploads/2026/07/011-187_pcg-a23158-215x300.webp
https://minnano-toreka.com/wp-content/uploads/2026/07/007-187_pcg-a23161.webp,https://minnano-toreka.com/wp-content/uploads/2026/07/007-187_pcg-a23161-215x300.webp
https://minnano-toreka.com/wp-content/uploads/2026/07/006-187_pcg-a23162.webp,https://minnano-toreka.com/wp-content/uploads/2026/07/006-187_pcg-a23162-215x300.webp
https://minnano-toreka.com/wp-content/uploads/2026/07/005-187_pcg-a23163.webp,https://minnano-toreka.com/wp-content/uploads/2026/07/005-187_pcg-a23163-215x300.webp
https://minnano-toreka.com/wp-content/uploads/2026/07/001-187_pcg-a23166.webp,https://minnano-toreka.com/wp-content/uploads/2026/07/001-187_pcg-a23166-215x300.webp
https://minnano-toreka.com/wp-content/uploads/2026/07/100-187_pcg-a23191.webp,https://minnano-toreka.com/wp-content/uploads/2026/07/100-187_pcg-a23191-215x300.webp
https://minnano-toreka.com/wp-content/uploads/2026/07/092-187_pcg-a23198.webp,https://minnano-toreka.com/wp-content/uploads/2026/07/092-187_pcg-a23198-215x300.webp
https://minnano-toreka.com/wp-content/uploads/2026/07/068-187_pcg-a23217.webp,https://minnano-toreka.com/wp-content/uploads/2026/07/068-187_pcg-a23217-215x300.webp
https://minnano-toreka.com/wp-content/uploads/2026/07/001-187_pcg-a23266.webp,https://minnano-toreka.com/wp-content/uploads/2026/07/001-187_pcg-a23266-215x300.webp
https://minnano-toreka.com/wp-content/uploads/2026/07/133-187_pcg-a23268.webp,https://minnano-toreka.com/wp-content/uploads/2026/07/133-187_pcg-a23268-215x300.webp
https://minnano-toreka.com/wp-content/uploads/2026/07/160-187_pcg-a23351.webp,https://minnano-toreka.com/wp-content/uploads/2026/07/160-187_pcg-a23351-215x300.webp
https://minnano-toreka.com/wp-content/uploads/2026/07/157-187_pcg-a23353.webp,https://minnano-toreka.com/wp-content/uploads/2026/07/157-187_pcg-a23353-215x300.webp
https://minnano-toreka.com/wp-content/uploads/2026/07/145-187_pcg-a23359.webp,https://minnano-toreka.com/wp-content/uploads/2026/07/145-187_pcg-a23359-215x300.webp
https://minnano-toreka.com/wp-content/uploads/2026/07/139-187_pcg-a23363.webp,https://minnano-toreka.com/wp-content/uploads/2026/07/139-187_pcg-a23363-215x300.webp
https://minnano-toreka.com/wp-content/uploads/2026/07/092-063_pcg-a23580.webp,https://minnano-toreka.com/wp-content/uploads/2026/07/092-063_pcg-a23580-215x300.webp
https://minnano-toreka.com/wp-content/uploads/2026/07/199-SV-P_pcg-a23616.webp,https://minnano-toreka.com/wp-content/uploads/2026/07/199-SV-P_pcg-a23616-215x300.webp
https://minnano-toreka.com/wp-content/uploads/2026/07/132-100_pcg-a23746.webp,https://minnano-toreka.com/wp-content/uploads/2026/07/132-100_pcg-a23746-215x300.webp
https://minnano-toreka.com/wp-content/uploads/2026/07/076-086_pcg-a23963.webp,https://minnano-toreka.com/wp-content/uploads/2026/07/076-086_pcg-a23963-215x300.webp
https://minnano-toreka.com/wp-content/uploads/2026/07/038-086_pcg-a23998.webp,https://minnano-toreka.com/wp-content/uploads/2026/07/038-086_pcg-a23998-215x300.webp
https://minnano-toreka.com/wp-content/uploads/2026/07/064-086_pcg-a24102.webp,https://minnano-toreka.com/wp-content/uploads/2026/07/064-086_pcg-a24102-215x300.webp
https://minnano-toreka.com/wp-content/uploads/2026/07/061-086_pcg-a24104.webp,https://minnano-toreka.com/wp-content/uploads/2026/07/061-086_pcg-a24104-215x300.webp
https://minnano-toreka.com/wp-content/uploads/2026/07/021-086_pcg-a24142.webp,https://minnano-toreka.com/wp-content/uploads/2026/07/021-086_pcg-a24142-215x300.webp
https://minnano-toreka.com/wp-content/uploads/2026/07/018-086_pcg-a24145.webp,https://minnano-toreka.com/wp-content/uploads/2026/07/018-086_pcg-a24145-215x300.webp
https://minnano-toreka.com/wp-content/uploads/2026/07/271-SV-P_pcg-a24359.webp,https://minnano-toreka.com/wp-content/uploads/2026/07/271-SV-P_pcg-a24359-215x300.webp
https://minnano-toreka.com/wp-content/uploads/2026/07/048-DP-P_pcg-a25673.webp,https://minnano-toreka.com/wp-content/uploads/2026/07/048-DP-P_pcg-a25673-150x150.webp
https://minnano-toreka.com/wp-content/uploads/2026/07/231-193_pcg-a25711.webp,https://minnano-toreka.com/wp-content/uploads/2026/07/231-193_pcg-a25711-215x300.webp
https://minnano-toreka.com/wp-content/uploads/2026/07/205-193_pcg-a25714.webp,https://minnano-toreka.com/wp-content/uploads/2026/07/205-193_pcg-a25714-215x300.webp
https://minnano-toreka.com/wp-content/uploads/2026/07/288-SV-P_pcg-a25961.webp,https://minnano-toreka.com/wp-content/uploads/2026/07/288-SV-P_pcg-a25961-215x300.webp
https://minnano-toreka.com/wp-content/uploads/2026/07/ex-a1.png,https://minnano-toreka.com/wp-content/uploads/2026/07/ex-a1-212x300.png
https://minnano-toreka.com/wp-content/uploads/2026/07/1-a0-1.png,https://minnano-toreka.com/wp-content/uploads/2026/07/1-a0-1-150x300.png
https://minnano-toreka.com/wp-content/uploads/2026/07/025-165-SV2a-025-165-a3.jpg,https://minnano-toreka.com/wp-content/uploads/2026/07/025-165-SV2a-025-165-a3-217x300.jpg
https://minnano-toreka.com/wp-content/uploads/2026/07/1-a0.png,https://minnano-toreka.com/wp-content/uploads/2026/07/1-a0-149x300.png
https://minnano-toreka.com/wp-content/uploads/2026/07/fbce36fe.png,https://minnano-toreka.com/wp-content/uploads/2026/07/fbce36fe-300x133.png
https://minnano-toreka.com/wp-content/uploads/2026/07/sv-rocketdan-eikou-box-10a077d9.webp,https://minnano-toreka.com/wp-content/uploads/2026/07/sv-rocketdan-eikou-box-10a077d9-300x219.webp
https://minnano-toreka.com/wp-content/uploads/2026/07/kessen-no-toki-OP16-1box.webp,https://minnano-toreka.com/wp-content/uploads/2026/07/kessen-no-toki-OP16-1box-300x300.webp
https://minnano-toreka.com/wp-content/uploads/2026/07/PSA10-LV-27-a1848.webp,https://minnano-toreka.com/wp-content/uploads/2026/07/PSA10-LV-27-a1848-178x300.webp
https://minnano-toreka.com/wp-content/uploads/2026/07/057-050-GX-a6485.webp,https://minnano-toreka.com/wp-content/uploads/2026/07/057-050-GX-a6485-215x300.webp
https://minnano-toreka.com/wp-content/uploads/2026/07/a7131.webp,https://minnano-toreka.com/wp-content/uploads/2026/07/a7131-215x300.webp
https://minnano-toreka.com/wp-content/uploads/2026/07/240630356-a8364.webp,https://minnano-toreka.com/wp-content/uploads/2026/07/240630356-a8364-214x300.webp
https://minnano-toreka.com/wp-content/uploads/2026/07/061-059-M-EX-a8559.webp,https://minnano-toreka.com/wp-content/uploads/2026/07/061-059-M-EX-a8559-215x300.webp
https://minnano-toreka.com/wp-content/uploads/2026/07/063-059-M-EX-a8587.webp,https://minnano-toreka.com/wp-content/uploads/2026/07/063-059-M-EX-a8587-214x300.webp
https://minnano-toreka.com/wp-content/uploads/2026/07/063-059-M-EX-a8588.webp,https://minnano-toreka.com/wp-content/uploads/2026/07/063-059-M-EX-a8588-215x300.webp
https://minnano-toreka.com/wp-content/uploads/2026/07/OP01-120_SEC_10348081.webp,https://minnano-toreka.com/wp-content/uploads/2026/07/OP01-120_SEC_10348081-215x300.webp
https://minnano-toreka.com/wp-content/uploads/2026/07/OP01-121_SEC_10348080.webp,https://minnano-toreka.com/wp-content/uploads/2026/07/OP01-121_SEC_10348080-215x300.webp
https://minnano-toreka.com/wp-content/uploads/2026/07/OP03-044_R_10347812.webp,https://minnano-toreka.com/wp-content/uploads/2026/07/OP03-044_R_10347812-215x300.webp
https://minnano-toreka.com/wp-content/uploads/2026/07/OP06-069_SR_10347809.webp,https://minnano-toreka.com/wp-content/uploads/2026/07/OP06-069_SR_10347809-216x300.webp
https://minnano-toreka.com/wp-content/uploads/2026/07/OP04-118_SEC_10347707.webp,https://minnano-toreka.com/wp-content/uploads/2026/07/OP04-118_SEC_10347707-217x300.webp
https://minnano-toreka.com/wp-content/uploads/2026/07/ST01-008_C_10347706.webp,https://minnano-toreka.com/wp-content/uploads/2026/07/ST01-008_C_10347706-215x300.webp
https://minnano-toreka.com/wp-content/uploads/2026/07/OP01-017_R_10347705.webp,https://minnano-toreka.com/wp-content/uploads/2026/07/OP01-017_R_10347705-217x300.webp
https://minnano-toreka.com/wp-content/uploads/2026/07/OP01-017_R_10347704.webp,https://minnano-toreka.com/wp-content/uploads/2026/07/OP01-017_R_10347704-215x300.webp
https://minnano-toreka.com/wp-content/uploads/2026/07/P-031_P_10347611.webp,https://minnano-toreka.com/wp-content/uploads/2026/07/P-031_P_10347611-214x300.webp
https://minnano-toreka.com/wp-content/uploads/2026/07/none_none_10347573.webp,https://minnano-toreka.com/wp-content/uploads/2026/07/none_none_10347573-215x300.webp
https://minnano-toreka.com/wp-content/uploads/2026/07/OP09-078_R_10347411.webp,https://minnano-toreka.com/wp-content/uploads/2026/07/OP09-078_R_10347411-214x300.webp
https://minnano-toreka.com/wp-content/uploads/2026/07/OP09-061_L_10347407.webp,https://minnano-toreka.com/wp-content/uploads/2026/07/OP09-061_L_10347407-215x300.webp
https://minnano-toreka.com/wp-content/uploads/2026/07/OP11-106_R_10347406.webp,https://minnano-toreka.com/wp-content/uploads/2026/07/OP11-106_R_10347406-215x300.webp
https://minnano-toreka.com/wp-content/uploads/2026/07/OP13-083_R_10347405.webp,https://minnano-toreka.com/wp-content/uploads/2026/07/OP13-083_R_10347405-215x300.webp
https://minnano-toreka.com/wp-content/uploads/2026/07/OP14-112_SP_10347404.webp,https://minnano-toreka.com/wp-content/uploads/2026/07/OP14-112_SP_10347404-215x300.webp
https://minnano-toreka.com/wp-content/uploads/2026/07/EB03-061_SEC_10347403.webp,https://minnano-toreka.com/wp-content/uploads/2026/07/EB03-061_SEC_10347403-212x300.webp
https://minnano-toreka.com/wp-content/uploads/2026/07/EB03-042_SP_10347402.webp,https://minnano-toreka.com/wp-content/uploads/2026/07/EB03-042_SP_10347402-209x300.webp
https://minnano-toreka.com/wp-content/uploads/2026/07/OP01-016_R_10347401.webp,https://minnano-toreka.com/wp-content/uploads/2026/07/OP01-016_R_10347401-215x300.webp
https://minnano-toreka.com/wp-content/uploads/2026/07/OP10-065_R_10347400.webp,https://minnano-toreka.com/wp-content/uploads/2026/07/OP10-065_R_10347400-215x300.webp
https://minnano-toreka.com/wp-content/uploads/2026/07/OP13-084_R_10347398.webp,https://minnano-toreka.com/wp-content/uploads/2026/07/OP13-084_R_10347398-215x300.webp
https://minnano-toreka.com/wp-content/uploads/2026/07/OP13-089_R_10347397.webp,https://minnano-toreka.com/wp-content/uploads/2026/07/OP13-089_R_10347397-215x300.webp
https://minnano-toreka.com/wp-content/uploads/2026/07/OP13-091_R_10347396.webp,https://minnano-toreka.com/wp-content/uploads/2026/07/OP13-091_R_10347396-215x300.webp
https://minnano-toreka.com/wp-content/uploads/2026/07/OP14-041_L_10347395.webp,https://minnano-toreka.com/wp-content/uploads/2026/07/OP14-041_L_10347395-215x300.webp
https://minnano-toreka.com/wp-content/uploads/2026/07/P-080_P_10347394.webp,https://minnano-toreka.com/wp-content/uploads/2026/07/P-080_P_10347394-181x300.webp
https://minnano-toreka.com/wp-content/uploads/2026/07/OP09-001_L_10347393.webp,https://minnano-toreka.com/wp-content/uploads/2026/07/OP09-001_L_10347393-215x300.webp
https://minnano-toreka.com/wp-content/uploads/2026/07/none_none_10347392.webp,https://minnano-toreka.com/wp-content/uploads/2026/07/none_none_10347392-215x300.webp
https://minnano-toreka.com/wp-content/uploads/2026/07/none_none_10347391.webp,https://minnano-toreka.com/wp-content/uploads/2026/07/none_none_10347391-215x300.webp
https://minnano-toreka.com/wp-content/uploads/2026/07/OP14-112_SR_10347390.webp,https://minnano-toreka.com/wp-content/uploads/2026/07/OP14-112_SR_10347390-213x300.webp
https://minnano-toreka.com/wp-content/uploads/2026/07/OP08-106_SR_10347389.webp,https://minnano-toreka.com/wp-content/uploads/2026/07/OP08-106_SR_10347389-213x300.webp
https://minnano-toreka.com/wp-content/uploads/2026/07/EB03-031_SR_10347388.webp,https://minnano-toreka.com/wp-content/uploads/2026/07/EB03-031_SR_10347388-213x300.webp
https://minnano-toreka.com/wp-content/uploads/2026/07/OP02-093_L_10346506.webp,https://minnano-toreka.com/wp-content/uploads/2026/07/OP02-093_L_10346506-215x300.webp
https://minnano-toreka.com/wp-content/uploads/2026/07/none_none_10346495.webp,https://minnano-toreka.com/wp-content/uploads/2026/07/none_none_10346495-212x300.webp
https://minnano-toreka.com/wp-content/uploads/2026/07/OP03-056_UC_10346494.webp,https://minnano-toreka.com/wp-content/uploads/2026/07/OP03-056_UC_10346494-215x300.webp
https://minnano-toreka.com/wp-content/uploads/2026/07/OP07-021_R_10346492.webp,https://minnano-toreka.com/wp-content/uploads/2026/07/OP07-021_R_10346492-214x300.webp
https://minnano-toreka.com/wp-content/uploads/2026/07/ST01-006_C_10346491.webp,https://minnano-toreka.com/wp-content/uploads/2026/07/ST01-006_C_10346491-206x300.webp
https://minnano-toreka.com/wp-content/uploads/2026/07/P-038_P_10346364.webp,https://minnano-toreka.com/wp-content/uploads/2026/07/P-038_P_10346364-215x300.webp
https://minnano-toreka.com/wp-content/uploads/2026/07/OP09-093_SR_10346286.webp,https://minnano-toreka.com/wp-content/uploads/2026/07/OP09-093_SR_10346286-215x300.webp
https://minnano-toreka.com/wp-content/uploads/2026/07/ST11-004_SR_10346075.webp,https://minnano-toreka.com/wp-content/uploads/2026/07/ST11-004_SR_10346075-215x300.webp
https://minnano-toreka.com/wp-content/uploads/2026/07/ST06-004_SR_10346073.webp,https://minnano-toreka.com/wp-content/uploads/2026/07/ST06-004_SR_10346073-215x300.webp
https://minnano-toreka.com/wp-content/uploads/2026/07/OP03-108_SR_10346072.webp,https://minnano-toreka.com/wp-content/uploads/2026/07/OP03-108_SR_10346072-215x300.webp
https://minnano-toreka.com/wp-content/uploads/2026/07/ST10-006_SR_10346071.webp,https://minnano-toreka.com/wp-content/uploads/2026/07/ST10-006_SR_10346071-215x300.webp
https://minnano-toreka.com/wp-content/uploads/2026/07/OP01-006_C_10345969.webp,https://minnano-toreka.com/wp-content/uploads/2026/07/OP01-006_C_10345969-213x300.webp
https://minnano-toreka.com/wp-content/uploads/2026/07/OP02-001_L_10345968.webp,https://minnano-toreka.com/wp-content/uploads/2026/07/OP02-001_L_10345968-215x300.webp
https://minnano-toreka.com/wp-content/uploads/2026/07/OP05-060_L_10345966.webp,https://minnano-toreka.com/wp-content/uploads/2026/07/OP05-060_L_10345966-206x300.webp
https://minnano-toreka.com/wp-content/uploads/2026/07/OP03-001_L_10345965.webp,https://minnano-toreka.com/wp-content/uploads/2026/07/OP03-001_L_10345965-174x300.webp
https://minnano-toreka.com/wp-content/uploads/2026/07/none_none_10345907.webp,https://minnano-toreka.com/wp-content/uploads/2026/07/none_none_10345907-215x300.webp
https://minnano-toreka.com/wp-content/uploads/2026/07/ST01-007_TR_10345905.webp,https://minnano-toreka.com/wp-content/uploads/2026/07/ST01-007_TR_10345905-222x300.webp
https://minnano-toreka.com/wp-content/uploads/2026/07/OP06-093_SR_10345898.webp,https://minnano-toreka.com/wp-content/uploads/2026/07/OP06-093_SR_10345898-215x300.webp
https://minnano-toreka.com/wp-content/uploads/2026/07/EB01-048_SR_10345895.webp,https://minnano-toreka.com/wp-content/uploads/2026/07/EB01-048_SR_10345895-215x300.webp
https://minnano-toreka.com/wp-content/uploads/2026/07/OP01-025_SR_10345890.webp,https://minnano-toreka.com/wp-content/uploads/2026/07/OP01-025_SR_10345890-206x300.webp
https://minnano-toreka.com/wp-content/uploads/2026/07/none_none_10345889.webp,https://minnano-toreka.com/wp-content/uploads/2026/07/none_none_10345889-215x300.webp
https://minnano-toreka.com/wp-content/uploads/2026/07/none_none_10345888.webp,https://minnano-toreka.com/wp-content/uploads/2026/07/none_none_10345888-215x300.webp
https://minnano-toreka.com/wp-content/uploads/2026/07/OP03-001_L_10345866.webp,https://minnano-toreka.com/wp-content/uploads/2026/07/OP03-001_L_10345866-215x300.webp
https://minnano-toreka.com/wp-content/uploads/2026/07/OP01-006_UC_10345564.webp,https://minnano-toreka.com/wp-content/uploads/2026/07/OP01-006_UC_10345564-215x300.webp
https://minnano-toreka.com/wp-content/uploads/2026/07/OP02-031_UC_10345563.webp,https://minnano-toreka.com/wp-content/uploads/2026/07/OP02-031_UC_10345563-215x300.webp
https://minnano-toreka.com/wp-content/uploads/2026/07/OP02-015_UC_10345562.webp,https://minnano-toreka.com/wp-content/uploads/2026/07/OP02-015_UC_10345562-213x300.webp
https://minnano-toreka.com/wp-content/uploads/2026/07/P-083_P_10345561.webp,https://minnano-toreka.com/wp-content/uploads/2026/07/P-083_P_10345561-213x300.webp
https://minnano-toreka.com/wp-content/uploads/2026/07/OP11-118_SEC_10345497.webp,https://minnano-toreka.com/wp-content/uploads/2026/07/OP11-118_SEC_10345497-215x300.webp
https://minnano-toreka.com/wp-content/uploads/2026/07/OP05-119_SEC_10345496.webp,https://minnano-toreka.com/wp-content/uploads/2026/07/OP05-119_SEC_10345496-215x300.webp
https://minnano-toreka.com/wp-content/uploads/2026/07/OP03-016_R_10345495.webp,https://minnano-toreka.com/wp-content/uploads/2026/07/OP03-016_R_10345495-215x300.webp
https://minnano-toreka.com/wp-content/uploads/2026/07/OP08-036_R_10345494.webp,https://minnano-toreka.com/wp-content/uploads/2026/07/OP08-036_R_10345494-215x300.webp
https://minnano-toreka.com/wp-content/uploads/2026/07/OP02-086_UC_10345493.webp,https://minnano-toreka.com/wp-content/uploads/2026/07/OP02-086_UC_10345493-215x300.webp
https://minnano-toreka.com/wp-content/uploads/2026/07/ST03-017_C_10345280.webp,https://minnano-toreka.com/wp-content/uploads/2026/07/ST03-017_C_10345280-215x300.webp
https://minnano-toreka.com/wp-content/uploads/2026/07/ST17-005_C_10345279.webp,https://minnano-toreka.com/wp-content/uploads/2026/07/ST17-005_C_10345279-206x300.webp
https://minnano-toreka.com/wp-content/uploads/2026/07/OP11-022_L_10345276.webp,https://minnano-toreka.com/wp-content/uploads/2026/07/OP11-022_L_10345276-215x300.webp
https://minnano-toreka.com/wp-content/uploads/2026/07/OP01-016_R_10345239.webp,https://minnano-toreka.com/wp-content/uploads/2026/07/OP01-016_R_10345239-215x300.webp
https://minnano-toreka.com/wp-content/uploads/2026/07/ST02-010_C_10345033.webp,https://minnano-toreka.com/wp-content/uploads/2026/07/ST02-010_C_10345033-216x300.webp
https://minnano-toreka.com/wp-content/uploads/2026/07/OP05-011_C_10345032.webp,https://minnano-toreka.com/wp-content/uploads/2026/07/OP05-011_C_10345032-206x300.webp
https://minnano-toreka.com/wp-content/uploads/2026/07/ST17-003_C_10345031.webp,https://minnano-toreka.com/wp-content/uploads/2026/07/ST17-003_C_10345031-206x300.webp
https://minnano-toreka.com/wp-content/uploads/2026/07/OP02-108_C_10345030.webp,https://minnano-toreka.com/wp-content/uploads/2026/07/OP02-108_C_10345030-215x300.webp
https://minnano-toreka.com/wp-content/uploads/2026/07/ST03-005_C_10345028.webp,https://minnano-toreka.com/wp-content/uploads/2026/07/ST03-005_C_10345028-215x300.webp
https://minnano-toreka.com/wp-content/uploads/2026/07/OP07-044_C_10345027.webp,https://minnano-toreka.com/wp-content/uploads/2026/07/OP07-044_C_10345027-206x300.webp
https://minnano-toreka.com/wp-content/uploads/2026/07/none_none_10345026.webp,https://minnano-toreka.com/wp-content/uploads/2026/07/none_none_10345026-216x300.webp
https://minnano-toreka.com/wp-content/uploads/2026/07/P-041_P_10344976.webp,https://minnano-toreka.com/wp-content/uploads/2026/07/P-041_P_10344976-215x300.webp
https://minnano-toreka.com/wp-content/uploads/2026/07/P_L_10344974.webp,https://minnano-toreka.com/wp-content/uploads/2026/07/P_L_10344974-215x300.webp
https://minnano-toreka.com/wp-content/uploads/2026/07/P-075_P_10344973.webp,https://minnano-toreka.com/wp-content/uploads/2026/07/P-075_P_10344973-215x300.webp
https://minnano-toreka.com/wp-content/uploads/2026/07/P-074_P_10344972.webp,https://minnano-toreka.com/wp-content/uploads/2026/07/P-074_P_10344972-215x300.webp
https://minnano-toreka.com/wp-content/uploads/2026/07/P-001_P_10344971.webp,https://minnano-toreka.com/wp-content/uploads/2026/07/P-001_P_10344971-228x300.webp
https://minnano-toreka.com/wp-content/uploads/2026/07/OP03-057_R_10344970.webp,https://minnano-toreka.com/wp-content/uploads/2026/07/OP03-057_R_10344970-215x300.webp
https://minnano-toreka.com/wp-content/uploads/2026/07/OP06-069_SR_10344969.webp,https://minnano-toreka.com/wp-content/uploads/2026/07/OP06-069_SR_10344969-215x300.webp
https://minnano-toreka.com/wp-content/uploads/2026/07/OP04-089_R_10344968.webp,https://minnano-toreka.com/wp-content/uploads/2026/07/OP04-089_R_10344968-215x300.webp
https://minnano-toreka.com/wp-content/uploads/2026/07/OP03-041_SR_10344967.webp,https://minnano-toreka.com/wp-content/uploads/2026/07/OP03-041_SR_10344967-215x300.webp
https://minnano-toreka.com/wp-content/uploads/2026/07/ST08-002_SR_10344966.webp,https://minnano-toreka.com/wp-content/uploads/2026/07/ST08-002_SR_10344966-215x300.webp
https://minnano-toreka.com/wp-content/uploads/2026/07/OP05-100-OP05_SR_10344965.webp,https://minnano-toreka.com/wp-content/uploads/2026/07/OP05-100-OP05_SR_10344965-215x300.webp
https://minnano-toreka.com/wp-content/uploads/2026/07/EB01-012_SR_10344964.webp,https://minnano-toreka.com/wp-content/uploads/2026/07/EB01-012_SR_10344964-215x300.webp
https://minnano-toreka.com/wp-content/uploads/2026/07/OP11-004_SR_10344962.webp,https://minnano-toreka.com/wp-content/uploads/2026/07/OP11-004_SR_10344962-215x300.webp
https://minnano-toreka.com/wp-content/uploads/2026/07/OP11-070_SR_10344961.webp,https://minnano-toreka.com/wp-content/uploads/2026/07/OP11-070_SR_10344961-215x300.webp
https://minnano-toreka.com/wp-content/uploads/2026/07/OP06-086_SR_10344614.webp,https://minnano-toreka.com/wp-content/uploads/2026/07/OP06-086_SR_10344614-214x300.webp
https://minnano-toreka.com/wp-content/uploads/2026/07/P-033_P_10344613.webp,https://minnano-toreka.com/wp-content/uploads/2026/07/P-033_P_10344613-215x300.webp
https://minnano-toreka.com/wp-content/uploads/2026/07/P-055_P_10344612.webp,https://minnano-toreka.com/wp-content/uploads/2026/07/P-055_P_10344612-215x300.webp
https://minnano-toreka.com/wp-content/uploads/2026/07/EB01-012_SR_10344611.webp,https://minnano-toreka.com/wp-content/uploads/2026/07/EB01-012_SR_10344611-215x300.webp
https://minnano-toreka.com/wp-content/uploads/2026/07/OP08-105_SR_10344610.webp,https://minnano-toreka.com/wp-content/uploads/2026/07/OP08-105_SR_10344610-215x300.webp
https://minnano-toreka.com/wp-content/uploads/2026/07/OP07-045_SR_10344609.webp,https://minnano-toreka.com/wp-content/uploads/2026/07/OP07-045_SR_10344609-206x300.webp
https://minnano-toreka.com/wp-content/uploads/2026/07/OP11-054_SR_10344608.webp,https://minnano-toreka.com/wp-content/uploads/2026/07/OP11-054_SR_10344608-215x300.webp
https://minnano-toreka.com/wp-content/uploads/2026/07/OP01-016_R_10344607.webp,https://minnano-toreka.com/wp-content/uploads/2026/07/OP01-016_R_10344607-215x300.webp
https://minnano-toreka.com/wp-content/uploads/2026/07/OP06-081_R_10344606.webp,https://minnano-toreka.com/wp-content/uploads/2026/07/OP06-081_R_10344606-215x300.webp
https://minnano-toreka.com/wp-content/uploads/2026/07/OP06-065_R_10344605.webp,https://minnano-toreka.com/wp-content/uploads/2026/07/OP06-065_R_10344605-213x300.webp
https://minnano-toreka.com/wp-content/uploads/2026/07/OP11-047_R_10344604.webp,https://minnano-toreka.com/wp-content/uploads/2026/07/OP11-047_R_10344604-215x300.webp
https://minnano-toreka.com/wp-content/uploads/2026/07/EB01-023_R_10344602.webp,https://minnano-toreka.com/wp-content/uploads/2026/07/EB01-023_R_10344602-206x300.webp
https://minnano-toreka.com/wp-content/uploads/2026/07/OP06-115_R_10344599.webp,https://minnano-toreka.com/wp-content/uploads/2026/07/OP06-115_R_10344599-215x300.webp
https://minnano-toreka.com/wp-content/uploads/2026/07/OP06-115_R_10344598.webp,https://minnano-toreka.com/wp-content/uploads/2026/07/OP06-115_R_10344598-215x300.webp
https://minnano-toreka.com/wp-content/uploads/2026/07/OP05-005_R_10344597.webp,https://minnano-toreka.com/wp-content/uploads/2026/07/OP05-005_R_10344597-206x300.webp
https://minnano-toreka.com/wp-content/uploads/2026/07/OP09-020_R_10344596.webp,https://minnano-toreka.com/wp-content/uploads/2026/07/OP09-020_R_10344596-215x300.webp
https://minnano-toreka.com/wp-content/uploads/2026/07/OP01-041_R_10344595.webp,https://minnano-toreka.com/wp-content/uploads/2026/07/OP01-041_R_10344595-215x300.webp
https://minnano-toreka.com/wp-content/uploads/2026/07/OP08-018_R_10344594.webp,https://minnano-toreka.com/wp-content/uploads/2026/07/OP08-018_R_10344594-215x300.webp
https://minnano-toreka.com/wp-content/uploads/2026/07/OP03-072_R_10344593.webp,https://minnano-toreka.com/wp-content/uploads/2026/07/OP03-072_R_10344593-215x300.webp
https://minnano-toreka.com/wp-content/uploads/2026/07/OP02-068_R_10344592.webp,https://minnano-toreka.com/wp-content/uploads/2026/07/OP02-068_R_10344592-215x300.webp
https://minnano-toreka.com/wp-content/uploads/2026/07/OP03-013_SR_10344591.webp,https://minnano-toreka.com/wp-content/uploads/2026/07/OP03-013_SR_10344591-207x300.webp
https://minnano-toreka.com/wp-content/uploads/2026/07/OP03-013_SR_10344590.webp,https://minnano-toreka.com/wp-content/uploads/2026/07/OP03-013_SR_10344590-215x300.webp
https://minnano-toreka.com/wp-content/uploads/2026/07/ST01-012_SR_10344589.webp,https://minnano-toreka.com/wp-content/uploads/2026/07/ST01-012_SR_10344589-214x300.webp
https://minnano-toreka.com/wp-content/uploads/2026/07/ST01-013_SR_10344588.webp,https://minnano-toreka.com/wp-content/uploads/2026/07/ST01-013_SR_10344588-213x300.webp
https://minnano-toreka.com/wp-content/uploads/2026/07/OP07-040_UC_10344522.webp,https://minnano-toreka.com/wp-content/uploads/2026/07/OP07-040_UC_10344522-206x300.webp
https://minnano-toreka.com/wp-content/uploads/2026/07/OP07-048_UC_10344521.webp,https://minnano-toreka.com/wp-content/uploads/2026/07/OP07-048_UC_10344521-206x300.webp
https://minnano-toreka.com/wp-content/uploads/2026/07/P-072_P_10344520.webp,https://minnano-toreka.com/wp-content/uploads/2026/07/P-072_P_10344520-215x300.webp
https://minnano-toreka.com/wp-content/uploads/2026/07/P-042_P_10344519.webp,https://minnano-toreka.com/wp-content/uploads/2026/07/P-042_P_10344519-211x300.webp
https://minnano-toreka.com/wp-content/uploads/2026/07/P-056_P_10344518.webp,https://minnano-toreka.com/wp-content/uploads/2026/07/P-056_P_10344518-215x300.webp
https://minnano-toreka.com/wp-content/uploads/2026/07/OP07-047_R_10344517.webp,https://minnano-toreka.com/wp-content/uploads/2026/07/OP07-047_R_10344517-206x300.webp
https://minnano-toreka.com/wp-content/uploads/2026/07/OP01-013_R_10344516.webp,https://minnano-toreka.com/wp-content/uploads/2026/07/OP01-013_R_10344516-206x300.webp
https://minnano-toreka.com/wp-content/uploads/2026/07/OP01-013_R_10344515.webp,https://minnano-toreka.com/wp-content/uploads/2026/07/OP01-013_R_10344515-206x300.webp
https://minnano-toreka.com/wp-content/uploads/2026/07/OP02-075_R_10344514.webp,https://minnano-toreka.com/wp-content/uploads/2026/07/OP02-075_R_10344514-215x300.webp
https://minnano-toreka.com/wp-content/uploads/2026/07/OP02-089_R_10344513.webp,https://minnano-toreka.com/wp-content/uploads/2026/07/OP02-089_R_10344513-215x300.webp
https://minnano-toreka.com/wp-content/uploads/2026/07/EB01-056-OP10_R_10344512.webp,https://minnano-toreka.com/wp-content/uploads/2026/07/EB01-056-OP10_R_10344512-215x300.webp
https://minnano-toreka.com/wp-content/uploads/2026/07/OP09-005-OP11_R_10344511.webp,https://minnano-toreka.com/wp-content/uploads/2026/07/OP09-005-OP11_R_10344511-215x300.webp
https://minnano-toreka.com/wp-content/uploads/2026/07/OP03-086_R_10344510.webp,https://minnano-toreka.com/wp-content/uploads/2026/07/OP03-086_R_10344510-215x300.webp
https://minnano-toreka.com/wp-content/uploads/2026/07/OP11-106_R_10344509.webp,https://minnano-toreka.com/wp-content/uploads/2026/07/OP11-106_R_10344509-215x300.webp
https://minnano-toreka.com/wp-content/uploads/2026/07/OP08-039_R_10344508.webp,https://minnano-toreka.com/wp-content/uploads/2026/07/OP08-039_R_10344508-215x300.webp
https://minnano-toreka.com/wp-content/uploads/2026/07/OP06-050_R_10344507.webp,https://minnano-toreka.com/wp-content/uploads/2026/07/OP06-050_R_10344507-215x300.webp
https://minnano-toreka.com/wp-content/uploads/2026/07/OP01-114_R_10344506.webp,https://minnano-toreka.com/wp-content/uploads/2026/07/OP01-114_R_10344506-214x300.webp
https://minnano-toreka.com/wp-content/uploads/2026/07/OP06-090_R_10344505.webp,https://minnano-toreka.com/wp-content/uploads/2026/07/OP06-090_R_10344505-215x300.webp
https://minnano-toreka.com/wp-content/uploads/2026/07/OP04-030_R_10344504.webp,https://minnano-toreka.com/wp-content/uploads/2026/07/OP04-030_R_10344504-215x300.webp
https://minnano-toreka.com/wp-content/uploads/2026/07/OP11-010_SR_10344503.webp,https://minnano-toreka.com/wp-content/uploads/2026/07/OP11-010_SR_10344503-206x300.webp
https://minnano-toreka.com/wp-content/uploads/2026/07/OP04-013_SR_10344502.webp,https://minnano-toreka.com/wp-content/uploads/2026/07/OP04-013_SR_10344502-215x300.webp
https://minnano-toreka.com/wp-content/uploads/2026/07/OP06-093_SR_10344501.webp,https://minnano-toreka.com/wp-content/uploads/2026/07/OP06-093_SR_10344501-216x300.webp
https://minnano-toreka.com/wp-content/uploads/2026/07/OP07-051_SR_10344500.webp,https://minnano-toreka.com/wp-content/uploads/2026/07/OP07-051_SR_10344500-206x300.webp
https://minnano-toreka.com/wp-content/uploads/2026/07/OP06-035_SR_10344499.webp,https://minnano-toreka.com/wp-content/uploads/2026/07/OP06-035_SR_10344499-215x300.webp
https://minnano-toreka.com/wp-content/uploads/2026/07/OP05-051-OP06_SP_10344498.webp,https://minnano-toreka.com/wp-content/uploads/2026/07/OP05-051-OP06_SP_10344498-215x300.webp
https://minnano-toreka.com/wp-content/uploads/2026/07/P-075_P_10344497.webp,https://minnano-toreka.com/wp-content/uploads/2026/07/P-075_P_10344497-211x300.webp
https://minnano-toreka.com/wp-content/uploads/2026/07/P-074_P_10344496.webp,https://minnano-toreka.com/wp-content/uploads/2026/07/P-074_P_10344496-209x300.webp
https://minnano-toreka.com/wp-content/uploads/2026/07/OP06-022_L_10344494.webp,https://minnano-toreka.com/wp-content/uploads/2026/07/OP06-022_L_10344494-179x300.webp
https://minnano-toreka.com/wp-content/uploads/2026/07/OP11-041_L_10344493.webp,https://minnano-toreka.com/wp-content/uploads/2026/07/OP11-041_L_10344493-215x300.webp
https://minnano-toreka.com/wp-content/uploads/2026/07/none_none_10343942.webp,https://minnano-toreka.com/wp-content/uploads/2026/07/none_none_10343942-215x300.webp
https://minnano-toreka.com/wp-content/uploads/2026/07/none_none_10343941.webp,https://minnano-toreka.com/wp-content/uploads/2026/07/none_none_10343941-215x300.webp
https://minnano-toreka.com/wp-content/uploads/2026/07/OP09-069_R_10343940.webp,https://minnano-toreka.com/wp-content/uploads/2026/07/OP09-069_R_10343940-206x300.webp
https://minnano-toreka.com/wp-content/uploads/2026/07/none_none_10343939.webp,https://minnano-toreka.com/wp-content/uploads/2026/07/none_none_10343939-215x300.webp
https://minnano-toreka.com/wp-content/uploads/2026/07/none_none_10343938.webp,https://minnano-toreka.com/wp-content/uploads/2026/07/none_none_10343938-213x300.webp
https://minnano-toreka.com/wp-content/uploads/2026/07/none_none_10343937.webp,https://minnano-toreka.com/wp-content/uploads/2026/07/none_none_10343937-206x300.webp
https://minnano-toreka.com/wp-content/uploads/2026/07/OP13-119_SEC_10343481.webp,https://minnano-toreka.com/wp-content/uploads/2026/07/OP13-119_SEC_10343481-215x300.webp
https://minnano-toreka.com/wp-content/uploads/2026/07/none_none_10341388.webp,https://minnano-toreka.com/wp-content/uploads/2026/07/none_none_10341388-215x300.webp
https://minnano-toreka.com/wp-content/uploads/2026/07/OP13-002_L_10341387.webp,https://minnano-toreka.com/wp-content/uploads/2026/07/OP13-002_L_10341387-215x300.webp
https://minnano-toreka.com/wp-content/uploads/2026/07/OP10-049_R_10341386.webp,https://minnano-toreka.com/wp-content/uploads/2026/07/OP10-049_R_10341386-215x300.webp
https://minnano-toreka.com/wp-content/uploads/2026/07/OP09-048_SR_10341005.webp,https://minnano-toreka.com/wp-content/uploads/2026/07/OP09-048_SR_10341005-215x300.webp
https://minnano-toreka.com/wp-content/uploads/2026/07/OP10-114_UC_10340799.webp,https://minnano-toreka.com/wp-content/uploads/2026/07/OP10-114_UC_10340799-215x300.webp
https://minnano-toreka.com/wp-content/uploads/2026/07/ST01-005_C_10340706.webp,https://minnano-toreka.com/wp-content/uploads/2026/07/ST01-005_C_10340706-215x300.webp
https://minnano-toreka.com/wp-content/uploads/2026/07/ST07-010_SR_10340607.webp,https://minnano-toreka.com/wp-content/uploads/2026/07/ST07-010_SR_10340607-215x300.webp
https://minnano-toreka.com/wp-content/uploads/2026/07/OP02-099_SR_10340606.webp,https://minnano-toreka.com/wp-content/uploads/2026/07/OP02-099_SR_10340606-215x300.webp
https://minnano-toreka.com/wp-content/uploads/2026/07/OP02-098_R_10340605.webp,https://minnano-toreka.com/wp-content/uploads/2026/07/OP02-098_R_10340605-224x300.webp
https://minnano-toreka.com/wp-content/uploads/2026/07/OP02-005_UC_10340603.webp,https://minnano-toreka.com/wp-content/uploads/2026/07/OP02-005_UC_10340603-211x300.webp
https://minnano-toreka.com/wp-content/uploads/2026/07/ST04-003_SR_10340602.webp,https://minnano-toreka.com/wp-content/uploads/2026/07/ST04-003_SR_10340602-215x300.webp
https://minnano-toreka.com/wp-content/uploads/2026/07/none_none_10340599.webp,https://minnano-toreka.com/wp-content/uploads/2026/07/none_none_10340599-215x300.webp
https://minnano-toreka.com/wp-content/uploads/2026/07/EB01-009_C_10340598.webp,https://minnano-toreka.com/wp-content/uploads/2026/07/EB01-009_C_10340598-215x300.webp
https://minnano-toreka.com/wp-content/uploads/2026/07/P-009_P_10340531.webp,https://minnano-toreka.com/wp-content/uploads/2026/07/P-009_P_10340531-215x300.webp
https://minnano-toreka.com/wp-content/uploads/2026/07/none_none_10340530.webp,https://minnano-toreka.com/wp-content/uploads/2026/07/none_none_10340530-215x300.webp
https://minnano-toreka.com/wp-content/uploads/2026/07/OP05-091_SR_10340497.webp,https://minnano-toreka.com/wp-content/uploads/2026/07/OP05-091_SR_10340497-215x300.webp
https://minnano-toreka.com/wp-content/uploads/2026/07/none_none_10339682.webp,https://minnano-toreka.com/wp-content/uploads/2026/07/none_none_10339682-300x172.webp
https://minnano-toreka.com/wp-content/uploads/2026/07/none_none_10339681.webp,https://minnano-toreka.com/wp-content/uploads/2026/07/none_none_10339681-234x300.webp
https://minnano-toreka.com/wp-content/uploads/2026/07/OP02-098_R_10339603.webp,https://minnano-toreka.com/wp-content/uploads/2026/07/OP02-098_R_10339603-224x300.webp
https://minnano-toreka.com/wp-content/uploads/2026/07/none_none_10338044.webp,https://minnano-toreka.com/wp-content/uploads/2026/07/none_none_10338044-300x267.webp
https://minnano-toreka.com/wp-content/uploads/2026/07/OP06-119_SEC_10336006.webp,https://minnano-toreka.com/wp-content/uploads/2026/07/OP06-119_SEC_10336006-215x300.webp
https://minnano-toreka.com/wp-content/uploads/2026/07/OP01-001_L_10334507.webp,https://minnano-toreka.com/wp-content/uploads/2026/07/OP01-001_L_10334507-215x300.webp
https://minnano-toreka.com/wp-content/uploads/2026/07/OP01-013_R_10334506.webp,https://minnano-toreka.com/wp-content/uploads/2026/07/OP01-013_R_10334506-215x300.webp
https://minnano-toreka.com/wp-content/uploads/2026/07/OP01-022_UC_10334505.webp,https://minnano-toreka.com/wp-content/uploads/2026/07/OP01-022_UC_10334505-215x300.webp
https://minnano-toreka.com/wp-content/uploads/2026/07/ST01-010_C_10334503.webp,https://minnano-toreka.com/wp-content/uploads/2026/07/ST01-010_C_10334503-215x300.webp
https://minnano-toreka.com/wp-content/uploads/2026/07/ST01-008_C_10334502.webp,https://minnano-toreka.com/wp-content/uploads/2026/07/ST01-008_C_10334502-215x300.webp
https://minnano-toreka.com/wp-content/uploads/2026/07/ST01-002_C_10334501.webp,https://minnano-toreka.com/wp-content/uploads/2026/07/ST01-002_C_10334501-300x300.webp
https://minnano-toreka.com/wp-content/uploads/2026/07/ST01-006_C_10334500.webp,https://minnano-toreka.com/wp-content/uploads/2026/07/ST01-006_C_10334500-215x300.webp
https://minnano-toreka.com/wp-content/uploads/2026/07/ST01-007_C_10334499.webp,https://minnano-toreka.com/wp-content/uploads/2026/07/ST01-007_C_10334499-215x300.webp
https://minnano-toreka.com/wp-content/uploads/2026/07/ST01-002_C_10334498.webp,https://minnano-toreka.com/wp-content/uploads/2026/07/ST01-002_C_10334498-215x300.webp
https://minnano-toreka.com/wp-content/uploads/2026/07/OP01-017_R_10334496.webp,https://minnano-toreka.com/wp-content/uploads/2026/07/OP01-017_R_10334496-215x300.webp
https://minnano-toreka.com/wp-content/uploads/2026/07/P-022_P_10334494.webp,https://minnano-toreka.com/wp-content/uploads/2026/07/P-022_P_10334494-215x300.webp
https://minnano-toreka.com/wp-content/uploads/2026/07/ST01-013_SR_10334493.webp,https://minnano-toreka.com/wp-content/uploads/2026/07/ST01-013_SR_10334493-215x300.webp
https://minnano-toreka.com/wp-content/uploads/2026/07/OP01-014_UC_10334492.webp,https://minnano-toreka.com/wp-content/uploads/2026/07/OP01-014_UC_10334492-215x300.webp
https://minnano-toreka.com/wp-content/uploads/2026/07/OP01-021_UC_10334491.webp,https://minnano-toreka.com/wp-content/uploads/2026/07/OP01-021_UC_10334491-215x300.webp
https://minnano-toreka.com/wp-content/uploads/2026/07/ST01-011_C_10334490.webp,https://minnano-toreka.com/wp-content/uploads/2026/07/ST01-011_C_10334490-215x300.webp
https://minnano-toreka.com/wp-content/uploads/2026/07/ST04-008_C_10334489.webp,https://minnano-toreka.com/wp-content/uploads/2026/07/ST04-008_C_10334489-215x300.webp
https://minnano-toreka.com/wp-content/uploads/2026/07/OP01-033_UC_10334487.webp,https://minnano-toreka.com/wp-content/uploads/2026/07/OP01-033_UC_10334487-215x300.webp
https://minnano-toreka.com/wp-content/uploads/2026/07/P-030_P_10334486.webp,https://minnano-toreka.com/wp-content/uploads/2026/07/P-030_P_10334486-215x300.webp
https://minnano-toreka.com/wp-content/uploads/2026/07/ST04-011_C_10334485.webp,https://minnano-toreka.com/wp-content/uploads/2026/07/ST04-011_C_10334485-215x300.webp
https://minnano-toreka.com/wp-content/uploads/2026/07/OP03-0888_UC_10334484.webp,https://minnano-toreka.com/wp-content/uploads/2026/07/OP03-0888_UC_10334484-215x300.webp
https://minnano-toreka.com/wp-content/uploads/2026/07/ST03-007_C_10334481.webp,https://minnano-toreka.com/wp-content/uploads/2026/07/ST03-007_C_10334481-215x300.webp
https://minnano-toreka.com/wp-content/uploads/2026/07/OP-01-035_R_10334479.webp,https://minnano-toreka.com/wp-content/uploads/2026/07/OP-01-035_R_10334479-215x300.webp
https://minnano-toreka.com/wp-content/uploads/2026/07/ST-01-011_C_10334478.webp,https://minnano-toreka.com/wp-content/uploads/2026/07/ST-01-011_C_10334478-215x300.webp
https://minnano-toreka.com/wp-content/uploads/2026/07/none_none_10333331.webp,https://minnano-toreka.com/wp-content/uploads/2026/07/none_none_10333331-300x300.webp
https://minnano-toreka.com/wp-content/uploads/2026/07/OP01-120_SEC_10329341.webp,https://minnano-toreka.com/wp-content/uploads/2026/07/OP01-120_SEC_10329341-215x300.webp
https://minnano-toreka.com/wp-content/uploads/2026/07/OP01-001_L_10327007.webp,https://minnano-toreka.com/wp-content/uploads/2026/07/OP01-001_L_10327007-212x300.webp
https://minnano-toreka.com/wp-content/uploads/2026/07/OP02-001_L_10327006.webp,https://minnano-toreka.com/wp-content/uploads/2026/07/OP02-001_L_10327006-213x300.webp
https://minnano-toreka.com/wp-content/uploads/2026/07/OP01-047_SR_10327005.webp,https://minnano-toreka.com/wp-content/uploads/2026/07/OP01-047_SR_10327005-215x300.webp
https://minnano-toreka.com/wp-content/uploads/2026/07/OP01-051_SP_10327004.webp,https://minnano-toreka.com/wp-content/uploads/2026/07/OP01-051_SP_10327004-215x300.webp
https://minnano-toreka.com/wp-content/uploads/2026/07/ST14-003_SR_10327001.webp,https://minnano-toreka.com/wp-content/uploads/2026/07/ST14-003_SR_10327001-215x300.webp
https://minnano-toreka.com/wp-content/uploads/2026/07/ST21-014_SR_10327000.webp,https://minnano-toreka.com/wp-content/uploads/2026/07/ST21-014_SR_10327000-215x300.webp
https://minnano-toreka.com/wp-content/uploads/2026/07/ST03-004_C_10326965.webp,https://minnano-toreka.com/wp-content/uploads/2026/07/ST03-004_C_10326965-215x300.webp
https://minnano-toreka.com/wp-content/uploads/2026/07/OP05-100_SR_10326276.webp,https://minnano-toreka.com/wp-content/uploads/2026/07/OP05-100_SR_10326276-215x300.webp
https://minnano-toreka.com/wp-content/uploads/2026/07/OP04-112_SR_10326274.webp,https://minnano-toreka.com/wp-content/uploads/2026/07/OP04-112_SR_10326274-215x300.webp
https://minnano-toreka.com/wp-content/uploads/2026/07/OP05-118_SEC_10326273.webp,https://minnano-toreka.com/wp-content/uploads/2026/07/OP05-118_SEC_10326273-215x300.webp
https://minnano-toreka.com/wp-content/uploads/2026/07/OP05-055_R_10326272.webp,https://minnano-toreka.com/wp-content/uploads/2026/07/OP05-055_R_10326272-215x300.webp
https://minnano-toreka.com/wp-content/uploads/2026/07/OP05-057_R_10326240.webp,https://minnano-toreka.com/wp-content/uploads/2026/07/OP05-057_R_10326240-215x300.webp
https://minnano-toreka.com/wp-content/uploads/2026/07/OP05-043_SR_10326239.webp,https://minnano-toreka.com/wp-content/uploads/2026/07/OP05-043_SR_10326239-215x300.webp
https://minnano-toreka.com/wp-content/uploads/2026/07/OP05-102_R_10326206.webp,https://minnano-toreka.com/wp-content/uploads/2026/07/OP05-102_R_10326206-215x300.webp
https://minnano-toreka.com/wp-content/uploads/2026/07/OP06-023_R_10326182.webp,https://minnano-toreka.com/wp-content/uploads/2026/07/OP06-023_R_10326182-215x300.webp
https://minnano-toreka.com/wp-content/uploads/2026/07/OP05-069_SR_10326181.webp,https://minnano-toreka.com/wp-content/uploads/2026/07/OP05-069_SR_10326181-215x300.webp
https://minnano-toreka.com/wp-content/uploads/2026/07/OP06-043_SR_10326180.webp,https://minnano-toreka.com/wp-content/uploads/2026/07/OP06-043_SR_10326180-215x300.webp
https://minnano-toreka.com/wp-content/uploads/2026/07/OP02-041_R_10326177.webp,https://minnano-toreka.com/wp-content/uploads/2026/07/OP02-041_R_10326177-215x300.webp
https://minnano-toreka.com/wp-content/uploads/2026/07/OP05-006_SR_10326176.webp,https://minnano-toreka.com/wp-content/uploads/2026/07/OP05-006_SR_10326176-215x300.webp
https://minnano-toreka.com/wp-content/uploads/2026/07/OP03-057_R_10326174.webp,https://minnano-toreka.com/wp-content/uploads/2026/07/OP03-057_R_10326174-215x300.webp
https://minnano-toreka.com/wp-content/uploads/2026/07/OP03-092_SR_10326173.webp,https://minnano-toreka.com/wp-content/uploads/2026/07/OP03-092_SR_10326173-215x300.webp
https://minnano-toreka.com/wp-content/uploads/2026/07/OP05-007_SR_10326140.webp,https://minnano-toreka.com/wp-content/uploads/2026/07/OP05-007_SR_10326140-215x300.webp
https://minnano-toreka.com/wp-content/uploads/2026/07/OP05-007_SR_10326110.webp,https://minnano-toreka.com/wp-content/uploads/2026/07/OP05-007_SR_10326110-215x300.webp
https://minnano-toreka.com/wp-content/uploads/2026/07/OP03-092-OP05_SP_10326109.webp,https://minnano-toreka.com/wp-content/uploads/2026/07/OP03-092-OP05_SP_10326109-215x300.webp
https://minnano-toreka.com/wp-content/uploads/2026/07/OP05-001_L_10326108.webp,https://minnano-toreka.com/wp-content/uploads/2026/07/OP05-001_L_10326108-215x300.webp
https://minnano-toreka.com/wp-content/uploads/2026/07/OP03-108_SR_10326107.webp,https://minnano-toreka.com/wp-content/uploads/2026/07/OP03-108_SR_10326107-215x300.webp
https://minnano-toreka.com/wp-content/uploads/2026/07/OP04-044_SR_10326044.webp,https://minnano-toreka.com/wp-content/uploads/2026/07/OP04-044_SR_10326044-215x300.webp
https://minnano-toreka.com/wp-content/uploads/2026/07/OP05-032_SR_10326043.webp,https://minnano-toreka.com/wp-content/uploads/2026/07/OP05-032_SR_10326043-215x300.webp
https://minnano-toreka.com/wp-content/uploads/2026/07/OP04-044_SR_10326042.webp,https://minnano-toreka.com/wp-content/uploads/2026/07/OP04-044_SR_10326042-215x300.webp
https://minnano-toreka.com/wp-content/uploads/2026/07/OP03-110_R_10326041.webp,https://minnano-toreka.com/wp-content/uploads/2026/07/OP03-110_R_10326041-215x300.webp
https://minnano-toreka.com/wp-content/uploads/2026/07/OP04-060_SR_10326039.webp,https://minnano-toreka.com/wp-content/uploads/2026/07/OP04-060_SR_10326039-215x300.webp
https://minnano-toreka.com/wp-content/uploads/2026/07/OP04-058_L_10326038.webp,https://minnano-toreka.com/wp-content/uploads/2026/07/OP04-058_L_10326038-215x300.webp
https://minnano-toreka.com/wp-content/uploads/2026/07/OP02-062_SR_10326037.webp,https://minnano-toreka.com/wp-content/uploads/2026/07/OP02-062_SR_10326037-215x300.webp
https://minnano-toreka.com/wp-content/uploads/2026/07/OP03-113_SR_10326036.webp,https://minnano-toreka.com/wp-content/uploads/2026/07/OP03-113_SR_10326036-215x300.webp
https://minnano-toreka.com/wp-content/uploads/2026/07/OP04-024_SR_10326035.webp,https://minnano-toreka.com/wp-content/uploads/2026/07/OP04-024_SR_10326035-215x300.webp
https://minnano-toreka.com/wp-content/uploads/2026/07/OP03-025_SR_10326034.webp,https://minnano-toreka.com/wp-content/uploads/2026/07/OP03-025_SR_10326034-215x300.webp
https://minnano-toreka.com/wp-content/uploads/2026/07/OP04-082_R_10326033.webp,https://minnano-toreka.com/wp-content/uploads/2026/07/OP04-082_R_10326033-215x300.webp
https://minnano-toreka.com/wp-content/uploads/2026/07/OP04-028_R_10326031.webp,https://minnano-toreka.com/wp-content/uploads/2026/07/OP04-028_R_10326031-215x300.webp
https://minnano-toreka.com/wp-content/uploads/2026/07/OP04-089_R_10326030.webp,https://minnano-toreka.com/wp-content/uploads/2026/07/OP04-089_R_10326030-300x300.webp
https://minnano-toreka.com/wp-content/uploads/2026/07/OP01-067_SR_10326029.webp,https://minnano-toreka.com/wp-content/uploads/2026/07/OP01-067_SR_10326029-215x300.webp
https://minnano-toreka.com/wp-content/uploads/2026/07/OP04-051_R_10326028.webp,https://minnano-toreka.com/wp-content/uploads/2026/07/OP04-051_R_10326028-215x300.webp
https://minnano-toreka.com/wp-content/uploads/2026/07/OP04-119_SEC_10326026.webp,https://minnano-toreka.com/wp-content/uploads/2026/07/OP04-119_SEC_10326026-215x300.webp
https://minnano-toreka.com/wp-content/uploads/2026/07/OP06-086_SR_10326025.webp,https://minnano-toreka.com/wp-content/uploads/2026/07/OP06-086_SR_10326025-215x300.webp
https://minnano-toreka.com/wp-content/uploads/2026/07/OP04-119_SEC_10326024.webp,https://minnano-toreka.com/wp-content/uploads/2026/07/OP04-119_SEC_10326024-215x300.webp
https://minnano-toreka.com/wp-content/uploads/2026/07/OP04-118_SEC_10326023.webp,https://minnano-toreka.com/wp-content/uploads/2026/07/OP04-118_SEC_10326023-215x300.webp
https://minnano-toreka.com/wp-content/uploads/2026/07/OP04-090_SR_10326022.webp,https://minnano-toreka.com/wp-content/uploads/2026/07/OP04-090_SR_10326022-215x300.webp
https://minnano-toreka.com/wp-content/uploads/2026/07/OP01-093_R_10326021.webp,https://minnano-toreka.com/wp-content/uploads/2026/07/OP01-093_R_10326021-215x300.webp
https://minnano-toreka.com/wp-content/uploads/2026/07/EB01-027_R_10326020.webp,https://minnano-toreka.com/wp-content/uploads/2026/07/EB01-027_R_10326020-215x300.webp
https://minnano-toreka.com/wp-content/uploads/2026/07/OP06-020_L_10326019.webp,https://minnano-toreka.com/wp-content/uploads/2026/07/OP06-020_L_10326019-215x300.webp
https://minnano-toreka.com/wp-content/uploads/2026/07/OP06-035_SR_10326017.webp,https://minnano-toreka.com/wp-content/uploads/2026/07/OP06-035_SR_10326017-215x300.webp
https://minnano-toreka.com/wp-content/uploads/2026/07/OP01-006_UC_10326016.webp,https://minnano-toreka.com/wp-content/uploads/2026/07/OP01-006_UC_10326016-215x300.webp
https://minnano-toreka.com/wp-content/uploads/2026/07/OP06-013_R_10326014.webp,https://minnano-toreka.com/wp-content/uploads/2026/07/OP06-013_R_10326014-215x300.webp
https://minnano-toreka.com/wp-content/uploads/2026/07/OP06-009_SR_10326013.webp,https://minnano-toreka.com/wp-content/uploads/2026/07/OP06-009_SR_10326013-215x300.webp
https://minnano-toreka.com/wp-content/uploads/2026/07/OP07-022_R_10326011.webp,https://minnano-toreka.com/wp-content/uploads/2026/07/OP07-022_R_10326011-215x300.webp
https://minnano-toreka.com/wp-content/uploads/2026/07/OP01-040_SR_10326010.webp,https://minnano-toreka.com/wp-content/uploads/2026/07/OP01-040_SR_10326010-215x300.webp
https://minnano-toreka.com/wp-content/uploads/2026/07/OP06-093_SR_10326008.webp,https://minnano-toreka.com/wp-content/uploads/2026/07/OP06-093_SR_10326008-215x300.webp
https://minnano-toreka.com/wp-content/uploads/2026/07/OP06-025_R_10325975.webp,https://minnano-toreka.com/wp-content/uploads/2026/07/OP06-025_R_10325975-215x300.webp
https://minnano-toreka.com/wp-content/uploads/2026/07/EB02-036_R_10325843.webp,https://minnano-toreka.com/wp-content/uploads/2026/07/EB02-036_R_10325843-215x300.webp
https://minnano-toreka.com/wp-content/uploads/2026/07/ST01-006_C_10322415.webp,https://minnano-toreka.com/wp-content/uploads/2026/07/ST01-006_C_10322415-206x300.webp
https://minnano-toreka.com/wp-content/uploads/2026/07/OP01-025_SR_10322414.webp,https://minnano-toreka.com/wp-content/uploads/2026/07/OP01-025_SR_10322414-206x300.webp
https://minnano-toreka.com/wp-content/uploads/2026/07/OP01-017_R_10322413.webp,https://minnano-toreka.com/wp-content/uploads/2026/07/OP01-017_R_10322413-206x300.webp
https://minnano-toreka.com/wp-content/uploads/2026/07/OP01-016_R_10322412.webp,https://minnano-toreka.com/wp-content/uploads/2026/07/OP01-016_R_10322412-206x300.webp
https://minnano-toreka.com/wp-content/uploads/2026/07/OP01-004_R_10322411.webp,https://minnano-toreka.com/wp-content/uploads/2026/07/OP01-004_R_10322411-206x300.webp
https://minnano-toreka.com/wp-content/uploads/2026/07/ST10-006_SR_10322378.webp,https://minnano-toreka.com/wp-content/uploads/2026/07/ST10-006_SR_10322378-206x300.webp
https://minnano-toreka.com/wp-content/uploads/2026/07/ST10-005_C_10322358.webp,https://minnano-toreka.com/wp-content/uploads/2026/07/ST10-005_C_10322358-206x300.webp
https://minnano-toreka.com/wp-content/uploads/2026/07/ST01-011_C_10322356.webp,https://minnano-toreka.com/wp-content/uploads/2026/07/ST01-011_C_10322356-206x300.webp
https://minnano-toreka.com/wp-content/uploads/2026/07/011-072-M-EX-a9578.webp,https://minnano-toreka.com/wp-content/uploads/2026/07/011-072-M-EX-a9578-213x300.webp
https://minnano-toreka.com/wp-content/uploads/2026/07/ST01-010_C_10322355.webp,https://minnano-toreka.com/wp-content/uploads/2026/07/ST01-010_C_10322355-206x300.webp
https://minnano-toreka.com/wp-content/uploads/2026/07/none_none_10322354.webp,https://minnano-toreka.com/wp-content/uploads/2026/07/none_none_10322354-211x300.webp
https://minnano-toreka.com/wp-content/uploads/2026/07/055-080-M-EX-a9580.webp,https://minnano-toreka.com/wp-content/uploads/2026/07/055-080-M-EX-a9580-214x300.webp
https://minnano-toreka.com/wp-content/uploads/2026/07/none_none_10322352.webp,https://minnano-toreka.com/wp-content/uploads/2026/07/none_none_10322352-211x300.webp
https://minnano-toreka.com/wp-content/uploads/2026/07/none_none_10322351.webp,https://minnano-toreka.com/wp-content/uploads/2026/07/none_none_10322351-205x300.webp
https://minnano-toreka.com/wp-content/uploads/2026/07/none_none_10322350.webp,https://minnano-toreka.com/wp-content/uploads/2026/07/none_none_10322350-211x300.webp
https://minnano-toreka.com/wp-content/uploads/2026/07/OP05-060_L_10322346.webp,https://minnano-toreka.com/wp-content/uploads/2026/07/OP05-060_L_10322346-206x300.webp
https://minnano-toreka.com/wp-content/uploads/2026/07/P-066_P_10322279.webp,https://minnano-toreka.com/wp-content/uploads/2026/07/P-066_P_10322279-206x300.webp
https://minnano-toreka.com/wp-content/uploads/2026/07/OP04-072_R_10319421.webp,https://minnano-toreka.com/wp-content/uploads/2026/07/OP04-072_R_10319421-215x300.webp
https://minnano-toreka.com/wp-content/uploads/2026/07/OP04-020_L_10319418.webp,https://minnano-toreka.com/wp-content/uploads/2026/07/OP04-020_L_10319418-215x300.webp
https://minnano-toreka.com/wp-content/uploads/2026/07/OP03-047_R_10319409.webp,https://minnano-toreka.com/wp-content/uploads/2026/07/OP03-047_R_10319409-215x300.webp
https://minnano-toreka.com/wp-content/uploads/2026/07/OP03-022_L_10319408.webp,https://minnano-toreka.com/wp-content/uploads/2026/07/OP03-022_L_10319408-215x300.webp
https://minnano-toreka.com/wp-content/uploads/2026/07/OP03-066_SR_10319377.webp,https://minnano-toreka.com/wp-content/uploads/2026/07/OP03-066_SR_10319377-215x300.webp
https://minnano-toreka.com/wp-content/uploads/2026/07/OP03-018_R_10319376.webp,https://minnano-toreka.com/wp-content/uploads/2026/07/OP03-018_R_10319376-215x300.webp
https://minnano-toreka.com/wp-content/uploads/2026/07/OP03-078_SR_10319375.webp,https://minnano-toreka.com/wp-content/uploads/2026/07/OP03-078_SR_10319375-215x300.webp
https://minnano-toreka.com/wp-content/uploads/2026/07/OP03-041_SR_10319343.webp,https://minnano-toreka.com/wp-content/uploads/2026/07/OP03-041_SR_10319343-215x300.webp
https://minnano-toreka.com/wp-content/uploads/2026/07/OP03-001_L_10319342.webp,https://minnano-toreka.com/wp-content/uploads/2026/07/OP03-001_L_10319342-210x300.webp
https://minnano-toreka.com/wp-content/uploads/2026/07/OP03-080_SR_10319310.webp,https://minnano-toreka.com/wp-content/uploads/2026/07/OP03-080_SR_10319310-215x300.webp
https://minnano-toreka.com/wp-content/uploads/2026/07/ST04-003_SP_10318715.webp,https://minnano-toreka.com/wp-content/uploads/2026/07/ST04-003_SP_10318715-215x300.webp
https://minnano-toreka.com/wp-content/uploads/2026/07/OP02-115_R_10318656.webp,https://minnano-toreka.com/wp-content/uploads/2026/07/OP02-115_R_10318656-215x300.webp
https://minnano-toreka.com/wp-content/uploads/2026/07/OP09-081_L_10318655.webp,https://minnano-toreka.com/wp-content/uploads/2026/07/OP09-081_L_10318655-215x300.webp
https://minnano-toreka.com/wp-content/uploads/2026/07/OP02-085_SR_10318652.webp,https://minnano-toreka.com/wp-content/uploads/2026/07/OP02-085_SR_10318652-215x300.webp
https://minnano-toreka.com/wp-content/uploads/2026/07/ST13-008_SR_10318651.webp,https://minnano-toreka.com/wp-content/uploads/2026/07/ST13-008_SR_10318651-215x300.webp
https://minnano-toreka.com/wp-content/uploads/2026/07/OP08-007_SR_10318650.webp,https://minnano-toreka.com/wp-content/uploads/2026/07/OP08-007_SR_10318650-215x300.webp
https://minnano-toreka.com/wp-content/uploads/2026/07/OP10-032_SR_10318649.webp,https://minnano-toreka.com/wp-content/uploads/2026/07/OP10-032_SR_10318649-215x300.webp
https://minnano-toreka.com/wp-content/uploads/2026/07/OP09-023_SR_10318642.webp,https://minnano-toreka.com/wp-content/uploads/2026/07/OP09-023_SR_10318642-215x300.webp
https://minnano-toreka.com/wp-content/uploads/2026/07/OP07-015_SR_10318641.webp,https://minnano-toreka.com/wp-content/uploads/2026/07/OP07-015_SR_10318641-215x300.webp
https://minnano-toreka.com/wp-content/uploads/2026/07/OP10-002_L_10318640.webp,https://minnano-toreka.com/wp-content/uploads/2026/07/OP10-002_L_10318640-215x300.webp
https://minnano-toreka.com/wp-content/uploads/2026/07/ST02-004_C_10318638.webp,https://minnano-toreka.com/wp-content/uploads/2026/07/ST02-004_C_10318638-215x300.webp
https://minnano-toreka.com/wp-content/uploads/2026/07/ST03-009-OP03_SR_10318636.webp,https://minnano-toreka.com/wp-content/uploads/2026/07/ST03-009-OP03_SR_10318636-215x300.webp
https://minnano-toreka.com/wp-content/uploads/2026/07/OP07-001_L_10318635.webp,https://minnano-toreka.com/wp-content/uploads/2026/07/OP07-001_L_10318635-215x300.webp
https://minnano-toreka.com/wp-content/uploads/2026/07/OP02-099_SR_10318634.webp,https://minnano-toreka.com/wp-content/uploads/2026/07/OP02-099_SR_10318634-215x300.webp
https://minnano-toreka.com/wp-content/uploads/2026/07/OP01-070_SR_10318633.webp,https://minnano-toreka.com/wp-content/uploads/2026/07/OP01-070_SR_10318633-215x300.webp
https://minnano-toreka.com/wp-content/uploads/2026/07/OP02-073_R_10318632.webp,https://minnano-toreka.com/wp-content/uploads/2026/07/OP02-073_R_10318632-215x300.webp
https://minnano-toreka.com/wp-content/uploads/2026/07/OP01-070_SR_10318631.webp,https://minnano-toreka.com/wp-content/uploads/2026/07/OP01-070_SR_10318631-215x300.webp
https://minnano-toreka.com/wp-content/uploads/2026/07/OP01-047_SR_10318629.webp,https://minnano-toreka.com/wp-content/uploads/2026/07/OP01-047_SR_10318629-215x300.webp
https://minnano-toreka.com/wp-content/uploads/2026/07/OP02-026_L_10318628.webp,https://minnano-toreka.com/wp-content/uploads/2026/07/OP02-026_L_10318628-215x300.webp
https://minnano-toreka.com/wp-content/uploads/2026/07/OP01-047_SR_10318627.webp,https://minnano-toreka.com/wp-content/uploads/2026/07/OP01-047_SR_10318627-215x300.webp
https://minnano-toreka.com/wp-content/uploads/2026/07/OP02-089_R_10318626.webp,https://minnano-toreka.com/wp-content/uploads/2026/07/OP02-089_R_10318626-215x300.webp
https://minnano-toreka.com/wp-content/uploads/2026/07/OP01-073_R_10318625.webp,https://minnano-toreka.com/wp-content/uploads/2026/07/OP01-073_R_10318625-215x300.webp
https://minnano-toreka.com/wp-content/uploads/2026/07/OP01-051_SR_10318624.webp,https://minnano-toreka.com/wp-content/uploads/2026/07/OP01-051_SR_10318624-215x300.webp
https://minnano-toreka.com/wp-content/uploads/2026/07/OP02-004_SR_10318622.webp,https://minnano-toreka.com/wp-content/uploads/2026/07/OP02-004_SR_10318622-215x300.webp
https://minnano-toreka.com/wp-content/uploads/2026/07/OP02-051_SR_10318621.webp,https://minnano-toreka.com/wp-content/uploads/2026/07/OP02-051_SR_10318621-215x300.webp
https://minnano-toreka.com/wp-content/uploads/2026/07/OP02-049_L_10318620.webp,https://minnano-toreka.com/wp-content/uploads/2026/07/OP02-049_L_10318620-215x300.webp
https://minnano-toreka.com/wp-content/uploads/2026/07/OP07-071_R_10318619.webp,https://minnano-toreka.com/wp-content/uploads/2026/07/OP07-071_R_10318619-215x300.webp
https://minnano-toreka.com/wp-content/uploads/2026/07/OP01-024_SR_10318618.webp,https://minnano-toreka.com/wp-content/uploads/2026/07/OP01-024_SR_10318618-215x300.webp
https://minnano-toreka.com/wp-content/uploads/2026/07/OP02-030_SR_10318616.webp,https://minnano-toreka.com/wp-content/uploads/2026/07/OP02-030_SR_10318616-215x300.webp
https://minnano-toreka.com/wp-content/uploads/2026/07/ST15-002-OP10_SR_10317956.webp,https://minnano-toreka.com/wp-content/uploads/2026/07/ST15-002-OP10_SR_10317956-215x300.webp
https://minnano-toreka.com/wp-content/uploads/2026/07/ST18-001-OP10_C_10317923.webp,https://minnano-toreka.com/wp-content/uploads/2026/07/ST18-001-OP10_C_10317923-215x300.webp
https://minnano-toreka.com/wp-content/uploads/2026/07/EB02-061_SEC_10317362.webp,https://minnano-toreka.com/wp-content/uploads/2026/07/EB02-061_SEC_10317362-215x300.webp
https://minnano-toreka.com/wp-content/uploads/2026/07/OP07-021_R_10317298.webp,https://minnano-toreka.com/wp-content/uploads/2026/07/OP07-021_R_10317298-215x300.webp
https://minnano-toreka.com/wp-content/uploads/2026/07/OP05-010_UC_10317297.webp,https://minnano-toreka.com/wp-content/uploads/2026/07/OP05-010_UC_10317297-215x300.webp
https://minnano-toreka.com/wp-content/uploads/2026/07/EB02-006_SR_10317296.webp,https://minnano-toreka.com/wp-content/uploads/2026/07/EB02-006_SR_10317296-215x300.webp
https://minnano-toreka.com/wp-content/uploads/2026/07/EB02-006_SR_10317265.webp,https://minnano-toreka.com/wp-content/uploads/2026/07/EB02-006_SR_10317265-215x300.webp
https://minnano-toreka.com/wp-content/uploads/2026/07/OP05-082_R_10317264.webp,https://minnano-toreka.com/wp-content/uploads/2026/07/OP05-082_R_10317264-215x300.webp
https://minnano-toreka.com/wp-content/uploads/2026/07/OP05-105_R_10317263.webp,https://minnano-toreka.com/wp-content/uploads/2026/07/OP05-105_R_10317263-215x300.webp
https://minnano-toreka.com/wp-content/uploads/2026/07/ST21-014_SR_10317240.webp,https://minnano-toreka.com/wp-content/uploads/2026/07/ST21-014_SR_10317240-215x300.webp
https://minnano-toreka.com/wp-content/uploads/2026/07/ST01-006_C_10317239.webp,https://minnano-toreka.com/wp-content/uploads/2026/07/ST01-006_C_10317239-215x300.webp
https://minnano-toreka.com/wp-content/uploads/2026/07/OP05-105_R_10317238.webp,https://minnano-toreka.com/wp-content/uploads/2026/07/OP05-105_R_10317238-215x300.webp
https://minnano-toreka.com/wp-content/uploads/2026/07/ST21-013_C_10317237.webp,https://minnano-toreka.com/wp-content/uploads/2026/07/ST21-013_C_10317237-215x300.webp
https://minnano-toreka.com/wp-content/uploads/2026/07/ST21-012_C_10317236.webp,https://minnano-toreka.com/wp-content/uploads/2026/07/ST21-012_C_10317236-215x300.webp
https://minnano-toreka.com/wp-content/uploads/2026/07/OP05-119_SEC_10317235.webp,https://minnano-toreka.com/wp-content/uploads/2026/07/OP05-119_SEC_10317235-215x300.webp
https://minnano-toreka.com/wp-content/uploads/2026/07/EB02-056_SR_10317234.webp,https://minnano-toreka.com/wp-content/uploads/2026/07/EB02-056_SR_10317234-215x300.webp
https://minnano-toreka.com/wp-content/uploads/2026/07/OP10-058_SR_10317233.webp,https://minnano-toreka.com/wp-content/uploads/2026/07/OP10-058_SR_10317233-215x300.webp
https://minnano-toreka.com/wp-content/uploads/2026/07/ST03-013_C_10317232.webp,https://minnano-toreka.com/wp-content/uploads/2026/07/ST03-013_C_10317232-215x300.webp
https://minnano-toreka.com/wp-content/uploads/2026/07/ST21-011_C_10317231.webp,https://minnano-toreka.com/wp-content/uploads/2026/07/ST21-011_C_10317231-215x300.webp
https://minnano-toreka.com/wp-content/uploads/2026/07/OP10-058_SR_10317230.webp,https://minnano-toreka.com/wp-content/uploads/2026/07/OP10-058_SR_10317230-215x300.webp
https://minnano-toreka.com/wp-content/uploads/2026/07/EB02-048_R_10317229.webp,https://minnano-toreka.com/wp-content/uploads/2026/07/EB02-048_R_10317229-215x300.webp
https://minnano-toreka.com/wp-content/uploads/2026/07/OP05-074_SR_10317228.webp,https://minnano-toreka.com/wp-content/uploads/2026/07/OP05-074_SR_10317228-215x300.webp
https://minnano-toreka.com/wp-content/uploads/2026/07/OP10-037_R_10317227.webp,https://minnano-toreka.com/wp-content/uploads/2026/07/OP10-037_R_10317227-215x300.webp
https://minnano-toreka.com/wp-content/uploads/2026/07/OP06-060_C_10317226.webp,https://minnano-toreka.com/wp-content/uploads/2026/07/OP06-060_C_10317226-215x300.webp
https://minnano-toreka.com/wp-content/uploads/2026/07/ST21-010_C_10317225.webp,https://minnano-toreka.com/wp-content/uploads/2026/07/ST21-010_C_10317225-215x300.webp
https://minnano-toreka.com/wp-content/uploads/2026/07/OP06-003_UC_10317223.webp,https://minnano-toreka.com/wp-content/uploads/2026/07/OP06-003_UC_10317223-215x300.webp
https://minnano-toreka.com/wp-content/uploads/2026/07/EB02-026_SR_10317222.webp,https://minnano-toreka.com/wp-content/uploads/2026/07/EB02-026_SR_10317222-215x300.webp
https://minnano-toreka.com/wp-content/uploads/2026/07/OP06-068_C_10317221.webp,https://minnano-toreka.com/wp-content/uploads/2026/07/OP06-068_C_10317221-215x300.webp
https://minnano-toreka.com/wp-content/uploads/2026/07/OP07-059_L_10317220.webp,https://minnano-toreka.com/wp-content/uploads/2026/07/OP07-059_L_10317220-216x300.webp
https://minnano-toreka.com/wp-content/uploads/2026/07/OP06-106_SR_10317219.webp,https://minnano-toreka.com/wp-content/uploads/2026/07/OP06-106_SR_10317219-215x300.webp
https://minnano-toreka.com/wp-content/uploads/2026/07/OP06-022_L_10317217.webp,https://minnano-toreka.com/wp-content/uploads/2026/07/OP06-022_L_10317217-215x300.webp
https://minnano-toreka.com/wp-content/uploads/2026/07/OP06-079_C_10317216.webp,https://minnano-toreka.com/wp-content/uploads/2026/07/OP06-079_C_10317216-215x300.webp
https://minnano-toreka.com/wp-content/uploads/2026/07/EB02-026_SR_10317215.webp,https://minnano-toreka.com/wp-content/uploads/2026/07/EB02-026_SR_10317215-215x300.webp
https://minnano-toreka.com/wp-content/uploads/2026/07/OP06-091_UC_10317214.webp,https://minnano-toreka.com/wp-content/uploads/2026/07/OP06-091_UC_10317214-215x300.webp
https://minnano-toreka.com/wp-content/uploads/2026/07/ST21-007_C_10317213.webp,https://minnano-toreka.com/wp-content/uploads/2026/07/ST21-007_C_10317213-215x300.webp
https://minnano-toreka.com/wp-content/uploads/2026/07/OP06-020_L_10317212.webp,https://minnano-toreka.com/wp-content/uploads/2026/07/OP06-020_L_10317212-215x300.webp
https://minnano-toreka.com/wp-content/uploads/2026/07/OP06-036_R_10317211.webp,https://minnano-toreka.com/wp-content/uploads/2026/07/OP06-036_R_10317211-215x300.webp
https://minnano-toreka.com/wp-content/uploads/2026/07/OP06-021_L_10317210.webp,https://minnano-toreka.com/wp-content/uploads/2026/07/OP06-021_L_10317210-217x300.webp
https://minnano-toreka.com/wp-content/uploads/2026/07/OP06-069_SR_10317209.webp,https://minnano-toreka.com/wp-content/uploads/2026/07/OP06-069_SR_10317209-215x300.webp
https://minnano-toreka.com/wp-content/uploads/2026/07/OP06-080_L_10317208.webp,https://minnano-toreka.com/wp-content/uploads/2026/07/OP06-080_L_10317208-214x300.webp
https://minnano-toreka.com/wp-content/uploads/2026/07/OP06-114_UC_10317207.webp,https://minnano-toreka.com/wp-content/uploads/2026/07/OP06-114_UC_10317207-215x300.webp
https://minnano-toreka.com/wp-content/uploads/2026/07/OP05-015_R_10317206.webp,https://minnano-toreka.com/wp-content/uploads/2026/07/OP05-015_R_10317206-215x300.webp
https://minnano-toreka.com/wp-content/uploads/2026/07/ST21-005_C_10317204.webp,https://minnano-toreka.com/wp-content/uploads/2026/07/ST21-005_C_10317204-215x300.webp
https://minnano-toreka.com/wp-content/uploads/2026/07/OP05-093_SR_10317201.webp,https://minnano-toreka.com/wp-content/uploads/2026/07/OP05-093_SR_10317201-215x300.webp
https://minnano-toreka.com/wp-content/uploads/2026/07/OP06-066_C_10317199.webp,https://minnano-toreka.com/wp-content/uploads/2026/07/OP06-066_C_10317199-215x300.webp
https://minnano-toreka.com/wp-content/uploads/2026/07/ST21-004_C_10317198.webp,https://minnano-toreka.com/wp-content/uploads/2026/07/ST21-004_C_10317198-215x300.webp
https://minnano-toreka.com/wp-content/uploads/2026/07/OP05-034_R_10317196.webp,https://minnano-toreka.com/wp-content/uploads/2026/07/OP05-034_R_10317196-215x300.webp
https://minnano-toreka.com/wp-content/uploads/2026/07/OP05-002_L_10317195.webp,https://minnano-toreka.com/wp-content/uploads/2026/07/OP05-002_L_10317195-215x300.webp
https://minnano-toreka.com/wp-content/uploads/2026/07/P06-067_R_10317193.webp,https://minnano-toreka.com/wp-content/uploads/2026/07/P06-067_R_10317193-215x300.webp
https://minnano-toreka.com/wp-content/uploads/2026/07/OP05-022_L_10317191.webp,https://minnano-toreka.com/wp-content/uploads/2026/07/OP05-022_L_10317191-215x300.webp
https://minnano-toreka.com/wp-content/uploads/2026/07/ST21-002_C_10317188.webp,https://minnano-toreka.com/wp-content/uploads/2026/07/ST21-002_C_10317188-215x300.webp
https://minnano-toreka.com/wp-content/uploads/2026/07/ST06-010_C_10317187.webp,https://minnano-toreka.com/wp-content/uploads/2026/07/ST06-010_C_10317187-215x300.webp
https://minnano-toreka.com/wp-content/uploads/2026/07/ST10-010_SR_10317186.webp,https://minnano-toreka.com/wp-content/uploads/2026/07/ST10-010_SR_10317186-215x300.webp
https://minnano-toreka.com/wp-content/uploads/2026/07/OP06-065_R_10317185.webp,https://minnano-toreka.com/wp-content/uploads/2026/07/OP06-065_R_10317185-215x300.webp
https://minnano-toreka.com/wp-content/uploads/2026/07/ST04-003_SR_10317184.webp,https://minnano-toreka.com/wp-content/uploads/2026/07/ST04-003_SR_10317184-215x300.webp
https://minnano-toreka.com/wp-content/uploads/2026/07/ST12-012_SP_10317183.webp,https://minnano-toreka.com/wp-content/uploads/2026/07/ST12-012_SP_10317183-215x300.webp
https://minnano-toreka.com/wp-content/uploads/2026/07/OP05-001_L_10317182.webp,https://minnano-toreka.com/wp-content/uploads/2026/07/OP05-001_L_10317182-206x300.webp
https://minnano-toreka.com/wp-content/uploads/2026/07/OP09-118_SEC_10317077.webp,https://minnano-toreka.com/wp-content/uploads/2026/07/OP09-118_SEC_10317077-215x300.webp
https://minnano-toreka.com/wp-content/uploads/2026/07/OP09-118_SEC_10317075.webp,https://minnano-toreka.com/wp-content/uploads/2026/07/OP09-118_SEC_10317075-215x300.webp
https://minnano-toreka.com/wp-content/uploads/2026/07/OP09-103_SR_10317072.webp,https://minnano-toreka.com/wp-content/uploads/2026/07/OP09-103_SR_10317072-215x300.webp
https://minnano-toreka.com/wp-content/uploads/2026/07/OP09-046_SR_10317070.webp,https://minnano-toreka.com/wp-content/uploads/2026/07/OP09-046_SR_10317070-215x300.webp
https://minnano-toreka.com/wp-content/uploads/2026/07/OP08-098_L_10317069.webp,https://minnano-toreka.com/wp-content/uploads/2026/07/OP08-098_L_10317069-214x300.webp
https://minnano-toreka.com/wp-content/uploads/2026/07/OP07-015_SR_10316999.webp,https://minnano-toreka.com/wp-content/uploads/2026/07/OP07-015_SR_10316999-215x300.webp
https://minnano-toreka.com/wp-content/uploads/2026/07/OP04-029_C_10316975.webp,https://minnano-toreka.com/wp-content/uploads/2026/07/OP04-029_C_10316975-215x300.webp
https://minnano-toreka.com/wp-content/uploads/2026/07/OP04-104_SR_10316972.webp,https://minnano-toreka.com/wp-content/uploads/2026/07/OP04-104_SR_10316972-215x300.webp
https://minnano-toreka.com/wp-content/uploads/2026/07/OP04-031_SR_10316967.webp,https://minnano-toreka.com/wp-content/uploads/2026/07/OP04-031_SR_10316967-215x300.webp
https://minnano-toreka.com/wp-content/uploads/2026/07/OP04-032_UC_10316958.webp,https://minnano-toreka.com/wp-content/uploads/2026/07/OP04-032_UC_10316958-215x300.webp
https://minnano-toreka.com/wp-content/uploads/2026/07/OP03-123_SEC_10316953.webp,https://minnano-toreka.com/wp-content/uploads/2026/07/OP03-123_SEC_10316953-215x300.webp
https://minnano-toreka.com/wp-content/uploads/2026/07/OP03-113_SR_10316941.webp,https://minnano-toreka.com/wp-content/uploads/2026/07/OP03-113_SR_10316941-215x300.webp
https://minnano-toreka.com/wp-content/uploads/2026/07/OP02-106_UC_10316935.webp,https://minnano-toreka.com/wp-content/uploads/2026/07/OP02-106_UC_10316935-215x300.webp
https://minnano-toreka.com/wp-content/uploads/2026/07/OP02-114_SR_10316934.webp,https://minnano-toreka.com/wp-content/uploads/2026/07/OP02-114_SR_10316934-215x300.webp
https://minnano-toreka.com/wp-content/uploads/2026/07/EB01-001_L_10316860.webp,https://minnano-toreka.com/wp-content/uploads/2026/07/EB01-001_L_10316860-214x300.webp
https://minnano-toreka.com/wp-content/uploads/2026/07/OP02-018_R_10316858.webp,https://minnano-toreka.com/wp-content/uploads/2026/07/OP02-018_R_10316858-215x300.webp
https://minnano-toreka.com/wp-content/uploads/2026/07/EB01-040_L_10316856.webp,https://minnano-toreka.com/wp-content/uploads/2026/07/EB01-040_L_10316856-214x300.webp
https://minnano-toreka.com/wp-content/uploads/2026/07/none_none_10316854.webp,https://minnano-toreka.com/wp-content/uploads/2026/07/none_none_10316854-215x300.webp
https://minnano-toreka.com/wp-content/uploads/2026/07/OP09-001_L_10316853.webp,https://minnano-toreka.com/wp-content/uploads/2026/07/OP09-001_L_10316853-215x300.webp
https://minnano-toreka.com/wp-content/uploads/2026/07/none_none_10316852.webp,https://minnano-toreka.com/wp-content/uploads/2026/07/none_none_10316852-215x300.webp
https://minnano-toreka.com/wp-content/uploads/2026/07/OP09-065_SR_10316851.webp,https://minnano-toreka.com/wp-content/uploads/2026/07/OP09-065_SR_10316851-215x300.webp
https://minnano-toreka.com/wp-content/uploads/2026/07/OP07-019_L_10316850.webp,https://minnano-toreka.com/wp-content/uploads/2026/07/OP07-019_L_10316850-174x300.webp
https://minnano-toreka.com/wp-content/uploads/2026/07/OP09-065_SR_10316849.webp,https://minnano-toreka.com/wp-content/uploads/2026/07/OP09-065_SR_10316849-215x300.webp
https://minnano-toreka.com/wp-content/uploads/2026/07/none_none_10316848.webp,https://minnano-toreka.com/wp-content/uploads/2026/07/none_none_10316848-214x300.webp
https://minnano-toreka.com/wp-content/uploads/2026/07/EB02-011_SR_10316847.webp,https://minnano-toreka.com/wp-content/uploads/2026/07/EB02-011_SR_10316847-215x300.webp
https://minnano-toreka.com/wp-content/uploads/2026/07/EB02-011_SR_10316846.webp,https://minnano-toreka.com/wp-content/uploads/2026/07/EB02-011_SR_10316846-215x300.webp
https://minnano-toreka.com/wp-content/uploads/2026/07/none_none_10316845.webp,https://minnano-toreka.com/wp-content/uploads/2026/07/none_none_10316845-217x300.webp
https://minnano-toreka.com/wp-content/uploads/2026/07/EB02-054_R_10316844.webp,https://minnano-toreka.com/wp-content/uploads/2026/07/EB02-054_R_10316844-215x300.webp
https://minnano-toreka.com/wp-content/uploads/2026/07/EB01-021_L_10316843.webp,https://minnano-toreka.com/wp-content/uploads/2026/07/EB01-021_L_10316843-215x300.webp
https://minnano-toreka.com/wp-content/uploads/2026/07/none_none_10316842.webp,https://minnano-toreka.com/wp-content/uploads/2026/07/none_none_10316842-210x300.webp
https://minnano-toreka.com/wp-content/uploads/2026/07/OP09-002_R_10316841.webp,https://minnano-toreka.com/wp-content/uploads/2026/07/OP09-002_R_10316841-215x300.webp
https://minnano-toreka.com/wp-content/uploads/2026/07/EB02-052_SR_10316840.webp,https://minnano-toreka.com/wp-content/uploads/2026/07/EB02-052_SR_10316840-215x300.webp
https://minnano-toreka.com/wp-content/uploads/2026/07/EB02-052_SR_10316839.webp,https://minnano-toreka.com/wp-content/uploads/2026/07/EB02-052_SR_10316839-215x300.webp
https://minnano-toreka.com/wp-content/uploads/2026/07/OP08-002_L_10316838.webp,https://minnano-toreka.com/wp-content/uploads/2026/07/OP08-002_L_10316838-215x300.webp
https://minnano-toreka.com/wp-content/uploads/2026/07/OP08-001_L_10316837.webp,https://minnano-toreka.com/wp-content/uploads/2026/07/OP08-001_L_10316837-217x300.webp
https://minnano-toreka.com/wp-content/uploads/2026/07/EB02-022_R_10316836.webp,https://minnano-toreka.com/wp-content/uploads/2026/07/EB02-022_R_10316836-215x300.webp
https://minnano-toreka.com/wp-content/uploads/2026/07/OP08-058_L_10316835.webp,https://minnano-toreka.com/wp-content/uploads/2026/07/OP08-058_L_10316835-214x300.webp
https://minnano-toreka.com/wp-content/uploads/2026/07/OP04-112_SR_10316834.webp,https://minnano-toreka.com/wp-content/uploads/2026/07/OP04-112_SR_10316834-215x300.webp
https://minnano-toreka.com/wp-content/uploads/2026/07/OP08-057_L_10316804.webp,https://minnano-toreka.com/wp-content/uploads/2026/07/OP08-057_L_10316804-215x300.webp
https://minnano-toreka.com/wp-content/uploads/2026/07/OP05-115_R_10316802.webp,https://minnano-toreka.com/wp-content/uploads/2026/07/OP05-115_R_10316802-215x300.webp
https://minnano-toreka.com/wp-content/uploads/2026/07/OP08-021_L_10316801.webp,https://minnano-toreka.com/wp-content/uploads/2026/07/OP08-021_L_10316801-215x300.webp
https://minnano-toreka.com/wp-content/uploads/2026/07/OP05-117_UC_10316768.webp,https://minnano-toreka.com/wp-content/uploads/2026/07/OP05-117_UC_10316768-215x300.webp
https://minnano-toreka.com/wp-content/uploads/2026/07/OP05-043_SR_10316735.webp,https://minnano-toreka.com/wp-content/uploads/2026/07/OP05-043_SR_10316735-215x300.webp
https://minnano-toreka.com/wp-content/uploads/2026/07/OP05-081_UC_10316704.webp,https://minnano-toreka.com/wp-content/uploads/2026/07/OP05-081_UC_10316704-215x300.webp
https://minnano-toreka.com/wp-content/uploads/2026/07/OP05-006_SR_10316703.webp,https://minnano-toreka.com/wp-content/uploads/2026/07/OP05-006_SR_10316703-215x300.webp
https://minnano-toreka.com/wp-content/uploads/2026/07/OP02-004_SR_10316702.webp,https://minnano-toreka.com/wp-content/uploads/2026/07/OP02-004_SR_10316702-215x300.webp
https://minnano-toreka.com/wp-content/uploads/2026/07/none_none_10316649.webp,https://minnano-toreka.com/wp-content/uploads/2026/07/none_none_10316649-300x300.webp
https://minnano-toreka.com/wp-content/uploads/2026/07/ST08-009_C_10316647.webp,https://minnano-toreka.com/wp-content/uploads/2026/07/ST08-009_C_10316647-206x300.webp
https://minnano-toreka.com/wp-content/uploads/2026/07/ST03-013_C_10316644.webp,https://minnano-toreka.com/wp-content/uploads/2026/07/ST03-013_C_10316644-215x300.webp
https://minnano-toreka.com/wp-content/uploads/2026/07/OP02-096_SR_10316643.webp,https://minnano-toreka.com/wp-content/uploads/2026/07/OP02-096_SR_10316643-215x300.webp
https://minnano-toreka.com/wp-content/uploads/2026/07/ST18-002_C_10316642.webp,https://minnano-toreka.com/wp-content/uploads/2026/07/ST18-002_C_10316642-215x300.webp
https://minnano-toreka.com/wp-content/uploads/2026/07/P-053_P_10316641.webp,https://minnano-toreka.com/wp-content/uploads/2026/07/P-053_P_10316641-215x300.webp
https://minnano-toreka.com/wp-content/uploads/2026/07/OP02-121_SEC_10316639.webp,https://minnano-toreka.com/wp-content/uploads/2026/07/OP02-121_SEC_10316639-215x300.webp
https://minnano-toreka.com/wp-content/uploads/2026/07/P-067_P_10316636.webp,https://minnano-toreka.com/wp-content/uploads/2026/07/P-067_P_10316636-206x300.webp
https://minnano-toreka.com/wp-content/uploads/2026/07/OP02-001_L_10316603.webp,https://minnano-toreka.com/wp-content/uploads/2026/07/OP02-001_L_10316603-215x300.webp
https://minnano-toreka.com/wp-content/uploads/2026/07/OP10-042_L_10315532.webp,https://minnano-toreka.com/wp-content/uploads/2026/07/OP10-042_L_10315532-215x300.webp
https://minnano-toreka.com/wp-content/uploads/2026/07/OP09-037_SR_10315531.webp,https://minnano-toreka.com/wp-content/uploads/2026/07/OP09-037_SR_10315531-215x300.webp
https://minnano-toreka.com/wp-content/uploads/2026/07/OP09-022_L_10315530.webp,https://minnano-toreka.com/wp-content/uploads/2026/07/OP09-022_L_10315530-215x300.webp
https://minnano-toreka.com/wp-content/uploads/2026/07/OP09-119_SEC_10315529.webp,https://minnano-toreka.com/wp-content/uploads/2026/07/OP09-119_SEC_10315529-215x300.webp
https://minnano-toreka.com/wp-content/uploads/2026/07/OP09-119_SEC_10315525.webp,https://minnano-toreka.com/wp-content/uploads/2026/07/OP09-119_SEC_10315525-215x300.webp
https://minnano-toreka.com/wp-content/uploads/2026/07/OP10-016_SR_10315524.webp,https://minnano-toreka.com/wp-content/uploads/2026/07/OP10-016_SR_10315524-215x300.webp
https://minnano-toreka.com/wp-content/uploads/2026/07/OP10-090_R_10315523.webp,https://minnano-toreka.com/wp-content/uploads/2026/07/OP10-090_R_10315523-215x300.webp
https://minnano-toreka.com/wp-content/uploads/2026/07/OP10-112_SR_10315522.webp,https://minnano-toreka.com/wp-content/uploads/2026/07/OP10-112_SR_10315522-215x300.webp
https://minnano-toreka.com/wp-content/uploads/2026/07/OP10-072_SR_10315521.webp,https://minnano-toreka.com/wp-content/uploads/2026/07/OP10-072_SR_10315521-215x300.webp
https://minnano-toreka.com/wp-content/uploads/2026/07/OP10-072_SR_10315519.webp,https://minnano-toreka.com/wp-content/uploads/2026/07/OP10-072_SR_10315519-215x300.webp
https://minnano-toreka.com/wp-content/uploads/2026/07/OP10-071_SR_10315516.webp,https://minnano-toreka.com/wp-content/uploads/2026/07/OP10-071_SR_10315516-215x300.webp
https://minnano-toreka.com/wp-content/uploads/2026/07/OP10-112_SR_10315515.webp,https://minnano-toreka.com/wp-content/uploads/2026/07/OP10-112_SR_10315515-215x300.webp
https://minnano-toreka.com/wp-content/uploads/2026/07/OP10-071_SR_10315514.webp,https://minnano-toreka.com/wp-content/uploads/2026/07/OP10-071_SR_10315514-215x300.webp
https://minnano-toreka.com/wp-content/uploads/2026/07/OP10-119_SEC_10315487.webp,https://minnano-toreka.com/wp-content/uploads/2026/07/OP10-119_SEC_10315487-215x300.webp
https://minnano-toreka.com/wp-content/uploads/2026/07/OP10-099_L_10315486.webp,https://minnano-toreka.com/wp-content/uploads/2026/07/OP10-099_L_10315486-215x300.webp
https://minnano-toreka.com/wp-content/uploads/2026/07/OP10-119_SEC_10315485.webp,https://minnano-toreka.com/wp-content/uploads/2026/07/OP10-119_SEC_10315485-215x300.webp
https://minnano-toreka.com/wp-content/uploads/2026/07/OP10-022_L_10315483.webp,https://minnano-toreka.com/wp-content/uploads/2026/07/OP10-022_L_10315483-215x300.webp
https://minnano-toreka.com/wp-content/uploads/2026/07/OP07-001_L_10315482.webp,https://minnano-toreka.com/wp-content/uploads/2026/07/OP07-001_L_10315482-215x300.webp
https://minnano-toreka.com/wp-content/uploads/2026/07/EB02-017_R_10315481.webp,https://minnano-toreka.com/wp-content/uploads/2026/07/EB02-017_R_10315481-215x300.webp
https://minnano-toreka.com/wp-content/uploads/2026/07/OP07-097_L_10315480.webp,https://minnano-toreka.com/wp-content/uploads/2026/07/OP07-097_L_10315480-216x300.webp
https://minnano-toreka.com/wp-content/uploads/2026/07/EB02-045_SR_10315479.webp,https://minnano-toreka.com/wp-content/uploads/2026/07/EB02-045_SR_10315479-215x300.webp
https://minnano-toreka.com/wp-content/uploads/2026/07/EB02-045_SR_10315478.webp,https://minnano-toreka.com/wp-content/uploads/2026/07/EB02-045_SR_10315478-215x300.webp
https://minnano-toreka.com/wp-content/uploads/2026/07/OP09-061_L_10315477.webp,https://minnano-toreka.com/wp-content/uploads/2026/07/OP09-061_L_10315477-215x300.webp
https://minnano-toreka.com/wp-content/uploads/2026/07/EB02-003_R_10315476.webp,https://minnano-toreka.com/wp-content/uploads/2026/07/EB02-003_R_10315476-215x300.webp
https://minnano-toreka.com/wp-content/uploads/2026/07/EB02-044_SR_10315475.webp,https://minnano-toreka.com/wp-content/uploads/2026/07/EB02-044_SR_10315475-215x300.webp
https://minnano-toreka.com/wp-content/uploads/2026/07/EB02-044_SR_10315474.webp,https://minnano-toreka.com/wp-content/uploads/2026/07/EB02-044_SR_10315474-215x300.webp
https://minnano-toreka.com/wp-content/uploads/2026/07/OP09-093_SR_10315473.webp,https://minnano-toreka.com/wp-content/uploads/2026/07/OP09-093_SR_10315473-215x300.webp
https://minnano-toreka.com/wp-content/uploads/2026/07/EB02-015_SR_10315472.webp,https://minnano-toreka.com/wp-content/uploads/2026/07/EB02-015_SR_10315472-215x300.webp
https://minnano-toreka.com/wp-content/uploads/2026/07/EB02-015_SR_10315470.webp,https://minnano-toreka.com/wp-content/uploads/2026/07/EB02-015_SR_10315470-215x300.webp
https://minnano-toreka.com/wp-content/uploads/2026/07/OP10-118_SEC_10315468.webp,https://minnano-toreka.com/wp-content/uploads/2026/07/OP10-118_SEC_10315468-215x300.webp
https://minnano-toreka.com/wp-content/uploads/2026/07/EB02-035_SR_10315466.webp,https://minnano-toreka.com/wp-content/uploads/2026/07/EB02-035_SR_10315466-215x300.webp
https://minnano-toreka.com/wp-content/uploads/2026/07/EB02-035_SR_10315465.webp,https://minnano-toreka.com/wp-content/uploads/2026/07/EB02-035_SR_10315465-215x300.webp
https://minnano-toreka.com/wp-content/uploads/2026/07/OP09-009_SR_10315464.webp,https://minnano-toreka.com/wp-content/uploads/2026/07/OP09-009_SR_10315464-215x300.webp
https://minnano-toreka.com/wp-content/uploads/2026/07/OP09-062_L_10315463.webp,https://minnano-toreka.com/wp-content/uploads/2026/07/OP09-062_L_10315463-215x300.webp
https://minnano-toreka.com/wp-content/uploads/2026/07/OP10-118_SEC_10315462.webp,https://minnano-toreka.com/wp-content/uploads/2026/07/OP10-118_SEC_10315462-215x300.webp
https://minnano-toreka.com/wp-content/uploads/2026/07/OP09-009_SR_10315461.webp,https://minnano-toreka.com/wp-content/uploads/2026/07/OP09-009_SR_10315461-215x300.webp
https://minnano-toreka.com/wp-content/uploads/2026/07/OP09-050_R_10315460.webp,https://minnano-toreka.com/wp-content/uploads/2026/07/OP09-050_R_10315460-215x300.webp
https://minnano-toreka.com/wp-content/uploads/2026/07/OP09-069_R_10315457.webp,https://minnano-toreka.com/wp-content/uploads/2026/07/OP09-069_R_10315457-215x300.webp
https://minnano-toreka.com/wp-content/uploads/2026/07/OP10-111_R_10315456.webp,https://minnano-toreka.com/wp-content/uploads/2026/07/OP10-111_R_10315456-215x300.webp
https://minnano-toreka.com/wp-content/uploads/2026/07/OP09-048_SR_10315454.webp,https://minnano-toreka.com/wp-content/uploads/2026/07/OP09-048_SR_10315454-215x300.webp
https://minnano-toreka.com/wp-content/uploads/2026/07/OP09-004_SR_10315453.webp,https://minnano-toreka.com/wp-content/uploads/2026/07/OP09-004_SR_10315453-215x300.webp
https://minnano-toreka.com/wp-content/uploads/2026/07/OP09-004_SR_10315452.webp,https://minnano-toreka.com/wp-content/uploads/2026/07/OP09-004_SR_10315452-215x300.webp
https://minnano-toreka.com/wp-content/uploads/2026/07/OP10-032_SR_10315451.webp,https://minnano-toreka.com/wp-content/uploads/2026/07/OP10-032_SR_10315451-215x300.webp
https://minnano-toreka.com/wp-content/uploads/2026/07/OP10-067_R_10315450.webp,https://minnano-toreka.com/wp-content/uploads/2026/07/OP10-067_R_10315450-215x300.webp
https://minnano-toreka.com/wp-content/uploads/2026/07/OP10-030_SR_10315449.webp,https://minnano-toreka.com/wp-content/uploads/2026/07/OP10-030_SR_10315449-215x300.webp
https://minnano-toreka.com/wp-content/uploads/2026/07/OP09-034_R_10315448.webp,https://minnano-toreka.com/wp-content/uploads/2026/07/OP09-034_R_10315448-215x300.webp
https://minnano-toreka.com/wp-content/uploads/2026/07/OP09-072_SR_10315419.webp,https://minnano-toreka.com/wp-content/uploads/2026/07/OP09-072_SR_10315419-215x300.webp
https://minnano-toreka.com/wp-content/uploads/2026/07/OP10-030_SR_10315418.webp,https://minnano-toreka.com/wp-content/uploads/2026/07/OP10-030_SR_10315418-215x300.webp
https://minnano-toreka.com/wp-content/uploads/2026/07/OP10-001_L_10315417.webp,https://minnano-toreka.com/wp-content/uploads/2026/07/OP10-001_L_10315417-215x300.webp
https://minnano-toreka.com/wp-content/uploads/2026/07/OP10-003_L_10315416.webp,https://minnano-toreka.com/wp-content/uploads/2026/07/OP10-003_L_10315416-215x300.webp
https://minnano-toreka.com/wp-content/uploads/2026/07/OP10-005_SR_10315415.webp,https://minnano-toreka.com/wp-content/uploads/2026/07/OP10-005_SR_10315415-215x300.webp
https://minnano-toreka.com/wp-content/uploads/2026/07/OP10-005_SR_10315390.webp,https://minnano-toreka.com/wp-content/uploads/2026/07/OP10-005_SR_10315390-215x300.webp
https://minnano-toreka.com/wp-content/uploads/2026/07/OP09-051_R_10315389.webp,https://minnano-toreka.com/wp-content/uploads/2026/07/OP09-051_R_10315389-215x300.webp
https://minnano-toreka.com/wp-content/uploads/2026/07/OP10-082_SR_10315388.webp,https://minnano-toreka.com/wp-content/uploads/2026/07/OP10-082_SR_10315388-215x300.webp
https://minnano-toreka.com/wp-content/uploads/2026/07/OP09-042_L_10315387.webp,https://minnano-toreka.com/wp-content/uploads/2026/07/OP09-042_L_10315387-215x300.webp
https://minnano-toreka.com/wp-content/uploads/2026/07/OP10-016_SR_10315386.webp,https://minnano-toreka.com/wp-content/uploads/2026/07/OP10-016_SR_10315386-215x300.webp
https://minnano-toreka.com/wp-content/uploads/2026/07/OP10-082_SR_10315385.webp,https://minnano-toreka.com/wp-content/uploads/2026/07/OP10-082_SR_10315385-215x300.webp
https://minnano-toreka.com/wp-content/uploads/2026/07/OP09-107_R_10315384.webp,https://minnano-toreka.com/wp-content/uploads/2026/07/OP09-107_R_10315384-215x300.webp
https://minnano-toreka.com/wp-content/uploads/2026/07/OP10-046_SR_10315383.webp,https://minnano-toreka.com/wp-content/uploads/2026/07/OP10-046_SR_10315383-215x300.webp
https://minnano-toreka.com/wp-content/uploads/2026/07/OP10-045_R_10315382.webp,https://minnano-toreka.com/wp-content/uploads/2026/07/OP10-045_R_10315382-215x300.webp
https://minnano-toreka.com/wp-content/uploads/2026/07/OP06-042_L_10314135.webp,https://minnano-toreka.com/wp-content/uploads/2026/07/OP06-042_L_10314135-214x300.webp
https://minnano-toreka.com/wp-content/uploads/2026/07/EB02-010_L_10314134.webp,https://minnano-toreka.com/wp-content/uploads/2026/07/EB02-010_L_10314134-215x300.webp
https://minnano-toreka.com/wp-content/uploads/2026/07/OP06-001_L_10314133.webp,https://minnano-toreka.com/wp-content/uploads/2026/07/OP06-001_L_10314133-215x300.webp
https://minnano-toreka.com/wp-content/uploads/2026/07/OP07-019_L_10314132.webp,https://minnano-toreka.com/wp-content/uploads/2026/07/OP07-019_L_10314132-216x300.webp
https://minnano-toreka.com/wp-content/uploads/2026/07/OP05-098_L_10314131.webp,https://minnano-toreka.com/wp-content/uploads/2026/07/OP05-098_L_10314131-215x300.webp
https://minnano-toreka.com/wp-content/uploads/2026/07/OP05-060_L_10314130.webp,https://minnano-toreka.com/wp-content/uploads/2026/07/OP05-060_L_10314130-216x300.webp
https://minnano-toreka.com/wp-content/uploads/2026/07/OP07-038_L_10314129.webp,https://minnano-toreka.com/wp-content/uploads/2026/07/OP07-038_L_10314129-215x300.webp
https://minnano-toreka.com/wp-content/uploads/2026/07/EB02-061_SEC_10314128.webp,https://minnano-toreka.com/wp-content/uploads/2026/07/EB02-061_SEC_10314128-215x300.webp
https://minnano-toreka.com/wp-content/uploads/2026/07/EB01-046_SR_10314100.webp,https://minnano-toreka.com/wp-content/uploads/2026/07/EB01-046_SR_10314100-215x300.webp
https://minnano-toreka.com/wp-content/uploads/2026/07/OP08-074_SR_10314099.webp,https://minnano-toreka.com/wp-content/uploads/2026/07/OP08-074_SR_10314099-215x300.webp
https://minnano-toreka.com/wp-content/uploads/2026/07/EB01-006_SR_10314098.webp,https://minnano-toreka.com/wp-content/uploads/2026/07/EB01-006_SR_10314098-215x300.webp
https://minnano-toreka.com/wp-content/uploads/2026/07/OP09-106_C_10314097.webp,https://minnano-toreka.com/wp-content/uploads/2026/07/OP09-106_C_10314097-215x300.webp
https://minnano-toreka.com/wp-content/uploads/2026/07/OP01-077_UC_10314095.webp,https://minnano-toreka.com/wp-content/uploads/2026/07/OP01-077_UC_10314095-215x300.webp
https://minnano-toreka.com/wp-content/uploads/2026/07/OP09-069_R_10314062.webp,https://minnano-toreka.com/wp-content/uploads/2026/07/OP09-069_R_10314062-206x300.webp
https://minnano-toreka.com/wp-content/uploads/2026/07/OP03-003_R_10313932.webp,https://minnano-toreka.com/wp-content/uploads/2026/07/OP03-003_R_10313932-215x300.webp
https://minnano-toreka.com/wp-content/uploads/2026/07/03-056_UC_10313931.webp,https://minnano-toreka.com/wp-content/uploads/2026/07/03-056_UC_10313931-215x300.webp
https://minnano-toreka.com/wp-content/uploads/2026/07/OP03-116_UC_10313930.webp,https://minnano-toreka.com/wp-content/uploads/2026/07/OP03-116_UC_10313930-215x300.webp
https://minnano-toreka.com/wp-content/uploads/2026/07/OP03-089_R_10313897.webp,https://minnano-toreka.com/wp-content/uploads/2026/07/OP03-089_R_10313897-215x300.webp
https://minnano-toreka.com/wp-content/uploads/2026/07/OP04-100_R_10313864.webp,https://minnano-toreka.com/wp-content/uploads/2026/07/OP04-100_R_10313864-215x300.webp
https://minnano-toreka.com/wp-content/uploads/2026/07/OP08-069_SR_10313733.webp,https://minnano-toreka.com/wp-content/uploads/2026/07/OP08-069_SR_10313733-210x300.webp
https://minnano-toreka.com/wp-content/uploads/2026/07/OP06-021_L_10313732.webp,https://minnano-toreka.com/wp-content/uploads/2026/07/OP06-021_L_10313732-215x300.webp
https://minnano-toreka.com/wp-content/uploads/2026/07/ST21-003_C_10313700.webp,https://minnano-toreka.com/wp-content/uploads/2026/07/ST21-003_C_10313700-215x300.webp
https://minnano-toreka.com/wp-content/uploads/2026/07/OP06-118_SEC_10313699.webp,https://minnano-toreka.com/wp-content/uploads/2026/07/OP06-118_SEC_10313699-215x300.webp
https://minnano-toreka.com/wp-content/uploads/2026/07/ST21-006_C_10313258.webp,https://minnano-toreka.com/wp-content/uploads/2026/07/ST21-006_C_10313258-215x300.webp
https://minnano-toreka.com/wp-content/uploads/2026/07/ST21-008_C_10313257.webp,https://minnano-toreka.com/wp-content/uploads/2026/07/ST21-008_C_10313257-215x300.webp
https://minnano-toreka.com/wp-content/uploads/2026/07/ST21-001_L_10313254.webp,https://minnano-toreka.com/wp-content/uploads/2026/07/ST21-001_L_10313254-215x300.webp
https://minnano-toreka.com/wp-content/uploads/2026/07/ST21-015_SR_10313244.webp,https://minnano-toreka.com/wp-content/uploads/2026/07/ST21-015_SR_10313244-215x300.webp
https://minnano-toreka.com/wp-content/uploads/2026/07/OP05-030_R_10313239.webp,https://minnano-toreka.com/wp-content/uploads/2026/07/OP05-030_R_10313239-212x300.webp
https://minnano-toreka.com/wp-content/uploads/2026/07/OP01-025_SR_10313238.webp,https://minnano-toreka.com/wp-content/uploads/2026/07/OP01-025_SR_10313238-215x300.webp
https://minnano-toreka.com/wp-content/uploads/2026/07/OP10-019_R_10313205.webp,https://minnano-toreka.com/wp-content/uploads/2026/07/OP10-019_R_10313205-215x300.webp
https://minnano-toreka.com/wp-content/uploads/2026/07/ST17-004_SR_10313138.webp,https://minnano-toreka.com/wp-content/uploads/2026/07/ST17-004_SR_10313138-215x300.webp
https://minnano-toreka.com/wp-content/uploads/2026/07/OP03-081_R_10313106.webp,https://minnano-toreka.com/wp-content/uploads/2026/07/OP03-081_R_10313106-215x300.webp
https://minnano-toreka.com/wp-content/uploads/2026/07/EB01-043_R_10313105.webp,https://minnano-toreka.com/wp-content/uploads/2026/07/EB01-043_R_10313105-215x300.webp
https://minnano-toreka.com/wp-content/uploads/2026/07/ST16-001_SR_10313072.webp,https://minnano-toreka.com/wp-content/uploads/2026/07/ST16-001_SR_10313072-215x300.webp
https://minnano-toreka.com/wp-content/uploads/2026/07/OP05-093_SR_10313040.webp,https://minnano-toreka.com/wp-content/uploads/2026/07/OP05-093_SR_10313040-215x300.webp
https://minnano-toreka.com/wp-content/uploads/2026/07/ST10-013_SR_10313039.webp,https://minnano-toreka.com/wp-content/uploads/2026/07/ST10-013_SR_10313039-215x300.webp
https://minnano-toreka.com/wp-content/uploads/2026/07/OP04-056_R_10313008.webp,https://minnano-toreka.com/wp-content/uploads/2026/07/OP04-056_R_10313008-215x300.webp
https://minnano-toreka.com/wp-content/uploads/2026/07/ST01-007_C_10313006.webp,https://minnano-toreka.com/wp-content/uploads/2026/07/ST01-007_C_10313006-215x300.webp
https://minnano-toreka.com/wp-content/uploads/2026/07/OP03-116_UC_10309707.webp,https://minnano-toreka.com/wp-content/uploads/2026/07/OP03-116_UC_10309707-213x300.webp
https://minnano-toreka.com/wp-content/uploads/2026/07/OP10-119_SEC_10309706.webp,https://minnano-toreka.com/wp-content/uploads/2026/07/OP10-119_SEC_10309706-215x300.webp
https://minnano-toreka.com/wp-content/uploads/2026/07/ST17-004_SR_10309607.webp,https://minnano-toreka.com/wp-content/uploads/2026/07/ST17-004_SR_10309607-215x300.webp
https://minnano-toreka.com/wp-content/uploads/2026/07/OP07-064_SR_10304594.webp,https://minnano-toreka.com/wp-content/uploads/2026/07/OP07-064_SR_10304594-214x300.webp
https://minnano-toreka.com/wp-content/uploads/2026/07/ST13-015_SR_10304593.webp,https://minnano-toreka.com/wp-content/uploads/2026/07/ST13-015_SR_10304593-214x300.webp
https://minnano-toreka.com/wp-content/uploads/2026/07/OP02-013_SR_10304592.webp,https://minnano-toreka.com/wp-content/uploads/2026/07/OP02-013_SR_10304592-215x300.webp
https://minnano-toreka.com/wp-content/uploads/2026/07/OP03-044_R_10304591.webp,https://minnano-toreka.com/wp-content/uploads/2026/07/OP03-044_R_10304591-215x300.webp
https://minnano-toreka.com/wp-content/uploads/2026/07/OP06-118_SEC_10304571.webp,https://minnano-toreka.com/wp-content/uploads/2026/07/OP06-118_SEC_10304571-214x300.webp
https://minnano-toreka.com/wp-content/uploads/2026/07/OP04-083_SR_10304464.webp,https://minnano-toreka.com/wp-content/uploads/2026/07/OP04-083_SR_10304464-208x300.webp
https://minnano-toreka.com/wp-content/uploads/2026/07/ST10-013_SR_10304463.webp,https://minnano-toreka.com/wp-content/uploads/2026/07/ST10-013_SR_10304463-217x300.webp
https://minnano-toreka.com/wp-content/uploads/2026/07/OP05-093_SR_10304461.webp,https://minnano-toreka.com/wp-content/uploads/2026/07/OP05-093_SR_10304461-213x300.webp
https://minnano-toreka.com/wp-content/uploads/2026/07/OP08-105_SR_10304460.webp,https://minnano-toreka.com/wp-content/uploads/2026/07/OP08-105_SR_10304460-215x300.webp
https://minnano-toreka.com/wp-content/uploads/2026/07/ST16-001_SR_10304459.webp,https://minnano-toreka.com/wp-content/uploads/2026/07/ST16-001_SR_10304459-215x300.webp
https://minnano-toreka.com/wp-content/uploads/2026/07/ST01-007_C_10304427.webp,https://minnano-toreka.com/wp-content/uploads/2026/07/ST01-007_C_10304427-215x300.webp
https://minnano-toreka.com/wp-content/uploads/2026/07/ST21-001_L_10304426.webp,https://minnano-toreka.com/wp-content/uploads/2026/07/ST21-001_L_10304426-215x300.webp
https://minnano-toreka.com/wp-content/uploads/2026/07/OP04-092_R_10304395.webp,https://minnano-toreka.com/wp-content/uploads/2026/07/OP04-092_R_10304395-206x300.webp
https://minnano-toreka.com/wp-content/uploads/2026/07/ST21-009_C_10304394.webp,https://minnano-toreka.com/wp-content/uploads/2026/07/ST21-009_C_10304394-215x300.webp
https://minnano-toreka.com/wp-content/uploads/2026/07/OP01-030_UC_10304393.webp,https://minnano-toreka.com/wp-content/uploads/2026/07/OP01-030_UC_10304393-214x300.webp
https://minnano-toreka.com/wp-content/uploads/2026/07/OP08-067_R_10304297.webp,https://minnano-toreka.com/wp-content/uploads/2026/07/OP08-067_R_10304297-206x300.webp
https://minnano-toreka.com/wp-content/uploads/2026/07/none_none_10300796.webp,https://minnano-toreka.com/wp-content/uploads/2026/07/none_none_10300796-212x300.webp
https://minnano-toreka.com/wp-content/uploads/2026/07/none_none_10299287.webp,https://minnano-toreka.com/wp-content/uploads/2026/07/none_none_10299287-215x300.webp
https://minnano-toreka.com/wp-content/uploads/2026/07/none_none_10299286.webp,https://minnano-toreka.com/wp-content/uploads/2026/07/none_none_10299286-215x300.webp
https://minnano-toreka.com/wp-content/uploads/2026/07/none_none_10299285.webp,https://minnano-toreka.com/wp-content/uploads/2026/07/none_none_10299285-215x300.webp
https://minnano-toreka.com/wp-content/uploads/2026/07/none_none_10299281.webp,https://minnano-toreka.com/wp-content/uploads/2026/07/none_none_10299281-181x300.webp
https://minnano-toreka.com/wp-content/uploads/2026/07/none_none_10299221.webp,https://minnano-toreka.com/wp-content/uploads/2026/07/none_none_10299221-215x300.webp
https://minnano-toreka.com/wp-content/uploads/2026/07/OP05-119-OP09_SEC_10299212.webp,https://minnano-toreka.com/wp-content/uploads/2026/07/OP05-119-OP09_SEC_10299212-215x300.webp
https://minnano-toreka.com/wp-content/uploads/2026/07/OP05-098_L_10298817.webp,https://minnano-toreka.com/wp-content/uploads/2026/07/OP05-098_L_10298817-206x300.webp
https://minnano-toreka.com/wp-content/uploads/2026/07/none_none_10298816.webp,https://minnano-toreka.com/wp-content/uploads/2026/07/none_none_10298816-215x300.webp
https://minnano-toreka.com/wp-content/uploads/2026/07/none_none_10298815.webp,https://minnano-toreka.com/wp-content/uploads/2026/07/none_none_10298815-215x300.webp
https://minnano-toreka.com/wp-content/uploads/2026/07/a9829.webp,https://minnano-toreka.com/wp-content/uploads/2026/07/a9829-215x300.webp
https://minnano-toreka.com/wp-content/uploads/2026/07/OP09-051_R_10298814.webp,https://minnano-toreka.com/wp-content/uploads/2026/07/OP09-051_R_10298814-215x300.webp
https://minnano-toreka.com/wp-content/uploads/2026/07/OP06-038_UC_10298813.webp,https://minnano-toreka.com/wp-content/uploads/2026/07/OP06-038_UC_10298813-206x300.webp
https://minnano-toreka.com/wp-content/uploads/2026/07/OP04-092_R_10298811.webp,https://minnano-toreka.com/wp-content/uploads/2026/07/OP04-092_R_10298811-215x300.webp
https://minnano-toreka.com/wp-content/uploads/2026/07/none_none_10298798.webp,https://minnano-toreka.com/wp-content/uploads/2026/07/none_none_10298798-215x300.webp
https://minnano-toreka.com/wp-content/uploads/2026/07/OP09-04_SR_10298797.webp,https://minnano-toreka.com/wp-content/uploads/2026/07/OP09-04_SR_10298797-215x300.webp
https://minnano-toreka.com/wp-content/uploads/2026/07/OP06-001_L_10297694.webp,https://minnano-toreka.com/wp-content/uploads/2026/07/OP06-001_L_10297694-215x300.webp
https://minnano-toreka.com/wp-content/uploads/2026/07/ST10-004_C_10297671.webp,https://minnano-toreka.com/wp-content/uploads/2026/07/ST10-004_C_10297671-206x300.webp
https://minnano-toreka.com/wp-content/uploads/2026/07/ST03-013_C_10297628.webp,https://minnano-toreka.com/wp-content/uploads/2026/07/ST03-013_C_10297628-209x300.webp
https://minnano-toreka.com/wp-content/uploads/2026/07/OP08-106-OP09_SR_10297271.webp,https://minnano-toreka.com/wp-content/uploads/2026/07/OP08-106-OP09_SR_10297271-215x300.webp
https://minnano-toreka.com/wp-content/uploads/2026/07/OP01-016-OP05_SP_10297270.webp,https://minnano-toreka.com/wp-content/uploads/2026/07/OP01-016-OP05_SP_10297270-215x300.webp
https://minnano-toreka.com/wp-content/uploads/2026/07/OP08-084_SR_10297265.webp,https://minnano-toreka.com/wp-content/uploads/2026/07/OP08-084_SR_10297265-215x300.webp
https://minnano-toreka.com/wp-content/uploads/2026/07/P-017_P_10297199.webp,https://minnano-toreka.com/wp-content/uploads/2026/07/P-017_P_10297199-209x300.webp
https://minnano-toreka.com/wp-content/uploads/2026/07/OP01-121_SP_10297168.webp,https://minnano-toreka.com/wp-content/uploads/2026/07/OP01-121_SP_10297168-215x300.webp
https://minnano-toreka.com/wp-content/uploads/2026/07/none_none_10297141.webp,https://minnano-toreka.com/wp-content/uploads/2026/07/none_none_10297141-213x300.webp
https://minnano-toreka.com/wp-content/uploads/2026/07/ST10-013_SR_10297138.webp,https://minnano-toreka.com/wp-content/uploads/2026/07/ST10-013_SR_10297138-215x300.webp
https://minnano-toreka.com/wp-content/uploads/2026/07/OP02-114_SR_10297137.webp,https://minnano-toreka.com/wp-content/uploads/2026/07/OP02-114_SR_10297137-215x300.webp
https://minnano-toreka.com/wp-content/uploads/2026/07/OP09-051_R_10297136.webp,https://minnano-toreka.com/wp-content/uploads/2026/07/OP09-051_R_10297136-215x300.webp
https://minnano-toreka.com/wp-content/uploads/2026/07/OP09-093_SR_10297135.webp,https://minnano-toreka.com/wp-content/uploads/2026/07/OP09-093_SR_10297135-215x300.webp
https://minnano-toreka.com/wp-content/uploads/2026/07/OP09-004_SR_10297134.webp,https://minnano-toreka.com/wp-content/uploads/2026/07/OP09-004_SR_10297134-215x300.webp
https://minnano-toreka.com/wp-content/uploads/2026/07/OP09-119_SEC_10297133.webp,https://minnano-toreka.com/wp-content/uploads/2026/07/OP09-119_SEC_10297133-215x300.webp
https://minnano-toreka.com/wp-content/uploads/2026/07/OP05-067_R_10296572.webp,https://minnano-toreka.com/wp-content/uploads/2026/07/OP05-067_R_10296572-215x300.webp
https://minnano-toreka.com/wp-content/uploads/2026/07/ST10-006_SR_10296543.webp,https://minnano-toreka.com/wp-content/uploads/2026/07/ST10-006_SR_10296543-206x300.webp
https://minnano-toreka.com/wp-content/uploads/2026/07/ST13-003_L_10296542.webp,https://minnano-toreka.com/wp-content/uploads/2026/07/ST13-003_L_10296542-216x300.webp
https://minnano-toreka.com/wp-content/uploads/2026/07/OP02-117_UC_10296540.webp,https://minnano-toreka.com/wp-content/uploads/2026/07/OP02-117_UC_10296540-210x300.webp
https://minnano-toreka.com/wp-content/uploads/2026/07/OP09-118_SEC_10296539.webp,https://minnano-toreka.com/wp-content/uploads/2026/07/OP09-118_SEC_10296539-215x300.webp
https://minnano-toreka.com/wp-content/uploads/2026/07/OP06-093_SR_10296375.webp,https://minnano-toreka.com/wp-content/uploads/2026/07/OP06-093_SR_10296375-224x300.webp
https://minnano-toreka.com/wp-content/uploads/2026/07/OP07-051-OP09_SR_10296374.webp,https://minnano-toreka.com/wp-content/uploads/2026/07/OP07-051-OP09_SR_10296374-215x300.webp
https://minnano-toreka.com/wp-content/uploads/2026/07/OP09-002_R_10296341.webp,https://minnano-toreka.com/wp-content/uploads/2026/07/OP09-002_R_10296341-214x300.webp
https://minnano-toreka.com/wp-content/uploads/2026/07/none_none_10291391.webp,https://minnano-toreka.com/wp-content/uploads/2026/07/none_none_10291391-300x171.webp
https://minnano-toreka.com/wp-content/uploads/2026/07/none_none_10289965.webp,https://minnano-toreka.com/wp-content/uploads/2026/07/none_none_10289965-215x300.webp
https://minnano-toreka.com/wp-content/uploads/2026/07/OP07-119_SEC_10289964.webp,https://minnano-toreka.com/wp-content/uploads/2026/07/OP07-119_SEC_10289964-215x300.webp
https://minnano-toreka.com/wp-content/uploads/2026/07/OP03-112_R_10289962.webp,https://minnano-toreka.com/wp-content/uploads/2026/07/OP03-112_R_10289962-213x300.webp
https://minnano-toreka.com/wp-content/uploads/2026/07/OP01-033_UC_10289357.webp,https://minnano-toreka.com/wp-content/uploads/2026/07/OP01-033_UC_10289357-215x300.webp
https://minnano-toreka.com/wp-content/uploads/2026/07/none_none_10289356.webp,https://minnano-toreka.com/wp-content/uploads/2026/07/none_none_10289356-215x300.webp
https://minnano-toreka.com/wp-content/uploads/2026/07/none_none_10289354.webp,https://minnano-toreka.com/wp-content/uploads/2026/07/none_none_10289354-213x300.webp
https://minnano-toreka.com/wp-content/uploads/2026/07/OP01-120_SEC_10289350.webp,https://minnano-toreka.com/wp-content/uploads/2026/07/OP01-120_SEC_10289350-215x300.webp
https://minnano-toreka.com/wp-content/uploads/2026/07/OP01-041_R_10289345.webp,https://minnano-toreka.com/wp-content/uploads/2026/07/OP01-041_R_10289345-215x300.webp
https://minnano-toreka.com/wp-content/uploads/2026/07/OP01-121_SEC_10289339.webp,https://minnano-toreka.com/wp-content/uploads/2026/07/OP01-121_SEC_10289339-215x300.webp
https://minnano-toreka.com/wp-content/uploads/2026/07/OP01-024_SR_10289335.webp,https://minnano-toreka.com/wp-content/uploads/2026/07/OP01-024_SR_10289335-215x300.webp
https://minnano-toreka.com/wp-content/uploads/2026/07/none_none_10289333.webp,https://minnano-toreka.com/wp-content/uploads/2026/07/none_none_10289333-210x300.webp
https://minnano-toreka.com/wp-content/uploads/2026/07/OP01-078_SR_10289331.webp,https://minnano-toreka.com/wp-content/uploads/2026/07/OP01-078_SR_10289331-215x300.webp
https://minnano-toreka.com/wp-content/uploads/2026/07/OP01-051_SR_10289328.webp,https://minnano-toreka.com/wp-content/uploads/2026/07/OP01-051_SR_10289328-215x300.webp
https://minnano-toreka.com/wp-content/uploads/2026/07/none_none_10289326.webp,https://minnano-toreka.com/wp-content/uploads/2026/07/none_none_10289326-215x300.webp
https://minnano-toreka.com/wp-content/uploads/2026/07/none_none_10289246.webp,https://minnano-toreka.com/wp-content/uploads/2026/07/none_none_10289246-213x300.webp
https://minnano-toreka.com/wp-content/uploads/2026/07/ST13-002_L_10285472.webp,https://minnano-toreka.com/wp-content/uploads/2026/07/ST13-002_L_10285472-206x300.webp
https://minnano-toreka.com/wp-content/uploads/2026/07/ST13-003_L_10285470.webp,https://minnano-toreka.com/wp-content/uploads/2026/07/ST13-003_L_10285470-204x300.webp
https://minnano-toreka.com/wp-content/uploads/2026/07/P-041_P_10285469.webp,https://minnano-toreka.com/wp-content/uploads/2026/07/P-041_P_10285469-206x300.webp
https://minnano-toreka.com/wp-content/uploads/2026/07/none_none_10285466.webp,https://minnano-toreka.com/wp-content/uploads/2026/07/none_none_10285466-208x300.webp
https://minnano-toreka.com/wp-content/uploads/2026/07/none_none_10285465.webp,https://minnano-toreka.com/wp-content/uploads/2026/07/none_none_10285465-215x300.webp
https://minnano-toreka.com/wp-content/uploads/2026/07/OP01-016_R_10285452.webp,https://minnano-toreka.com/wp-content/uploads/2026/07/OP01-016_R_10285452-215x300.webp
https://minnano-toreka.com/wp-content/uploads/2026/07/OP04-112_SR_10285446.webp,https://minnano-toreka.com/wp-content/uploads/2026/07/OP04-112_SR_10285446-211x300.webp
https://minnano-toreka.com/wp-content/uploads/2026/07/ST10-006_SR_10285445.webp,https://minnano-toreka.com/wp-content/uploads/2026/07/ST10-006_SR_10285445-206x300.webp
https://minnano-toreka.com/wp-content/uploads/2026/07/none_none_10285442.webp,https://minnano-toreka.com/wp-content/uploads/2026/07/none_none_10285442-213x300.webp
https://minnano-toreka.com/wp-content/uploads/2026/07/OP07-109_SR_10285439.webp,https://minnano-toreka.com/wp-content/uploads/2026/07/OP07-109_SR_10285439-206x300.webp
https://minnano-toreka.com/wp-content/uploads/2026/07/ST18-005_SR_10284115.webp,https://minnano-toreka.com/wp-content/uploads/2026/07/ST18-005_SR_10284115-215x300.webp
https://minnano-toreka.com/wp-content/uploads/2026/07/P-060_P_10284114.webp,https://minnano-toreka.com/wp-content/uploads/2026/07/P-060_P_10284114-215x300.webp
https://minnano-toreka.com/wp-content/uploads/2026/07/P-075_P_10284113.webp,https://minnano-toreka.com/wp-content/uploads/2026/07/P-075_P_10284113-216x300.webp
https://minnano-toreka.com/wp-content/uploads/2026/07/ST11-003_C_10284112.webp,https://minnano-toreka.com/wp-content/uploads/2026/07/ST11-003_C_10284112-215x300.webp
https://minnano-toreka.com/wp-content/uploads/2026/07/P-037_P_10284111.webp,https://minnano-toreka.com/wp-content/uploads/2026/07/P-037_P_10284111-215x300.webp
https://minnano-toreka.com/wp-content/uploads/2026/07/ST11-004_SR_10284110.webp,https://minnano-toreka.com/wp-content/uploads/2026/07/ST11-004_SR_10284110-215x300.webp
https://minnano-toreka.com/wp-content/uploads/2026/07/OP05-060_L_10284109.webp,https://minnano-toreka.com/wp-content/uploads/2026/07/OP05-060_L_10284109-215x300.webp
https://minnano-toreka.com/wp-content/uploads/2026/07/ST11-005_C_10284108.webp,https://minnano-toreka.com/wp-content/uploads/2026/07/ST11-005_C_10284108-215x300.webp
https://minnano-toreka.com/wp-content/uploads/2026/07/OP08-052_R_10284107.webp,https://minnano-toreka.com/wp-content/uploads/2026/07/OP08-052_R_10284107-215x300.webp
https://minnano-toreka.com/wp-content/uploads/2026/07/P-059_P_10284106.webp,https://minnano-toreka.com/wp-content/uploads/2026/07/P-059_P_10284106-215x300.webp
https://minnano-toreka.com/wp-content/uploads/2026/07/ST15-005_SR_10284104.webp,https://minnano-toreka.com/wp-content/uploads/2026/07/ST15-005_SR_10284104-215x300.webp
https://minnano-toreka.com/wp-content/uploads/2026/07/P-057_P_10284103.webp,https://minnano-toreka.com/wp-content/uploads/2026/07/P-057_P_10284103-215x300.webp
https://minnano-toreka.com/wp-content/uploads/2026/07/P-074_P_10284102.webp,https://minnano-toreka.com/wp-content/uploads/2026/07/P-074_P_10284102-212x300.webp
https://minnano-toreka.com/wp-content/uploads/2026/07/OP07-053_R_10284100.webp,https://minnano-toreka.com/wp-content/uploads/2026/07/OP07-053_R_10284100-216x300.webp
https://minnano-toreka.com/wp-content/uploads/2026/07/P-058_P_10284099.webp,https://minnano-toreka.com/wp-content/uploads/2026/07/P-058_P_10284099-215x300.webp
https://minnano-toreka.com/wp-content/uploads/2026/07/ST16-001_SR_10284097.webp,https://minnano-toreka.com/wp-content/uploads/2026/07/ST16-001_SR_10284097-215x300.webp
https://minnano-toreka.com/wp-content/uploads/2026/07/OP08-084_SR_10284096.webp,https://minnano-toreka.com/wp-content/uploads/2026/07/OP08-084_SR_10284096-215x300.webp
https://minnano-toreka.com/wp-content/uploads/2026/07/OP02-034_UC_10284094.webp,https://minnano-toreka.com/wp-content/uploads/2026/07/OP02-034_UC_10284094-209x300.webp
https://minnano-toreka.com/wp-content/uploads/2026/07/OP08-084_SR_10284092.webp,https://minnano-toreka.com/wp-content/uploads/2026/07/OP08-084_SR_10284092-215x300.webp
https://minnano-toreka.com/wp-content/uploads/2026/07/ST20-001_SR_10284091.webp,https://minnano-toreka.com/wp-content/uploads/2026/07/ST20-001_SR_10284091-215x300.webp
https://minnano-toreka.com/wp-content/uploads/2026/07/ST19-004_SR_10284090.webp,https://minnano-toreka.com/wp-content/uploads/2026/07/ST19-004_SR_10284090-215x300.webp
https://minnano-toreka.com/wp-content/uploads/2026/07/ST20-005_SR_10284089.webp,https://minnano-toreka.com/wp-content/uploads/2026/07/ST20-005_SR_10284089-215x300.webp
https://minnano-toreka.com/wp-content/uploads/2026/07/ST19-003_SR_10284088.webp,https://minnano-toreka.com/wp-content/uploads/2026/07/ST19-003_SR_10284088-215x300.webp
https://minnano-toreka.com/wp-content/uploads/2026/07/OP04-084_C_10284086.webp,https://minnano-toreka.com/wp-content/uploads/2026/07/OP04-084_C_10284086-215x300.webp
https://minnano-toreka.com/wp-content/uploads/2026/07/ST17-004_SR_10284085.webp,https://minnano-toreka.com/wp-content/uploads/2026/07/ST17-004_SR_10284085-215x300.webp
https://minnano-toreka.com/wp-content/uploads/2026/07/OP08-105_SR_10284083.webp,https://minnano-toreka.com/wp-content/uploads/2026/07/OP08-105_SR_10284083-215x300.webp
https://minnano-toreka.com/wp-content/uploads/2026/07/OP06-101_R_10284081.webp,https://minnano-toreka.com/wp-content/uploads/2026/07/OP06-101_R_10284081-213x300.webp
https://minnano-toreka.com/wp-content/uploads/2026/07/P-073_P_10284079.webp,https://minnano-toreka.com/wp-content/uploads/2026/07/P-073_P_10284079-215x300.webp
https://minnano-toreka.com/wp-content/uploads/2026/07/OP01-004_R_10284077.webp,https://minnano-toreka.com/wp-content/uploads/2026/07/OP01-004_R_10284077-215x300.webp
https://minnano-toreka.com/wp-content/uploads/2026/07/ST09-012_C_10284076.webp,https://minnano-toreka.com/wp-content/uploads/2026/07/ST09-012_C_10284076-214x300.webp
https://minnano-toreka.com/wp-content/uploads/2026/07/ST15-002_SR_10284073.webp,https://minnano-toreka.com/wp-content/uploads/2026/07/ST15-002_SR_10284073-215x300.webp
https://minnano-toreka.com/wp-content/uploads/2026/07/none_none_10283067.webp,https://minnano-toreka.com/wp-content/uploads/2026/07/none_none_10283067-181x300.webp
https://minnano-toreka.com/wp-content/uploads/2026/07/none_none_10281368.webp,https://minnano-toreka.com/wp-content/uploads/2026/07/none_none_10281368-179x300.webp
https://minnano-toreka.com/wp-content/uploads/2026/07/OP06-069_SR_10280193.webp,https://minnano-toreka.com/wp-content/uploads/2026/07/OP06-069_SR_10280193-217x300.webp
https://minnano-toreka.com/wp-content/uploads/2026/07/OP08-118_SEC_10280191.webp,https://minnano-toreka.com/wp-content/uploads/2026/07/OP08-118_SEC_10280191-215x300.webp
https://minnano-toreka.com/wp-content/uploads/2026/07/OP02-004_SR_10280190.webp,https://minnano-toreka.com/wp-content/uploads/2026/07/OP02-004_SR_10280190-215x300.webp
https://minnano-toreka.com/wp-content/uploads/2026/07/OP08-079_SR_10280189.webp,https://minnano-toreka.com/wp-content/uploads/2026/07/OP08-079_SR_10280189-215x300.webp
https://minnano-toreka.com/wp-content/uploads/2026/07/OP08-043_SR_10280188.webp,https://minnano-toreka.com/wp-content/uploads/2026/07/OP08-043_SR_10280188-215x300.webp
https://minnano-toreka.com/wp-content/uploads/2026/07/OP08-079_SR_10280187.webp,https://minnano-toreka.com/wp-content/uploads/2026/07/OP08-079_SR_10280187-215x300.webp
https://minnano-toreka.com/wp-content/uploads/2026/07/OP08-112_SR_10280184.webp,https://minnano-toreka.com/wp-content/uploads/2026/07/OP08-112_SR_10280184-215x300.webp
https://minnano-toreka.com/wp-content/uploads/2026/07/OP08-112_SR_10280181.webp,https://minnano-toreka.com/wp-content/uploads/2026/07/OP08-112_SR_10280181-215x300.webp
https://minnano-toreka.com/wp-content/uploads/2026/07/ST02-007_C_10280180.webp,https://minnano-toreka.com/wp-content/uploads/2026/07/ST02-007_C_10280180-215x300.webp
https://minnano-toreka.com/wp-content/uploads/2026/07/OP03-112_R_10280177.webp,https://minnano-toreka.com/wp-content/uploads/2026/07/OP03-112_R_10280177-215x300.webp
https://minnano-toreka.com/wp-content/uploads/2026/07/OP02-013_SR_10280175.webp,https://minnano-toreka.com/wp-content/uploads/2026/07/OP02-013_SR_10280175-215x300.webp
https://minnano-toreka.com/wp-content/uploads/2026/07/OP05-091_SR_10280173.webp,https://minnano-toreka.com/wp-content/uploads/2026/07/OP05-091_SR_10280173-215x300.webp
https://minnano-toreka.com/wp-content/uploads/2026/07/OP08-106_SR_10276971.webp,https://minnano-toreka.com/wp-content/uploads/2026/07/OP08-106_SR_10276971-215x300.webp
https://minnano-toreka.com/wp-content/uploads/2026/07/ST03-013_C_10276970.webp,https://minnano-toreka.com/wp-content/uploads/2026/07/ST03-013_C_10276970-206x300.webp
https://minnano-toreka.com/wp-content/uploads/2026/07/P-076_P_10276969.webp,https://minnano-toreka.com/wp-content/uploads/2026/07/P-076_P_10276969-212x300.webp
https://minnano-toreka.com/wp-content/uploads/2026/07/ST06-006_C_10276968.webp,https://minnano-toreka.com/wp-content/uploads/2026/07/ST06-006_C_10276968-215x300.webp
https://minnano-toreka.com/wp-content/uploads/2026/07/ST03-008_C_10276967.webp,https://minnano-toreka.com/wp-content/uploads/2026/07/ST03-008_C_10276967-216x300.webp
https://minnano-toreka.com/wp-content/uploads/2026/07/OP08-098_L_10276966.webp,https://minnano-toreka.com/wp-content/uploads/2026/07/OP08-098_L_10276966-215x300.webp
https://minnano-toreka.com/wp-content/uploads/2026/07/OP08-119_SEC_10276965.webp,https://minnano-toreka.com/wp-content/uploads/2026/07/OP08-119_SEC_10276965-215x300.webp
https://minnano-toreka.com/wp-content/uploads/2026/07/OP08-069_SR_10276131.webp,https://minnano-toreka.com/wp-content/uploads/2026/07/OP08-069_SR_10276131-215x300.webp
https://minnano-toreka.com/wp-content/uploads/2026/07/OP08-119_SEC_10276130.webp,https://minnano-toreka.com/wp-content/uploads/2026/07/OP08-119_SEC_10276130-215x300.webp
https://minnano-toreka.com/wp-content/uploads/2026/07/OP08-110_R_10276129.webp,https://minnano-toreka.com/wp-content/uploads/2026/07/OP08-110_R_10276129-215x300.webp
https://minnano-toreka.com/wp-content/uploads/2026/07/OP08-069_SR_10276128.webp,https://minnano-toreka.com/wp-content/uploads/2026/07/OP08-069_SR_10276128-215x300.webp
https://minnano-toreka.com/wp-content/uploads/2026/07/P-069_P_10276126.webp,https://minnano-toreka.com/wp-content/uploads/2026/07/P-069_P_10276126-208x300.webp
https://minnano-toreka.com/wp-content/uploads/2026/07/ST04-005_C_10276125.webp,https://minnano-toreka.com/wp-content/uploads/2026/07/ST04-005_C_10276125-215x300.webp
https://minnano-toreka.com/wp-content/uploads/2026/07/OP08-002_L_10276124.webp,https://minnano-toreka.com/wp-content/uploads/2026/07/OP08-002_L_10276124-215x300.webp
https://minnano-toreka.com/wp-content/uploads/2026/07/OP08-067_R_10276123.webp,https://minnano-toreka.com/wp-content/uploads/2026/07/OP08-067_R_10276123-215x300.webp
https://minnano-toreka.com/wp-content/uploads/2026/07/OP08-030_R_10276122.webp,https://minnano-toreka.com/wp-content/uploads/2026/07/OP08-030_R_10276122-215x300.webp
https://minnano-toreka.com/wp-content/uploads/2026/07/ST06-006_C_10276121.webp,https://minnano-toreka.com/wp-content/uploads/2026/07/ST06-006_C_10276121-215x300.webp
https://minnano-toreka.com/wp-content/uploads/2026/07/OP08-058_L_10276120.webp,https://minnano-toreka.com/wp-content/uploads/2026/07/OP08-058_L_10276120-215x300.webp
https://minnano-toreka.com/wp-content/uploads/2026/07/OP08-074_SR_10276119.webp,https://minnano-toreka.com/wp-content/uploads/2026/07/OP08-074_SR_10276119-215x300.webp
https://minnano-toreka.com/wp-content/uploads/2026/07/OP08-058_L_10276116.webp,https://minnano-toreka.com/wp-content/uploads/2026/07/OP08-058_L_10276116-215x300.webp
https://minnano-toreka.com/wp-content/uploads/2026/07/OP08-074_SR_10276115.webp,https://minnano-toreka.com/wp-content/uploads/2026/07/OP08-074_SR_10276115-215x300.webp
https://minnano-toreka.com/wp-content/uploads/2026/07/ST06-008_C_10276112.webp,https://minnano-toreka.com/wp-content/uploads/2026/07/ST06-008_C_10276112-206x300.webp
https://minnano-toreka.com/wp-content/uploads/2026/07/OP08-067_R_10276097.webp,https://minnano-toreka.com/wp-content/uploads/2026/07/OP08-067_R_10276097-215x300.webp
https://minnano-toreka.com/wp-content/uploads/2026/07/OP08-106_SR_10276096.webp,https://minnano-toreka.com/wp-content/uploads/2026/07/OP08-106_SR_10276096-215x300.webp
https://minnano-toreka.com/wp-content/uploads/2026/07/OP03-055_C_10276094.webp,https://minnano-toreka.com/wp-content/uploads/2026/07/OP03-055_C_10276094-206x300.webp
https://minnano-toreka.com/wp-content/uploads/2026/07/OP08-080_R_10276093.webp,https://minnano-toreka.com/wp-content/uploads/2026/07/OP08-080_R_10276093-215x300.webp
https://minnano-toreka.com/wp-content/uploads/2026/07/OP08-015_R_10276092.webp,https://minnano-toreka.com/wp-content/uploads/2026/07/OP08-015_R_10276092-215x300.webp
https://minnano-toreka.com/wp-content/uploads/2026/07/OP08-001_L_10276091.webp,https://minnano-toreka.com/wp-content/uploads/2026/07/OP08-001_L_10276091-215x300.webp
https://minnano-toreka.com/wp-content/uploads/2026/07/OP08-057_L_10276089.webp,https://minnano-toreka.com/wp-content/uploads/2026/07/OP08-057_L_10276089-215x300.webp
https://minnano-toreka.com/wp-content/uploads/2026/07/OP08-023_SR_10276088.webp,https://minnano-toreka.com/wp-content/uploads/2026/07/OP08-023_SR_10276088-215x300.webp
https://minnano-toreka.com/wp-content/uploads/2026/07/OP08-007_SR_10276087.webp,https://minnano-toreka.com/wp-content/uploads/2026/07/OP08-007_SR_10276087-215x300.webp
https://minnano-toreka.com/wp-content/uploads/2026/07/OP08-023_SR_10276086.webp,https://minnano-toreka.com/wp-content/uploads/2026/07/OP08-023_SR_10276086-215x300.webp
https://minnano-toreka.com/wp-content/uploads/2026/07/OP08-118_SEC_10276084.webp,https://minnano-toreka.com/wp-content/uploads/2026/07/OP08-118_SEC_10276084-215x300.webp
https://minnano-toreka.com/wp-content/uploads/2026/07/OP08-021_L_10276083.webp,https://minnano-toreka.com/wp-content/uploads/2026/07/OP08-021_L_10276083-215x300.webp
https://minnano-toreka.com/wp-content/uploads/2026/07/OP08-118_SEC_10276082.webp,https://minnano-toreka.com/wp-content/uploads/2026/07/OP08-118_SEC_10276082-215x300.webp
https://minnano-toreka.com/wp-content/uploads/2026/07/OP08-021_L_10276081.webp,https://minnano-toreka.com/wp-content/uploads/2026/07/OP08-021_L_10276081-215x300.webp
https://minnano-toreka.com/wp-content/uploads/2026/07/EB01-012_SR_10276080.webp,https://minnano-toreka.com/wp-content/uploads/2026/07/EB01-012_SR_10276080-215x300.webp
https://minnano-toreka.com/wp-content/uploads/2026/07/OP08-105_SR_10276079.webp,https://minnano-toreka.com/wp-content/uploads/2026/07/OP08-105_SR_10276079-215x300.webp
https://minnano-toreka.com/wp-content/uploads/2026/07/ST01-008_C_10276046.webp,https://minnano-toreka.com/wp-content/uploads/2026/07/ST01-008_C_10276046-213x300.webp
https://minnano-toreka.com/wp-content/uploads/2026/07/OP05-114_UC_10269875.webp,https://minnano-toreka.com/wp-content/uploads/2026/07/OP05-114_UC_10269875-206x300.webp
https://minnano-toreka.com/wp-content/uploads/2026/07/OP06-104_R_10269843.webp,https://minnano-toreka.com/wp-content/uploads/2026/07/OP06-104_R_10269843-206x300.webp
https://minnano-toreka.com/wp-content/uploads/2026/07/none_none_10266476.webp,https://minnano-toreka.com/wp-content/uploads/2026/07/none_none_10266476-215x300.webp
https://minnano-toreka.com/wp-content/uploads/2026/07/ST01-001_L_10263693.webp,https://minnano-toreka.com/wp-content/uploads/2026/07/ST01-001_L_10263693-216x300.webp
https://minnano-toreka.com/wp-content/uploads/2026/07/ST14-013_C_10263681.webp,https://minnano-toreka.com/wp-content/uploads/2026/07/ST14-013_C_10263681-215x300.webp
https://minnano-toreka.com/wp-content/uploads/2026/07/ST14-001_L_10263677.webp,https://minnano-toreka.com/wp-content/uploads/2026/07/ST14-001_L_10263677-215x300.webp
https://minnano-toreka.com/wp-content/uploads/2026/07/ST14-006_SR_10263675.webp,https://minnano-toreka.com/wp-content/uploads/2026/07/ST14-006_SR_10263675-215x300.webp
https://minnano-toreka.com/wp-content/uploads/2026/07/ST14-005_C_10263672.webp,https://minnano-toreka.com/wp-content/uploads/2026/07/ST14-005_C_10263672-215x300.webp
https://minnano-toreka.com/wp-content/uploads/2026/07/OP04-083_SR_10260692.webp,https://minnano-toreka.com/wp-content/uploads/2026/07/OP04-083_SR_10260692-215x300.webp
https://minnano-toreka.com/wp-content/uploads/2026/07/P-055_P_10260689.webp,https://minnano-toreka.com/wp-content/uploads/2026/07/P-055_P_10260689-215x300.webp
https://minnano-toreka.com/wp-content/uploads/2026/07/P-017_P_10260688.webp,https://minnano-toreka.com/wp-content/uploads/2026/07/P-017_P_10260688-215x300.webp
https://minnano-toreka.com/wp-content/uploads/2026/07/ST13-019_C_10260686.webp,https://minnano-toreka.com/wp-content/uploads/2026/07/ST13-019_C_10260686-215x300.webp
https://minnano-toreka.com/wp-content/uploads/2026/07/P-047_P_10260685.webp,https://minnano-toreka.com/wp-content/uploads/2026/07/P-047_P_10260685-215x300.webp
https://minnano-toreka.com/wp-content/uploads/2026/07/P-036_P_10260682.webp,https://minnano-toreka.com/wp-content/uploads/2026/07/P-036_P_10260682-215x300.webp
https://minnano-toreka.com/wp-content/uploads/2026/07/none_none_10260679.webp,https://minnano-toreka.com/wp-content/uploads/2026/07/none_none_10260679-211x300.webp
https://minnano-toreka.com/wp-content/uploads/2026/07/OP04-104_SR_10260678.webp,https://minnano-toreka.com/wp-content/uploads/2026/07/OP04-104_SR_10260678-215x300.webp
https://minnano-toreka.com/wp-content/uploads/2026/07/OP03-102_R_10260675.webp,https://minnano-toreka.com/wp-content/uploads/2026/07/OP03-102_R_10260675-215x300.webp
https://minnano-toreka.com/wp-content/uploads/2026/07/P-061_P_10260671.webp,https://minnano-toreka.com/wp-content/uploads/2026/07/P-061_P_10260671-215x300.webp
https://minnano-toreka.com/wp-content/uploads/2026/07/ST06-001_L_10260647.webp,https://minnano-toreka.com/wp-content/uploads/2026/07/ST06-001_L_10260647-215x300.webp
https://minnano-toreka.com/wp-content/uploads/2026/07/P-068_P_10260643.webp,https://minnano-toreka.com/wp-content/uploads/2026/07/P-068_P_10260643-206x300.webp
https://minnano-toreka.com/wp-content/uploads/2026/07/P-063_P_10257236.webp,https://minnano-toreka.com/wp-content/uploads/2026/07/P-063_P_10257236-215x300.webp
https://minnano-toreka.com/wp-content/uploads/2026/07/OP01-079_R_10257203.webp,https://minnano-toreka.com/wp-content/uploads/2026/07/OP01-079_R_10257203-215x300.webp
https://minnano-toreka.com/wp-content/uploads/2026/07/none_none_10252187.webp,https://minnano-toreka.com/wp-content/uploads/2026/07/none_none_10252187-215x300.webp
https://minnano-toreka.com/wp-content/uploads/2026/07/none_none_10251862.webp,https://minnano-toreka.com/wp-content/uploads/2026/07/none_none_10251862-220x300.webp
https://minnano-toreka.com/wp-content/uploads/2026/07/OP07-119_SEC_10251861.webp,https://minnano-toreka.com/wp-content/uploads/2026/07/OP07-119_SEC_10251861-215x300.webp
https://minnano-toreka.com/wp-content/uploads/2026/07/OP03-078_SP_10251860.webp,https://minnano-toreka.com/wp-content/uploads/2026/07/OP03-078_SP_10251860-215x300.webp
https://minnano-toreka.com/wp-content/uploads/2026/07/none_none_10251859.webp,https://minnano-toreka.com/wp-content/uploads/2026/07/none_none_10251859-215x300.webp
https://minnano-toreka.com/wp-content/uploads/2026/07/ST02-001_L_10251858.webp,https://minnano-toreka.com/wp-content/uploads/2026/07/ST02-001_L_10251858-214x300.webp
https://minnano-toreka.com/wp-content/uploads/2026/07/OP03-003_R_10251857.webp,https://minnano-toreka.com/wp-content/uploads/2026/07/OP03-003_R_10251857-215x300.webp
https://minnano-toreka.com/wp-content/uploads/2026/07/OP07-111_SR_10251856.webp,https://minnano-toreka.com/wp-content/uploads/2026/07/OP07-111_SR_10251856-215x300.webp
https://minnano-toreka.com/wp-content/uploads/2026/07/OP07-022_R_10251855.webp,https://minnano-toreka.com/wp-content/uploads/2026/07/OP07-022_R_10251855-215x300.webp
https://minnano-toreka.com/wp-content/uploads/2026/07/P-001_P_10251854.webp,https://minnano-toreka.com/wp-content/uploads/2026/07/P-001_P_10251854-215x300.webp
https://minnano-toreka.com/wp-content/uploads/2026/07/OP03-116_UC_10251853.webp,https://minnano-toreka.com/wp-content/uploads/2026/07/OP03-116_UC_10251853-215x300.webp
https://minnano-toreka.com/wp-content/uploads/2026/07/OP05-074_SR_10251852.webp,https://minnano-toreka.com/wp-content/uploads/2026/07/OP05-074_SR_10251852-215x300.webp
https://minnano-toreka.com/wp-content/uploads/2026/07/OP07-005_R_10251851.webp,https://minnano-toreka.com/wp-content/uploads/2026/07/OP07-005_R_10251851-215x300.webp
https://minnano-toreka.com/wp-content/uploads/2026/07/OP07-062_C_10251850.webp,https://minnano-toreka.com/wp-content/uploads/2026/07/OP07-062_C_10251850-215x300.webp
https://minnano-toreka.com/wp-content/uploads/2026/07/OP07-109_SR_10251849.webp,https://minnano-toreka.com/wp-content/uploads/2026/07/OP07-109_SR_10251849-215x300.webp
https://minnano-toreka.com/wp-content/uploads/2026/07/OP07-029_SR_10251847.webp,https://minnano-toreka.com/wp-content/uploads/2026/07/OP07-029_SR_10251847-215x300.webp
https://minnano-toreka.com/wp-content/uploads/2026/07/OP07-064_SR_10251846.webp,https://minnano-toreka.com/wp-content/uploads/2026/07/OP07-064_SR_10251846-215x300.webp
https://minnano-toreka.com/wp-content/uploads/2026/07/OP07-059_L_10251845.webp,https://minnano-toreka.com/wp-content/uploads/2026/07/OP07-059_L_10251845-215x300.webp
https://minnano-toreka.com/wp-content/uploads/2026/07/OP07-064_SR_10251844.webp,https://minnano-toreka.com/wp-content/uploads/2026/07/OP07-064_SR_10251844-215x300.webp
https://minnano-toreka.com/wp-content/uploads/2026/07/OP07-107_R_10251843.webp,https://minnano-toreka.com/wp-content/uploads/2026/07/OP07-107_R_10251843-215x300.webp
https://minnano-toreka.com/wp-content/uploads/2026/07/OP07-119_SEC_10251842.webp,https://minnano-toreka.com/wp-content/uploads/2026/07/OP07-119_SEC_10251842-215x300.webp
https://minnano-toreka.com/wp-content/uploads/2026/07/OP07-118_SEC_10251841.webp,https://minnano-toreka.com/wp-content/uploads/2026/07/OP07-118_SEC_10251841-215x300.webp
https://minnano-toreka.com/wp-content/uploads/2026/07/OP07-097_L_10251840.webp,https://minnano-toreka.com/wp-content/uploads/2026/07/OP07-097_L_10251840-215x300.webp
https://minnano-toreka.com/wp-content/uploads/2026/07/OP07-118_SEC_10251839.webp,https://minnano-toreka.com/wp-content/uploads/2026/07/OP07-118_SEC_10251839-215x300.webp
https://minnano-toreka.com/wp-content/uploads/2026/07/OP07-072_SR_10251838.webp,https://minnano-toreka.com/wp-content/uploads/2026/07/OP07-072_SR_10251838-215x300.webp
https://minnano-toreka.com/wp-content/uploads/2026/07/OP07-072_SR_10251837.webp,https://minnano-toreka.com/wp-content/uploads/2026/07/OP07-072_SR_10251837-215x300.webp
https://minnano-toreka.com/wp-content/uploads/2026/07/OP07-026_SR_10251836.webp,https://minnano-toreka.com/wp-content/uploads/2026/07/OP07-026_SR_10251836-215x300.webp
https://minnano-toreka.com/wp-content/uploads/2026/07/OP07-019_L_10251835.webp,https://minnano-toreka.com/wp-content/uploads/2026/07/OP07-019_L_10251835-215x300.webp
https://minnano-toreka.com/wp-content/uploads/2026/07/OP07-005_R_10251834.webp,https://minnano-toreka.com/wp-content/uploads/2026/07/OP07-005_R_10251834-215x300.webp
https://minnano-toreka.com/wp-content/uploads/2026/07/OP07-085_SR_10251833.webp,https://minnano-toreka.com/wp-content/uploads/2026/07/OP07-085_SR_10251833-215x300.webp
https://minnano-toreka.com/wp-content/uploads/2026/07/OP07-019_L_10251832.webp,https://minnano-toreka.com/wp-content/uploads/2026/07/OP07-019_L_10251832-215x300.webp
https://minnano-toreka.com/wp-content/uploads/2026/07/OP07-015_SR_10251831.webp,https://minnano-toreka.com/wp-content/uploads/2026/07/OP07-015_SR_10251831-215x300.webp
https://minnano-toreka.com/wp-content/uploads/2026/07/OP07-026_SR_10251830.webp,https://minnano-toreka.com/wp-content/uploads/2026/07/OP07-026_SR_10251830-215x300.webp
https://minnano-toreka.com/wp-content/uploads/2026/07/OP01-073_R_10251829.webp,https://minnano-toreka.com/wp-content/uploads/2026/07/OP01-073_R_10251829-215x300.webp
https://minnano-toreka.com/wp-content/uploads/2026/07/OP07-109_SR_10251828.webp,https://minnano-toreka.com/wp-content/uploads/2026/07/OP07-109_SR_10251828-215x300.webp
https://minnano-toreka.com/wp-content/uploads/2026/07/OP07-051_SR_10251827.webp,https://minnano-toreka.com/wp-content/uploads/2026/07/OP07-051_SR_10251827-215x300.webp
https://minnano-toreka.com/wp-content/uploads/2026/07/OP07-038_L_10251826.webp,https://minnano-toreka.com/wp-content/uploads/2026/07/OP07-038_L_10251826-215x300.webp
https://minnano-toreka.com/wp-content/uploads/2026/07/OP07-111_SR_10251825.webp,https://minnano-toreka.com/wp-content/uploads/2026/07/OP07-111_SR_10251825-215x300.webp
https://minnano-toreka.com/wp-content/uploads/2026/07/OP07-051_R_10251824.webp,https://minnano-toreka.com/wp-content/uploads/2026/07/OP07-051_R_10251824-215x300.webp
https://minnano-toreka.com/wp-content/uploads/2026/07/OP07-051_SR_10251793.webp,https://minnano-toreka.com/wp-content/uploads/2026/07/OP07-051_SR_10251793-215x300.webp
https://minnano-toreka.com/wp-content/uploads/2026/07/OP01-078_SP_10251792.webp,https://minnano-toreka.com/wp-content/uploads/2026/07/OP01-078_SP_10251792-215x300.webp
https://minnano-toreka.com/wp-content/uploads/2026/07/OP07-079_L_10251791.webp,https://minnano-toreka.com/wp-content/uploads/2026/07/OP07-079_L_10251791-215x300.webp
https://minnano-toreka.com/wp-content/uploads/2026/07/P-066_P_10251760.webp,https://minnano-toreka.com/wp-content/uploads/2026/07/P-066_P_10251760-215x300.webp
https://minnano-toreka.com/wp-content/uploads/2026/07/OP07-051_SR_10251759.webp,https://minnano-toreka.com/wp-content/uploads/2026/07/OP07-051_SR_10251759-215x300.webp
https://minnano-toreka.com/wp-content/uploads/2026/07/op07-38_L_10251758.webp,https://minnano-toreka.com/wp-content/uploads/2026/07/op07-38_L_10251758-215x300.webp
https://minnano-toreka.com/wp-content/uploads/2026/07/OP07-045_SR_10251725.webp,https://minnano-toreka.com/wp-content/uploads/2026/07/OP07-045_SR_10251725-215x300.webp
https://minnano-toreka.com/wp-content/uploads/2026/07/OP07-046_R_10251630.webp,https://minnano-toreka.com/wp-content/uploads/2026/07/OP07-046_R_10251630-215x300.webp
https://minnano-toreka.com/wp-content/uploads/2026/07/OP07-047_R_10251629.webp,https://minnano-toreka.com/wp-content/uploads/2026/07/OP07-047_R_10251629-215x300.webp
https://minnano-toreka.com/wp-content/uploads/2026/07/OP07-104_UC_10251628.webp,https://minnano-toreka.com/wp-content/uploads/2026/07/OP07-104_UC_10251628-215x300.webp
https://minnano-toreka.com/wp-content/uploads/2026/07/OP07-029_SR_10251627.webp,https://minnano-toreka.com/wp-content/uploads/2026/07/OP07-029_SR_10251627-215x300.webp
https://minnano-toreka.com/wp-content/uploads/2026/07/OP07-085_SR_10251626.webp,https://minnano-toreka.com/wp-content/uploads/2026/07/OP07-085_SR_10251626-215x300.webp
https://minnano-toreka.com/wp-content/uploads/2026/07/OP07-045_SR_10251593.webp,https://minnano-toreka.com/wp-content/uploads/2026/07/OP07-045_SR_10251593-215x300.webp
https://minnano-toreka.com/wp-content/uploads/2026/07/P-049_P_10244751.webp,https://minnano-toreka.com/wp-content/uploads/2026/07/P-049_P_10244751-215x300.webp
https://minnano-toreka.com/wp-content/uploads/2026/07/P-053_P_10244747.webp,https://minnano-toreka.com/wp-content/uploads/2026/07/P-053_P_10244747-215x300.webp
https://minnano-toreka.com/wp-content/uploads/2026/07/P-051_P_10244740.webp,https://minnano-toreka.com/wp-content/uploads/2026/07/P-051_P_10244740-215x300.webp
https://minnano-toreka.com/wp-content/uploads/2026/07/P-052_P_10244736.webp,https://minnano-toreka.com/wp-content/uploads/2026/07/P-052_P_10244736-215x300.webp
https://minnano-toreka.com/wp-content/uploads/2026/07/P-048_P_10244733.webp,https://minnano-toreka.com/wp-content/uploads/2026/07/P-048_P_10244733-215x300.webp
https://minnano-toreka.com/wp-content/uploads/2026/07/P-050_P_10244730.webp,https://minnano-toreka.com/wp-content/uploads/2026/07/P-050_P_10244730-215x300.webp
https://minnano-toreka.com/wp-content/uploads/2026/07/OP05-093_SR_10244316.webp,https://minnano-toreka.com/wp-content/uploads/2026/07/OP05-093_SR_10244316-215x300.webp
https://minnano-toreka.com/wp-content/uploads/2026/07/OP04-024_SR_10244315.webp,https://minnano-toreka.com/wp-content/uploads/2026/07/OP04-024_SR_10244315-215x300.webp
https://minnano-toreka.com/wp-content/uploads/2026/07/OP03-114_SR_10244313.webp,https://minnano-toreka.com/wp-content/uploads/2026/07/OP03-114_SR_10244313-215x300.webp
https://minnano-toreka.com/wp-content/uploads/2026/07/ST11-004_SR_10244312.webp,https://minnano-toreka.com/wp-content/uploads/2026/07/ST11-004_SR_10244312-215x300.webp
https://minnano-toreka.com/wp-content/uploads/2026/07/OP02-121_SEC_10244311.webp,https://minnano-toreka.com/wp-content/uploads/2026/07/OP02-121_SEC_10244311-215x300.webp
https://minnano-toreka.com/wp-content/uploads/2026/07/P-007_P_10244310.webp,https://minnano-toreka.com/wp-content/uploads/2026/07/P-007_P_10244310-215x300.webp
https://minnano-toreka.com/wp-content/uploads/2026/07/OP03-021_L_10244308.webp,https://minnano-toreka.com/wp-content/uploads/2026/07/OP03-021_L_10244308-215x300.webp
https://minnano-toreka.com/wp-content/uploads/2026/07/OP06-061_R_10244307.webp,https://minnano-toreka.com/wp-content/uploads/2026/07/OP06-061_R_10244307-215x300.webp
https://minnano-toreka.com/wp-content/uploads/2026/07/OP03-058_L_10244304.webp,https://minnano-toreka.com/wp-content/uploads/2026/07/OP03-058_L_10244304-215x300.webp
https://minnano-toreka.com/wp-content/uploads/2026/07/EB01-006_SR_10244301.webp,https://minnano-toreka.com/wp-content/uploads/2026/07/EB01-006_SR_10244301-215x300.webp
https://minnano-toreka.com/wp-content/uploads/2026/07/ST02-001_L_10244300.webp,https://minnano-toreka.com/wp-content/uploads/2026/07/ST02-001_L_10244300-215x300.webp
https://minnano-toreka.com/wp-content/uploads/2026/07/ST12-003_SR_10241775.webp,https://minnano-toreka.com/wp-content/uploads/2026/07/ST12-003_SR_10241775-206x300.webp
https://minnano-toreka.com/wp-content/uploads/2026/07/EB01-013_R_10241774.webp,https://minnano-toreka.com/wp-content/uploads/2026/07/EB01-013_R_10241774-215x300.webp
https://minnano-toreka.com/wp-content/uploads/2026/07/EB01-042_R_10241772.webp,https://minnano-toreka.com/wp-content/uploads/2026/07/EB01-042_R_10241772-215x300.webp
https://minnano-toreka.com/wp-content/uploads/2026/07/OP03-048_UC_10241771.webp,https://minnano-toreka.com/wp-content/uploads/2026/07/OP03-048_UC_10241771-215x300.webp
https://minnano-toreka.com/wp-content/uploads/2026/07/P-001_P_10241770.webp,https://minnano-toreka.com/wp-content/uploads/2026/07/P-001_P_10241770-222x300.webp
https://minnano-toreka.com/wp-content/uploads/2026/07/EB01-013_R_10241769.webp,https://minnano-toreka.com/wp-content/uploads/2026/07/EB01-013_R_10241769-215x300.webp
https://minnano-toreka.com/wp-content/uploads/2026/07/ST12-007_C_10241768.webp,https://minnano-toreka.com/wp-content/uploads/2026/07/ST12-007_C_10241768-206x300.webp
https://minnano-toreka.com/wp-content/uploads/2026/07/OP01-077_UC_10241767.webp,https://minnano-toreka.com/wp-content/uploads/2026/07/OP01-077_UC_10241767-215x300.webp
https://minnano-toreka.com/wp-content/uploads/2026/07/EB01-034_SR_10241766.webp,https://minnano-toreka.com/wp-content/uploads/2026/07/EB01-034_SR_10241766-215x300.webp
https://minnano-toreka.com/wp-content/uploads/2026/07/OP03-030_R_10241765.webp,https://minnano-toreka.com/wp-content/uploads/2026/07/OP03-030_R_10241765-215x300.webp
https://minnano-toreka.com/wp-content/uploads/2026/07/EB01-052_SR_10241764.webp,https://minnano-toreka.com/wp-content/uploads/2026/07/EB01-052_SR_10241764-215x300.webp
https://minnano-toreka.com/wp-content/uploads/2026/07/P-028_P_10241763.webp,https://minnano-toreka.com/wp-content/uploads/2026/07/P-028_P_10241763-215x300.webp
https://minnano-toreka.com/wp-content/uploads/2026/07/OP02-058_R_10241762.webp,https://minnano-toreka.com/wp-content/uploads/2026/07/OP02-058_R_10241762-215x300.webp
https://minnano-toreka.com/wp-content/uploads/2026/07/EB01-031_R_10241761.webp,https://minnano-toreka.com/wp-content/uploads/2026/07/EB01-031_R_10241761-215x300.webp
https://minnano-toreka.com/wp-content/uploads/2026/07/OP05-015_R_10241760.webp,https://minnano-toreka.com/wp-content/uploads/2026/07/OP05-015_R_10241760-215x300.webp
https://minnano-toreka.com/wp-content/uploads/2026/07/EB01-006_SR_10241759.webp,https://minnano-toreka.com/wp-content/uploads/2026/07/EB01-006_SR_10241759-215x300.webp
https://minnano-toreka.com/wp-content/uploads/2026/07/EB01-061_SEC_10241758.webp,https://minnano-toreka.com/wp-content/uploads/2026/07/EB01-061_SEC_10241758-215x300.webp
https://minnano-toreka.com/wp-content/uploads/2026/07/EB01-046_SR_10241756.webp,https://minnano-toreka.com/wp-content/uploads/2026/07/EB01-046_SR_10241756-215x300.webp
https://minnano-toreka.com/wp-content/uploads/2026/07/EB01-057_SR_10241755.webp,https://minnano-toreka.com/wp-content/uploads/2026/07/EB01-057_SR_10241755-215x300.webp
https://minnano-toreka.com/wp-content/uploads/2026/07/EB01-057_SR_10241753.webp,https://minnano-toreka.com/wp-content/uploads/2026/07/EB01-057_SR_10241753-215x300.webp
https://minnano-toreka.com/wp-content/uploads/2026/07/OP01-009_C_10241749.webp,https://minnano-toreka.com/wp-content/uploads/2026/07/OP01-009_C_10241749-215x300.webp
https://minnano-toreka.com/wp-content/uploads/2026/07/OP05-036_UC_10241748.webp,https://minnano-toreka.com/wp-content/uploads/2026/07/OP05-036_UC_10241748-215x300.webp
https://minnano-toreka.com/wp-content/uploads/2026/07/EB01-034_SR_10241746.webp,https://minnano-toreka.com/wp-content/uploads/2026/07/EB01-034_SR_10241746-215x300.webp
https://minnano-toreka.com/wp-content/uploads/2026/07/EB01-012_SR_10241745.webp,https://minnano-toreka.com/wp-content/uploads/2026/07/EB01-012_SR_10241745-215x300.webp
https://minnano-toreka.com/wp-content/uploads/2026/07/EB01-040_L_10241743.webp,https://minnano-toreka.com/wp-content/uploads/2026/07/EB01-040_L_10241743-215x300.webp
https://minnano-toreka.com/wp-content/uploads/2026/07/EB01-056_R_10241741.webp,https://minnano-toreka.com/wp-content/uploads/2026/07/EB01-056_R_10241741-215x300.webp
https://minnano-toreka.com/wp-content/uploads/2026/07/EB01-022_SR_10241739.webp,https://minnano-toreka.com/wp-content/uploads/2026/07/EB01-022_SR_10241739-215x300.webp
https://minnano-toreka.com/wp-content/uploads/2026/07/EB01-022_SR_10241738.webp,https://minnano-toreka.com/wp-content/uploads/2026/07/EB01-022_SR_10241738-215x300.webp
https://minnano-toreka.com/wp-content/uploads/2026/07/EB01-049_R_10241736.webp,https://minnano-toreka.com/wp-content/uploads/2026/07/EB01-049_R_10241736-215x300.webp
https://minnano-toreka.com/wp-content/uploads/2026/07/ST12-001_L_10241733.webp,https://minnano-toreka.com/wp-content/uploads/2026/07/ST12-001_L_10241733-206x300.webp
https://minnano-toreka.com/wp-content/uploads/2026/07/ST10-001_L_10241732.webp,https://minnano-toreka.com/wp-content/uploads/2026/07/ST10-001_L_10241732-215x300.webp
https://minnano-toreka.com/wp-content/uploads/2026/07/ST10-003_L_10241730.webp,https://minnano-toreka.com/wp-content/uploads/2026/07/ST10-003_L_10241730-215x300.webp
https://minnano-toreka.com/wp-content/uploads/2026/07/ST13-002_L_10241728.webp,https://minnano-toreka.com/wp-content/uploads/2026/07/ST13-002_L_10241728-215x300.webp
https://minnano-toreka.com/wp-content/uploads/2026/07/EB01-056_R_10241047.webp,https://minnano-toreka.com/wp-content/uploads/2026/07/EB01-056_R_10241047-215x300.webp
https://minnano-toreka.com/wp-content/uploads/2026/07/EB01-048_SR_10241045.webp,https://minnano-toreka.com/wp-content/uploads/2026/07/EB01-048_SR_10241045-215x300.webp
https://minnano-toreka.com/wp-content/uploads/2026/07/EB01-061_SEC_10241041.webp,https://minnano-toreka.com/wp-content/uploads/2026/07/EB01-061_SEC_10241041-215x300.webp
https://minnano-toreka.com/wp-content/uploads/2026/07/EB01-021_L_10241038.webp,https://minnano-toreka.com/wp-content/uploads/2026/07/EB01-021_L_10241038-215x300.webp
https://minnano-toreka.com/wp-content/uploads/2026/07/EB01-001_L_10241035.webp,https://minnano-toreka.com/wp-content/uploads/2026/07/EB01-001_L_10241035-215x300.webp
https://minnano-toreka.com/wp-content/uploads/2026/07/OP01-070_SR_10241034.webp,https://minnano-toreka.com/wp-content/uploads/2026/07/OP01-070_SR_10241034-216x300.webp
https://minnano-toreka.com/wp-content/uploads/2026/07/EB01-003_R_10241028.webp,https://minnano-toreka.com/wp-content/uploads/2026/07/EB01-003_R_10241028-215x300.webp
https://minnano-toreka.com/wp-content/uploads/2026/07/OP04-031_SR_10241024.webp,https://minnano-toreka.com/wp-content/uploads/2026/07/OP04-031_SR_10241024-215x300.webp
https://minnano-toreka.com/wp-content/uploads/2026/07/EB01-006_SR_10241020.webp,https://minnano-toreka.com/wp-content/uploads/2026/07/EB01-006_SR_10241020-215x300.webp
https://minnano-toreka.com/wp-content/uploads/2026/07/ST11-001_L_10240902.webp,https://minnano-toreka.com/wp-content/uploads/2026/07/ST11-001_L_10240902-215x300.webp
https://minnano-toreka.com/wp-content/uploads/2026/07/OP05-002_L_10240899.webp,https://minnano-toreka.com/wp-content/uploads/2026/07/OP05-002_L_10240899-215x300.webp
https://minnano-toreka.com/wp-content/uploads/2026/07/OP02-017_R_10240898.webp,https://minnano-toreka.com/wp-content/uploads/2026/07/OP02-017_R_10240898-215x300.webp
https://minnano-toreka.com/wp-content/uploads/2026/07/OP05-086_R_10240896.webp,https://minnano-toreka.com/wp-content/uploads/2026/07/OP05-086_R_10240896-215x300.webp
https://minnano-toreka.com/wp-content/uploads/2026/07/OP05-043_SR_10240894.webp,https://minnano-toreka.com/wp-content/uploads/2026/07/OP05-043_SR_10240894-215x300.webp
https://minnano-toreka.com/wp-content/uploads/2026/07/OP02-013_SR_10240893.webp,https://minnano-toreka.com/wp-content/uploads/2026/07/OP02-013_SR_10240893-215x300.webp
https://minnano-toreka.com/wp-content/uploads/2026/07/OP04-011_C_10240891.webp,https://minnano-toreka.com/wp-content/uploads/2026/07/OP04-011_C_10240891-215x300.webp
https://minnano-toreka.com/wp-content/uploads/2026/07/ST13-014_C_10240890.webp,https://minnano-toreka.com/wp-content/uploads/2026/07/ST13-014_C_10240890-215x300.webp
https://minnano-toreka.com/wp-content/uploads/2026/07/OP02-041_R_10240888.webp,https://minnano-toreka.com/wp-content/uploads/2026/07/OP02-041_R_10240888-215x300.webp
https://minnano-toreka.com/wp-content/uploads/2026/07/ST13-013_SR_10240887.webp,https://minnano-toreka.com/wp-content/uploads/2026/07/ST13-013_SR_10240887-215x300.webp
https://minnano-toreka.com/wp-content/uploads/2026/07/OP02-043_C_10240885.webp,https://minnano-toreka.com/wp-content/uploads/2026/07/OP02-043_C_10240885-215x300.webp
https://minnano-toreka.com/wp-content/uploads/2026/07/ST13-012_C_10240884.webp,https://minnano-toreka.com/wp-content/uploads/2026/07/ST13-012_C_10240884-215x300.webp
https://minnano-toreka.com/wp-content/uploads/2026/07/OP01-016_R_10240882.webp,https://minnano-toreka.com/wp-content/uploads/2026/07/OP01-016_R_10240882-206x300.webp
https://minnano-toreka.com/wp-content/uploads/2026/07/ST13-002_L_10240881.webp,https://minnano-toreka.com/wp-content/uploads/2026/07/ST13-002_L_10240881-215x300.webp
https://minnano-toreka.com/wp-content/uploads/2026/07/ST08-007_C_10240879.webp,https://minnano-toreka.com/wp-content/uploads/2026/07/ST08-007_C_10240879-206x300.webp
https://minnano-toreka.com/wp-content/uploads/2026/07/OP02-031_UC_10240878.webp,https://minnano-toreka.com/wp-content/uploads/2026/07/OP02-031_UC_10240878-215x300.webp
https://minnano-toreka.com/wp-content/uploads/2026/07/OP06-068_C_10240876.webp,https://minnano-toreka.com/wp-content/uploads/2026/07/OP06-068_C_10240876-215x300.webp
https://minnano-toreka.com/wp-content/uploads/2026/07/OP03-116_UC_10240423.webp,https://minnano-toreka.com/wp-content/uploads/2026/07/OP03-116_UC_10240423-215x300.webp
https://minnano-toreka.com/wp-content/uploads/2026/07/none_none_10240422.webp,https://minnano-toreka.com/wp-content/uploads/2026/07/none_none_10240422-197x300.webp
https://minnano-toreka.com/wp-content/uploads/2026/07/OP02-096_SR_10240421.webp,https://minnano-toreka.com/wp-content/uploads/2026/07/OP02-096_SR_10240421-215x300.webp
https://minnano-toreka.com/wp-content/uploads/2026/07/OP01-111_R_10240420.webp,https://minnano-toreka.com/wp-content/uploads/2026/07/OP01-111_R_10240420-215x300.webp
https://minnano-toreka.com/wp-content/uploads/2026/07/ST13-001_L_10240419.webp,https://minnano-toreka.com/wp-content/uploads/2026/07/ST13-001_L_10240419-215x300.webp
https://minnano-toreka.com/wp-content/uploads/2026/07/ST13-007_C_10240418.webp,https://minnano-toreka.com/wp-content/uploads/2026/07/ST13-007_C_10240418-215x300.webp
https://minnano-toreka.com/wp-content/uploads/2026/07/ST13-009_C_10240416.webp,https://minnano-toreka.com/wp-content/uploads/2026/07/ST13-009_C_10240416-215x300.webp
https://minnano-toreka.com/wp-content/uploads/2026/07/ST13-010_C_10240415.webp,https://minnano-toreka.com/wp-content/uploads/2026/07/ST13-010_C_10240415-215x300.webp
https://minnano-toreka.com/wp-content/uploads/2026/07/ST13-003_L_10240414.webp,https://minnano-toreka.com/wp-content/uploads/2026/07/ST13-003_L_10240414-215x300.webp
https://minnano-toreka.com/wp-content/uploads/2026/07/OP05-119_SEC_10240413.webp,https://minnano-toreka.com/wp-content/uploads/2026/07/OP05-119_SEC_10240413-215x300.webp
https://minnano-toreka.com/wp-content/uploads/2026/07/P-003_P_10240295.webp,https://minnano-toreka.com/wp-content/uploads/2026/07/P-003_P_10240295-182x300.webp
https://minnano-toreka.com/wp-content/uploads/2026/07/ST03-013_C_10240294.webp,https://minnano-toreka.com/wp-content/uploads/2026/07/ST03-013_C_10240294-215x300.webp
https://minnano-toreka.com/wp-content/uploads/2026/07/ST11-005_C_10240293.webp,https://minnano-toreka.com/wp-content/uploads/2026/07/ST11-005_C_10240293-211x300.webp
https://minnano-toreka.com/wp-content/uploads/2026/07/OP06-047_R_10240292.webp,https://minnano-toreka.com/wp-content/uploads/2026/07/OP06-047_R_10240292-215x300.webp
https://minnano-toreka.com/wp-content/uploads/2026/07/OP01-094_SR_10240291.webp,https://minnano-toreka.com/wp-content/uploads/2026/07/OP01-094_SR_10240291-211x300.webp
https://minnano-toreka.com/wp-content/uploads/2026/07/ST03-008_C_10240290.webp,https://minnano-toreka.com/wp-content/uploads/2026/07/ST03-008_C_10240290-228x300.webp
https://minnano-toreka.com/wp-content/uploads/2026/07/OP04-083_SR_10240289.webp,https://minnano-toreka.com/wp-content/uploads/2026/07/OP04-083_SR_10240289-215x300.webp
https://minnano-toreka.com/wp-content/uploads/2026/07/OP06-43_SR_10240288.webp,https://minnano-toreka.com/wp-content/uploads/2026/07/OP06-43_SR_10240288-215x300.webp
https://minnano-toreka.com/wp-content/uploads/2026/07/OP06-007_SR_10240287.webp,https://minnano-toreka.com/wp-content/uploads/2026/07/OP06-007_SR_10240287-215x300.webp
https://minnano-toreka.com/wp-content/uploads/2026/07/P-041_P_10240286.webp,https://minnano-toreka.com/wp-content/uploads/2026/07/P-041_P_10240286-215x300.webp
https://minnano-toreka.com/wp-content/uploads/2026/07/OP06-007_SR_10240285.webp,https://minnano-toreka.com/wp-content/uploads/2026/07/OP06-007_SR_10240285-215x300.webp
https://minnano-toreka.com/wp-content/uploads/2026/07/OP05-051_SR_10240284.webp,https://minnano-toreka.com/wp-content/uploads/2026/07/OP05-051_SR_10240284-215x300.webp
https://minnano-toreka.com/wp-content/uploads/2026/07/OP01-029_UC_10240283.webp,https://minnano-toreka.com/wp-content/uploads/2026/07/OP01-029_UC_10240283-213x300.webp
https://minnano-toreka.com/wp-content/uploads/2026/07/OP05-074_SR_10240282.webp,https://minnano-toreka.com/wp-content/uploads/2026/07/OP05-074_SR_10240282-215x300.webp
https://minnano-toreka.com/wp-content/uploads/2026/07/OP02-034_UC_10240281.webp,https://minnano-toreka.com/wp-content/uploads/2026/07/OP02-034_UC_10240281-215x300.webp
https://minnano-toreka.com/wp-content/uploads/2026/07/none_none_10240280.webp,https://minnano-toreka.com/wp-content/uploads/2026/07/none_none_10240280-215x300.webp
https://minnano-toreka.com/wp-content/uploads/2026/07/ST01-006_C_10240279.webp,https://minnano-toreka.com/wp-content/uploads/2026/07/ST01-006_C_10240279-215x300.webp
https://minnano-toreka.com/wp-content/uploads/2026/07/OP02-120_SEC_10240277.webp,https://minnano-toreka.com/wp-content/uploads/2026/07/OP02-120_SEC_10240277-215x300.webp
https://minnano-toreka.com/wp-content/uploads/2026/07/P-065_P_10240276.webp,https://minnano-toreka.com/wp-content/uploads/2026/07/P-065_P_10240276-215x300.webp
https://minnano-toreka.com/wp-content/uploads/2026/07/OP02-059_UC_10240275.webp,https://minnano-toreka.com/wp-content/uploads/2026/07/OP02-059_UC_10240275-215x300.webp
https://minnano-toreka.com/wp-content/uploads/2026/07/OP06-050_R_10240274.webp,https://minnano-toreka.com/wp-content/uploads/2026/07/OP06-050_R_10240274-215x300.webp
https://minnano-toreka.com/wp-content/uploads/2026/07/OP06-069_SR_10240273.webp,https://minnano-toreka.com/wp-content/uploads/2026/07/OP06-069_SR_10240273-215x300.webp
https://minnano-toreka.com/wp-content/uploads/2026/07/OP06-062_SR_10240271.webp,https://minnano-toreka.com/wp-content/uploads/2026/07/OP06-062_SR_10240271-215x300.webp
https://minnano-toreka.com/wp-content/uploads/2026/07/OP05-051_SR_10240253.webp,https://minnano-toreka.com/wp-content/uploads/2026/07/OP05-051_SR_10240253-215x300.webp
https://minnano-toreka.com/wp-content/uploads/2026/07/OP01-120_SEC_10240251.webp,https://minnano-toreka.com/wp-content/uploads/2026/07/OP01-120_SEC_10240251-215x300.webp
https://minnano-toreka.com/wp-content/uploads/2026/07/OP01-096_SR_10240245.webp,https://minnano-toreka.com/wp-content/uploads/2026/07/OP01-096_SR_10240245-215x300.webp
https://minnano-toreka.com/wp-content/uploads/2026/07/OP01-091_L_10240242.webp,https://minnano-toreka.com/wp-content/uploads/2026/07/OP01-091_L_10240242-215x300.webp
https://minnano-toreka.com/wp-content/uploads/2026/07/OP01-097_R_10240239.webp,https://minnano-toreka.com/wp-content/uploads/2026/07/OP01-097_R_10240239-215x300.webp
https://minnano-toreka.com/wp-content/uploads/2026/07/OP01-031_L_10240236.webp,https://minnano-toreka.com/wp-content/uploads/2026/07/OP01-031_L_10240236-215x300.webp
https://minnano-toreka.com/wp-content/uploads/2026/07/OP01-013_R_10240234.webp,https://minnano-toreka.com/wp-content/uploads/2026/07/OP01-013_R_10240234-217x300.webp
https://minnano-toreka.com/wp-content/uploads/2026/07/OP01-013_R_10240231.webp,https://minnano-toreka.com/wp-content/uploads/2026/07/OP01-013_R_10240231-215x300.webp
https://minnano-toreka.com/wp-content/uploads/2026/07/OP01-060_L_10240229.webp,https://minnano-toreka.com/wp-content/uploads/2026/07/OP01-060_L_10240229-215x300.webp
https://minnano-toreka.com/wp-content/uploads/2026/07/OP01-024_SR_10240225.webp,https://minnano-toreka.com/wp-content/uploads/2026/07/OP01-024_SR_10240225-215x300.webp
https://minnano-toreka.com/wp-content/uploads/2026/07/OP02-004_SP_10240221.webp,https://minnano-toreka.com/wp-content/uploads/2026/07/OP02-004_SP_10240221-215x300.webp
https://minnano-toreka.com/wp-content/uploads/2026/07/OP02-029_R_10240220.webp,https://minnano-toreka.com/wp-content/uploads/2026/07/OP02-029_R_10240220-215x300.webp
https://minnano-toreka.com/wp-content/uploads/2026/07/ST08-002_SR_10240217.webp,https://minnano-toreka.com/wp-content/uploads/2026/07/ST08-002_SR_10240217-206x300.webp
https://minnano-toreka.com/wp-content/uploads/2026/07/ST01-006_C_10240214.webp,https://minnano-toreka.com/wp-content/uploads/2026/07/ST01-006_C_10240214-214x300.webp
https://minnano-toreka.com/wp-content/uploads/2026/07/P-001_P_10240213.webp,https://minnano-toreka.com/wp-content/uploads/2026/07/P-001_P_10240213-212x300.webp
https://minnano-toreka.com/wp-content/uploads/2026/07/none_none_10240208.webp,https://minnano-toreka.com/wp-content/uploads/2026/07/none_none_10240208-212x300.webp
https://minnano-toreka.com/wp-content/uploads/2026/07/OP02-072_L_10240204.webp,https://minnano-toreka.com/wp-content/uploads/2026/07/OP02-072_L_10240204-215x300.webp
https://minnano-toreka.com/wp-content/uploads/2026/07/OP02-099_SR_10240202.webp,https://minnano-toreka.com/wp-content/uploads/2026/07/OP02-099_SR_10240202-215x300.webp
https://minnano-toreka.com/wp-content/uploads/2026/07/OP02-025_L_10240162.webp,https://minnano-toreka.com/wp-content/uploads/2026/07/OP02-025_L_10240162-215x300.webp
https://minnano-toreka.com/wp-content/uploads/2026/07/OP03-114_SP_10240158.webp,https://minnano-toreka.com/wp-content/uploads/2026/07/OP03-114_SP_10240158-215x300.webp
https://minnano-toreka.com/wp-content/uploads/2026/07/OP03-122_SEC_10240154.webp,https://minnano-toreka.com/wp-content/uploads/2026/07/OP03-122_SEC_10240154-215x300.webp
https://minnano-toreka.com/wp-content/uploads/2026/07/OP04-031_SR_10240152.webp,https://minnano-toreka.com/wp-content/uploads/2026/07/OP04-031_SR_10240152-215x300.webp
https://minnano-toreka.com/wp-content/uploads/2026/07/OP05-100_SR_10240149.webp,https://minnano-toreka.com/wp-content/uploads/2026/07/OP05-100_SR_10240149-215x300.webp
https://minnano-toreka.com/wp-content/uploads/2026/07/OP03-044_R_10240146.webp,https://minnano-toreka.com/wp-content/uploads/2026/07/OP03-044_R_10240146-211x300.webp
https://minnano-toreka.com/wp-content/uploads/2026/07/ST01-009_C_10240143.webp,https://minnano-toreka.com/wp-content/uploads/2026/07/ST01-009_C_10240143-215x300.webp
https://minnano-toreka.com/wp-content/uploads/2026/07/P-016_P_10240141.webp,https://minnano-toreka.com/wp-content/uploads/2026/07/P-016_P_10240141-215x300.webp
https://minnano-toreka.com/wp-content/uploads/2026/07/P-059_P_10240137.webp,https://minnano-toreka.com/wp-content/uploads/2026/07/P-059_P_10240137-216x300.webp
https://minnano-toreka.com/wp-content/uploads/2026/07/ST01-004_C_10240134.webp,https://minnano-toreka.com/wp-content/uploads/2026/07/ST01-004_C_10240134-215x300.webp
https://minnano-toreka.com/wp-content/uploads/2026/07/P-001_P_10240132.webp,https://minnano-toreka.com/wp-content/uploads/2026/07/P-001_P_10240132-215x300.webp
https://minnano-toreka.com/wp-content/uploads/2026/07/OP03-044_R_10240128.webp,https://minnano-toreka.com/wp-content/uploads/2026/07/OP03-044_R_10240128-215x300.webp
https://minnano-toreka.com/wp-content/uploads/2026/07/P-034_P_10240125.webp,https://minnano-toreka.com/wp-content/uploads/2026/07/P-034_P_10240125-215x300.webp
https://minnano-toreka.com/wp-content/uploads/2026/07/OP05-118_SEC_10240123.webp,https://minnano-toreka.com/wp-content/uploads/2026/07/OP05-118_SEC_10240123-215x300.webp
https://minnano-toreka.com/wp-content/uploads/2026/07/OP02-120_SEC_10240120.webp,https://minnano-toreka.com/wp-content/uploads/2026/07/OP02-120_SEC_10240120-215x300.webp
https://minnano-toreka.com/wp-content/uploads/2026/07/OP06-035_SR_10240115.webp,https://minnano-toreka.com/wp-content/uploads/2026/07/OP06-035_SR_10240115-215x300.webp
https://minnano-toreka.com/wp-content/uploads/2026/07/ST01-007_C_10240112.webp,https://minnano-toreka.com/wp-content/uploads/2026/07/ST01-007_C_10240112-215x300.webp
https://minnano-toreka.com/wp-content/uploads/2026/07/OP04-105_R_10240109.webp,https://minnano-toreka.com/wp-content/uploads/2026/07/OP04-105_R_10240109-213x300.webp
https://minnano-toreka.com/wp-content/uploads/2026/07/ST13-006_C_10240105.webp,https://minnano-toreka.com/wp-content/uploads/2026/07/ST13-006_C_10240105-215x300.webp
https://minnano-toreka.com/wp-content/uploads/2026/07/ST13-011_SR_10240103.webp,https://minnano-toreka.com/wp-content/uploads/2026/07/ST13-011_SR_10240103-215x300.webp
https://minnano-toreka.com/wp-content/uploads/2026/07/ST01-006_C_10240101.webp,https://minnano-toreka.com/wp-content/uploads/2026/07/ST01-006_C_10240101-215x300.webp
https://minnano-toreka.com/wp-content/uploads/2026/07/OP02-004_SR_10240096.webp,https://minnano-toreka.com/wp-content/uploads/2026/07/OP02-004_SR_10240096-215x300.webp
https://minnano-toreka.com/wp-content/uploads/2026/07/OP02-121_SEC_10240092.webp,https://minnano-toreka.com/wp-content/uploads/2026/07/OP02-121_SEC_10240092-215x300.webp
https://minnano-toreka.com/wp-content/uploads/2026/07/OP01-094_SR_10240089.webp,https://minnano-toreka.com/wp-content/uploads/2026/07/OP01-094_SR_10240089-215x300.webp
https://minnano-toreka.com/wp-content/uploads/2026/07/OP01-005_R_10240036.webp,https://minnano-toreka.com/wp-content/uploads/2026/07/OP01-005_R_10240036-215x300.webp
https://minnano-toreka.com/wp-content/uploads/2026/07/OP06-119_SEC_10240035.webp,https://minnano-toreka.com/wp-content/uploads/2026/07/OP06-119_SEC_10240035-215x300.webp
https://minnano-toreka.com/wp-content/uploads/2026/07/OP02-114_SR_10240033.webp,https://minnano-toreka.com/wp-content/uploads/2026/07/OP02-114_SR_10240033-215x300.webp
https://minnano-toreka.com/wp-content/uploads/2026/07/OP05-006_SR_10240032.webp,https://minnano-toreka.com/wp-content/uploads/2026/07/OP05-006_SR_10240032-215x300.webp
https://minnano-toreka.com/wp-content/uploads/2026/07/ST13-013_SR_10240031.webp,https://minnano-toreka.com/wp-content/uploads/2026/07/ST13-013_SR_10240031-215x300.webp
https://minnano-toreka.com/wp-content/uploads/2026/07/P06-042_L_10240030.webp,https://minnano-toreka.com/wp-content/uploads/2026/07/P06-042_L_10240030-215x300.webp
https://minnano-toreka.com/wp-content/uploads/2026/07/ST13-015_SR_10240028.webp,https://minnano-toreka.com/wp-content/uploads/2026/07/ST13-015_SR_10240028-215x300.webp
https://minnano-toreka.com/wp-content/uploads/2026/07/OP06-063_UC_10240027.webp,https://minnano-toreka.com/wp-content/uploads/2026/07/OP06-063_UC_10240027-215x300.webp
https://minnano-toreka.com/wp-content/uploads/2026/07/ST13-008_SR_10240025.webp,https://minnano-toreka.com/wp-content/uploads/2026/07/ST13-008_SR_10240025-215x300.webp
https://minnano-toreka.com/wp-content/uploads/2026/07/OP01-005_R_10240023.webp,https://minnano-toreka.com/wp-content/uploads/2026/07/OP01-005_R_10240023-215x300.webp
https://minnano-toreka.com/wp-content/uploads/2026/07/ST10-002_L_10240021.webp,https://minnano-toreka.com/wp-content/uploads/2026/07/ST10-002_L_10240021-215x300.webp
https://minnano-toreka.com/wp-content/uploads/2026/07/P-011_L_10240020.webp,https://minnano-toreka.com/wp-content/uploads/2026/07/P-011_L_10240020-215x300.webp
https://minnano-toreka.com/wp-content/uploads/2026/07/OP06-022_L_10240016.webp,https://minnano-toreka.com/wp-content/uploads/2026/07/OP06-022_L_10240016-215x300.webp
https://minnano-toreka.com/wp-content/uploads/2026/07/OP05-007_SR_10240014.webp,https://minnano-toreka.com/wp-content/uploads/2026/07/OP05-007_SR_10240014-215x300.webp
https://minnano-toreka.com/wp-content/uploads/2026/07/ST13-001_L_10240011.webp,https://minnano-toreka.com/wp-content/uploads/2026/07/ST13-001_L_10240011-215x300.webp
https://minnano-toreka.com/wp-content/uploads/2026/07/OP06-021_L_10240010.webp,https://minnano-toreka.com/wp-content/uploads/2026/07/OP06-021_L_10240010-215x300.webp
https://minnano-toreka.com/wp-content/uploads/2026/07/ST13-003_L_10239989.webp,https://minnano-toreka.com/wp-content/uploads/2026/07/ST13-003_L_10239989-215x300.webp
https://minnano-toreka.com/wp-content/uploads/2026/07/OP06-001_L_10239987.webp,https://minnano-toreka.com/wp-content/uploads/2026/07/OP06-001_L_10239987-215x300.webp
https://minnano-toreka.com/wp-content/uploads/2026/07/OP04-039_L_10239986.webp,https://minnano-toreka.com/wp-content/uploads/2026/07/OP04-039_L_10239986-215x300.webp
https://minnano-toreka.com/wp-content/uploads/2026/07/OP04-066_R_10239985.webp,https://minnano-toreka.com/wp-content/uploads/2026/07/OP04-066_R_10239985-215x300.webp
https://minnano-toreka.com/wp-content/uploads/2026/07/ST04-016_C_10239984.webp,https://minnano-toreka.com/wp-content/uploads/2026/07/ST04-016_C_10239984-216x300.webp
https://minnano-toreka.com/wp-content/uploads/2026/07/OP03-121_C_10239983.webp,https://minnano-toreka.com/wp-content/uploads/2026/07/OP03-121_C_10239983-212x300.webp
https://minnano-toreka.com/wp-content/uploads/2026/07/OP01-061_L_10239982.webp,https://minnano-toreka.com/wp-content/uploads/2026/07/OP01-061_L_10239982-215x300.webp
https://minnano-toreka.com/wp-content/uploads/2026/07/OP06-080_L_10239981.webp,https://minnano-toreka.com/wp-content/uploads/2026/07/OP06-080_L_10239981-215x300.webp
https://minnano-toreka.com/wp-content/uploads/2026/07/OP05-041_L_10239980.webp,https://minnano-toreka.com/wp-content/uploads/2026/07/OP05-041_L_10239980-215x300.webp
https://minnano-toreka.com/wp-content/uploads/2026/07/P_L_10239979.webp,https://minnano-toreka.com/wp-content/uploads/2026/07/P_L_10239979-206x300.webp
https://minnano-toreka.com/wp-content/uploads/2026/07/OP06-101_R_10239978.webp,https://minnano-toreka.com/wp-content/uploads/2026/07/OP06-101_R_10239978-215x300.webp
https://minnano-toreka.com/wp-content/uploads/2026/07/OP05-069_SR_10239977.webp,https://minnano-toreka.com/wp-content/uploads/2026/07/OP05-069_SR_10239977-215x300.webp
https://minnano-toreka.com/wp-content/uploads/2026/07/OP01-120_SEC_10239976.webp,https://minnano-toreka.com/wp-content/uploads/2026/07/OP01-120_SEC_10239976-215x300.webp
https://minnano-toreka.com/wp-content/uploads/2026/07/OP02-013_SR_10239968.webp,https://minnano-toreka.com/wp-content/uploads/2026/07/OP02-013_SR_10239968-215x300.webp
https://minnano-toreka.com/wp-content/uploads/2026/07/OP06-118_SEC_10239962.webp,https://minnano-toreka.com/wp-content/uploads/2026/07/OP06-118_SEC_10239962-211x300.webp
https://minnano-toreka.com/wp-content/uploads/2026/07/none_none_10239925.webp,https://minnano-toreka.com/wp-content/uploads/2026/07/none_none_10239925-213x300.webp
https://minnano-toreka.com/wp-content/uploads/2026/07/none_none_10239924.webp,https://minnano-toreka.com/wp-content/uploads/2026/07/none_none_10239924-211x300.webp
https://minnano-toreka.com/wp-content/uploads/2026/07/none_none_10239923.webp,https://minnano-toreka.com/wp-content/uploads/2026/07/none_none_10239923-211x300.webp
https://minnano-toreka.com/wp-content/uploads/2026/07/none_none_10239922.webp,https://minnano-toreka.com/wp-content/uploads/2026/07/none_none_10239922-207x300.webp
https://minnano-toreka.com/wp-content/uploads/2026/07/none_none_10239921.webp,https://minnano-toreka.com/wp-content/uploads/2026/07/none_none_10239921-213x300.webp
https://minnano-toreka.com/wp-content/uploads/2026/07/none_none_10239920.webp,https://minnano-toreka.com/wp-content/uploads/2026/07/none_none_10239920-205x300.webp
https://minnano-toreka.com/wp-content/uploads/2026/07/ST13-005_R_10239919.webp,https://minnano-toreka.com/wp-content/uploads/2026/07/ST13-005_R_10239919-215x300.webp
https://minnano-toreka.com/wp-content/uploads/2026/07/ST13-004_C_10239918.webp,https://minnano-toreka.com/wp-content/uploads/2026/07/ST13-004_C_10239918-215x300.webp
https://minnano-toreka.com/wp-content/uploads/2026/07/ST13-009_C_10239917.webp,https://minnano-toreka.com/wp-content/uploads/2026/07/ST13-009_C_10239917-215x300.webp
https://minnano-toreka.com/wp-content/uploads/2026/07/ST13-011_SR_10239915.webp,https://minnano-toreka.com/wp-content/uploads/2026/07/ST13-011_SR_10239915-215x300.webp
https://minnano-toreka.com/wp-content/uploads/2026/07/ST13-012_C_10239914.webp,https://minnano-toreka.com/wp-content/uploads/2026/07/ST13-012_C_10239914-215x300.webp
https://minnano-toreka.com/wp-content/uploads/2026/07/ST13-014_C_10239912.webp,https://minnano-toreka.com/wp-content/uploads/2026/07/ST13-014_C_10239912-215x300.webp
https://minnano-toreka.com/wp-content/uploads/2026/07/ST13-015_SR_10239911.webp,https://minnano-toreka.com/wp-content/uploads/2026/07/ST13-015_SR_10239911-215x300.webp
https://minnano-toreka.com/wp-content/uploads/2026/07/ST13-016_C_10239910.webp,https://minnano-toreka.com/wp-content/uploads/2026/07/ST13-016_C_10239910-215x300.webp
https://minnano-toreka.com/wp-content/uploads/2026/07/P-043_P_10239899.webp,https://minnano-toreka.com/wp-content/uploads/2026/07/P-043_P_10239899-215x300.webp
https://minnano-toreka.com/wp-content/uploads/2026/07/P-003_P_10239845.webp,https://minnano-toreka.com/wp-content/uploads/2026/07/P-003_P_10239845-223x300.webp
https://minnano-toreka.com/wp-content/uploads/2026/07/OP02-002_L_10239843.webp,https://minnano-toreka.com/wp-content/uploads/2026/07/OP02-002_L_10239843-215x300.webp
https://minnano-toreka.com/wp-content/uploads/2026/07/none_none_10239804.webp,https://minnano-toreka.com/wp-content/uploads/2026/07/none_none_10239804-215x300.webp
https://minnano-toreka.com/wp-content/uploads/2026/07/none_none_10239803.webp,https://minnano-toreka.com/wp-content/uploads/2026/07/none_none_10239803-219x300.webp
https://minnano-toreka.com/wp-content/uploads/2026/07/OP06-042_L_10239802.webp,https://minnano-toreka.com/wp-content/uploads/2026/07/OP06-042_L_10239802-215x300.webp
https://minnano-toreka.com/wp-content/uploads/2026/07/OP01-062_L_10239801.webp,https://minnano-toreka.com/wp-content/uploads/2026/07/OP01-062_L_10239801-215x300.webp
https://minnano-toreka.com/wp-content/uploads/2026/07/OP05-022_L_10239800.webp,https://minnano-toreka.com/wp-content/uploads/2026/07/OP05-022_L_10239800-215x300.webp
https://minnano-toreka.com/wp-content/uploads/2026/07/P-057_P_10239799.webp,https://minnano-toreka.com/wp-content/uploads/2026/07/P-057_P_10239799-213x300.webp
https://minnano-toreka.com/wp-content/uploads/2026/07/ST10-010_SR_10239798.webp,https://minnano-toreka.com/wp-content/uploads/2026/07/ST10-010_SR_10239798-215x300.webp
https://minnano-toreka.com/wp-content/uploads/2026/07/OP05-093_SR_10239797.webp,https://minnano-toreka.com/wp-content/uploads/2026/07/OP05-093_SR_10239797-215x300.webp
https://minnano-toreka.com/wp-content/uploads/2026/07/OP03-013_SR_10239796.webp,https://minnano-toreka.com/wp-content/uploads/2026/07/OP03-013_SR_10239796-215x300.webp
https://minnano-toreka.com/wp-content/uploads/2026/07/OP02-085_SR_10239795.webp,https://minnano-toreka.com/wp-content/uploads/2026/07/OP02-085_SR_10239795-215x300.webp
https://minnano-toreka.com/wp-content/uploads/2026/07/ST04-005_C_10239794.webp,https://minnano-toreka.com/wp-content/uploads/2026/07/ST04-005_C_10239794-215x300.webp
https://minnano-toreka.com/wp-content/uploads/2026/07/OP06-086_SR_10239793.webp,https://minnano-toreka.com/wp-content/uploads/2026/07/OP06-086_SR_10239793-215x300.webp
https://minnano-toreka.com/wp-content/uploads/2026/07/OP03-009_L_10239792.webp,https://minnano-toreka.com/wp-content/uploads/2026/07/OP03-009_L_10239792-215x300.webp
https://minnano-toreka.com/wp-content/uploads/2026/07/ST01-001_L_10239791.webp,https://minnano-toreka.com/wp-content/uploads/2026/07/ST01-001_L_10239791-177x300.webp
https://minnano-toreka.com/wp-content/uploads/2026/07/OP03-008_UC_10239790.webp,https://minnano-toreka.com/wp-content/uploads/2026/07/OP03-008_UC_10239790-215x300.webp
https://minnano-toreka.com/wp-content/uploads/2026/07/P-041_P_10239789.webp,https://minnano-toreka.com/wp-content/uploads/2026/07/P-041_P_10239789-179x300.webp
https://minnano-toreka.com/wp-content/uploads/2026/07/P-001_P_10239788.webp,https://minnano-toreka.com/wp-content/uploads/2026/07/P-001_P_10239788-173x300.webp
https://minnano-toreka.com/wp-content/uploads/2026/07/ST03-008_C_10239787.webp,https://minnano-toreka.com/wp-content/uploads/2026/07/ST03-008_C_10239787-168x300.webp
https://minnano-toreka.com/wp-content/uploads/2026/07/OP02-018_R_10239786.webp,https://minnano-toreka.com/wp-content/uploads/2026/07/OP02-018_R_10239786-215x300.webp
https://minnano-toreka.com/wp-content/uploads/2026/07/OP01-016_R_10239785.webp,https://minnano-toreka.com/wp-content/uploads/2026/07/OP01-016_R_10239785-215x300.webp
https://minnano-toreka.com/wp-content/uploads/2026/07/OP05-067_R_10239784.webp,https://minnano-toreka.com/wp-content/uploads/2026/07/OP05-067_R_10239784-215x300.webp
https://minnano-toreka.com/wp-content/uploads/2026/07/OP01-102_R_10239783.webp,https://minnano-toreka.com/wp-content/uploads/2026/07/OP01-102_R_10239783-215x300.webp
https://minnano-toreka.com/wp-content/uploads/2026/07/OP05-034_R_10239782.webp,https://minnano-toreka.com/wp-content/uploads/2026/07/OP05-034_R_10239782-215x300.webp
https://minnano-toreka.com/wp-content/uploads/2026/07/OP05-088_R_10239781.webp,https://minnano-toreka.com/wp-content/uploads/2026/07/OP05-088_R_10239781-215x300.webp
https://minnano-toreka.com/wp-content/uploads/2026/07/P-031_P_10239780.webp,https://minnano-toreka.com/wp-content/uploads/2026/07/P-031_P_10239780-215x300.webp
https://minnano-toreka.com/wp-content/uploads/2026/07/P-058_P_10239779.webp,https://minnano-toreka.com/wp-content/uploads/2026/07/P-058_P_10239779-213x300.webp
https://minnano-toreka.com/wp-content/uploads/2026/07/OP06-107_SR_10239679.webp,https://minnano-toreka.com/wp-content/uploads/2026/07/OP06-107_SR_10239679-215x300.webp
https://minnano-toreka.com/wp-content/uploads/2026/07/OP06-107_SR_10239677.webp,https://minnano-toreka.com/wp-content/uploads/2026/07/OP06-107_SR_10239677-215x300.webp
https://minnano-toreka.com/wp-content/uploads/2026/07/OP06-086_SR_10239675.webp,https://minnano-toreka.com/wp-content/uploads/2026/07/OP06-086_SR_10239675-215x300.webp
https://minnano-toreka.com/wp-content/uploads/2026/07/ST11-002_SR_10239673.webp,https://minnano-toreka.com/wp-content/uploads/2026/07/ST11-002_SR_10239673-215x300.webp
https://minnano-toreka.com/wp-content/uploads/2026/07/ST06-008_C_10239672.webp,https://minnano-toreka.com/wp-content/uploads/2026/07/ST06-008_C_10239672-215x300.webp
https://minnano-toreka.com/wp-content/uploads/2026/07/ST05-004_SR_10239670.webp,https://minnano-toreka.com/wp-content/uploads/2026/07/ST05-004_SR_10239670-215x300.webp
https://minnano-toreka.com/wp-content/uploads/2026/07/OP06-104_R_10239668.webp,https://minnano-toreka.com/wp-content/uploads/2026/07/OP06-104_R_10239668-215x300.webp
https://minnano-toreka.com/wp-content/uploads/2026/07/OP03-001_L_10239663.webp,https://minnano-toreka.com/wp-content/uploads/2026/07/OP03-001_L_10239663-215x300.webp
https://minnano-toreka.com/wp-content/uploads/2026/07/OP04-019_L_10239662.webp,https://minnano-toreka.com/wp-content/uploads/2026/07/OP04-019_L_10239662-215x300.webp
https://minnano-toreka.com/wp-content/uploads/2026/07/ST01-007_C_10239627.webp,https://minnano-toreka.com/wp-content/uploads/2026/07/ST01-007_C_10239627-215x300.webp
https://minnano-toreka.com/wp-content/uploads/2026/07/OP06-022_L_10239626.webp,https://minnano-toreka.com/wp-content/uploads/2026/07/OP06-022_L_10239626-215x300.webp
https://minnano-toreka.com/wp-content/uploads/2026/07/OP03-123_SEC_10239624.webp,https://minnano-toreka.com/wp-content/uploads/2026/07/OP03-123_SEC_10239624-215x300.webp
https://minnano-toreka.com/wp-content/uploads/2026/07/OP02-013_SR_10239619.webp,https://minnano-toreka.com/wp-content/uploads/2026/07/OP02-013_SR_10239619-215x300.webp
https://minnano-toreka.com/wp-content/uploads/2026/07/OP01-121_SEC_10239616.webp,https://minnano-toreka.com/wp-content/uploads/2026/07/OP01-121_SEC_10239616-215x300.webp
https://minnano-toreka.com/wp-content/uploads/2026/07/OP01-003_L_10239615.webp,https://minnano-toreka.com/wp-content/uploads/2026/07/OP01-003_L_10239615-215x300.webp
https://minnano-toreka.com/wp-content/uploads/2026/07/OP04-001_L_10239607.webp,https://minnano-toreka.com/wp-content/uploads/2026/07/OP04-001_L_10239607-215x300.webp
https://minnano-toreka.com/wp-content/uploads/2026/07/OP05-091_SR_10239593.webp,https://minnano-toreka.com/wp-content/uploads/2026/07/OP05-091_SR_10239593-215x300.webp
https://minnano-toreka.com/wp-content/uploads/2026/07/OP01-077_UC_10239588.webp,https://minnano-toreka.com/wp-content/uploads/2026/07/OP01-077_UC_10239588-215x300.webp
https://minnano-toreka.com/wp-content/uploads/2026/07/OP01-006_UC_10239587.webp,https://minnano-toreka.com/wp-content/uploads/2026/07/OP01-006_UC_10239587-214x300.webp
https://minnano-toreka.com/wp-content/uploads/2026/07/OP02-120_SEC_10239551.webp,https://minnano-toreka.com/wp-content/uploads/2026/07/OP02-120_SEC_10239551-215x300.webp
https://minnano-toreka.com/wp-content/uploads/2026/07/OP01-001_L_10239548.webp,https://minnano-toreka.com/wp-content/uploads/2026/07/OP01-001_L_10239548-215x300.webp
https://minnano-toreka.com/wp-content/uploads/2026/07/OP06-118_SEC_10239521.webp,https://minnano-toreka.com/wp-content/uploads/2026/07/OP06-118_SEC_10239521-215x300.webp
https://minnano-toreka.com/wp-content/uploads/2026/07/OP02-120_SEC_10239042.webp,https://minnano-toreka.com/wp-content/uploads/2026/07/OP02-120_SEC_10239042-215x300.webp
https://minnano-toreka.com/wp-content/uploads/2026/07/OP01-078_SR_10239039.webp,https://minnano-toreka.com/wp-content/uploads/2026/07/OP01-078_SR_10239039-215x300.webp
https://minnano-toreka.com/wp-content/uploads/2026/07/OP04-044_SR_10238941-1.webp,https://minnano-toreka.com/wp-content/uploads/2026/07/OP04-044_SR_10238941-1-215x300.webp
https://minnano-toreka.com/wp-content/uploads/2026/07/OP01-002_L_10238723-1.webp,https://minnano-toreka.com/wp-content/uploads/2026/07/OP01-002_L_10238723-1-215x300.webp
https://minnano-toreka.com/wp-content/uploads/2026/07/OP04-039_L_10238722-1.webp,https://minnano-toreka.com/wp-content/uploads/2026/07/OP04-039_L_10238722-1-215x300.webp
https://minnano-toreka.com/wp-content/uploads/2026/07/OP04-044_SR_10238941.webp,https://minnano-toreka.com/wp-content/uploads/2026/07/OP04-044_SR_10238941-215x300.webp
https://minnano-toreka.com/wp-content/uploads/2026/07/OP01-002_L_10238723.webp,https://minnano-toreka.com/wp-content/uploads/2026/07/OP01-002_L_10238723-215x300.webp
https://minnano-toreka.com/wp-content/uploads/2026/07/OP04-039_L_10238722.webp,https://minnano-toreka.com/wp-content/uploads/2026/07/OP04-039_L_10238722-215x300.webp
https://minnano-toreka.com/wp-content/uploads/2026/07/LV76-a15045.webp,https://minnano-toreka.com/wp-content/uploads/2026/07/LV76-a15045-214x300.webp
https://minnano-toreka.com/wp-content/uploads/2026/07/a15875.webp,https://minnano-toreka.com/wp-content/uploads/2026/07/a15875-215x300.webp
https://minnano-toreka.com/wp-content/uploads/2026/07/a15924.webp,https://minnano-toreka.com/wp-content/uploads/2026/07/a15924-215x300.webp
https://minnano-toreka.com/wp-content/uploads/2026/07/a15925.webp,https://minnano-toreka.com/wp-content/uploads/2026/07/a15925-216x300.webp
https://minnano-toreka.com/wp-content/uploads/2026/07/a16663.webp,https://minnano-toreka.com/wp-content/uploads/2026/07/a16663-215x300.webp
https://minnano-toreka.com/wp-content/uploads/2026/07/a16671.webp,https://minnano-toreka.com/wp-content/uploads/2026/07/a16671-217x300.webp
https://minnano-toreka.com/wp-content/uploads/2026/07/a16675.webp,https://minnano-toreka.com/wp-content/uploads/2026/07/a16675-215x300.webp
https://minnano-toreka.com/wp-content/uploads/2026/07/a16676.webp,https://minnano-toreka.com/wp-content/uploads/2026/07/a16676-215x300.webp
https://minnano-toreka.com/wp-content/uploads/2026/07/a16680.webp,https://minnano-toreka.com/wp-content/uploads/2026/07/a16680-150x150.webp
https://minnano-toreka.com/wp-content/uploads/2026/07/a16682.webp,https://minnano-toreka.com/wp-content/uploads/2026/07/a16682-150x150.webp
https://minnano-toreka.com/wp-content/uploads/2026/07/a16685.webp,https://minnano-toreka.com/wp-content/uploads/2026/07/a16685-211x300.webp
https://minnano-toreka.com/wp-content/uploads/2026/07/M-EX-a16718.webp,https://minnano-toreka.com/wp-content/uploads/2026/07/M-EX-a16718-214x300.webp
https://minnano-toreka.com/wp-content/uploads/2026/07/a16719.webp,https://minnano-toreka.com/wp-content/uploads/2026/07/a16719-215x300.webp
https://minnano-toreka.com/wp-content/uploads/2026/07/2019-a16723.webp,https://minnano-toreka.com/wp-content/uploads/2026/07/2019-a16723-215x300.webp
https://minnano-toreka.com/wp-content/uploads/2026/07/2019-a16724.webp,https://minnano-toreka.com/wp-content/uploads/2026/07/2019-a16724-215x300.webp
https://minnano-toreka.com/wp-content/uploads/2026/07/2019-a16725.webp,https://minnano-toreka.com/wp-content/uploads/2026/07/2019-a16725-215x300.webp
https://minnano-toreka.com/wp-content/uploads/2026/07/a16726.webp,https://minnano-toreka.com/wp-content/uploads/2026/07/a16726-215x300.webp
https://minnano-toreka.com/wp-content/uploads/2026/07/a16727.webp,https://minnano-toreka.com/wp-content/uploads/2026/07/a16727-215x300.webp
https://minnano-toreka.com/wp-content/uploads/2026/07/a16728.webp,https://minnano-toreka.com/wp-content/uploads/2026/07/a16728-215x300.webp
https://minnano-toreka.com/wp-content/uploads/2026/07/a16730.webp,https://minnano-toreka.com/wp-content/uploads/2026/07/a16730-214x300.webp
https://minnano-toreka.com/wp-content/uploads/2026/07/a16742.webp,https://minnano-toreka.com/wp-content/uploads/2026/07/a16742-150x150.webp
https://minnano-toreka.com/wp-content/uploads/2026/07/a16743.webp,https://minnano-toreka.com/wp-content/uploads/2026/07/a16743-150x150.webp
https://minnano-toreka.com/wp-content/uploads/2026/07/a16744.webp,https://minnano-toreka.com/wp-content/uploads/2026/07/a16744-150x150.webp
https://minnano-toreka.com/wp-content/uploads/2026/07/a16745.webp,https://minnano-toreka.com/wp-content/uploads/2026/07/a16745-150x150.webp
https://minnano-toreka.com/wp-content/uploads/2026/07/a16746.webp,https://minnano-toreka.com/wp-content/uploads/2026/07/a16746-150x150.webp
https://minnano-toreka.com/wp-content/uploads/2026/07/236-SM-P-a18056.webp,https://minnano-toreka.com/wp-content/uploads/2026/07/236-SM-P-a18056-215x300.webp
https://minnano-toreka.com/wp-content/uploads/2026/07/R-P-a19509.webp,https://minnano-toreka.com/wp-content/uploads/2026/07/R-P-a19509-214x300.webp
https://minnano-toreka.com/wp-content/uploads/2026/07/a19723.webp,https://minnano-toreka.com/wp-content/uploads/2026/07/a19723-217x300.webp
https://minnano-toreka.com/wp-content/uploads/2026/07/a19815.webp,https://minnano-toreka.com/wp-content/uploads/2026/07/a19815-215x300.webp
https://minnano-toreka.com/wp-content/uploads/2026/07/a19817.webp,https://minnano-toreka.com/wp-content/uploads/2026/07/a19817-215x300.webp
https://minnano-toreka.com/wp-content/uploads/2026/07/a19819.webp,https://minnano-toreka.com/wp-content/uploads/2026/07/a19819-213x300.webp
https://minnano-toreka.com/wp-content/uploads/2026/07/a19821.webp,https://minnano-toreka.com/wp-content/uploads/2026/07/a19821-214x300.webp
https://minnano-toreka.com/wp-content/uploads/2026/07/a19823.webp,https://minnano-toreka.com/wp-content/uploads/2026/07/a19823-215x300.webp
https://minnano-toreka.com/wp-content/uploads/2026/07/a19825.webp,https://minnano-toreka.com/wp-content/uploads/2026/07/a19825-214x300.webp
https://minnano-toreka.com/wp-content/uploads/2026/07/a19827.webp,https://minnano-toreka.com/wp-content/uploads/2026/07/a19827-215x300.webp
https://minnano-toreka.com/wp-content/uploads/2026/07/a19829.webp,https://minnano-toreka.com/wp-content/uploads/2026/07/a19829-214x300.webp
https://minnano-toreka.com/wp-content/uploads/2026/07/a19831.webp,https://minnano-toreka.com/wp-content/uploads/2026/07/a19831-214x300.webp
https://minnano-toreka.com/wp-content/uploads/2026/07/a19833.webp,https://minnano-toreka.com/wp-content/uploads/2026/07/a19833-215x300.webp
https://minnano-toreka.com/wp-content/uploads/2026/07/a19999.webp,https://minnano-toreka.com/wp-content/uploads/2026/07/a19999-216x300.webp
https://minnano-toreka.com/wp-content/uploads/2026/07/a20010.webp,https://minnano-toreka.com/wp-content/uploads/2026/07/a20010-214x300.webp
https://minnano-toreka.com/wp-content/uploads/2026/07/a20158.webp,https://minnano-toreka.com/wp-content/uploads/2026/07/a20158-216x300.webp
https://minnano-toreka.com/wp-content/uploads/2026/07/a20181.webp,https://minnano-toreka.com/wp-content/uploads/2026/07/a20181-214x300.webp
https://minnano-toreka.com/wp-content/uploads/2026/07/a20184.webp,https://minnano-toreka.com/wp-content/uploads/2026/07/a20184-214x300.webp
https://minnano-toreka.com/wp-content/uploads/2026/07/a20263.webp,https://minnano-toreka.com/wp-content/uploads/2026/07/a20263-212x300.webp
https://minnano-toreka.com/wp-content/uploads/2026/07/a20264.webp,https://minnano-toreka.com/wp-content/uploads/2026/07/a20264-213x300.webp
https://minnano-toreka.com/wp-content/uploads/2026/07/FB03-140-a22166.webp,https://minnano-toreka.com/wp-content/uploads/2026/07/FB03-140-a22166-215x300.webp
https://minnano-toreka.com/wp-content/uploads/2026/07/054-086-a24384.webp,https://minnano-toreka.com/wp-content/uploads/2026/07/054-086-a24384-215x300.webp
https://minnano-toreka.com/wp-content/uploads/2026/07/OP09-096-a24650.webp,https://minnano-toreka.com/wp-content/uploads/2026/07/OP09-096-a24650-215x300.webp
https://minnano-toreka.com/wp-content/uploads/2026/07/OP06-119-PRB02-a24651.webp,https://minnano-toreka.com/wp-content/uploads/2026/07/OP06-119-PRB02-a24651-215x300.webp
https://minnano-toreka.com/wp-content/uploads/2026/07/OP09-078-a24873.webp,https://minnano-toreka.com/wp-content/uploads/2026/07/OP09-078-a24873-215x300.webp
https://minnano-toreka.com/wp-content/uploads/2026/07/OP13-080-V-a25239.webp,https://minnano-toreka.com/wp-content/uploads/2026/07/OP13-080-V-a25239-215x300.webp
https://minnano-toreka.com/wp-content/uploads/2026/07/OP13-120-A-a25250.webp,https://minnano-toreka.com/wp-content/uploads/2026/07/OP13-120-A-a25250-215x300.webp
https://minnano-toreka.com/wp-content/uploads/2026/07/SPC-a25453.webp,https://minnano-toreka.com/wp-content/uploads/2026/07/SPC-a25453-215x300.webp
https://minnano-toreka.com/wp-content/uploads/2026/07/SPC-a25535.webp,https://minnano-toreka.com/wp-content/uploads/2026/07/SPC-a25535-212x300.webp
https://minnano-toreka.com/wp-content/uploads/2026/07/SPC-a25537.webp,https://minnano-toreka.com/wp-content/uploads/2026/07/SPC-a25537-215x300.webp
https://minnano-toreka.com/wp-content/uploads/2026/07/SPC-a25538.webp,https://minnano-toreka.com/wp-content/uploads/2026/07/SPC-a25538-215x300.webp
https://minnano-toreka.com/wp-content/uploads/2026/07/a25668.webp,https://minnano-toreka.com/wp-content/uploads/2026/07/a25668-208x300.webp
https://minnano-toreka.com/wp-content/uploads/2026/07/No-151-a25670.webp,https://minnano-toreka.com/wp-content/uploads/2026/07/No-151-a25670-211x300.webp
https://minnano-toreka.com/wp-content/uploads/2026/07/LV-15-a25673.webp,https://minnano-toreka.com/wp-content/uploads/2026/07/LV-15-a25673-211x300.webp
https://minnano-toreka.com/wp-content/uploads/2026/07/a25674.webp,https://minnano-toreka.com/wp-content/uploads/2026/07/a25674-206x300.webp
https://minnano-toreka.com/wp-content/uploads/2026/07/No-006-a25678.webp,https://minnano-toreka.com/wp-content/uploads/2026/07/No-006-a25678-213x300.webp
https://minnano-toreka.com/wp-content/uploads/2026/07/R-a25679.webp,https://minnano-toreka.com/wp-content/uploads/2026/07/R-a25679-205x300.webp
https://minnano-toreka.com/wp-content/uploads/2026/07/P-a25681.webp,https://minnano-toreka.com/wp-content/uploads/2026/07/P-a25681-219x300.webp
https://minnano-toreka.com/wp-content/uploads/2026/07/No-135-a25683.webp,https://minnano-toreka.com/wp-content/uploads/2026/07/No-135-a25683-214x300.webp
https://minnano-toreka.com/wp-content/uploads/2026/07/a25684.webp,https://minnano-toreka.com/wp-content/uploads/2026/07/a25684-203x300.webp
https://minnano-toreka.com/wp-content/uploads/2026/07/a25689.webp,https://minnano-toreka.com/wp-content/uploads/2026/07/a25689-212x300.webp
https://minnano-toreka.com/wp-content/uploads/2026/07/117-080-ex-a25691.webp,https://minnano-toreka.com/wp-content/uploads/2026/07/117-080-ex-a25691-212x300.webp
https://minnano-toreka.com/wp-content/uploads/2026/07/223-193-ex-a25697.webp,https://minnano-toreka.com/wp-content/uploads/2026/07/223-193-ex-a25697-211x300.webp
https://minnano-toreka.com/wp-content/uploads/2026/07/a25698.webp,https://minnano-toreka.com/wp-content/uploads/2026/07/a25698-289x300.webp
https://minnano-toreka.com/wp-content/uploads/2026/07/111-080-ex-a25706.webp,https://minnano-toreka.com/wp-content/uploads/2026/07/111-080-ex-a25706-212x300.webp
https://minnano-toreka.com/wp-content/uploads/2026/07/210-193-N-a25710.webp,https://minnano-toreka.com/wp-content/uploads/2026/07/210-193-N-a25710-209x300.webp
https://minnano-toreka.com/wp-content/uploads/2026/07/D-SEC-SP-a25715.webp,https://minnano-toreka.com/wp-content/uploads/2026/07/D-SEC-SP-a25715-210x300.webp
https://minnano-toreka.com/wp-content/uploads/2026/07/SEC-a25716.webp,https://minnano-toreka.com/wp-content/uploads/2026/07/SEC-a25716-225x300.webp
https://minnano-toreka.com/wp-content/uploads/2026/07/R-a25720.webp,https://minnano-toreka.com/wp-content/uploads/2026/07/R-a25720-214x300.webp
https://minnano-toreka.com/wp-content/uploads/2026/07/R-SPC-a25737.webp,https://minnano-toreka.com/wp-content/uploads/2026/07/R-SPC-a25737-211x300.webp
https://minnano-toreka.com/wp-content/uploads/2026/07/a25740.webp,https://minnano-toreka.com/wp-content/uploads/2026/07/a25740-216x300.webp
https://minnano-toreka.com/wp-content/uploads/2026/07/SPC-a25743.webp,https://minnano-toreka.com/wp-content/uploads/2026/07/SPC-a25743-217x300.webp
https://minnano-toreka.com/wp-content/uploads/2026/07/R-a25744.webp,https://minnano-toreka.com/wp-content/uploads/2026/07/R-a25744-214x300.webp
https://minnano-toreka.com/wp-content/uploads/2026/07/R-P-a25747.webp,https://minnano-toreka.com/wp-content/uploads/2026/07/R-P-a25747-215x300.webp
https://minnano-toreka.com/wp-content/uploads/2026/07/R-a25748.webp,https://minnano-toreka.com/wp-content/uploads/2026/07/R-a25748-214x300.webp
https://minnano-toreka.com/wp-content/uploads/2026/07/ONE-PIECE-Card-Game-Premium-Booster-ONE-PIECE-CARD-THE-BEST-vol-2-Box-a25749.webp,https://minnano-toreka.com/wp-content/uploads/2026/07/ONE-PIECE-Card-Game-Premium-Booster-ONE-PIECE-CARD-THE-BEST-vol-2-Box-a25749-164x300.webp
https://minnano-toreka.com/wp-content/uploads/2026/07/116-080-Xex-MUR-a25768.webp,https://minnano-toreka.com/wp-content/uploads/2026/07/116-080-Xex-MUR-a25768-216x300.webp
https://minnano-toreka.com/wp-content/uploads/2026/07/25th-a25772.webp,https://minnano-toreka.com/wp-content/uploads/2026/07/25th-a25772-216x300.webp
https://minnano-toreka.com/wp-content/uploads/2026/07/a25783.webp,https://minnano-toreka.com/wp-content/uploads/2026/07/a25783-300x300.webp
https://minnano-toreka.com/wp-content/uploads/2026/07/a25786.webp,https://minnano-toreka.com/wp-content/uploads/2026/07/a25786-262x300.webp
https://minnano-toreka.com/wp-content/uploads/2026/07/AirPods-Pro-a25793.webp,https://minnano-toreka.com/wp-content/uploads/2026/07/AirPods-Pro-a25793-300x300.webp
https://minnano-toreka.com/wp-content/uploads/2026/07/a25794.webp,https://minnano-toreka.com/wp-content/uploads/2026/07/a25794-300x300.webp
https://minnano-toreka.com/wp-content/uploads/2026/07/a25805.webp,https://minnano-toreka.com/wp-content/uploads/2026/07/a25805-300x300.webp
https://minnano-toreka.com/wp-content/uploads/2026/07/a25806.webp,https://minnano-toreka.com/wp-content/uploads/2026/07/a25806-258x300.webp
https://minnano-toreka.com/wp-content/uploads/2026/07/a25807.webp,https://minnano-toreka.com/wp-content/uploads/2026/07/a25807-300x300.webp
https://minnano-toreka.com/wp-content/uploads/2026/07/a25808.webp,https://minnano-toreka.com/wp-content/uploads/2026/07/a25808-300x300.webp
https://minnano-toreka.com/wp-content/uploads/2026/07/P-a25809.webp,https://minnano-toreka.com/wp-content/uploads/2026/07/P-a25809-214x300.webp
https://minnano-toreka.com/wp-content/uploads/2026/07/004-009-a25812.webp,https://minnano-toreka.com/wp-content/uploads/2026/07/004-009-a25812-215x300.webp
https://minnano-toreka.com/wp-content/uploads/2026/07/Nintendo-Switch-2-a25824.webp,https://minnano-toreka.com/wp-content/uploads/2026/07/Nintendo-Switch-2-a25824-300x300.webp
https://minnano-toreka.com/wp-content/uploads/2026/07/P-a25847.webp,https://minnano-toreka.com/wp-content/uploads/2026/07/P-a25847-215x300.webp
https://minnano-toreka.com/wp-content/uploads/2026/07/R-a25853.webp,https://minnano-toreka.com/wp-content/uploads/2026/07/R-a25853-209x300.webp
https://minnano-toreka.com/wp-content/uploads/2026/07/P-a25855.webp,https://minnano-toreka.com/wp-content/uploads/2026/07/P-a25855-214x300.webp
https://minnano-toreka.com/wp-content/uploads/2026/07/PlayStation-5-a25879.webp,https://minnano-toreka.com/wp-content/uploads/2026/07/PlayStation-5-a25879-276x300.webp
https://minnano-toreka.com/wp-content/uploads/2026/07/a25913.webp,https://minnano-toreka.com/wp-content/uploads/2026/07/a25913-300x300.webp
https://minnano-toreka.com/wp-content/uploads/2026/07/a25927.webp,https://minnano-toreka.com/wp-content/uploads/2026/07/a25927-300x300.webp
https://minnano-toreka.com/wp-content/uploads/2026/07/a25934.webp,https://minnano-toreka.com/wp-content/uploads/2026/07/a25934-300x300.webp
https://minnano-toreka.com/wp-content/uploads/2026/07/PT-a25945.webp,https://minnano-toreka.com/wp-content/uploads/2026/07/PT-a25945-216x300.webp
https://minnano-toreka.com/wp-content/uploads/2026/07/PT-a25947.webp,https://minnano-toreka.com/wp-content/uploads/2026/07/PT-a25947-216x300.webp
https://minnano-toreka.com/wp-content/uploads/2026/07/PT-a25948.webp,https://minnano-toreka.com/wp-content/uploads/2026/07/PT-a25948-216x300.webp
https://minnano-toreka.com/wp-content/uploads/2026/07/PT-a25950.webp,https://minnano-toreka.com/wp-content/uploads/2026/07/PT-a25950-216x300.webp
https://minnano-toreka.com/wp-content/uploads/2026/07/PT-a25956.webp,https://minnano-toreka.com/wp-content/uploads/2026/07/PT-a25956-216x300.webp
https://minnano-toreka.com/wp-content/uploads/2026/07/PT-a25960.webp,https://minnano-toreka.com/wp-content/uploads/2026/07/PT-a25960-216x300.webp
https://minnano-toreka.com/wp-content/uploads/2026/07/P-a25961.webp,https://minnano-toreka.com/wp-content/uploads/2026/07/P-a25961-218x300.webp
https://minnano-toreka.com/wp-content/uploads/2026/07/P-a25963.webp,https://minnano-toreka.com/wp-content/uploads/2026/07/P-a25963-214x300.webp
https://minnano-toreka.com/wp-content/uploads/2026/07/PT-a25969.webp,https://minnano-toreka.com/wp-content/uploads/2026/07/PT-a25969-216x300.webp
https://minnano-toreka.com/wp-content/uploads/2026/07/PT-a25974.webp,https://minnano-toreka.com/wp-content/uploads/2026/07/PT-a25974-216x300.webp
https://minnano-toreka.com/wp-content/uploads/2026/07/PT-a25976.webp,https://minnano-toreka.com/wp-content/uploads/2026/07/PT-a25976-240x300.webp
https://minnano-toreka.com/wp-content/uploads/2026/07/PT-a25984.webp,https://minnano-toreka.com/wp-content/uploads/2026/07/PT-a25984-216x300.webp
https://minnano-toreka.com/wp-content/uploads/2026/07/PT-a25985.webp,https://minnano-toreka.com/wp-content/uploads/2026/07/PT-a25985-240x300.webp
https://minnano-toreka.com/wp-content/uploads/2026/07/1pt-a25986.webp,https://minnano-toreka.com/wp-content/uploads/2026/07/1pt-a25986-216x300.webp
https://minnano-toreka.com/wp-content/uploads/2026/07/2pt-a25987.webp,https://minnano-toreka.com/wp-content/uploads/2026/07/2pt-a25987-216x300.webp
https://minnano-toreka.com/wp-content/uploads/2026/07/PT-a25996.webp,https://minnano-toreka.com/wp-content/uploads/2026/07/PT-a25996-216x300.webp
https://minnano-toreka.com/wp-content/uploads/2026/07/PT-a25998.webp,https://minnano-toreka.com/wp-content/uploads/2026/07/PT-a25998-217x300.webp
https://minnano-toreka.com/wp-content/uploads/2026/07/PT-a26001.webp,https://minnano-toreka.com/wp-content/uploads/2026/07/PT-a26001-240x300.webp
https://minnano-toreka.com/wp-content/uploads/2026/07/PT-a26005.webp,https://minnano-toreka.com/wp-content/uploads/2026/07/PT-a26005-216x300.webp
https://minnano-toreka.com/wp-content/uploads/2026/07/PT-a26009.webp,https://minnano-toreka.com/wp-content/uploads/2026/07/PT-a26009-216x300.webp
https://minnano-toreka.com/wp-content/uploads/2026/07/004-043-a24995.jpg,https://minnano-toreka.com/wp-content/uploads/2026/07/004-043-a24995-215x300.jpg
https://minnano-toreka.com/wp-content/uploads/2026/07/031-043-a24996.jpg,https://minnano-toreka.com/wp-content/uploads/2026/07/031-043-a24996-215x300.jpg
https://minnano-toreka.com/wp-content/uploads/2026/07/029-043-a24997.jpg,https://minnano-toreka.com/wp-content/uploads/2026/07/029-043-a24997-215x300.jpg
https://minnano-toreka.com/wp-content/uploads/2026/07/022-043-a24998.jpg,https://minnano-toreka.com/wp-content/uploads/2026/07/022-043-a24998-215x300.jpg
https://minnano-toreka.com/wp-content/uploads/2026/07/010-043-ex-a24999.jpg,https://minnano-toreka.com/wp-content/uploads/2026/07/010-043-ex-a24999-215x300.jpg
https://minnano-toreka.com/wp-content/uploads/2026/07/007-043-ex-a25000.jpg,https://minnano-toreka.com/wp-content/uploads/2026/07/007-043-ex-a25000-215x300.jpg
https://minnano-toreka.com/wp-content/uploads/2026/07/003-043-ex-a25001.jpg,https://minnano-toreka.com/wp-content/uploads/2026/07/003-043-ex-a25001-215x300.jpg
https://minnano-toreka.com/wp-content/uploads/2026/07/002-043-ex-a25002.jpg,https://minnano-toreka.com/wp-content/uploads/2026/07/002-043-ex-a25002-215x300.jpg
https://minnano-toreka.com/wp-content/uploads/2026/07/a25003.jpg,https://minnano-toreka.com/wp-content/uploads/2026/07/a25003-215x300.jpg
https://minnano-toreka.com/wp-content/uploads/2026/07/a25004.jpg,https://minnano-toreka.com/wp-content/uploads/2026/07/a25004-215x300.jpg
https://minnano-toreka.com/wp-content/uploads/2026/07/a25005.jpg,https://minnano-toreka.com/wp-content/uploads/2026/07/a25005-215x300.jpg
https://minnano-toreka.com/wp-content/uploads/2026/07/a25006.jpg,https://minnano-toreka.com/wp-content/uploads/2026/07/a25006-215x300.jpg
https://minnano-toreka.com/wp-content/uploads/2026/07/a25007.jpg,https://minnano-toreka.com/wp-content/uploads/2026/07/a25007-215x300.jpg
https://minnano-toreka.com/wp-content/uploads/2026/07/a25008.jpg,https://minnano-toreka.com/wp-content/uploads/2026/07/a25008-215x300.jpg
https://minnano-toreka.com/wp-content/uploads/2026/07/a25009.jpg,https://minnano-toreka.com/wp-content/uploads/2026/07/a25009-215x300.jpg
https://minnano-toreka.com/wp-content/uploads/2026/07/a25010.jpg,https://minnano-toreka.com/wp-content/uploads/2026/07/a25010-215x300.jpg
https://minnano-toreka.com/wp-content/uploads/2026/07/056-063-a25011.jpg,https://minnano-toreka.com/wp-content/uploads/2026/07/056-063-a25011-215x300.jpg
https://minnano-toreka.com/wp-content/uploads/2026/07/055-063-a25012.jpg,https://minnano-toreka.com/wp-content/uploads/2026/07/055-063-a25012-215x300.jpg
https://minnano-toreka.com/wp-content/uploads/2026/07/054-063-a25013.jpg,https://minnano-toreka.com/wp-content/uploads/2026/07/054-063-a25013-215x300.jpg
https://minnano-toreka.com/wp-content/uploads/2026/07/053-063-a25014.jpg,https://minnano-toreka.com/wp-content/uploads/2026/07/053-063-a25014-215x300.jpg
https://minnano-toreka.com/wp-content/uploads/2026/07/052-063-a25015.jpg,https://minnano-toreka.com/wp-content/uploads/2026/07/052-063-a25015-215x300.jpg
https://minnano-toreka.com/wp-content/uploads/2026/07/056-063-a25016.jpg,https://minnano-toreka.com/wp-content/uploads/2026/07/056-063-a25016-215x300.jpg
https://minnano-toreka.com/wp-content/uploads/2026/07/055-063-a25017.jpg,https://minnano-toreka.com/wp-content/uploads/2026/07/055-063-a25017-215x300.jpg
https://minnano-toreka.com/wp-content/uploads/2026/07/054-063-a25018.jpg,https://minnano-toreka.com/wp-content/uploads/2026/07/054-063-a25018-215x300.jpg
https://minnano-toreka.com/wp-content/uploads/2026/07/053-063-a25019.jpg,https://minnano-toreka.com/wp-content/uploads/2026/07/053-063-a25019-215x300.jpg
https://minnano-toreka.com/wp-content/uploads/2026/07/052-063-a25020.jpg,https://minnano-toreka.com/wp-content/uploads/2026/07/052-063-a25020-215x300.jpg
https://minnano-toreka.com/wp-content/uploads/2026/07/050-063-a25021.jpg,https://minnano-toreka.com/wp-content/uploads/2026/07/050-063-a25021-215x300.jpg
https://minnano-toreka.com/wp-content/uploads/2026/07/074-071_CHR_10238939-1.webp,https://minnano-toreka.com/wp-content/uploads/2026/07/074-071_CHR_10238939-1-215x300.webp
https://minnano-toreka.com/wp-content/uploads/2026/07/056-064_ACE_10315954.webp,https://minnano-toreka.com/wp-content/uploads/2026/07/056-064_ACE_10315954-215x300.webp
https://minnano-toreka.com/wp-content/uploads/2026/07/016-078_RR_10329989.webp,https://minnano-toreka.com/wp-content/uploads/2026/07/016-078_RR_10329989-215x300.webp
https://minnano-toreka.com/wp-content/uploads/2026/07/006-062_RR_10329742.webp,https://minnano-toreka.com/wp-content/uploads/2026/07/006-062_RR_10329742-215x300.webp
https://minnano-toreka.com/wp-content/uploads/2026/07/040-071_RR_10329754.webp,https://minnano-toreka.com/wp-content/uploads/2026/07/040-071_RR_10329754-215x300.webp
https://minnano-toreka.com/wp-content/uploads/2026/07/083-100-S9_RR_10329991.webp,https://minnano-toreka.com/wp-content/uploads/2026/07/083-100-S9_RR_10329991-215x300.webp
https://minnano-toreka.com/wp-content/uploads/2026/07/035-098-S12_RR_10329998.webp,https://minnano-toreka.com/wp-content/uploads/2026/07/035-098-S12_RR_10329998-215x300.webp
https://minnano-toreka.com/wp-content/uploads/2026/07/155-190_RR_10330000.webp,https://minnano-toreka.com/wp-content/uploads/2026/07/155-190_RR_10330000-215x300.webp
https://minnano-toreka.com/wp-content/uploads/2026/07/046-102_RR_10317071.webp,https://minnano-toreka.com/wp-content/uploads/2026/07/046-102_RR_10317071-215x300.webp
https://minnano-toreka.com/wp-content/uploads/2026/07/068-078-SV1S_RR_10329974.webp,https://minnano-toreka.com/wp-content/uploads/2026/07/068-078-SV1S_RR_10329974-215x300.webp
https://minnano-toreka.com/wp-content/uploads/2026/07/027-172-S12a_RR_10329983.webp,https://minnano-toreka.com/wp-content/uploads/2026/07/027-172-S12a_RR_10329983-215x300.webp
https://minnano-toreka.com/wp-content/uploads/2026/07/016-071_RR_10329976.webp,https://minnano-toreka.com/wp-content/uploads/2026/07/016-071_RR_10329976-215x300.webp
https://minnano-toreka.com/wp-content/uploads/2026/07/027-064_RR_10329864.webp,https://minnano-toreka.com/wp-content/uploads/2026/07/027-064_RR_10329864-215x300.webp
https://minnano-toreka.com/wp-content/uploads/2026/07/030-073_RR_10329996.webp,https://minnano-toreka.com/wp-content/uploads/2026/07/030-073_RR_10329996-215x300.webp
https://minnano-toreka.com/wp-content/uploads/2026/07/020-108_RR_10329839.webp,https://minnano-toreka.com/wp-content/uploads/2026/07/020-108_RR_10329839-215x300.webp
https://minnano-toreka.com/wp-content/uploads/2026/07/027-064_RR_10315580.webp,https://minnano-toreka.com/wp-content/uploads/2026/07/027-064_RR_10315580-215x300.webp
https://minnano-toreka.com/wp-content/uploads/2026/07/053-100_RR_10329841.webp,https://minnano-toreka.com/wp-content/uploads/2026/07/053-100_RR_10329841-215x300.webp
https://minnano-toreka.com/wp-content/uploads/2026/07/057-106_RR_10315911.webp,https://minnano-toreka.com/wp-content/uploads/2026/07/057-106_RR_10315911-215x300.webp
https://minnano-toreka.com/wp-content/uploads/2026/07/033-066_RR_10329867.webp,https://minnano-toreka.com/wp-content/uploads/2026/07/033-066_RR_10329867-215x300.webp
https://minnano-toreka.com/wp-content/uploads/2026/07/003-106_RR_10315912.webp,https://minnano-toreka.com/wp-content/uploads/2026/07/003-106_RR_10315912-215x300.webp
https://minnano-toreka.com/wp-content/uploads/2026/07/084-106_RR_10315558.webp,https://minnano-toreka.com/wp-content/uploads/2026/07/084-106_RR_10315558-215x300.webp
https://minnano-toreka.com/wp-content/uploads/2026/07/032-098-SV10_RR_10332299.webp,https://minnano-toreka.com/wp-content/uploads/2026/07/032-098-SV10_RR_10332299-215x300.webp
https://minnano-toreka.com/wp-content/uploads/2026/07/074-102_RR_10317086.webp,https://minnano-toreka.com/wp-content/uploads/2026/07/074-102_RR_10317086-215x300.webp
https://minnano-toreka.com/wp-content/uploads/2026/07/025-071-SV2D_RR_10329978.webp,https://minnano-toreka.com/wp-content/uploads/2026/07/025-071-SV2D_RR_10329978-215x300.webp
https://minnano-toreka.com/wp-content/uploads/2026/07/058-071-SV2D_RR_10329838.webp,https://minnano-toreka.com/wp-content/uploads/2026/07/058-071-SV2D_RR_10329838-215x300.webp
https://minnano-toreka.com/wp-content/uploads/2026/07/038-066_RR_10240427.webp,https://minnano-toreka.com/wp-content/uploads/2026/07/038-066_RR_10240427-215x300.webp
https://minnano-toreka.com/wp-content/uploads/2026/07/072-100_RR_10317169.webp,https://minnano-toreka.com/wp-content/uploads/2026/07/072-100_RR_10317169-215x300.webp
https://minnano-toreka.com/wp-content/uploads/2026/07/062-071_ACE_10241001.webp,https://minnano-toreka.com/wp-content/uploads/2026/07/062-071_ACE_10241001-215x300.webp
https://minnano-toreka.com/wp-content/uploads/2026/07/001-067_RR_10329865.webp,https://minnano-toreka.com/wp-content/uploads/2026/07/001-067_RR_10329865-215x300.webp
https://minnano-toreka.com/wp-content/uploads/2026/07/096-102_ACE_10289358.webp,https://minnano-toreka.com/wp-content/uploads/2026/07/096-102_ACE_10289358-215x300.webp
https://minnano-toreka.com/wp-content/uploads/2026/07/012-098_RR_10332296.webp,https://minnano-toreka.com/wp-content/uploads/2026/07/012-098_RR_10332296-215x300.webp
https://minnano-toreka.com/wp-content/uploads/2026/07/03-070_RR_10329968.webp,https://minnano-toreka.com/wp-content/uploads/2026/07/03-070_RR_10329968-215x300.webp
https://minnano-toreka.com/wp-content/uploads/2026/07/055-098-SV10_RR_10332270.webp,https://minnano-toreka.com/wp-content/uploads/2026/07/055-098-SV10_RR_10332270-215x300.webp
https://minnano-toreka.com/wp-content/uploads/2026/07/017-100_RR_10317081.webp,https://minnano-toreka.com/wp-content/uploads/2026/07/017-100_RR_10317081-215x300.webp
https://minnano-toreka.com/wp-content/uploads/2026/07/027-066_RR_10329900.webp,https://minnano-toreka.com/wp-content/uploads/2026/07/027-066_RR_10329900-215x300.webp
https://minnano-toreka.com/wp-content/uploads/2026/07/159-187_ACE_10331290.webp,https://minnano-toreka.com/wp-content/uploads/2026/07/159-187_ACE_10331290-215x300.webp
https://minnano-toreka.com/wp-content/uploads/2026/07/093-101_ACE_10276127.webp,https://minnano-toreka.com/wp-content/uploads/2026/07/093-101_ACE_10276127-215x300.webp
https://minnano-toreka.com/wp-content/uploads/2026/07/085-108_RR_10329840.webp,https://minnano-toreka.com/wp-content/uploads/2026/07/085-108_RR_10329840-215x300.webp
https://minnano-toreka.com/wp-content/uploads/2026/07/063-098-SV10_RR_10332267.webp,https://minnano-toreka.com/wp-content/uploads/2026/07/063-098-SV10_RR_10332267-215x300.webp
https://minnano-toreka.com/wp-content/uploads/2026/07/040-066_RR_10263684.webp,https://minnano-toreka.com/wp-content/uploads/2026/07/040-066_RR_10263684-215x300.webp
https://minnano-toreka.com/wp-content/uploads/2026/07/012-071_RR_10241013.webp,https://minnano-toreka.com/wp-content/uploads/2026/07/012-071_RR_10241013-215x300.webp
https://minnano-toreka.com/wp-content/uploads/2026/07/036-064_RR_10316573.webp,https://minnano-toreka.com/wp-content/uploads/2026/07/036-064_RR_10316573-215x300.webp
https://minnano-toreka.com/wp-content/uploads/2026/07/098-106_ACE_10317142.webp,https://minnano-toreka.com/wp-content/uploads/2026/07/098-106_ACE_10317142-215x300.webp
https://minnano-toreka.com/wp-content/uploads/2026/07/009-098_RR_10329853.webp,https://minnano-toreka.com/wp-content/uploads/2026/07/009-098_RR_10329853-215x300.webp
https://minnano-toreka.com/wp-content/uploads/2026/07/063-071_ACE_10307287.webp,https://minnano-toreka.com/wp-content/uploads/2026/07/063-071_ACE_10307287-215x300.webp
https://minnano-toreka.com/wp-content/uploads/2026/07/058-078_RR_10279867.webp,https://minnano-toreka.com/wp-content/uploads/2026/07/058-078_RR_10279867-215x300.webp
https://minnano-toreka.com/wp-content/uploads/2026/07/065-172_RR_10329856.webp,https://minnano-toreka.com/wp-content/uploads/2026/07/065-172_RR_10329856-215x300.webp
https://minnano-toreka.com/wp-content/uploads/2026/07/033-102_RR_10316900.webp,https://minnano-toreka.com/wp-content/uploads/2026/07/033-102_RR_10316900-215x300.webp
https://minnano-toreka.com/wp-content/uploads/2026/07/072-100_RR_10329861.webp,https://minnano-toreka.com/wp-content/uploads/2026/07/072-100_RR_10329861-215x300.webp
https://minnano-toreka.com/wp-content/uploads/2026/07/063-064_ACE_10316555.webp,https://minnano-toreka.com/wp-content/uploads/2026/07/063-064_ACE_10316555-215x300.webp
https://minnano-toreka.com/wp-content/uploads/2026/07/050-078_RR_10329753.webp,https://minnano-toreka.com/wp-content/uploads/2026/07/050-078_RR_10329753-215x300.webp
https://minnano-toreka.com/wp-content/uploads/2026/07/079-100_RR_10317150.webp,https://minnano-toreka.com/wp-content/uploads/2026/07/079-100_RR_10317150-215x300.webp
https://minnano-toreka.com/wp-content/uploads/2026/07/015-071_RR_10329901.webp,https://minnano-toreka.com/wp-content/uploads/2026/07/015-071_RR_10329901-215x300.webp
https://minnano-toreka.com/wp-content/uploads/2026/07/079-098-SV10_RR_10332264.webp,https://minnano-toreka.com/wp-content/uploads/2026/07/079-098-SV10_RR_10332264-215x300.webp
https://minnano-toreka.com/wp-content/uploads/2026/07/097-106_ACE_10315548.webp,https://minnano-toreka.com/wp-content/uploads/2026/07/097-106_ACE_10315548-215x300.webp
https://minnano-toreka.com/wp-content/uploads/2026/07/039-068_RR_10329857.webp,https://minnano-toreka.com/wp-content/uploads/2026/07/039-068_RR_10329857-215x300.webp
https://minnano-toreka.com/wp-content/uploads/2026/07/023-106_RR_10315948.webp,https://minnano-toreka.com/wp-content/uploads/2026/07/023-106_RR_10315948-215x300.webp
https://minnano-toreka.com/wp-content/uploads/2026/07/054-071_RR_10329868.webp,https://minnano-toreka.com/wp-content/uploads/2026/07/054-071_RR_10329868-215x300.webp
https://minnano-toreka.com/wp-content/uploads/2026/07/016-071_RR_10241005.webp,https://minnano-toreka.com/wp-content/uploads/2026/07/016-071_RR_10241005-215x300.webp
https://minnano-toreka.com/wp-content/uploads/2026/07/040-066_RR_10329939.webp,https://minnano-toreka.com/wp-content/uploads/2026/07/040-066_RR_10329939-215x300.webp
https://minnano-toreka.com/wp-content/uploads/2026/07/137-190_RR_10329744.webp,https://minnano-toreka.com/wp-content/uploads/2026/07/137-190_RR_10329744-215x300.webp
https://minnano-toreka.com/wp-content/uploads/2026/07/102-190_RR_10329878.webp,https://minnano-toreka.com/wp-content/uploads/2026/07/102-190_RR_10329878-215x300.webp
https://minnano-toreka.com/wp-content/uploads/2026/07/051-064_RR_10315959.webp,https://minnano-toreka.com/wp-content/uploads/2026/07/051-064_RR_10315959-215x300.webp
https://minnano-toreka.com/wp-content/uploads/2026/07/015-067_RR_10329969.webp,https://minnano-toreka.com/wp-content/uploads/2026/07/015-067_RR_10329969-215x300.webp
https://minnano-toreka.com/wp-content/uploads/2026/07/101-101_ACE_10276915.webp,https://minnano-toreka.com/wp-content/uploads/2026/07/101-101_ACE_10276915-215x300.webp
https://minnano-toreka.com/wp-content/uploads/2026/07/012-100_RR_10329746.webp,https://minnano-toreka.com/wp-content/uploads/2026/07/012-100_RR_10329746-215x300.webp
https://minnano-toreka.com/wp-content/uploads/2026/07/051-062_RR_10329994.webp,https://minnano-toreka.com/wp-content/uploads/2026/07/051-062_RR_10329994-215x300.webp
https://minnano-toreka.com/wp-content/uploads/2026/07/049-100_RR_10329982.webp,https://minnano-toreka.com/wp-content/uploads/2026/07/049-100_RR_10329982-215x300.webp
https://minnano-toreka.com/wp-content/uploads/2026/07/012-064_RR_10316541.webp,https://minnano-toreka.com/wp-content/uploads/2026/07/012-064_RR_10316541-215x300.webp
https://minnano-toreka.com/wp-content/uploads/2026/07/026-070_RR_10329990.webp,https://minnano-toreka.com/wp-content/uploads/2026/07/026-070_RR_10329990-215x300.webp
https://minnano-toreka.com/wp-content/uploads/2026/07/056-098_RR_10329879.webp,https://minnano-toreka.com/wp-content/uploads/2026/07/056-098_RR_10329879-215x300.webp
https://minnano-toreka.com/wp-content/uploads/2026/07/019-172_RR_10329986.webp,https://minnano-toreka.com/wp-content/uploads/2026/07/019-172_RR_10329986-215x300.webp
https://minnano-toreka.com/wp-content/uploads/2026/07/041-071_RR_10241002.webp,https://minnano-toreka.com/wp-content/uploads/2026/07/041-071_RR_10241002-215x300.webp
https://minnano-toreka.com/wp-content/uploads/2026/07/149-173_none_10329743.webp,https://minnano-toreka.com/wp-content/uploads/2026/07/149-173_none_10329743-215x300.webp
https://minnano-toreka.com/wp-content/uploads/2026/07/039-062_R_10329984.webp,https://minnano-toreka.com/wp-content/uploads/2026/07/039-062_R_10329984-215x300.webp
https://minnano-toreka.com/wp-content/uploads/2026/07/022-101_RR_10276944.webp,https://minnano-toreka.com/wp-content/uploads/2026/07/022-101_RR_10276944-215x300.webp
https://minnano-toreka.com/wp-content/uploads/2026/07/023-066_RR_10260690.webp,https://minnano-toreka.com/wp-content/uploads/2026/07/023-066_RR_10260690-215x300.webp
https://minnano-toreka.com/wp-content/uploads/2026/07/036-101_RR_10276951.webp,https://minnano-toreka.com/wp-content/uploads/2026/07/036-101_RR_10276951-215x300.webp
https://minnano-toreka.com/wp-content/uploads/2026/07/054-102_RR_10289352.webp,https://minnano-toreka.com/wp-content/uploads/2026/07/054-102_RR_10289352-215x300.webp
https://minnano-toreka.com/wp-content/uploads/2026/07/041-101_RR_10276917.webp,https://minnano-toreka.com/wp-content/uploads/2026/07/041-101_RR_10276917-215x300.webp
https://minnano-toreka.com/wp-content/uploads/2026/07/025-071_RR_10241011.webp,https://minnano-toreka.com/wp-content/uploads/2026/07/025-071_RR_10241011-215x300.webp
https://minnano-toreka.com/wp-content/uploads/2026/07/009-066_RR_10260693.webp,https://minnano-toreka.com/wp-content/uploads/2026/07/009-066_RR_10260693-215x300.webp
https://minnano-toreka.com/wp-content/uploads/2026/07/024-071_RR_10244742.webp,https://minnano-toreka.com/wp-content/uploads/2026/07/024-071_RR_10244742-215x300.webp
https://minnano-toreka.com/wp-content/uploads/2026/07/153-S-P-S-P_P_10341439.webp,https://minnano-toreka.com/wp-content/uploads/2026/07/153-S-P-S-P_P_10341439-215x300.webp
https://minnano-toreka.com/wp-content/uploads/2026/07/018-080_RR_10345789.webp,https://minnano-toreka.com/wp-content/uploads/2026/07/018-080_RR_10345789-215x300.webp
https://minnano-toreka.com/wp-content/uploads/2026/07/055-064_ACE_10316563.webp,https://minnano-toreka.com/wp-content/uploads/2026/07/055-064_ACE_10316563-215x300.webp
https://minnano-toreka.com/wp-content/uploads/2026/07/036-080_RR_10345745.webp,https://minnano-toreka.com/wp-content/uploads/2026/07/036-080_RR_10345745-215x300.webp
https://minnano-toreka.com/wp-content/uploads/2026/07/072-080_RR_10345785.webp,https://minnano-toreka.com/wp-content/uploads/2026/07/072-080_RR_10345785-215x300.webp
https://minnano-toreka.com/wp-content/uploads/2026/07/058-080_RR_10345791.webp,https://minnano-toreka.com/wp-content/uploads/2026/07/058-080_RR_10345791-215x300.webp
https://minnano-toreka.com/wp-content/uploads/2026/07/004-080_RR_10345788.webp,https://minnano-toreka.com/wp-content/uploads/2026/07/004-080_RR_10345788-215x300.webp
https://minnano-toreka.com/wp-content/uploads/2026/07/029-080_RR_10345796.webp,https://minnano-toreka.com/wp-content/uploads/2026/07/029-080_RR_10345796-215x300.webp
https://minnano-toreka.com/wp-content/uploads/2026/07/054-064_ACE_10316553.webp,https://minnano-toreka.com/wp-content/uploads/2026/07/054-064_ACE_10316553-215x300.webp
https://minnano-toreka.com/wp-content/uploads/2026/07/051-080_RR_10345807.webp,https://minnano-toreka.com/wp-content/uploads/2026/07/051-080_RR_10345807-215x300.webp
https://minnano-toreka.com/wp-content/uploads/2026/07/073-108-SV3_RR_10329985.webp,https://minnano-toreka.com/wp-content/uploads/2026/07/073-108-SV3_RR_10329985-215x300.webp
https://minnano-toreka.com/wp-content/uploads/2026/07/065-071_RR_10329981.webp,https://minnano-toreka.com/wp-content/uploads/2026/07/065-071_RR_10329981-215x300.webp
https://minnano-toreka.com/wp-content/uploads/2026/07/046-100_RR_10317159.webp,https://minnano-toreka.com/wp-content/uploads/2026/07/046-100_RR_10317159-215x300.webp
https://minnano-toreka.com/wp-content/uploads/2026/07/035-071_RR_10329859.webp,https://minnano-toreka.com/wp-content/uploads/2026/07/035-071_RR_10329859-215x300.webp
https://minnano-toreka.com/wp-content/uploads/2026/07/017-067-S9a_RR_10329862.webp,https://minnano-toreka.com/wp-content/uploads/2026/07/017-067-S9a_RR_10329862-215x300.webp
https://minnano-toreka.com/wp-content/uploads/2026/07/015-098-SV10_RR_10332276.webp,https://minnano-toreka.com/wp-content/uploads/2026/07/015-098-SV10_RR_10332276-215x300.webp
https://minnano-toreka.com/wp-content/uploads/2026/07/041-066_RR_10263676.webp,https://minnano-toreka.com/wp-content/uploads/2026/07/041-066_RR_10263676-215x300.webp
https://minnano-toreka.com/wp-content/uploads/2026/07/039-064_RR_10316570.webp,https://minnano-toreka.com/wp-content/uploads/2026/07/039-064_RR_10316570-215x300.webp
https://minnano-toreka.com/wp-content/uploads/2026/07/032-052_RR_10329750.webp,https://minnano-toreka.com/wp-content/uploads/2026/07/032-052_RR_10329750-215x300.webp
https://minnano-toreka.com/wp-content/uploads/2026/07/100-172_RR_10329988.webp,https://minnano-toreka.com/wp-content/uploads/2026/07/100-172_RR_10329988-215x300.webp
https://minnano-toreka.com/wp-content/uploads/2026/07/019-054-sm10b_RR_10329866.webp,https://minnano-toreka.com/wp-content/uploads/2026/07/019-054-sm10b_RR_10329866-215x300.webp
https://minnano-toreka.com/wp-content/uploads/2026/07/022-068-S11a_RR_10329995.webp,https://minnano-toreka.com/wp-content/uploads/2026/07/022-068-S11a_RR_10329995-215x300.webp
https://minnano-toreka.com/wp-content/uploads/2026/07/154-190_RR_10330003.webp,https://minnano-toreka.com/wp-content/uploads/2026/07/154-190_RR_10330003-215x300.webp
https://minnano-toreka.com/wp-content/uploads/2026/07/040-064_RR_10315963.webp,https://minnano-toreka.com/wp-content/uploads/2026/07/040-064_RR_10315963-215x300.webp
https://minnano-toreka.com/wp-content/uploads/2026/07/081-106_RR_10315552.webp,https://minnano-toreka.com/wp-content/uploads/2026/07/081-106_RR_10315552-215x300.webp
https://minnano-toreka.com/wp-content/uploads/2026/07/013-095_RR_10329937.webp,https://minnano-toreka.com/wp-content/uploads/2026/07/013-095_RR_10329937-215x300.webp
https://minnano-toreka.com/wp-content/uploads/2026/07/095-106_ACE_10315944.webp,https://minnano-toreka.com/wp-content/uploads/2026/07/095-106_ACE_10315944-215x300.webp
https://minnano-toreka.com/wp-content/uploads/2026/07/054-184_RR_10329891.webp,https://minnano-toreka.com/wp-content/uploads/2026/07/054-184_RR_10329891-215x300.webp
https://minnano-toreka.com/wp-content/uploads/2026/07/038-101_RR_10280195.webp,https://minnano-toreka.com/wp-content/uploads/2026/07/038-101_RR_10280195-215x300.webp
https://minnano-toreka.com/wp-content/uploads/2026/07/065-101_RR_10276956.webp,https://minnano-toreka.com/wp-content/uploads/2026/07/065-101_RR_10276956-215x300.webp
https://minnano-toreka.com/wp-content/uploads/2026/07/088-102_RR_10316857.webp,https://minnano-toreka.com/wp-content/uploads/2026/07/088-102_RR_10316857-215x300.webp
https://minnano-toreka.com/wp-content/uploads/2026/07/014-100_RR_10329747.webp,https://minnano-toreka.com/wp-content/uploads/2026/07/014-100_RR_10329747-215x300.webp
https://minnano-toreka.com/wp-content/uploads/2026/07/011-064_RR_10315951.webp,https://minnano-toreka.com/wp-content/uploads/2026/07/011-064_RR_10315951-215x300.webp
https://minnano-toreka.com/wp-content/uploads/2026/07/082-184_RR_10329756.webp,https://minnano-toreka.com/wp-content/uploads/2026/07/082-184_RR_10329756-215x300.webp
https://minnano-toreka.com/wp-content/uploads/2026/07/052-066_RR_10260681.webp,https://minnano-toreka.com/wp-content/uploads/2026/07/052-066_RR_10260681-215x300.webp
https://minnano-toreka.com/wp-content/uploads/2026/07/004-060_RR_10329997.webp,https://minnano-toreka.com/wp-content/uploads/2026/07/004-060_RR_10329997-215x300.webp
https://minnano-toreka.com/wp-content/uploads/2026/07/032-086-SV11W_U_10340797.webp,https://minnano-toreka.com/wp-content/uploads/2026/07/032-086-SV11W_U_10340797-215x300.webp
https://minnano-toreka.com/wp-content/uploads/2026/07/092-150_RR_10241735.webp,https://minnano-toreka.com/wp-content/uploads/2026/07/092-150_RR_10241735-215x300.webp
https://minnano-toreka.com/wp-content/uploads/2026/07/018-102_RR_10289329.webp,https://minnano-toreka.com/wp-content/uploads/2026/07/018-102_RR_10289329-215x300.webp
https://minnano-toreka.com/wp-content/uploads/2026/07/054-066_RR_10272351.webp,https://minnano-toreka.com/wp-content/uploads/2026/07/054-066_RR_10272351-215x300.webp
https://minnano-toreka.com/wp-content/uploads/2026/07/011-066-SVI_RR_10263683.webp,https://minnano-toreka.com/wp-content/uploads/2026/07/011-066-SVI_RR_10263683-215x300.webp
https://minnano-toreka.com/wp-content/uploads/2026/07/080-100_RR_10240013.webp,https://minnano-toreka.com/wp-content/uploads/2026/07/080-100_RR_10240013-215x300.webp
https://minnano-toreka.com/wp-content/uploads/2026/07/030-070_RR_10241731.webp,https://minnano-toreka.com/wp-content/uploads/2026/07/030-070_RR_10241731-215x300.webp
https://minnano-toreka.com/wp-content/uploads/2026/07/036-071_RR_10244744.webp,https://minnano-toreka.com/wp-content/uploads/2026/07/036-071_RR_10244744-215x300.webp
https://minnano-toreka.com/wp-content/uploads/2026/07/012-102_RR_10289334.webp,https://minnano-toreka.com/wp-content/uploads/2026/07/012-102_RR_10289334-215x300.webp
https://minnano-toreka.com/wp-content/uploads/2026/07/none_1_10252055.webp,https://minnano-toreka.com/wp-content/uploads/2026/07/none_1_10252055-152x300.webp
https://minnano-toreka.com/wp-content/uploads/2026/07/none_1_10241529.webp,https://minnano-toreka.com/wp-content/uploads/2026/07/none_1_10241529-149x300.webp
https://minnano-toreka.com/wp-content/uploads/2026/07/none_1_10276113.webp,https://minnano-toreka.com/wp-content/uploads/2026/07/none_1_10276113-174x300.webp
https://minnano-toreka.com/wp-content/uploads/2026/07/none_1_10241530.webp,https://minnano-toreka.com/wp-content/uploads/2026/07/none_1_10241530-149x300.webp
https://minnano-toreka.com/wp-content/uploads/2026/07/072-106_RR_10315568.webp,https://minnano-toreka.com/wp-content/uploads/2026/07/072-106_RR_10315568-215x300.webp
https://minnano-toreka.com/wp-content/uploads/2026/07/none_AR_10309046.webp,https://minnano-toreka.com/wp-content/uploads/2026/07/none_AR_10309046-215x300.webp
https://minnano-toreka.com/wp-content/uploads/2026/07/070-150_RR_10329987.webp,https://minnano-toreka.com/wp-content/uploads/2026/07/070-150_RR_10329987-215x300.webp
https://minnano-toreka.com/wp-content/uploads/2026/07/036-067_RR_10329938.webp,https://minnano-toreka.com/wp-content/uploads/2026/07/036-067_RR_10329938-215x300.webp
https://minnano-toreka.com/wp-content/uploads/2026/07/050-060_RR_10329977.webp,https://minnano-toreka.com/wp-content/uploads/2026/07/050-060_RR_10329977-215x300.webp
https://minnano-toreka.com/wp-content/uploads/2026/07/030-100_RR_10317162.webp,https://minnano-toreka.com/wp-content/uploads/2026/07/030-100_RR_10317162-215x300.webp
https://minnano-toreka.com/wp-content/uploads/2026/07/045-066-SV5a_RR_10263686.webp,https://minnano-toreka.com/wp-content/uploads/2026/07/045-066-SV5a_RR_10263686-215x300.webp
https://minnano-toreka.com/wp-content/uploads/2026/07/108-101_AR_10276955.webp,https://minnano-toreka.com/wp-content/uploads/2026/07/108-101_AR_10276955-215x300.webp
https://minnano-toreka.com/wp-content/uploads/2026/07/110-172_RR_10240007.webp,https://minnano-toreka.com/wp-content/uploads/2026/07/110-172_RR_10240007-215x300.webp
https://minnano-toreka.com/wp-content/uploads/2026/07/038-051_RR_10329752.webp,https://minnano-toreka.com/wp-content/uploads/2026/07/038-051_RR_10329752-215x300.webp
https://minnano-toreka.com/wp-content/uploads/2026/07/024-172_RR_10329871.webp,https://minnano-toreka.com/wp-content/uploads/2026/07/024-172_RR_10329871-215x300.webp
https://minnano-toreka.com/wp-content/uploads/2026/07/055-066_ACE_10260674.webp,https://minnano-toreka.com/wp-content/uploads/2026/07/055-066_ACE_10260674-215x300.webp
https://minnano-toreka.com/wp-content/uploads/2026/07/009-050_RR_10329852.webp,https://minnano-toreka.com/wp-content/uploads/2026/07/009-050_RR_10329852-215x300.webp
https://minnano-toreka.com/wp-content/uploads/2026/07/028-066_none_10263687.webp,https://minnano-toreka.com/wp-content/uploads/2026/07/028-066_none_10263687-215x300.webp
https://minnano-toreka.com/wp-content/uploads/2026/07/089-078_AR_10240009.webp,https://minnano-toreka.com/wp-content/uploads/2026/07/089-078_AR_10240009-215x300.webp
https://minnano-toreka.com/wp-content/uploads/2026/07/028-066_none_10263689.webp,https://minnano-toreka.com/wp-content/uploads/2026/07/028-066_none_10263689-215x300.webp
https://minnano-toreka.com/wp-content/uploads/2026/07/069-066_AR_10240098.webp,https://minnano-toreka.com/wp-content/uploads/2026/07/069-066_AR_10240098-215x300.webp
https://minnano-toreka.com/wp-content/uploads/2026/07/126-193-M2a_RR_10346969.webp,https://minnano-toreka.com/wp-content/uploads/2026/07/126-193-M2a_RR_10346969-215x300.webp
https://minnano-toreka.com/wp-content/uploads/2026/07/103-080_SR_10345799.webp,https://minnano-toreka.com/wp-content/uploads/2026/07/103-080_SR_10345799-215x300.webp
https://minnano-toreka.com/wp-content/uploads/2026/07/222-193-M2a_SR_10347066.webp,https://minnano-toreka.com/wp-content/uploads/2026/07/222-193-M2a_SR_10347066-215x300.webp
https://minnano-toreka.com/wp-content/uploads/2026/07/104-080_SR_10345806.webp,https://minnano-toreka.com/wp-content/uploads/2026/07/104-080_SR_10345806-215x300.webp
https://minnano-toreka.com/wp-content/uploads/2026/07/109-080_SR_10345795.webp,https://minnano-toreka.com/wp-content/uploads/2026/07/109-080_SR_10345795-215x300.webp
https://minnano-toreka.com/wp-content/uploads/2026/07/none_1_10285000.webp,https://minnano-toreka.com/wp-content/uploads/2026/07/none_1_10285000-149x300.webp
https://minnano-toreka.com/wp-content/uploads/2026/07/none_1_10284997.webp,https://minnano-toreka.com/wp-content/uploads/2026/07/none_1_10284997-300x300.webp
https://minnano-toreka.com/wp-content/uploads/2026/07/none_none_10299114.webp,https://minnano-toreka.com/wp-content/uploads/2026/07/none_none_10299114-169x300.webp
https://minnano-toreka.com/wp-content/uploads/2026/07/none_1_10288252.webp,https://minnano-toreka.com/wp-content/uploads/2026/07/none_1_10288252-149x300.webp
https://minnano-toreka.com/wp-content/uploads/2026/07/none_1_10284998.webp,https://minnano-toreka.com/wp-content/uploads/2026/07/none_1_10284998-169x300.webp
https://minnano-toreka.com/wp-content/uploads/2026/07/none_1_10285001.webp,https://minnano-toreka.com/wp-content/uploads/2026/07/none_1_10285001-169x300.webp
https://minnano-toreka.com/wp-content/uploads/2026/07/none_1_10298046.webp,https://minnano-toreka.com/wp-content/uploads/2026/07/none_1_10298046-169x300.webp
https://minnano-toreka.com/wp-content/uploads/2026/07/none_1_10281109.webp,https://minnano-toreka.com/wp-content/uploads/2026/07/none_1_10281109-148x300.webp
https://minnano-toreka.com/wp-content/uploads/2026/07/none_1_10276114.webp,https://minnano-toreka.com/wp-content/uploads/2026/07/none_1_10276114-149x300.webp
https://minnano-toreka.com/wp-content/uploads/2026/07/none_1_10284999.webp,https://minnano-toreka.com/wp-content/uploads/2026/07/none_1_10284999-149x300.webp
https://minnano-toreka.com/wp-content/uploads/2026/07/061-100_RR_10317131.webp,https://minnano-toreka.com/wp-content/uploads/2026/07/061-100_RR_10317131-215x300.webp
https://minnano-toreka.com/wp-content/uploads/2026/07/069-100_RR_10317132.webp,https://minnano-toreka.com/wp-content/uploads/2026/07/069-100_RR_10317132-215x300.webp
https://minnano-toreka.com/wp-content/uploads/2026/07/050-062_RR_10329748.webp,https://minnano-toreka.com/wp-content/uploads/2026/07/050-062_RR_10329748-215x300.webp
https://minnano-toreka.com/wp-content/uploads/2026/07/047-071_RR_10244760.webp,https://minnano-toreka.com/wp-content/uploads/2026/07/047-071_RR_10244760-215x300.webp
https://minnano-toreka.com/wp-content/uploads/2026/07/005-022_none_10329740.webp,https://minnano-toreka.com/wp-content/uploads/2026/07/005-022_none_10329740-215x300.webp
https://minnano-toreka.com/wp-content/uploads/2026/07/019-102_RR_10317067.webp,https://minnano-toreka.com/wp-content/uploads/2026/07/019-102_RR_10317067-215x300.webp
https://minnano-toreka.com/wp-content/uploads/2026/07/148-SV-P_P_10276941.webp,https://minnano-toreka.com/wp-content/uploads/2026/07/148-SV-P_P_10276941-215x300.webp
https://minnano-toreka.com/wp-content/uploads/2026/07/066-071_ACE_10244757.webp,https://minnano-toreka.com/wp-content/uploads/2026/07/066-071_ACE_10244757-215x300.webp
https://minnano-toreka.com/wp-content/uploads/2026/07/032-053_H_10244750.webp,https://minnano-toreka.com/wp-content/uploads/2026/07/032-053_H_10244750-215x300.webp
https://minnano-toreka.com/wp-content/uploads/2026/07/217-193-M2a_SR_10346959.webp,https://minnano-toreka.com/wp-content/uploads/2026/07/217-193-M2a_SR_10346959-215x300.webp
https://minnano-toreka.com/wp-content/uploads/2026/07/215-193-M2a_SR_10347061.webp,https://minnano-toreka.com/wp-content/uploads/2026/07/215-193-M2a_SR_10347061-215x300.webp
https://minnano-toreka.com/wp-content/uploads/2026/07/214-193-M2a_SR_10347054.webp,https://minnano-toreka.com/wp-content/uploads/2026/07/214-193-M2a_SR_10347054-215x300.webp
https://minnano-toreka.com/wp-content/uploads/2026/07/218-193-M2a_SR_10347060.webp,https://minnano-toreka.com/wp-content/uploads/2026/07/218-193-M2a_SR_10347060-215x300.webp
https://minnano-toreka.com/wp-content/uploads/2026/07/101-080_SR_10345805.webp,https://minnano-toreka.com/wp-content/uploads/2026/07/101-080_SR_10345805-215x300.webp
https://minnano-toreka.com/wp-content/uploads/2026/07/077-066_AR_10260677.webp,https://minnano-toreka.com/wp-content/uploads/2026/07/077-066_AR_10260677-215x300.webp
https://minnano-toreka.com/wp-content/uploads/2026/07/032-066_RR_10263679.webp,https://minnano-toreka.com/wp-content/uploads/2026/07/032-066_RR_10263679-215x300.webp
https://minnano-toreka.com/wp-content/uploads/2026/07/073-064_AR_10306870.webp,https://minnano-toreka.com/wp-content/uploads/2026/07/073-064_AR_10306870-215x300.webp
https://minnano-toreka.com/wp-content/uploads/2026/07/020-063_RR_10329323.webp,https://minnano-toreka.com/wp-content/uploads/2026/07/020-063_RR_10329323-215x300.webp
https://minnano-toreka.com/wp-content/uploads/2026/07/073-062_AR_10308620.webp,https://minnano-toreka.com/wp-content/uploads/2026/07/073-062_AR_10308620-215x300.webp
https://minnano-toreka.com/wp-content/uploads/2026/07/101-100_AR_10317088.webp,https://minnano-toreka.com/wp-content/uploads/2026/07/101-100_AR_10317088-215x300.webp
https://minnano-toreka.com/wp-content/uploads/2026/07/088-078_AR_10309048.webp,https://minnano-toreka.com/wp-content/uploads/2026/07/088-078_AR_10309048-215x300.webp
https://minnano-toreka.com/wp-content/uploads/2026/07/069-066_AR_10263678.webp,https://minnano-toreka.com/wp-content/uploads/2026/07/069-066_AR_10263678-215x300.webp
https://minnano-toreka.com/wp-content/uploads/2026/07/178-172_AR_10306208.webp,https://minnano-toreka.com/wp-content/uploads/2026/07/178-172_AR_10306208-215x300.webp
https://minnano-toreka.com/wp-content/uploads/2026/07/106-100_AR_10317147.webp,https://minnano-toreka.com/wp-content/uploads/2026/07/106-100_AR_10317147-215x300.webp
https://minnano-toreka.com/wp-content/uploads/2026/07/079-078_AR_10327064.webp,https://minnano-toreka.com/wp-content/uploads/2026/07/079-078_AR_10327064-215x300.webp
https://minnano-toreka.com/wp-content/uploads/2026/07/068-063_AR_10329310.webp,https://minnano-toreka.com/wp-content/uploads/2026/07/068-063_AR_10329310-215x300.webp
https://minnano-toreka.com/wp-content/uploads/2026/07/041-187_RR_10317140.webp,https://minnano-toreka.com/wp-content/uploads/2026/07/041-187_RR_10317140-215x300.webp
https://minnano-toreka.com/wp-content/uploads/2026/07/198-172_AR_10327070.webp,https://minnano-toreka.com/wp-content/uploads/2026/07/198-172_AR_10327070-215x300.webp
https://minnano-toreka.com/wp-content/uploads/2026/07/022-187_RR_10316945.webp,https://minnano-toreka.com/wp-content/uploads/2026/07/022-187_RR_10316945-215x300.webp
https://minnano-toreka.com/wp-content/uploads/2026/07/none_AR_10308980.webp,https://minnano-toreka.com/wp-content/uploads/2026/07/none_AR_10308980-215x300.webp
https://minnano-toreka.com/wp-content/uploads/2026/07/089-078_AR_10240026.webp,https://minnano-toreka.com/wp-content/uploads/2026/07/089-078_AR_10240026-215x300.webp
https://minnano-toreka.com/wp-content/uploads/2026/07/120-106_SR_10315950.webp,https://minnano-toreka.com/wp-content/uploads/2026/07/120-106_SR_10315950-215x300.webp
https://minnano-toreka.com/wp-content/uploads/2026/07/021-051_RR_10329843.webp,https://minnano-toreka.com/wp-content/uploads/2026/07/021-051_RR_10329843-215x300.webp
https://minnano-toreka.com/wp-content/uploads/2026/07/187-172_AR_10327069.webp,https://minnano-toreka.com/wp-content/uploads/2026/07/187-172_AR_10327069-215x300.webp
https://minnano-toreka.com/wp-content/uploads/2026/07/104-102_AR_10308587.webp,https://minnano-toreka.com/wp-content/uploads/2026/07/104-102_AR_10308587-215x300.webp
https://minnano-toreka.com/wp-content/uploads/2026/07/066-098-SV10_RR_10332279.webp,https://minnano-toreka.com/wp-content/uploads/2026/07/066-098-SV10_RR_10332279-215x300.webp
https://minnano-toreka.com/wp-content/uploads/2026/07/030-100_RR_10241752.webp,https://minnano-toreka.com/wp-content/uploads/2026/07/030-100_RR_10241752-215x300.webp
https://minnano-toreka.com/wp-content/uploads/2026/07/107-102_AR_10289343.webp,https://minnano-toreka.com/wp-content/uploads/2026/07/107-102_AR_10289343-215x300.webp
https://minnano-toreka.com/wp-content/uploads/2026/07/063-187_RR_10317164.webp,https://minnano-toreka.com/wp-content/uploads/2026/07/063-187_RR_10317164-215x300.webp
https://minnano-toreka.com/wp-content/uploads/2026/07/088-078_AR_10315588.webp,https://minnano-toreka.com/wp-content/uploads/2026/07/088-078_AR_10315588-215x300.webp
https://minnano-toreka.com/wp-content/uploads/2026/07/113-102_AR_10317082.webp,https://minnano-toreka.com/wp-content/uploads/2026/07/113-102_AR_10317082-215x300.webp
https://minnano-toreka.com/wp-content/uploads/2026/07/073-066_AR_10260672.webp,https://minnano-toreka.com/wp-content/uploads/2026/07/073-066_AR_10260672-215x300.webp
https://minnano-toreka.com/wp-content/uploads/2026/07/078-071_AR_10244779.webp,https://minnano-toreka.com/wp-content/uploads/2026/07/078-071_AR_10244779-215x300.webp
https://minnano-toreka.com/wp-content/uploads/2026/07/108-106_AR_10315556.webp,https://minnano-toreka.com/wp-content/uploads/2026/07/108-106_AR_10315556-215x300.webp
https://minnano-toreka.com/wp-content/uploads/2026/07/026-106_RR_10315553.webp,https://minnano-toreka.com/wp-content/uploads/2026/07/026-106_RR_10315553-215x300.webp
https://minnano-toreka.com/wp-content/uploads/2026/07/068-066_AR_10260639.webp,https://minnano-toreka.com/wp-content/uploads/2026/07/068-066_AR_10260639-215x300.webp
https://minnano-toreka.com/wp-content/uploads/2026/07/094-102_ACE_10289340.webp,https://minnano-toreka.com/wp-content/uploads/2026/07/094-102_ACE_10289340-215x300.webp
https://minnano-toreka.com/wp-content/uploads/2026/07/111-106_AR_10308158.webp,https://minnano-toreka.com/wp-content/uploads/2026/07/111-106_AR_10308158-215x300.webp
https://minnano-toreka.com/wp-content/uploads/2026/07/003-187_RR_10316971.webp,https://minnano-toreka.com/wp-content/uploads/2026/07/003-187_RR_10316971-215x300.webp
https://minnano-toreka.com/wp-content/uploads/2026/07/052-187_RR_10317152.webp,https://minnano-toreka.com/wp-content/uploads/2026/07/052-187_RR_10317152-215x300.webp
https://minnano-toreka.com/wp-content/uploads/2026/07/076-064_AR_10308686.webp,https://minnano-toreka.com/wp-content/uploads/2026/07/076-064_AR_10308686-215x300.webp
https://minnano-toreka.com/wp-content/uploads/2026/07/104-101_AR_10276938.webp,https://minnano-toreka.com/wp-content/uploads/2026/07/104-101_AR_10276938-215x300.webp
https://minnano-toreka.com/wp-content/uploads/2026/07/078-066_AR_10316273.webp,https://minnano-toreka.com/wp-content/uploads/2026/07/078-066_AR_10316273-215x300.webp
https://minnano-toreka.com/wp-content/uploads/2026/07/105-101_AR_10276952.webp,https://minnano-toreka.com/wp-content/uploads/2026/07/105-101_AR_10276952-215x300.webp
https://minnano-toreka.com/wp-content/uploads/2026/07/077-073_AR_10308386.webp,https://minnano-toreka.com/wp-content/uploads/2026/07/077-073_AR_10308386-215x300.webp
https://minnano-toreka.com/wp-content/uploads/2026/07/103-101_AR_10276954.webp,https://minnano-toreka.com/wp-content/uploads/2026/07/103-101_AR_10276954-215x300.webp
https://minnano-toreka.com/wp-content/uploads/2026/07/069-187_RR_10316859.webp,https://minnano-toreka.com/wp-content/uploads/2026/07/069-187_RR_10316859-215x300.webp
https://minnano-toreka.com/wp-content/uploads/2026/07/174-172-S12a_AR_10329936.webp,https://minnano-toreka.com/wp-content/uploads/2026/07/174-172-S12a_AR_10329936-215x300.webp
https://minnano-toreka.com/wp-content/uploads/2026/07/078-071_AR_10240006.webp,https://minnano-toreka.com/wp-content/uploads/2026/07/078-071_AR_10240006-215x300.webp
https://minnano-toreka.com/wp-content/uploads/2026/07/074-066_AR_10260644.webp,https://minnano-toreka.com/wp-content/uploads/2026/07/074-066_AR_10260644-215x300.webp
https://minnano-toreka.com/wp-content/uploads/2026/07/066-064_AR_10308612.webp,https://minnano-toreka.com/wp-content/uploads/2026/07/066-064_AR_10308612-215x300.webp
https://minnano-toreka.com/wp-content/uploads/2026/07/047-060_RR_10329837.webp,https://minnano-toreka.com/wp-content/uploads/2026/07/047-060_RR_10329837-215x300.webp
https://minnano-toreka.com/wp-content/uploads/2026/07/112-102_AR_10289344.webp,https://minnano-toreka.com/wp-content/uploads/2026/07/112-102_AR_10289344-215x300.webp
https://minnano-toreka.com/wp-content/uploads/2026/07/055-068_RR_10329886.webp,https://minnano-toreka.com/wp-content/uploads/2026/07/055-068_RR_10329886-215x300.webp
https://minnano-toreka.com/wp-content/uploads/2026/07/111-102_AR_10289327.webp,https://minnano-toreka.com/wp-content/uploads/2026/07/111-102_AR_10289327-215x300.webp
https://minnano-toreka.com/wp-content/uploads/2026/07/067-062_AR_10240140.webp,https://minnano-toreka.com/wp-content/uploads/2026/07/067-062_AR_10240140-215x300.webp
https://minnano-toreka.com/wp-content/uploads/2026/07/033-051-sm3_RR_10330001.webp,https://minnano-toreka.com/wp-content/uploads/2026/07/033-051-sm3_RR_10330001-215x300.webp
https://minnano-toreka.com/wp-content/uploads/2026/07/103-102_AR_10317032.webp,https://minnano-toreka.com/wp-content/uploads/2026/07/103-102_AR_10317032-215x300.webp
https://minnano-toreka.com/wp-content/uploads/2026/07/072-071_AR_10241040.webp,https://minnano-toreka.com/wp-content/uploads/2026/07/072-071_AR_10241040-215x300.webp
https://minnano-toreka.com/wp-content/uploads/2026/07/044-150_RR_10329745.webp,https://minnano-toreka.com/wp-content/uploads/2026/07/044-150_RR_10329745-215x300.webp
https://minnano-toreka.com/wp-content/uploads/2026/07/071-064_AR_10315582.webp,https://minnano-toreka.com/wp-content/uploads/2026/07/071-064_AR_10315582-215x300.webp
https://minnano-toreka.com/wp-content/uploads/2026/07/106-101_AR_10282887.webp,https://minnano-toreka.com/wp-content/uploads/2026/07/106-101_AR_10282887-215x300.webp
https://minnano-toreka.com/wp-content/uploads/2026/07/072-066_AR_10240097.webp,https://minnano-toreka.com/wp-content/uploads/2026/07/072-066_AR_10240097-215x300.webp
https://minnano-toreka.com/wp-content/uploads/2026/07/107-100_AR_10317177.webp,https://minnano-toreka.com/wp-content/uploads/2026/07/107-100_AR_10317177-215x300.webp
https://minnano-toreka.com/wp-content/uploads/2026/07/none_AR_10316314.webp,https://minnano-toreka.com/wp-content/uploads/2026/07/none_AR_10316314-215x300.webp
https://minnano-toreka.com/wp-content/uploads/2026/07/107-106_AR_10315955.webp,https://minnano-toreka.com/wp-content/uploads/2026/07/107-106_AR_10315955-215x300.webp
https://minnano-toreka.com/wp-content/uploads/2026/07/053-071_RR_10241008.webp,https://minnano-toreka.com/wp-content/uploads/2026/07/053-071_RR_10241008-215x300.webp
https://minnano-toreka.com/wp-content/uploads/2026/07/031-187_RR_10317181.webp,https://minnano-toreka.com/wp-content/uploads/2026/07/031-187_RR_10317181-215x300.webp
https://minnano-toreka.com/wp-content/uploads/2026/07/075-064_AR_10315586.webp,https://minnano-toreka.com/wp-content/uploads/2026/07/075-064_AR_10315586-215x300.webp
https://minnano-toreka.com/wp-content/uploads/2026/07/070-063_AR_10336810.webp,https://minnano-toreka.com/wp-content/uploads/2026/07/070-063_AR_10336810-215x300.webp
https://minnano-toreka.com/wp-content/uploads/2026/07/072-064_AR_10308685.webp,https://minnano-toreka.com/wp-content/uploads/2026/07/072-064_AR_10308685-215x300.webp
https://minnano-toreka.com/wp-content/uploads/2026/07/027-114_RR_10329741.webp,https://minnano-toreka.com/wp-content/uploads/2026/07/027-114_RR_10329741-215x300.webp
https://minnano-toreka.com/wp-content/uploads/2026/07/075-066_AR_10307875.webp,https://minnano-toreka.com/wp-content/uploads/2026/07/075-066_AR_10307875-215x300.webp
https://minnano-toreka.com/wp-content/uploads/2026/07/072-066_AR_10260683.webp,https://minnano-toreka.com/wp-content/uploads/2026/07/072-066_AR_10260683-215x300.webp
https://minnano-toreka.com/wp-content/uploads/2026/07/077-071_AR_10240003.webp,https://minnano-toreka.com/wp-content/uploads/2026/07/077-071_AR_10240003-215x300.webp
https://minnano-toreka.com/wp-content/uploads/2026/07/090-078_AR_10327067.webp,https://minnano-toreka.com/wp-content/uploads/2026/07/090-078_AR_10327067-215x300.webp
https://minnano-toreka.com/wp-content/uploads/2026/07/092-101_ACE_10276959.webp,https://minnano-toreka.com/wp-content/uploads/2026/07/092-101_ACE_10276959-215x300.webp
https://minnano-toreka.com/wp-content/uploads/2026/07/045-066_RR_10240216.webp,https://minnano-toreka.com/wp-content/uploads/2026/07/045-066_RR_10240216-215x300.webp
https://minnano-toreka.com/wp-content/uploads/2026/07/034-066_H_10263685.webp,https://minnano-toreka.com/wp-content/uploads/2026/07/034-066_H_10263685-215x300.webp
https://minnano-toreka.com/wp-content/uploads/2026/07/066-063_AR_10336831.webp,https://minnano-toreka.com/wp-content/uploads/2026/07/066-063_AR_10336831-215x300.webp
https://minnano-toreka.com/wp-content/uploads/2026/07/110-106_AR_10308614.webp,https://minnano-toreka.com/wp-content/uploads/2026/07/110-106_AR_10308614-215x300.webp
https://minnano-toreka.com/wp-content/uploads/2026/07/066-063_AR_10336800.webp,https://minnano-toreka.com/wp-content/uploads/2026/07/066-063_AR_10336800-215x300.webp
https://minnano-toreka.com/wp-content/uploads/2026/07/067-063_AR_10336799.webp,https://minnano-toreka.com/wp-content/uploads/2026/07/067-063_AR_10336799-215x300.webp
https://minnano-toreka.com/wp-content/uploads/2026/07/073-063_AR_10336818.webp,https://minnano-toreka.com/wp-content/uploads/2026/07/073-063_AR_10336818-215x300.webp
https://minnano-toreka.com/wp-content/uploads/2026/07/083-063_SR_10336811.webp,https://minnano-toreka.com/wp-content/uploads/2026/07/083-063_SR_10336811-215x300.webp
https://minnano-toreka.com/wp-content/uploads/2026/07/111-108_AR_10329580.webp,https://minnano-toreka.com/wp-content/uploads/2026/07/111-108_AR_10329580-215x300.webp
https://minnano-toreka.com/wp-content/uploads/2026/07/073-064_AR_10316550.webp,https://minnano-toreka.com/wp-content/uploads/2026/07/073-064_AR_10316550-215x300.webp
https://minnano-toreka.com/wp-content/uploads/2026/07/075-063_AR_10336824.webp,https://minnano-toreka.com/wp-content/uploads/2026/07/075-063_AR_10336824-215x300.webp
https://minnano-toreka.com/wp-content/uploads/2026/07/075-063_AR_10336805.webp,https://minnano-toreka.com/wp-content/uploads/2026/07/075-063_AR_10336805-215x300.webp
https://minnano-toreka.com/wp-content/uploads/2026/07/086-063_SR_10336798.webp,https://minnano-toreka.com/wp-content/uploads/2026/07/086-063_SR_10336798-215x300.webp
https://minnano-toreka.com/wp-content/uploads/2026/07/193-172-S12a_AR_10341514.webp,https://minnano-toreka.com/wp-content/uploads/2026/07/193-172-S12a_AR_10341514-215x300.webp
https://minnano-toreka.com/wp-content/uploads/2026/07/076-066_AR_10260673.webp,https://minnano-toreka.com/wp-content/uploads/2026/07/076-066_AR_10260673-215x300.webp
https://minnano-toreka.com/wp-content/uploads/2026/07/110-101_AR_10276949.webp,https://minnano-toreka.com/wp-content/uploads/2026/07/110-101_AR_10276949-215x300.webp
https://minnano-toreka.com/wp-content/uploads/2026/07/109-101_AR_10276916.webp,https://minnano-toreka.com/wp-content/uploads/2026/07/109-101_AR_10276916-215x300.webp
https://minnano-toreka.com/wp-content/uploads/2026/07/072-063_AR_10336821.webp,https://minnano-toreka.com/wp-content/uploads/2026/07/072-063_AR_10336821-215x300.webp
https://minnano-toreka.com/wp-content/uploads/2026/07/069-063_AR_10336795.webp,https://minnano-toreka.com/wp-content/uploads/2026/07/069-063_AR_10336795-215x300.webp
https://minnano-toreka.com/wp-content/uploads/2026/07/074-063_AR_10336826.webp,https://minnano-toreka.com/wp-content/uploads/2026/07/074-063_AR_10336826-215x300.webp
https://minnano-toreka.com/wp-content/uploads/2026/07/111-101_AR_10276958.webp,https://minnano-toreka.com/wp-content/uploads/2026/07/111-101_AR_10276958-215x300.webp
https://minnano-toreka.com/wp-content/uploads/2026/07/113-106_AR_10308619.webp,https://minnano-toreka.com/wp-content/uploads/2026/07/113-106_AR_10308619-215x300.webp
https://minnano-toreka.com/wp-content/uploads/2026/07/065-063_AR_10336828.webp,https://minnano-toreka.com/wp-content/uploads/2026/07/065-063_AR_10336828-215x300.webp
https://minnano-toreka.com/wp-content/uploads/2026/07/074-063_AR_10336814.webp,https://minnano-toreka.com/wp-content/uploads/2026/07/074-063_AR_10336814-215x300.webp
https://minnano-toreka.com/wp-content/uploads/2026/07/115-106_AR_10315564.webp,https://minnano-toreka.com/wp-content/uploads/2026/07/115-106_AR_10315564-215x300.webp
https://minnano-toreka.com/wp-content/uploads/2026/07/070-063_AR_10336833.webp,https://minnano-toreka.com/wp-content/uploads/2026/07/070-063_AR_10336833-215x300.webp
https://minnano-toreka.com/wp-content/uploads/2026/07/072-063_AR_10336807.webp,https://minnano-toreka.com/wp-content/uploads/2026/07/072-063_AR_10336807-215x300.webp
https://minnano-toreka.com/wp-content/uploads/2026/07/071-063_AR_10336825.webp,https://minnano-toreka.com/wp-content/uploads/2026/07/071-063_AR_10336825-215x300.webp
https://minnano-toreka.com/wp-content/uploads/2026/07/102-080_SR_10345780.webp,https://minnano-toreka.com/wp-content/uploads/2026/07/102-080_SR_10345780-215x300.webp
https://minnano-toreka.com/wp-content/uploads/2026/07/201-193-M2a_AR_10347059.webp,https://minnano-toreka.com/wp-content/uploads/2026/07/201-193-M2a_AR_10347059-215x300.webp
https://minnano-toreka.com/wp-content/uploads/2026/07/080-078_AR_10327065.webp,https://minnano-toreka.com/wp-content/uploads/2026/07/080-078_AR_10327065-215x300.webp
https://minnano-toreka.com/wp-content/uploads/2026/07/108-080_SR_10345808.webp,https://minnano-toreka.com/wp-content/uploads/2026/07/108-080_SR_10345808-215x300.webp
https://minnano-toreka.com/wp-content/uploads/2026/07/199-184_CHR_10305614.webp,https://minnano-toreka.com/wp-content/uploads/2026/07/199-184_CHR_10305614-215x300.webp
https://minnano-toreka.com/wp-content/uploads/2026/07/197-184_CHR_10239460.webp,https://minnano-toreka.com/wp-content/uploads/2026/07/197-184_CHR_10239460-215x300.webp
https://minnano-toreka.com/wp-content/uploads/2026/07/none_UR_10305340.webp,https://minnano-toreka.com/wp-content/uploads/2026/07/none_UR_10305340-213x300.webp
https://minnano-toreka.com/wp-content/uploads/2026/07/148-187_ACE_10331289.webp,https://minnano-toreka.com/wp-content/uploads/2026/07/148-187_ACE_10331289-215x300.webp
https://minnano-toreka.com/wp-content/uploads/2026/07/064-063_AR_10329213.webp,https://minnano-toreka.com/wp-content/uploads/2026/07/064-063_AR_10329213-215x300.webp
https://minnano-toreka.com/wp-content/uploads/2026/07/081-101_RR_10276940.webp,https://minnano-toreka.com/wp-content/uploads/2026/07/081-101_RR_10276940-215x300.webp
https://minnano-toreka.com/wp-content/uploads/2026/07/020-187_RR_10329999.webp,https://minnano-toreka.com/wp-content/uploads/2026/07/020-187_RR_10329999-215x300.webp
https://minnano-toreka.com/wp-content/uploads/2026/07/104-098-SV10_AR_10332282.webp,https://minnano-toreka.com/wp-content/uploads/2026/07/104-098-SV10_AR_10332282-215x300.webp
https://minnano-toreka.com/wp-content/uploads/2026/07/067-063_AR_10327072.webp,https://minnano-toreka.com/wp-content/uploads/2026/07/067-063_AR_10327072-215x300.webp
https://minnano-toreka.com/wp-content/uploads/2026/07/073-063_AR_10329216.webp,https://minnano-toreka.com/wp-content/uploads/2026/07/073-063_AR_10329216-215x300.webp
https://minnano-toreka.com/wp-content/uploads/2026/07/075-063_AR_10329314.webp,https://minnano-toreka.com/wp-content/uploads/2026/07/075-063_AR_10329314-215x300.webp
https://minnano-toreka.com/wp-content/uploads/2026/07/081-063_SR_10336792.webp,https://minnano-toreka.com/wp-content/uploads/2026/07/081-063_SR_10336792-215x300.webp
https://minnano-toreka.com/wp-content/uploads/2026/07/194-193-M2a_AR_10347058.webp,https://minnano-toreka.com/wp-content/uploads/2026/07/194-193-M2a_AR_10347058-215x300.webp
https://minnano-toreka.com/wp-content/uploads/2026/07/159-086_SR_10333968.webp,https://minnano-toreka.com/wp-content/uploads/2026/07/159-086_SR_10333968-215x300.webp
https://minnano-toreka.com/wp-content/uploads/2026/07/120-100_SR_10317155.webp,https://minnano-toreka.com/wp-content/uploads/2026/07/120-100_SR_10317155-215x300.webp
https://minnano-toreka.com/wp-content/uploads/2026/07/078-071_AR_10244743.webp,https://minnano-toreka.com/wp-content/uploads/2026/07/078-071_AR_10244743-215x300.webp
https://minnano-toreka.com/wp-content/uploads/2026/07/079-071_AR_10244767.webp,https://minnano-toreka.com/wp-content/uploads/2026/07/079-071_AR_10244767-215x300.webp
https://minnano-toreka.com/wp-content/uploads/2026/07/075-071_AR_10244762.webp,https://minnano-toreka.com/wp-content/uploads/2026/07/075-071_AR_10244762-215x300.webp
https://minnano-toreka.com/wp-content/uploads/2026/07/119-106_SR_10315943.webp,https://minnano-toreka.com/wp-content/uploads/2026/07/119-106_SR_10315943-215x300.webp
https://minnano-toreka.com/wp-content/uploads/2026/07/342-190_SR_10331293.webp,https://minnano-toreka.com/wp-content/uploads/2026/07/342-190_SR_10331293-215x300.webp
https://minnano-toreka.com/wp-content/uploads/2026/07/087-078_AR_10327068.webp,https://minnano-toreka.com/wp-content/uploads/2026/07/087-078_AR_10327068-215x300.webp
https://minnano-toreka.com/wp-content/uploads/2026/07/086-114_RR_10329845.webp,https://minnano-toreka.com/wp-content/uploads/2026/07/086-114_RR_10329845-215x300.webp
https://minnano-toreka.com/wp-content/uploads/2026/07/162-086_SR_10333959.webp,https://minnano-toreka.com/wp-content/uploads/2026/07/162-086_SR_10333959-215x300.webp
https://minnano-toreka.com/wp-content/uploads/2026/07/105-102_AR_10317076.webp,https://minnano-toreka.com/wp-content/uploads/2026/07/105-102_AR_10317076-215x300.webp
https://minnano-toreka.com/wp-content/uploads/2026/07/338-190_AR_10308684.webp,https://minnano-toreka.com/wp-content/uploads/2026/07/338-190_AR_10308684-215x300.webp
https://minnano-toreka.com/wp-content/uploads/2026/07/116-106_AR_10308683.webp,https://minnano-toreka.com/wp-content/uploads/2026/07/116-106_AR_10308683-215x300.webp
https://minnano-toreka.com/wp-content/uploads/2026/07/172-165_AR_10306869.webp,https://minnano-toreka.com/wp-content/uploads/2026/07/172-165_AR_10306869-215x300.webp
https://minnano-toreka.com/wp-content/uploads/2026/07/160-086_SR_10334063.webp,https://minnano-toreka.com/wp-content/uploads/2026/07/160-086_SR_10334063-215x300.webp
https://minnano-toreka.com/wp-content/uploads/2026/07/037-064_RR_10315949.webp,https://minnano-toreka.com/wp-content/uploads/2026/07/037-064_RR_10315949-215x300.webp
https://minnano-toreka.com/wp-content/uploads/2026/07/165-086-SV11W_SR_10333952.webp,https://minnano-toreka.com/wp-content/uploads/2026/07/165-086-SV11W_SR_10333952-215x300.webp
https://minnano-toreka.com/wp-content/uploads/2026/07/116-100_SR_10317163.webp,https://minnano-toreka.com/wp-content/uploads/2026/07/116-100_SR_10317163-215x300.webp
https://minnano-toreka.com/wp-content/uploads/2026/07/159-086_SR_10334005.webp,https://minnano-toreka.com/wp-content/uploads/2026/07/159-086_SR_10334005-215x300.webp
https://minnano-toreka.com/wp-content/uploads/2026/07/110-100_AR_10317151.webp,https://minnano-toreka.com/wp-content/uploads/2026/07/110-100_AR_10317151-215x300.webp
https://minnano-toreka.com/wp-content/uploads/2026/07/106-102_AR_10315573.webp,https://minnano-toreka.com/wp-content/uploads/2026/07/106-102_AR_10315573-215x300.webp
https://minnano-toreka.com/wp-content/uploads/2026/07/161-086-SV11W_SR_10333967.webp,https://minnano-toreka.com/wp-content/uploads/2026/07/161-086-SV11W_SR_10333967-215x300.webp
https://minnano-toreka.com/wp-content/uploads/2026/07/163-086_SR_10333909.webp,https://minnano-toreka.com/wp-content/uploads/2026/07/163-086_SR_10333909-215x300.webp
https://minnano-toreka.com/wp-content/uploads/2026/07/100-184_RR_10329869.webp,https://minnano-toreka.com/wp-content/uploads/2026/07/100-184_RR_10329869-300x300.webp
https://minnano-toreka.com/wp-content/uploads/2026/07/102-101_AR_10276957.webp,https://minnano-toreka.com/wp-content/uploads/2026/07/102-101_AR_10276957-215x300.webp
https://minnano-toreka.com/wp-content/uploads/2026/07/111-100_AR_10317154.webp,https://minnano-toreka.com/wp-content/uploads/2026/07/111-100_AR_10317154-215x300.webp
https://minnano-toreka.com/wp-content/uploads/2026/07/110-102_AR_10308590.webp,https://minnano-toreka.com/wp-content/uploads/2026/07/110-102_AR_10308590-215x300.webp
https://minnano-toreka.com/wp-content/uploads/2026/07/none_AR_10308981.webp,https://minnano-toreka.com/wp-content/uploads/2026/07/none_AR_10308981-215x300.webp
https://minnano-toreka.com/wp-content/uploads/2026/07/182-172_AR_10306792.webp,https://minnano-toreka.com/wp-content/uploads/2026/07/182-172_AR_10306792-215x300.webp
https://minnano-toreka.com/wp-content/uploads/2026/07/077-071_AR_10241018.webp,https://minnano-toreka.com/wp-content/uploads/2026/07/077-071_AR_10241018-215x300.webp
https://minnano-toreka.com/wp-content/uploads/2026/07/074-066_AR_10240136.webp,https://minnano-toreka.com/wp-content/uploads/2026/07/074-066_AR_10240136-215x300.webp
https://minnano-toreka.com/wp-content/uploads/2026/07/117-106_AR_10315952.webp,https://minnano-toreka.com/wp-content/uploads/2026/07/117-106_AR_10315952-215x300.webp
https://minnano-toreka.com/wp-content/uploads/2026/07/073-071_AR_10241021.webp,https://minnano-toreka.com/wp-content/uploads/2026/07/073-071_AR_10241021-215x300.webp
https://minnano-toreka.com/wp-content/uploads/2026/07/082-071_AR_10241030.webp,https://minnano-toreka.com/wp-content/uploads/2026/07/082-071_AR_10241030-215x300.webp
https://minnano-toreka.com/wp-content/uploads/2026/07/179-165_AR_10240127.webp,https://minnano-toreka.com/wp-content/uploads/2026/07/179-165_AR_10240127-215x300.webp
https://minnano-toreka.com/wp-content/uploads/2026/07/164-086_SR_10333902.webp,https://minnano-toreka.com/wp-content/uploads/2026/07/164-086_SR_10333902-215x300.webp
https://minnano-toreka.com/wp-content/uploads/2026/07/162-086_SR_10333969.webp,https://minnano-toreka.com/wp-content/uploads/2026/07/162-086_SR_10333969-215x300.webp
https://minnano-toreka.com/wp-content/uploads/2026/07/078-071-SV2P_AR_10329935.webp,https://minnano-toreka.com/wp-content/uploads/2026/07/078-071-SV2P_AR_10329935-215x300.webp
https://minnano-toreka.com/wp-content/uploads/2026/07/177-165_AR_10308122.webp,https://minnano-toreka.com/wp-content/uploads/2026/07/177-165_AR_10308122-215x300.webp
https://minnano-toreka.com/wp-content/uploads/2026/07/082-078_AR_10308421.webp,https://minnano-toreka.com/wp-content/uploads/2026/07/082-078_AR_10308421-215x300.webp
https://minnano-toreka.com/wp-content/uploads/2026/07/068-066_AR_10240107.webp,https://minnano-toreka.com/wp-content/uploads/2026/07/068-066_AR_10240107-215x300.webp
https://minnano-toreka.com/wp-content/uploads/2026/07/081-071_AR_10244756.webp,https://minnano-toreka.com/wp-content/uploads/2026/07/081-071_AR_10244756-215x300.webp
https://minnano-toreka.com/wp-content/uploads/2026/07/081-078_AR_10327130.webp,https://minnano-toreka.com/wp-content/uploads/2026/07/081-078_AR_10327130-215x300.webp
https://minnano-toreka.com/wp-content/uploads/2026/07/069-064_AR_10315583.webp,https://minnano-toreka.com/wp-content/uploads/2026/07/069-064_AR_10315583-215x300.webp
https://minnano-toreka.com/wp-content/uploads/2026/07/070-066_AR_10240087.webp,https://minnano-toreka.com/wp-content/uploads/2026/07/070-066_AR_10240087-215x300.webp
https://minnano-toreka.com/wp-content/uploads/2026/07/071-071_ACE_10241004.webp,https://minnano-toreka.com/wp-content/uploads/2026/07/071-071_ACE_10241004-215x300.webp
https://minnano-toreka.com/wp-content/uploads/2026/07/083-071_AR_10241000.webp,https://minnano-toreka.com/wp-content/uploads/2026/07/083-071_AR_10241000-215x300.webp
https://minnano-toreka.com/wp-content/uploads/2026/07/082-064_SR_10315958.webp,https://minnano-toreka.com/wp-content/uploads/2026/07/082-064_SR_10315958-215x300.webp
https://minnano-toreka.com/wp-content/uploads/2026/07/075-066_AR_10240248.webp,https://minnano-toreka.com/wp-content/uploads/2026/07/075-066_AR_10240248-215x300.webp
https://minnano-toreka.com/wp-content/uploads/2026/07/077-066_AR_10240250.webp,https://minnano-toreka.com/wp-content/uploads/2026/07/077-066_AR_10240250-215x300.webp
https://minnano-toreka.com/wp-content/uploads/2026/07/074-064_AR_10315961.webp,https://minnano-toreka.com/wp-content/uploads/2026/07/074-064_AR_10315961-215x300.webp
https://minnano-toreka.com/wp-content/uploads/2026/07/113-100_SR_10317083.webp,https://minnano-toreka.com/wp-content/uploads/2026/07/113-100_SR_10317083-215x300.webp
https://minnano-toreka.com/wp-content/uploads/2026/07/119-108_AR_10240227.webp,https://minnano-toreka.com/wp-content/uploads/2026/07/119-108_AR_10240227-215x300.webp
https://minnano-toreka.com/wp-content/uploads/2026/07/073-066_AR_10240130.webp,https://minnano-toreka.com/wp-content/uploads/2026/07/073-066_AR_10240130-215x300.webp
https://minnano-toreka.com/wp-content/uploads/2026/07/067-064_AR_10315956.webp,https://minnano-toreka.com/wp-content/uploads/2026/07/067-064_AR_10315956-215x300.webp
https://minnano-toreka.com/wp-content/uploads/2026/07/039-098-SV10_RR_10332287.webp,https://minnano-toreka.com/wp-content/uploads/2026/07/039-098-SV10_RR_10332287-215x300.webp
https://minnano-toreka.com/wp-content/uploads/2026/07/102-098-SV10_AR_10332286.webp,https://minnano-toreka.com/wp-content/uploads/2026/07/102-098-SV10_AR_10332286-215x300.webp
https://minnano-toreka.com/wp-content/uploads/2026/07/044-063_RR_10329313.webp,https://minnano-toreka.com/wp-content/uploads/2026/07/044-063_RR_10329313-215x300.webp
https://minnano-toreka.com/wp-content/uploads/2026/07/074-063-SV9a_AR_10330280.webp,https://minnano-toreka.com/wp-content/uploads/2026/07/074-063-SV9a_AR_10330280-215x300.webp
https://minnano-toreka.com/wp-content/uploads/2026/07/076-071_AR_10244752.webp,https://minnano-toreka.com/wp-content/uploads/2026/07/076-071_AR_10244752-215x300.webp
https://minnano-toreka.com/wp-content/uploads/2026/07/065-064_AR_10308608.webp,https://minnano-toreka.com/wp-content/uploads/2026/07/065-064_AR_10308608-215x300.webp
https://minnano-toreka.com/wp-content/uploads/2026/07/081-071_AR_10244764.webp,https://minnano-toreka.com/wp-content/uploads/2026/07/081-071_AR_10244764-215x300.webp
https://minnano-toreka.com/wp-content/uploads/2026/07/084-078_AR_10327066.webp,https://minnano-toreka.com/wp-content/uploads/2026/07/084-078_AR_10327066-215x300.webp
https://minnano-toreka.com/wp-content/uploads/2026/07/079-066_SR_10260694.webp,https://minnano-toreka.com/wp-content/uploads/2026/07/079-066_SR_10260694-215x300.webp
https://minnano-toreka.com/wp-content/uploads/2026/07/035-053_RR_10240237.webp,https://minnano-toreka.com/wp-content/uploads/2026/07/035-053_RR_10240237-215x300.webp
https://minnano-toreka.com/wp-content/uploads/2026/07/084-071_SR_10244774.webp,https://minnano-toreka.com/wp-content/uploads/2026/07/084-071_SR_10244774-215x300.webp
https://minnano-toreka.com/wp-content/uploads/2026/07/086-07171_SR_10244746.webp,https://minnano-toreka.com/wp-content/uploads/2026/07/086-07171_SR_10244746-215x300.webp
https://minnano-toreka.com/wp-content/uploads/2026/07/120-102_SR_10289355.webp,https://minnano-toreka.com/wp-content/uploads/2026/07/120-102_SR_10289355-215x300.webp
https://minnano-toreka.com/wp-content/uploads/2026/07/029-028_SR_10239756.webp,https://minnano-toreka.com/wp-content/uploads/2026/07/029-028_SR_10239756-215x300.webp
https://minnano-toreka.com/wp-content/uploads/2026/07/115-101_SR_10276945.webp,https://minnano-toreka.com/wp-content/uploads/2026/07/115-101_SR_10276945-215x300.webp
https://minnano-toreka.com/wp-content/uploads/2026/07/087-071_SR_10244739.webp,https://minnano-toreka.com/wp-content/uploads/2026/07/087-071_SR_10244739-215x300.webp
https://minnano-toreka.com/wp-content/uploads/2026/07/003-049_RR_10241026.webp,https://minnano-toreka.com/wp-content/uploads/2026/07/003-049_RR_10241026-215x300.webp
https://minnano-toreka.com/wp-content/uploads/2026/07/115-102_SR_10289336.webp,https://minnano-toreka.com/wp-content/uploads/2026/07/115-102_SR_10289336-215x300.webp
https://minnano-toreka.com/wp-content/uploads/2026/07/085-071_SR_10244738.webp,https://minnano-toreka.com/wp-content/uploads/2026/07/085-071_SR_10244738-215x300.webp
https://minnano-toreka.com/wp-content/uploads/2026/07/017-066_H_10263680.webp,https://minnano-toreka.com/wp-content/uploads/2026/07/017-066_H_10263680-215x300.webp
https://minnano-toreka.com/wp-content/uploads/2026/07/328-190_SSR_10240084.webp,https://minnano-toreka.com/wp-content/uploads/2026/07/328-190_SSR_10240084-215x300.webp
https://minnano-toreka.com/wp-content/uploads/2026/07/088-071_SR_10244765.webp,https://minnano-toreka.com/wp-content/uploads/2026/07/088-071_SR_10244765-215x300.webp
https://minnano-toreka.com/wp-content/uploads/2026/07/087-071_SR_10244758.webp,https://minnano-toreka.com/wp-content/uploads/2026/07/087-071_SR_10244758-215x300.webp
https://minnano-toreka.com/wp-content/uploads/2026/07/087-080_AR_10345803.webp,https://minnano-toreka.com/wp-content/uploads/2026/07/087-080_AR_10345803-215x300.webp
https://minnano-toreka.com/wp-content/uploads/2026/07/088-080_AR_10345781.webp,https://minnano-toreka.com/wp-content/uploads/2026/07/088-080_AR_10345781-215x300.webp
https://minnano-toreka.com/wp-content/uploads/2026/07/207-184_CHR_10305686.webp,https://minnano-toreka.com/wp-content/uploads/2026/07/207-184_CHR_10305686-215x300.webp
https://minnano-toreka.com/wp-content/uploads/2026/07/151-086_AR_10333986.webp,https://minnano-toreka.com/wp-content/uploads/2026/07/151-086_AR_10333986-215x300.webp
https://minnano-toreka.com/wp-content/uploads/2026/07/090-080_AR_10345798.webp,https://minnano-toreka.com/wp-content/uploads/2026/07/090-080_AR_10345798-215x300.webp
https://minnano-toreka.com/wp-content/uploads/2026/07/199-172-S12a_AR_10346851.webp,https://minnano-toreka.com/wp-content/uploads/2026/07/199-172-S12a_AR_10346851-215x300.webp
https://minnano-toreka.com/wp-content/uploads/2026/07/209-193-M2a_AR_10347063.webp,https://minnano-toreka.com/wp-content/uploads/2026/07/209-193-M2a_AR_10347063-215x300.webp
https://minnano-toreka.com/wp-content/uploads/2026/07/090-078_AR_10240240.webp,https://minnano-toreka.com/wp-content/uploads/2026/07/090-078_AR_10240240-215x300.webp
https://minnano-toreka.com/wp-content/uploads/2026/07/076-073_AR_10308422.webp,https://minnano-toreka.com/wp-content/uploads/2026/07/076-073_AR_10308422-215x300.webp
https://minnano-toreka.com/wp-content/uploads/2026/07/064-063_AR_10336830.webp,https://minnano-toreka.com/wp-content/uploads/2026/07/064-063_AR_10336830-215x300.webp
https://minnano-toreka.com/wp-content/uploads/2026/07/071-067_CHR_10304933.webp,https://minnano-toreka.com/wp-content/uploads/2026/07/071-067_CHR_10304933-215x300.webp
https://minnano-toreka.com/wp-content/uploads/2026/07/019-053-SH_none_10341443.webp,https://minnano-toreka.com/wp-content/uploads/2026/07/019-053-SH_none_10341443-215x300.webp
https://minnano-toreka.com/wp-content/uploads/2026/07/212-184_AR_10240017.webp,https://minnano-toreka.com/wp-content/uploads/2026/07/212-184_AR_10240017-215x300.webp
https://minnano-toreka.com/wp-content/uploads/2026/07/146-086_AR_10334020.webp,https://minnano-toreka.com/wp-content/uploads/2026/07/146-086_AR_10334020-215x300.webp
https://minnano-toreka.com/wp-content/uploads/2026/07/128-086-SV11W_AR_10333921.webp,https://minnano-toreka.com/wp-content/uploads/2026/07/128-086-SV11W_AR_10333921-215x300.webp
https://minnano-toreka.com/wp-content/uploads/2026/07/114-086_AR_10334060.webp,https://minnano-toreka.com/wp-content/uploads/2026/07/114-086_AR_10334060-215x300.webp
https://minnano-toreka.com/wp-content/uploads/2026/07/271-184-S8b_SR_10332204.webp,https://minnano-toreka.com/wp-content/uploads/2026/07/271-184-S8b_SR_10332204-215x300.webp
https://minnano-toreka.com/wp-content/uploads/2026/07/084-063_SR_10336790.webp,https://minnano-toreka.com/wp-content/uploads/2026/07/084-063_SR_10336790-215x300.webp
https://minnano-toreka.com/wp-content/uploads/2026/07/147-086_AR_10334023.webp,https://minnano-toreka.com/wp-content/uploads/2026/07/147-086_AR_10334023-215x300.webp
https://minnano-toreka.com/wp-content/uploads/2026/07/032-086-SV11W_U_10343945.webp,https://minnano-toreka.com/wp-content/uploads/2026/07/032-086-SV11W_U_10343945-215x300.webp
https://minnano-toreka.com/wp-content/uploads/2026/07/119-086_AR_10333911.webp,https://minnano-toreka.com/wp-content/uploads/2026/07/119-086_AR_10333911-215x300.webp
https://minnano-toreka.com/wp-content/uploads/2026/07/080-071_AR_10240100.webp,https://minnano-toreka.com/wp-content/uploads/2026/07/080-071_AR_10240100-215x300.webp
https://minnano-toreka.com/wp-content/uploads/2026/07/074-071_AR_10244773.webp,https://minnano-toreka.com/wp-content/uploads/2026/07/074-071_AR_10244773-215x300.webp
https://minnano-toreka.com/wp-content/uploads/2026/07/200-172-S12a_AR_10346850.webp,https://minnano-toreka.com/wp-content/uploads/2026/07/200-172-S12a_AR_10346850-215x300.webp
https://minnano-toreka.com/wp-content/uploads/2026/07/006-086_C_10346304.webp,https://minnano-toreka.com/wp-content/uploads/2026/07/006-086_C_10346304-215x300.webp
https://minnano-toreka.com/wp-content/uploads/2026/07/137-086_AR_10333895.webp,https://minnano-toreka.com/wp-content/uploads/2026/07/137-086_AR_10333895-215x300.webp
https://minnano-toreka.com/wp-content/uploads/2026/07/108-098_AR_10332291.webp,https://minnano-toreka.com/wp-content/uploads/2026/07/108-098_AR_10332291-215x300.webp
https://minnano-toreka.com/wp-content/uploads/2026/07/079-073_AR_10308419.webp,https://minnano-toreka.com/wp-content/uploads/2026/07/079-073_AR_10308419-215x300.webp
https://minnano-toreka.com/wp-content/uploads/2026/07/148-086_AR_10333965.webp,https://minnano-toreka.com/wp-content/uploads/2026/07/148-086_AR_10333965-215x300.webp
https://minnano-toreka.com/wp-content/uploads/2026/07/085-063_SR_10336793.webp,https://minnano-toreka.com/wp-content/uploads/2026/07/085-063_SR_10336793-215x300.webp
https://minnano-toreka.com/wp-content/uploads/2026/07/206-184_CHR_10239811.webp,https://minnano-toreka.com/wp-content/uploads/2026/07/206-184_CHR_10239811-215x300.webp
https://minnano-toreka.com/wp-content/uploads/2026/07/068-067_CHR_10239065.webp,https://minnano-toreka.com/wp-content/uploads/2026/07/068-067_CHR_10239065-215x300.webp
https://minnano-toreka.com/wp-content/uploads/2026/07/198-184_CHR_10304936.webp,https://minnano-toreka.com/wp-content/uploads/2026/07/198-184_CHR_10304936-215x300.webp
https://minnano-toreka.com/wp-content/uploads/2026/07/204-184_CHR_10239323.webp,https://minnano-toreka.com/wp-content/uploads/2026/07/204-184_CHR_10239323-215x300.webp
https://minnano-toreka.com/wp-content/uploads/2026/07/065-064_AR_10316511.webp,https://minnano-toreka.com/wp-content/uploads/2026/07/065-064_AR_10316511-215x300.webp
https://minnano-toreka.com/wp-content/uploads/2026/07/105-086-SV11B_AR_10334013.webp,https://minnano-toreka.com/wp-content/uploads/2026/07/105-086-SV11B_AR_10334013-215x300.webp
https://minnano-toreka.com/wp-content/uploads/2026/07/045-184_RR_10340486.webp,https://minnano-toreka.com/wp-content/uploads/2026/07/045-184_RR_10340486-215x300.webp
https://minnano-toreka.com/wp-content/uploads/2026/07/213-193-M2a_AR_10347068.webp,https://minnano-toreka.com/wp-content/uploads/2026/07/213-193-M2a_AR_10347068-215x300.webp
https://minnano-toreka.com/wp-content/uploads/2026/07/097-086-SV11W_AR_10333888.webp,https://minnano-toreka.com/wp-content/uploads/2026/07/097-086-SV11W_AR_10333888-215x300.webp
https://minnano-toreka.com/wp-content/uploads/2026/07/122-100_SR_10317179.webp,https://minnano-toreka.com/wp-content/uploads/2026/07/122-100_SR_10317179-215x300.webp
https://minnano-toreka.com/wp-content/uploads/2026/07/072-067_CHR_10239067.webp,https://minnano-toreka.com/wp-content/uploads/2026/07/072-067_CHR_10239067-215x300.webp
https://minnano-toreka.com/wp-content/uploads/2026/07/106-098_AR_10332294.webp,https://minnano-toreka.com/wp-content/uploads/2026/07/106-098_AR_10332294-215x300.webp
https://minnano-toreka.com/wp-content/uploads/2026/07/205-184_CHR_10305691.webp,https://minnano-toreka.com/wp-content/uploads/2026/07/205-184_CHR_10305691-215x300.webp
https://minnano-toreka.com/wp-content/uploads/2026/07/067-066_AR_10327164.webp,https://minnano-toreka.com/wp-content/uploads/2026/07/067-066_AR_10327164-215x300.webp
https://minnano-toreka.com/wp-content/uploads/2026/07/079-078_AR_10309013.webp,https://minnano-toreka.com/wp-content/uploads/2026/07/079-078_AR_10309013-215x300.webp
https://minnano-toreka.com/wp-content/uploads/2026/07/119-086_AR_10333992.webp,https://minnano-toreka.com/wp-content/uploads/2026/07/119-086_AR_10333992-215x300.webp
https://minnano-toreka.com/wp-content/uploads/2026/07/118-106_AR_10315953.webp,https://minnano-toreka.com/wp-content/uploads/2026/07/118-106_AR_10315953-215x300.webp
https://minnano-toreka.com/wp-content/uploads/2026/07/083-080_AR_10345786.webp,https://minnano-toreka.com/wp-content/uploads/2026/07/083-080_AR_10345786-215x300.webp
https://minnano-toreka.com/wp-content/uploads/2026/07/082-071_AR_10327097.webp,https://minnano-toreka.com/wp-content/uploads/2026/07/082-071_AR_10327097-215x300.webp
https://minnano-toreka.com/wp-content/uploads/2026/07/194-172-S12a_AR_10341515.webp,https://minnano-toreka.com/wp-content/uploads/2026/07/194-172-S12a_AR_10341515-215x300.webp
https://minnano-toreka.com/wp-content/uploads/2026/07/186-184_CHR_10305616.webp,https://minnano-toreka.com/wp-content/uploads/2026/07/186-184_CHR_10305616-215x300.webp
https://minnano-toreka.com/wp-content/uploads/2026/07/155-086_AR_10333999.webp,https://minnano-toreka.com/wp-content/uploads/2026/07/155-086_AR_10333999-215x300.webp
https://minnano-toreka.com/wp-content/uploads/2026/07/085-063_SR_10336829.webp,https://minnano-toreka.com/wp-content/uploads/2026/07/085-063_SR_10336829-215x300.webp
https://minnano-toreka.com/wp-content/uploads/2026/07/185-184_CHR_10305688.webp,https://minnano-toreka.com/wp-content/uploads/2026/07/185-184_CHR_10305688-215x300.webp
https://minnano-toreka.com/wp-content/uploads/2026/07/078-067_SR_10332274.webp,https://minnano-toreka.com/wp-content/uploads/2026/07/078-067_SR_10332274-215x300.webp
https://minnano-toreka.com/wp-content/uploads/2026/07/083-071_AR_10240145.webp,https://minnano-toreka.com/wp-content/uploads/2026/07/083-071_AR_10240145-215x300.webp
https://minnano-toreka.com/wp-content/uploads/2026/07/113-100-S9_SR_10332215.webp,https://minnano-toreka.com/wp-content/uploads/2026/07/113-100-S9_SR_10332215-215x300.webp
https://minnano-toreka.com/wp-content/uploads/2026/07/089-080_AR_10345801.webp,https://minnano-toreka.com/wp-content/uploads/2026/07/089-080_AR_10345801-215x300.webp
https://minnano-toreka.com/wp-content/uploads/2026/07/074-062-SV3a_AR_10346849.webp,https://minnano-toreka.com/wp-content/uploads/2026/07/074-062-SV3a_AR_10346849-215x300.webp
https://minnano-toreka.com/wp-content/uploads/2026/07/209-184_CHR_10304937.webp,https://minnano-toreka.com/wp-content/uploads/2026/07/209-184_CHR_10304937-215x300.webp
https://minnano-toreka.com/wp-content/uploads/2026/07/072-071_AR_10244777.webp,https://minnano-toreka.com/wp-content/uploads/2026/07/072-071_AR_10244777-215x300.webp
https://minnano-toreka.com/wp-content/uploads/2026/07/082-080_AR_10345746.webp,https://minnano-toreka.com/wp-content/uploads/2026/07/082-080_AR_10345746-215x300.webp
https://minnano-toreka.com/wp-content/uploads/2026/07/132-086_AR_10334068.webp,https://minnano-toreka.com/wp-content/uploads/2026/07/132-086_AR_10334068-215x300.webp
https://minnano-toreka.com/wp-content/uploads/2026/07/070-067_CHR_10343897.webp,https://minnano-toreka.com/wp-content/uploads/2026/07/070-067_CHR_10343897-205x300.webp
https://minnano-toreka.com/wp-content/uploads/2026/07/201-184_CHR_10305615.webp,https://minnano-toreka.com/wp-content/uploads/2026/07/201-184_CHR_10305615-215x300.webp
https://minnano-toreka.com/wp-content/uploads/2026/07/071-066_AR_10260648.webp,https://minnano-toreka.com/wp-content/uploads/2026/07/071-066_AR_10260648-215x300.webp
https://minnano-toreka.com/wp-content/uploads/2026/07/018-066_none_10284725.webp,https://minnano-toreka.com/wp-content/uploads/2026/07/018-066_none_10284725-215x300.webp
https://minnano-toreka.com/wp-content/uploads/2026/07/083-071-SV2D_AR_10346848.webp,https://minnano-toreka.com/wp-content/uploads/2026/07/083-071-SV2D_AR_10346848-215x300.webp
https://minnano-toreka.com/wp-content/uploads/2026/07/106-086-SV11B_AR_10334010.webp,https://minnano-toreka.com/wp-content/uploads/2026/07/106-086-SV11B_AR_10334010-215x300.webp
https://minnano-toreka.com/wp-content/uploads/2026/07/122-102-SV7_SR_10345861.webp,https://minnano-toreka.com/wp-content/uploads/2026/07/122-102-SV7_SR_10345861-215x300.webp
https://minnano-toreka.com/wp-content/uploads/2026/07/178-165_AR_10308125.webp,https://minnano-toreka.com/wp-content/uploads/2026/07/178-165_AR_10308125-215x300.webp
https://minnano-toreka.com/wp-content/uploads/2026/07/129-086_AR_10333926.webp,https://minnano-toreka.com/wp-content/uploads/2026/07/129-086_AR_10333926-215x300.webp
https://minnano-toreka.com/wp-content/uploads/2026/07/068-063_AR_10336802.webp,https://minnano-toreka.com/wp-content/uploads/2026/07/068-063_AR_10336802-215x300.webp
https://minnano-toreka.com/wp-content/uploads/2026/07/095-080-M2_SR_10343948.webp,https://minnano-toreka.com/wp-content/uploads/2026/07/095-080-M2_SR_10343948-215x300.webp
https://minnano-toreka.com/wp-content/uploads/2026/07/339-190_AR_10308982.webp,https://minnano-toreka.com/wp-content/uploads/2026/07/339-190_AR_10308982-215x300.webp
https://minnano-toreka.com/wp-content/uploads/2026/07/154-086-SV11B_AR_10334065.webp,https://minnano-toreka.com/wp-content/uploads/2026/07/154-086-SV11B_AR_10334065-215x300.webp
https://minnano-toreka.com/wp-content/uploads/2026/07/091-080_AR_10345782.webp,https://minnano-toreka.com/wp-content/uploads/2026/07/091-080_AR_10345782-215x300.webp
https://minnano-toreka.com/wp-content/uploads/2026/07/073-068_CHR_10304930.webp,https://minnano-toreka.com/wp-content/uploads/2026/07/073-068_CHR_10304930-215x300.webp
https://minnano-toreka.com/wp-content/uploads/2026/07/152-086_AR_10333991.webp,https://minnano-toreka.com/wp-content/uploads/2026/07/152-086_AR_10333991-215x300.webp
https://minnano-toreka.com/wp-content/uploads/2026/07/119-101_SR_10276960.webp,https://minnano-toreka.com/wp-content/uploads/2026/07/119-101_SR_10276960-215x300.webp
https://minnano-toreka.com/wp-content/uploads/2026/07/139-086-SV11W_AR_10333922.webp,https://minnano-toreka.com/wp-content/uploads/2026/07/139-086-SV11W_AR_10333922-215x300.webp
https://minnano-toreka.com/wp-content/uploads/2026/07/208-184_CHR_10238957.webp,https://minnano-toreka.com/wp-content/uploads/2026/07/208-184_CHR_10238957-215x300.webp
https://minnano-toreka.com/wp-content/uploads/2026/07/086-080_AR_10345794.webp,https://minnano-toreka.com/wp-content/uploads/2026/07/086-080_AR_10345794-215x300.webp
https://minnano-toreka.com/wp-content/uploads/2026/07/202-184_CHR_10304929.webp,https://minnano-toreka.com/wp-content/uploads/2026/07/202-184_CHR_10304929-215x300.webp
https://minnano-toreka.com/wp-content/uploads/2026/07/084-073_AR_10308420.webp,https://minnano-toreka.com/wp-content/uploads/2026/07/084-073_AR_10308420-215x300.webp
https://minnano-toreka.com/wp-content/uploads/2026/07/092-080_AR_10345793.webp,https://minnano-toreka.com/wp-content/uploads/2026/07/092-080_AR_10345793-215x300.webp
https://minnano-toreka.com/wp-content/uploads/2026/07/127-086_AR_10334048.webp,https://minnano-toreka.com/wp-content/uploads/2026/07/127-086_AR_10334048-215x300.webp
https://minnano-toreka.com/wp-content/uploads/2026/07/082-071-SV2D_AR_10346847.webp,https://minnano-toreka.com/wp-content/uploads/2026/07/082-071-SV2D_AR_10346847-215x300.webp
https://minnano-toreka.com/wp-content/uploads/2026/07/093-086-SV11B_AR_10334042.webp,https://minnano-toreka.com/wp-content/uploads/2026/07/093-086-SV11B_AR_10334042-215x300.webp
https://minnano-toreka.com/wp-content/uploads/2026/07/081-080_AR_10345797.webp,https://minnano-toreka.com/wp-content/uploads/2026/07/081-080_AR_10345797-215x300.webp
https://minnano-toreka.com/wp-content/uploads/2026/07/134-086_AR_10334067.webp,https://minnano-toreka.com/wp-content/uploads/2026/07/134-086_AR_10334067-215x300.webp
https://minnano-toreka.com/wp-content/uploads/2026/07/145-086-SV11B_AR_10334062.webp,https://minnano-toreka.com/wp-content/uploads/2026/07/145-086-SV11B_AR_10334062-215x300.webp
https://minnano-toreka.com/wp-content/uploads/2026/07/084-080_AR_10345802.webp,https://minnano-toreka.com/wp-content/uploads/2026/07/084-080_AR_10345802-215x300.webp
https://minnano-toreka.com/wp-content/uploads/2026/07/203-184_CHR_10305690.webp,https://minnano-toreka.com/wp-content/uploads/2026/07/203-184_CHR_10305690-215x300.webp
https://minnano-toreka.com/wp-content/uploads/2026/07/192-184_CHR_10304934.webp,https://minnano-toreka.com/wp-content/uploads/2026/07/192-184_CHR_10304934-215x300.webp
https://minnano-toreka.com/wp-content/uploads/2026/07/099-080_SR_10345790.webp,https://minnano-toreka.com/wp-content/uploads/2026/07/099-080_SR_10345790-215x300.webp
https://minnano-toreka.com/wp-content/uploads/2026/07/097-080-M2_SR_10343953.webp,https://minnano-toreka.com/wp-content/uploads/2026/07/097-080-M2_SR_10343953-215x300.webp
https://minnano-toreka.com/wp-content/uploads/2026/07/107-098-SV10_AR_10332295.webp,https://minnano-toreka.com/wp-content/uploads/2026/07/107-098-SV10_AR_10332295-215x300.webp
https://minnano-toreka.com/wp-content/uploads/2026/07/144-086_AR_10334052.webp,https://minnano-toreka.com/wp-content/uploads/2026/07/144-086_AR_10334052-215x300.webp
https://minnano-toreka.com/wp-content/uploads/2026/07/016-101_RR_10276948.webp,https://minnano-toreka.com/wp-content/uploads/2026/07/016-101_RR_10276948-215x300.webp
https://minnano-toreka.com/wp-content/uploads/2026/07/093-187_RR_10316955.webp,https://minnano-toreka.com/wp-content/uploads/2026/07/093-187_RR_10316955-215x300.webp
https://minnano-toreka.com/wp-content/uploads/2026/07/112-100_SR_10332245.webp,https://minnano-toreka.com/wp-content/uploads/2026/07/112-100_SR_10332245-215x300.webp
https://minnano-toreka.com/wp-content/uploads/2026/07/053-173_RR_10329992.webp,https://minnano-toreka.com/wp-content/uploads/2026/07/053-173_RR_10329992-215x300.webp
https://minnano-toreka.com/wp-content/uploads/2026/07/079-067-S10P_SR_10332228.webp,https://minnano-toreka.com/wp-content/uploads/2026/07/079-067-S10P_SR_10332228-215x300.webp
https://minnano-toreka.com/wp-content/uploads/2026/07/108-100_AR_10317098.webp,https://minnano-toreka.com/wp-content/uploads/2026/07/108-100_AR_10317098-215x300.webp
https://minnano-toreka.com/wp-content/uploads/2026/07/067-063_AR_10336797.webp,https://minnano-toreka.com/wp-content/uploads/2026/07/067-063_AR_10336797-215x300.webp
https://minnano-toreka.com/wp-content/uploads/2026/07/081-071_SR_10239909.webp,https://minnano-toreka.com/wp-content/uploads/2026/07/081-071_SR_10239909-215x300.webp
https://minnano-toreka.com/wp-content/uploads/2026/07/072-070_SR_10343896.webp,https://minnano-toreka.com/wp-content/uploads/2026/07/072-070_SR_10343896-211x300.webp
https://minnano-toreka.com/wp-content/uploads/2026/07/164-086_SR_10333980.webp,https://minnano-toreka.com/wp-content/uploads/2026/07/164-086_SR_10333980-215x300.webp
https://minnano-toreka.com/wp-content/uploads/2026/07/082-064_SR_10316571.webp,https://minnano-toreka.com/wp-content/uploads/2026/07/082-064_SR_10316571-215x300.webp
https://minnano-toreka.com/wp-content/uploads/2026/07/270-184-S8b_SR_10332199.webp,https://minnano-toreka.com/wp-content/uploads/2026/07/270-184-S8b_SR_10332199-215x300.webp
https://minnano-toreka.com/wp-content/uploads/2026/07/085-071_SR_10332124.webp,https://minnano-toreka.com/wp-content/uploads/2026/07/085-071_SR_10332124-215x300.webp
https://minnano-toreka.com/wp-content/uploads/2026/07/087-069_SR_10332186.webp,https://minnano-toreka.com/wp-content/uploads/2026/07/087-069_SR_10332186-215x300.webp
https://minnano-toreka.com/wp-content/uploads/2026/07/130-108_SR_10331303.webp,https://minnano-toreka.com/wp-content/uploads/2026/07/130-108_SR_10331303-215x300.webp
https://minnano-toreka.com/wp-content/uploads/2026/07/082-070_SR_10332207.webp,https://minnano-toreka.com/wp-content/uploads/2026/07/082-070_SR_10332207-215x300.webp
https://minnano-toreka.com/wp-content/uploads/2026/07/118-102_SR_10316936.webp,https://minnano-toreka.com/wp-content/uploads/2026/07/118-102_SR_10316936-215x300.webp
https://minnano-toreka.com/wp-content/uploads/2026/07/088-070_HR_10332212.webp,https://minnano-toreka.com/wp-content/uploads/2026/07/088-070_HR_10332212-218x300.webp
https://minnano-toreka.com/wp-content/uploads/2026/07/097-078_SR_10239724.webp,https://minnano-toreka.com/wp-content/uploads/2026/07/097-078_SR_10239724-215x300.webp
https://minnano-toreka.com/wp-content/uploads/2026/07/091-071_SR_10331300.webp,https://minnano-toreka.com/wp-content/uploads/2026/07/091-071_SR_10331300-215x300.webp
https://minnano-toreka.com/wp-content/uploads/2026/07/067-066_AR_10260668.webp,https://minnano-toreka.com/wp-content/uploads/2026/07/067-066_AR_10260668-215x300.webp
https://minnano-toreka.com/wp-content/uploads/2026/07/112-098_SR_10332249.webp,https://minnano-toreka.com/wp-content/uploads/2026/07/112-098_SR_10332249-215x300.webp
https://minnano-toreka.com/wp-content/uploads/2026/07/080-070_SR_10332235.webp,https://minnano-toreka.com/wp-content/uploads/2026/07/080-070_SR_10332235-215x300.webp
https://minnano-toreka.com/wp-content/uploads/2026/07/076-070_CSR_10306576.webp,https://minnano-toreka.com/wp-content/uploads/2026/07/076-070_CSR_10306576-212x300.webp
https://minnano-toreka.com/wp-content/uploads/2026/07/199-165_SR_10331297.webp,https://minnano-toreka.com/wp-content/uploads/2026/07/199-165_SR_10331297-215x300.webp
https://minnano-toreka.com/wp-content/uploads/2026/07/069-063_AR_10329212.webp,https://minnano-toreka.com/wp-content/uploads/2026/07/069-063_AR_10329212-215x300.webp
https://minnano-toreka.com/wp-content/uploads/2026/07/078-063_SR_10329214.webp,https://minnano-toreka.com/wp-content/uploads/2026/07/078-063_SR_10329214-215x300.webp
https://minnano-toreka.com/wp-content/uploads/2026/07/083-063_SR_10329215.webp,https://minnano-toreka.com/wp-content/uploads/2026/07/083-063_SR_10329215-215x300.webp
https://minnano-toreka.com/wp-content/uploads/2026/07/078-064_SR_10316557.webp,https://minnano-toreka.com/wp-content/uploads/2026/07/078-064_SR_10316557-215x300.webp
https://minnano-toreka.com/wp-content/uploads/2026/07/123-100_HR_10332219.webp,https://minnano-toreka.com/wp-content/uploads/2026/07/123-100_HR_10332219-215x300.webp
https://minnano-toreka.com/wp-content/uploads/2026/07/088-071_HR_10332241.webp,https://minnano-toreka.com/wp-content/uploads/2026/07/088-071_HR_10332241-215x300.webp
https://minnano-toreka.com/wp-content/uploads/2026/07/091-068_HR_10332243.webp,https://minnano-toreka.com/wp-content/uploads/2026/07/091-068_HR_10332243-215x300.webp
https://minnano-toreka.com/wp-content/uploads/2026/07/083-068_SR_10332244.webp,https://minnano-toreka.com/wp-content/uploads/2026/07/083-068_SR_10332244-215x300.webp
https://minnano-toreka.com/wp-content/uploads/2026/07/082-071_SR_10331296.webp,https://minnano-toreka.com/wp-content/uploads/2026/07/082-071_SR_10331296-215x300.webp
https://minnano-toreka.com/wp-content/uploads/2026/07/081-063_SR_10329217.webp,https://minnano-toreka.com/wp-content/uploads/2026/07/081-063_SR_10329217-215x300.webp
https://minnano-toreka.com/wp-content/uploads/2026/07/241-184_CSR_10239329.webp,https://minnano-toreka.com/wp-content/uploads/2026/07/241-184_CSR_10239329-215x300.webp
https://minnano-toreka.com/wp-content/uploads/2026/07/083-067_HR_10332250.webp,https://minnano-toreka.com/wp-content/uploads/2026/07/083-067_HR_10332250-215x300.webp
https://minnano-toreka.com/wp-content/uploads/2026/07/085-066_SR_10331294.webp,https://minnano-toreka.com/wp-content/uploads/2026/07/085-066_SR_10331294-215x300.webp
https://minnano-toreka.com/wp-content/uploads/2026/07/085-066_SR_10331292.webp,https://minnano-toreka.com/wp-content/uploads/2026/07/085-066_SR_10331292-215x300.webp
https://minnano-toreka.com/wp-content/uploads/2026/07/057-052-sm8_SR_10332260.webp,https://minnano-toreka.com/wp-content/uploads/2026/07/057-052-sm8_SR_10332260-215x300.webp
https://minnano-toreka.com/wp-content/uploads/2026/07/131-108_SR_10240267.webp,https://minnano-toreka.com/wp-content/uploads/2026/07/131-108_SR_10240267-215x300.webp
https://minnano-toreka.com/wp-content/uploads/2026/07/245-172_SR_10240265.webp,https://minnano-toreka.com/wp-content/uploads/2026/07/245-172_SR_10240265-215x300.webp
https://minnano-toreka.com/wp-content/uploads/2026/07/105-098_AR_10332285.webp,https://minnano-toreka.com/wp-content/uploads/2026/07/105-098_AR_10332285-215x300.webp
https://minnano-toreka.com/wp-content/uploads/2026/07/115-098_SR_10332288.webp,https://minnano-toreka.com/wp-content/uploads/2026/07/115-098_SR_10332288-215x300.webp
https://minnano-toreka.com/wp-content/uploads/2026/07/084-070_SR_10332130.webp,https://minnano-toreka.com/wp-content/uploads/2026/07/084-070_SR_10332130-215x300.webp
https://minnano-toreka.com/wp-content/uploads/2026/07/080-064_SR_10316566.webp,https://minnano-toreka.com/wp-content/uploads/2026/07/080-064_SR_10316566-215x300.webp
https://minnano-toreka.com/wp-content/uploads/2026/07/418-414_none_10332184.webp,https://minnano-toreka.com/wp-content/uploads/2026/07/418-414_none_10332184-215x300.webp
https://minnano-toreka.com/wp-content/uploads/2026/07/113-098_SR_10332292.webp,https://minnano-toreka.com/wp-content/uploads/2026/07/113-098_SR_10332292-215x300.webp
https://minnano-toreka.com/wp-content/uploads/2026/07/123-100_HR_10332293.webp,https://minnano-toreka.com/wp-content/uploads/2026/07/123-100_HR_10332293-215x300.webp
https://minnano-toreka.com/wp-content/uploads/2026/07/078-067_SR_10332143.webp,https://minnano-toreka.com/wp-content/uploads/2026/07/078-067_SR_10332143-215x300.webp
https://minnano-toreka.com/wp-content/uploads/2026/07/115-100_SR_10332298.webp,https://minnano-toreka.com/wp-content/uploads/2026/07/115-100_SR_10332298-215x300.webp
https://minnano-toreka.com/wp-content/uploads/2026/07/079-064_SR_10316559.webp,https://minnano-toreka.com/wp-content/uploads/2026/07/079-064_SR_10316559-215x300.webp
https://minnano-toreka.com/wp-content/uploads/2026/07/260-184-S8b_SR_10332185.webp,https://minnano-toreka.com/wp-content/uploads/2026/07/260-184-S8b_SR_10332185-215x300.webp
https://minnano-toreka.com/wp-content/uploads/2026/07/082-071_AR_10244759.webp,https://minnano-toreka.com/wp-content/uploads/2026/07/082-071_AR_10244759-215x300.webp
https://minnano-toreka.com/wp-content/uploads/2026/07/075-071_AR_10244769.webp,https://minnano-toreka.com/wp-content/uploads/2026/07/075-071_AR_10244769-215x300.webp
https://minnano-toreka.com/wp-content/uploads/2026/07/199-187_SR_10317099.webp,https://minnano-toreka.com/wp-content/uploads/2026/07/199-187_SR_10317099-215x300.webp
https://minnano-toreka.com/wp-content/uploads/2026/07/086-064_SR_10316549.webp,https://minnano-toreka.com/wp-content/uploads/2026/07/086-064_SR_10316549-215x300.webp
https://minnano-toreka.com/wp-content/uploads/2026/07/115-100_SR_10240118.webp,https://minnano-toreka.com/wp-content/uploads/2026/07/115-100_SR_10240118-215x300.webp
https://minnano-toreka.com/wp-content/uploads/2026/07/228-S-P_P_10264200.webp,https://minnano-toreka.com/wp-content/uploads/2026/07/228-S-P_P_10264200-214x300.webp
https://minnano-toreka.com/wp-content/uploads/2026/07/124-101_SR_10276910.webp,https://minnano-toreka.com/wp-content/uploads/2026/07/124-101_SR_10276910-215x300.webp
https://minnano-toreka.com/wp-content/uploads/2026/07/045-066_RR_10276906.webp,https://minnano-toreka.com/wp-content/uploads/2026/07/045-066_RR_10276906-215x300.webp
https://minnano-toreka.com/wp-content/uploads/2026/07/027-150_RR_10329842.webp,https://minnano-toreka.com/wp-content/uploads/2026/07/027-150_RR_10329842-215x300.webp
https://minnano-toreka.com/wp-content/uploads/2026/07/011-066_RR_10330002.webp,https://minnano-toreka.com/wp-content/uploads/2026/07/011-066_RR_10330002-215x300.webp
https://minnano-toreka.com/wp-content/uploads/2026/07/132-108_SR_10331306.webp,https://minnano-toreka.com/wp-content/uploads/2026/07/132-108_SR_10331306-215x300.webp
https://minnano-toreka.com/wp-content/uploads/2026/07/213-184-S8b_CSR_10330265.webp,https://minnano-toreka.com/wp-content/uploads/2026/07/213-184-S8b_CSR_10330265-215x300.webp
https://minnano-toreka.com/wp-content/uploads/2026/07/079-070_SR_10332133.webp,https://minnano-toreka.com/wp-content/uploads/2026/07/079-070_SR_10332133-215x300.webp
https://minnano-toreka.com/wp-content/uploads/2026/07/094-073_SR_10331302.webp,https://minnano-toreka.com/wp-content/uploads/2026/07/094-073_SR_10331302-215x300.webp
https://minnano-toreka.com/wp-content/uploads/2026/07/094-071_HR_10332127.webp,https://minnano-toreka.com/wp-content/uploads/2026/07/094-071_HR_10332127-215x300.webp
https://minnano-toreka.com/wp-content/uploads/2026/07/083-070_SR_10332183.webp,https://minnano-toreka.com/wp-content/uploads/2026/07/083-070_SR_10332183-215x300.webp
https://minnano-toreka.com/wp-content/uploads/2026/07/137-086_AR_10333881.webp,https://minnano-toreka.com/wp-content/uploads/2026/07/137-086_AR_10333881-215x300.webp
https://minnano-toreka.com/wp-content/uploads/2026/07/071-066_AR_10240119.webp,https://minnano-toreka.com/wp-content/uploads/2026/07/071-066_AR_10240119-215x300.webp
https://minnano-toreka.com/wp-content/uploads/2026/07/078-066_AR_10240116.webp,https://minnano-toreka.com/wp-content/uploads/2026/07/078-066_AR_10240116-215x300.webp
https://minnano-toreka.com/wp-content/uploads/2026/07/70-114_RR_10329980.webp,https://minnano-toreka.com/wp-content/uploads/2026/07/70-114_RR_10329980-215x300.webp
https://minnano-toreka.com/wp-content/uploads/2026/07/125-086-SV11W_AR_10333883.webp,https://minnano-toreka.com/wp-content/uploads/2026/07/125-086-SV11W_AR_10333883-215x300.webp
https://minnano-toreka.com/wp-content/uploads/2026/07/123-086_AR_10333884.webp,https://minnano-toreka.com/wp-content/uploads/2026/07/123-086_AR_10333884-215x300.webp
https://minnano-toreka.com/wp-content/uploads/2026/07/083-071_SR_10332237.webp,https://minnano-toreka.com/wp-content/uploads/2026/07/083-071_SR_10332237-215x300.webp
https://minnano-toreka.com/wp-content/uploads/2026/07/112-086-SV11W_AR_10333896.webp,https://minnano-toreka.com/wp-content/uploads/2026/07/112-086-SV11W_AR_10333896-215x300.webp
https://minnano-toreka.com/wp-content/uploads/2026/07/093-086-SV11W_AR_10333890.webp,https://minnano-toreka.com/wp-content/uploads/2026/07/093-086-SV11W_AR_10333890-215x300.webp
https://minnano-toreka.com/wp-content/uploads/2026/07/111-098-SV10_SR_10332273.webp,https://minnano-toreka.com/wp-content/uploads/2026/07/111-098-SV10_SR_10332273-215x300.webp
https://minnano-toreka.com/wp-content/uploads/2026/07/076-063_SR_10329315.webp,https://minnano-toreka.com/wp-content/uploads/2026/07/076-063_SR_10329315-215x300.webp
https://minnano-toreka.com/wp-content/uploads/2026/07/144-086_AR_10333916.webp,https://minnano-toreka.com/wp-content/uploads/2026/07/144-086_AR_10333916-215x300.webp
https://minnano-toreka.com/wp-content/uploads/2026/07/074-064_AR_10316506.webp,https://minnano-toreka.com/wp-content/uploads/2026/07/074-064_AR_10316506-215x300.webp
https://minnano-toreka.com/wp-content/uploads/2026/07/074-071_AR_10240252.webp,https://minnano-toreka.com/wp-content/uploads/2026/07/074-071_AR_10240252-215x300.webp
https://minnano-toreka.com/wp-content/uploads/2026/07/076-071-S10b_SR_10346291.webp,https://minnano-toreka.com/wp-content/uploads/2026/07/076-071-S10b_SR_10346291-215x300.webp
https://minnano-toreka.com/wp-content/uploads/2026/07/098-078_SR_10331304.webp,https://minnano-toreka.com/wp-content/uploads/2026/07/098-078_SR_10331304-215x300.webp
https://minnano-toreka.com/wp-content/uploads/2026/07/077-067_SR_10239906.webp,https://minnano-toreka.com/wp-content/uploads/2026/07/077-067_SR_10239906-215x300.webp
https://minnano-toreka.com/wp-content/uploads/2026/07/071-066_AR_10306788.webp,https://minnano-toreka.com/wp-content/uploads/2026/07/071-066_AR_10306788-215x300.webp
https://minnano-toreka.com/wp-content/uploads/2026/07/116-086_AR_10333913.webp,https://minnano-toreka.com/wp-content/uploads/2026/07/116-086_AR_10333913-215x300.webp
https://minnano-toreka.com/wp-content/uploads/2026/07/114-106_AR_10306835.webp,https://minnano-toreka.com/wp-content/uploads/2026/07/114-106_AR_10306835-215x300.webp
https://minnano-toreka.com/wp-content/uploads/2026/07/076-071_AR_10316310.webp,https://minnano-toreka.com/wp-content/uploads/2026/07/076-071_AR_10316310-215x300.webp
https://minnano-toreka.com/wp-content/uploads/2026/07/076-064_AR_10308610.webp,https://minnano-toreka.com/wp-content/uploads/2026/07/076-064_AR_10308610-215x300.webp
https://minnano-toreka.com/wp-content/uploads/2026/07/085-064_SR_10315585.webp,https://minnano-toreka.com/wp-content/uploads/2026/07/085-064_SR_10315585-215x300.webp
https://minnano-toreka.com/wp-content/uploads/2026/07/063-062_AR_10308687.webp,https://minnano-toreka.com/wp-content/uploads/2026/07/063-062_AR_10308687-215x300.webp
https://minnano-toreka.com/wp-content/uploads/2026/07/125-106_SR_10315554.webp,https://minnano-toreka.com/wp-content/uploads/2026/07/125-106_SR_10315554-215x300.webp
https://minnano-toreka.com/wp-content/uploads/2026/07/118-102_SR_10316933.webp,https://minnano-toreka.com/wp-content/uploads/2026/07/118-102_SR_10316933-215x300.webp
https://minnano-toreka.com/wp-content/uploads/2026/07/193-187_SR_10317178.webp,https://minnano-toreka.com/wp-content/uploads/2026/07/193-187_SR_10317178-215x300.webp
https://minnano-toreka.com/wp-content/uploads/2026/07/081-070_SR_10332217.webp,https://minnano-toreka.com/wp-content/uploads/2026/07/081-070_SR_10332217-215x300.webp
https://minnano-toreka.com/wp-content/uploads/2026/07/273-184-S8b_SR_10332208.webp,https://minnano-toreka.com/wp-content/uploads/2026/07/273-184-S8b_SR_10332208-215x300.webp
https://minnano-toreka.com/wp-content/uploads/2026/07/025-070_RR_10329847.webp,https://minnano-toreka.com/wp-content/uploads/2026/07/025-070_RR_10329847-215x300.webp
https://minnano-toreka.com/wp-content/uploads/2026/07/079-063_SR_10329311.webp,https://minnano-toreka.com/wp-content/uploads/2026/07/079-063_SR_10329311-215x300.webp
https://minnano-toreka.com/wp-content/uploads/2026/07/194-187_SR_10316861.webp,https://minnano-toreka.com/wp-content/uploads/2026/07/194-187_SR_10316861-215x300.webp
https://minnano-toreka.com/wp-content/uploads/2026/07/128-106_SR_10315571.webp,https://minnano-toreka.com/wp-content/uploads/2026/07/128-106_SR_10315571-215x300.webp
https://minnano-toreka.com/wp-content/uploads/2026/07/119-100_SR_10317172.webp,https://minnano-toreka.com/wp-content/uploads/2026/07/119-100_SR_10317172-215x300.webp
https://minnano-toreka.com/wp-content/uploads/2026/07/119-102_SR_10317073.webp,https://minnano-toreka.com/wp-content/uploads/2026/07/119-102_SR_10317073-215x300.webp
https://minnano-toreka.com/wp-content/uploads/2026/07/108-102_AR_10317078.webp,https://minnano-toreka.com/wp-content/uploads/2026/07/108-102_AR_10317078-215x300.webp
https://minnano-toreka.com/wp-content/uploads/2026/07/189-187_SR_10317166.webp,https://minnano-toreka.com/wp-content/uploads/2026/07/189-187_SR_10317166-215x300.webp
https://minnano-toreka.com/wp-content/uploads/2026/07/126-106_SR_10315561.webp,https://minnano-toreka.com/wp-content/uploads/2026/07/126-106_SR_10315561-215x300.webp
https://minnano-toreka.com/wp-content/uploads/2026/07/084-064_SR_10315574.webp,https://minnano-toreka.com/wp-content/uploads/2026/07/084-064_SR_10315574-215x300.webp
https://minnano-toreka.com/wp-content/uploads/2026/07/192-187_SR_10317167.webp,https://minnano-toreka.com/wp-content/uploads/2026/07/192-187_SR_10317167-215x300.webp
https://minnano-toreka.com/wp-content/uploads/2026/07/101-086-SV11W_AR_10333950.webp,https://minnano-toreka.com/wp-content/uploads/2026/07/101-086-SV11W_AR_10333950-215x300.webp
https://minnano-toreka.com/wp-content/uploads/2026/07/123-106_SR_10315913.webp,https://minnano-toreka.com/wp-content/uploads/2026/07/123-106_SR_10315913-215x300.webp
https://minnano-toreka.com/wp-content/uploads/2026/07/149-086_AR_10333951.webp,https://minnano-toreka.com/wp-content/uploads/2026/07/149-086_AR_10333951-215x300.webp
https://minnano-toreka.com/wp-content/uploads/2026/07/126-086_AR_10333994.webp,https://minnano-toreka.com/wp-content/uploads/2026/07/126-086_AR_10333994-215x300.webp
https://minnano-toreka.com/wp-content/uploads/2026/07/122-086-SV11B_AR_10334046.webp,https://minnano-toreka.com/wp-content/uploads/2026/07/122-086-SV11B_AR_10334046-215x300.webp
https://minnano-toreka.com/wp-content/uploads/2026/07/156-086_AR_10334040.webp,https://minnano-toreka.com/wp-content/uploads/2026/07/156-086_AR_10334040-215x300.webp
https://minnano-toreka.com/wp-content/uploads/2026/07/112-086-SV11B_AR_10334032.webp,https://minnano-toreka.com/wp-content/uploads/2026/07/112-086-SV11B_AR_10334032-215x300.webp
https://minnano-toreka.com/wp-content/uploads/2026/07/141-086_AR_10333953.webp,https://minnano-toreka.com/wp-content/uploads/2026/07/141-086_AR_10333953-215x300.webp
https://minnano-toreka.com/wp-content/uploads/2026/07/166-086-SV11B_SR_10334030.webp,https://minnano-toreka.com/wp-content/uploads/2026/07/166-086-SV11B_SR_10334030-215x300.webp
https://minnano-toreka.com/wp-content/uploads/2026/07/188-172_AR_10308126.webp,https://minnano-toreka.com/wp-content/uploads/2026/07/188-172_AR_10308126-215x300.webp
https://minnano-toreka.com/wp-content/uploads/2026/07/126-187_RR_10317160.webp,https://minnano-toreka.com/wp-content/uploads/2026/07/126-187_RR_10317160-215x300.webp
https://minnano-toreka.com/wp-content/uploads/2026/07/094-086_AR_10333954.webp,https://minnano-toreka.com/wp-content/uploads/2026/07/094-086_AR_10333954-215x300.webp
https://minnano-toreka.com/wp-content/uploads/2026/07/148-086_AR_10334019.webp,https://minnano-toreka.com/wp-content/uploads/2026/07/148-086_AR_10334019-215x300.webp
https://minnano-toreka.com/wp-content/uploads/2026/07/115-086-SV11B_AR_10334021.webp,https://minnano-toreka.com/wp-content/uploads/2026/07/115-086-SV11B_AR_10334021-215x300.webp
https://minnano-toreka.com/wp-content/uploads/2026/07/147-086_AR_10334014.webp,https://minnano-toreka.com/wp-content/uploads/2026/07/147-086_AR_10334014-215x300.webp
https://minnano-toreka.com/wp-content/uploads/2026/07/138-086_AR_10334012.webp,https://minnano-toreka.com/wp-content/uploads/2026/07/138-086_AR_10334012-215x300.webp
https://minnano-toreka.com/wp-content/uploads/2026/07/129-086_AR_10334039.webp,https://minnano-toreka.com/wp-content/uploads/2026/07/129-086_AR_10334039-215x300.webp
https://minnano-toreka.com/wp-content/uploads/2026/07/139-086-SV11B_AR_10334051.webp,https://minnano-toreka.com/wp-content/uploads/2026/07/139-086-SV11B_AR_10334051-215x300.webp
https://minnano-toreka.com/wp-content/uploads/2026/07/130-086_AR_10333970.webp,https://minnano-toreka.com/wp-content/uploads/2026/07/130-086_AR_10333970-215x300.webp
https://minnano-toreka.com/wp-content/uploads/2026/07/146-086_AR_10334002.webp,https://minnano-toreka.com/wp-content/uploads/2026/07/146-086_AR_10334002-215x300.webp
https://minnano-toreka.com/wp-content/uploads/2026/07/090-086_AR_10333978.webp,https://minnano-toreka.com/wp-content/uploads/2026/07/090-086_AR_10333978-215x300.webp
https://minnano-toreka.com/wp-content/uploads/2026/07/117-086-SV11W_AR_10333977.webp,https://minnano-toreka.com/wp-content/uploads/2026/07/117-086-SV11W_AR_10333977-215x300.webp
https://minnano-toreka.com/wp-content/uploads/2026/07/131-086_AR_10334066.webp,https://minnano-toreka.com/wp-content/uploads/2026/07/131-086_AR_10334066-215x300.webp
https://minnano-toreka.com/wp-content/uploads/2026/07/080-066_SR_10239908.webp,https://minnano-toreka.com/wp-content/uploads/2026/07/080-066_SR_10239908-215x300.webp
https://minnano-toreka.com/wp-content/uploads/2026/07/117-101_SR_10276964.webp,https://minnano-toreka.com/wp-content/uploads/2026/07/117-101_SR_10276964-215x300.webp
https://minnano-toreka.com/wp-content/uploads/2026/07/118-101_SR_10276937.webp,https://minnano-toreka.com/wp-content/uploads/2026/07/118-101_SR_10276937-215x300.webp
https://minnano-toreka.com/wp-content/uploads/2026/07/084-066_SR_10260684.webp,https://minnano-toreka.com/wp-content/uploads/2026/07/084-066_SR_10260684-215x300.webp
https://minnano-toreka.com/wp-content/uploads/2026/07/077-068_SR_10239776.webp,https://minnano-toreka.com/wp-content/uploads/2026/07/077-068_SR_10239776-215x300.webp
https://minnano-toreka.com/wp-content/uploads/2026/07/010-035_none_10276904.webp,https://minnano-toreka.com/wp-content/uploads/2026/07/010-035_none_10276904-215x300.webp
https://minnano-toreka.com/wp-content/uploads/2026/07/084-071_SR_10244735.webp,https://minnano-toreka.com/wp-content/uploads/2026/07/084-071_SR_10244735-215x300.webp
https://minnano-toreka.com/wp-content/uploads/2026/07/059-066_ACE_10260670.webp,https://minnano-toreka.com/wp-content/uploads/2026/07/059-066_ACE_10260670-215x300.webp
https://minnano-toreka.com/wp-content/uploads/2026/07/085-071_SR_10244753.webp,https://minnano-toreka.com/wp-content/uploads/2026/07/085-071_SR_10244753-215x300.webp
https://minnano-toreka.com/wp-content/uploads/2026/07/116-101_SR_10276953.webp,https://minnano-toreka.com/wp-content/uploads/2026/07/116-101_SR_10276953-215x300.webp
https://minnano-toreka.com/wp-content/uploads/2026/07/083-066_SR_10239903.webp,https://minnano-toreka.com/wp-content/uploads/2026/07/083-066_SR_10239903-215x300.webp
https://minnano-toreka.com/wp-content/uploads/2026/07/114-100_SR_10317143.webp,https://minnano-toreka.com/wp-content/uploads/2026/07/114-100_SR_10317143-215x300.webp
https://minnano-toreka.com/wp-content/uploads/2026/07/343-190_SR_10241042.webp,https://minnano-toreka.com/wp-content/uploads/2026/07/343-190_SR_10241042-215x300.webp
https://minnano-toreka.com/wp-content/uploads/2026/07/073-067_CHR_10304928.webp,https://minnano-toreka.com/wp-content/uploads/2026/07/073-067_CHR_10304928-215x300.webp
https://minnano-toreka.com/wp-content/uploads/2026/07/082-063_SR_10336791.webp,https://minnano-toreka.com/wp-content/uploads/2026/07/082-063_SR_10336791-215x300.webp
https://minnano-toreka.com/wp-content/uploads/2026/07/105-080-M2_SR_10343949.webp,https://minnano-toreka.com/wp-content/uploads/2026/07/105-080-M2_SR_10343949-215x300.webp
https://minnano-toreka.com/wp-content/uploads/2026/07/093-070-S6H_UR_10344181.webp,https://minnano-toreka.com/wp-content/uploads/2026/07/093-070-S6H_UR_10344181-212x300.webp
https://minnano-toreka.com/wp-content/uploads/2026/07/076-070-S2a_SR_10343947.webp,https://minnano-toreka.com/wp-content/uploads/2026/07/076-070-S2a_SR_10343947-214x300.webp
https://minnano-toreka.com/wp-content/uploads/2026/07/059-049_CHR_10304923.webp,https://minnano-toreka.com/wp-content/uploads/2026/07/059-049_CHR_10304923-215x300.webp
https://minnano-toreka.com/wp-content/uploads/2026/07/068-062_AR_10306787.webp,https://minnano-toreka.com/wp-content/uploads/2026/07/068-062_AR_10306787-215x300.webp
https://minnano-toreka.com/wp-content/uploads/2026/07/070-068_CHR_10304931.webp,https://minnano-toreka.com/wp-content/uploads/2026/07/070-068_CHR_10304931-215x300.webp
https://minnano-toreka.com/wp-content/uploads/2026/07/096-080-M2_SR_10343958.webp,https://minnano-toreka.com/wp-content/uploads/2026/07/096-080-M2_SR_10343958-215x300.webp
https://minnano-toreka.com/wp-content/uploads/2026/07/069-067_CHR_10239455.webp,https://minnano-toreka.com/wp-content/uploads/2026/07/069-067_CHR_10239455-215x300.webp
https://minnano-toreka.com/wp-content/uploads/2026/07/099-098-S12_SR_10343963.webp,https://minnano-toreka.com/wp-content/uploads/2026/07/099-098-S12_SR_10343963-215x300.webp
https://minnano-toreka.com/wp-content/uploads/2026/07/150-086-SV11W_AR_10333956.webp,https://minnano-toreka.com/wp-content/uploads/2026/07/150-086-SV11W_AR_10333956-215x300.webp
https://minnano-toreka.com/wp-content/uploads/2026/07/346-190_SR_10239597.webp,https://minnano-toreka.com/wp-content/uploads/2026/07/346-190_SR_10239597-215x300.webp
https://minnano-toreka.com/wp-content/uploads/2026/07/016-025_none_10341056.webp,https://minnano-toreka.com/wp-content/uploads/2026/07/016-025_none_10341056-300x300.webp
https://minnano-toreka.com/wp-content/uploads/2026/07/123-086_AR_10333918.webp,https://minnano-toreka.com/wp-content/uploads/2026/07/123-086_AR_10333918-215x300.webp
https://minnano-toreka.com/wp-content/uploads/2026/07/108-086_AR_10334061.webp,https://minnano-toreka.com/wp-content/uploads/2026/07/108-086_AR_10334061-215x300.webp
https://minnano-toreka.com/wp-content/uploads/2026/07/004-025_none_10341055.webp,https://minnano-toreka.com/wp-content/uploads/2026/07/004-025_none_10341055-215x300.webp
https://minnano-toreka.com/wp-content/uploads/2026/07/080-066_SR_10260691.webp,https://minnano-toreka.com/wp-content/uploads/2026/07/080-066_SR_10260691-215x300.webp
https://minnano-toreka.com/wp-content/uploads/2026/07/088-067-S10P_UR_10344209.webp,https://minnano-toreka.com/wp-content/uploads/2026/07/088-067-S10P_UR_10344209-211x300.webp
https://minnano-toreka.com/wp-content/uploads/2026/07/092-067_UR_10344198.webp,https://minnano-toreka.com/wp-content/uploads/2026/07/092-067_UR_10344198-211x300.webp
https://minnano-toreka.com/wp-content/uploads/2026/07/124-108_SR_10343955.webp,https://minnano-toreka.com/wp-content/uploads/2026/07/124-108_SR_10343955-215x300.webp
https://minnano-toreka.com/wp-content/uploads/2026/07/136-086_AR_10334036.webp,https://minnano-toreka.com/wp-content/uploads/2026/07/136-086_AR_10334036-215x300.webp
https://minnano-toreka.com/wp-content/uploads/2026/07/116-095_UR_10347224.webp,https://minnano-toreka.com/wp-content/uploads/2026/07/116-095_UR_10347224-215x300.webp
https://minnano-toreka.com/wp-content/uploads/2026/07/345-190_SR_10240078.webp,https://minnano-toreka.com/wp-content/uploads/2026/07/345-190_SR_10240078-215x300.webp
https://minnano-toreka.com/wp-content/uploads/2026/07/077-063_SR_10336817.webp,https://minnano-toreka.com/wp-content/uploads/2026/07/077-063_SR_10336817-215x300.webp
https://minnano-toreka.com/wp-content/uploads/2026/07/093-080_SR_10345787.webp,https://minnano-toreka.com/wp-content/uploads/2026/07/093-080_SR_10345787-215x300.webp
https://minnano-toreka.com/wp-content/uploads/2026/07/099-086-SV11B_AR_10334004.webp,https://minnano-toreka.com/wp-content/uploads/2026/07/099-086-SV11B_AR_10334004-215x300.webp
https://minnano-toreka.com/wp-content/uploads/2026/07/094-070_UR_10305315.webp,https://minnano-toreka.com/wp-content/uploads/2026/07/094-070_UR_10305315-213x300.webp
https://minnano-toreka.com/wp-content/uploads/2026/07/220-193-M2a_SR_10347062.webp,https://minnano-toreka.com/wp-content/uploads/2026/07/220-193-M2a_SR_10347062-215x300.webp
https://minnano-toreka.com/wp-content/uploads/2026/07/083-063-M1L_SR_10345894.webp,https://minnano-toreka.com/wp-content/uploads/2026/07/083-063-M1L_SR_10345894-215x300.webp
https://minnano-toreka.com/wp-content/uploads/2026/07/013-080_RR_10345783.webp,https://minnano-toreka.com/wp-content/uploads/2026/07/013-080_RR_10345783-215x300.webp
https://minnano-toreka.com/wp-content/uploads/2026/07/095-086_AR_10333957.webp,https://minnano-toreka.com/wp-content/uploads/2026/07/095-086_AR_10333957-215x300.webp
https://minnano-toreka.com/wp-content/uploads/2026/07/103-098_AR_10332302.webp,https://minnano-toreka.com/wp-content/uploads/2026/07/103-098_AR_10332302-215x300.webp
https://minnano-toreka.com/wp-content/uploads/2026/07/095-086_AR_10334027.webp,https://minnano-toreka.com/wp-content/uploads/2026/07/095-086_AR_10334027-215x300.webp
https://minnano-toreka.com/wp-content/uploads/2026/07/093-067_UR_10344199.webp,https://minnano-toreka.com/wp-content/uploads/2026/07/093-067_UR_10344199-209x300.webp
https://minnano-toreka.com/wp-content/uploads/2026/07/080-063_SR_10336820.webp,https://minnano-toreka.com/wp-content/uploads/2026/07/080-063_SR_10336820-215x300.webp
https://minnano-toreka.com/wp-content/uploads/2026/07/107-080-M2_SR_10343951.webp,https://minnano-toreka.com/wp-content/uploads/2026/07/107-080-M2_SR_10343951-215x300.webp
https://minnano-toreka.com/wp-content/uploads/2026/07/088-086-SV11W_AR_10333960.webp,https://minnano-toreka.com/wp-content/uploads/2026/07/088-086-SV11W_AR_10333960-215x300.webp
https://minnano-toreka.com/wp-content/uploads/2026/07/013-025_none_10341066.webp,https://minnano-toreka.com/wp-content/uploads/2026/07/013-025_none_10341066-300x300.webp
https://minnano-toreka.com/wp-content/uploads/2026/07/130-086_AR_10333925.webp,https://minnano-toreka.com/wp-content/uploads/2026/07/130-086_AR_10333925-215x300.webp
https://minnano-toreka.com/wp-content/uploads/2026/07/081-063-M1S_SR_10345896.webp,https://minnano-toreka.com/wp-content/uploads/2026/07/081-063-M1S_SR_10345896-215x300.webp
https://minnano-toreka.com/wp-content/uploads/2026/07/098-080_SR_10345809.webp,https://minnano-toreka.com/wp-content/uploads/2026/07/098-080_SR_10345809-215x300.webp
https://minnano-toreka.com/wp-content/uploads/2026/07/114-094_UR_10344201.webp,https://minnano-toreka.com/wp-content/uploads/2026/07/114-094_UR_10344201-216x300.webp
https://minnano-toreka.com/wp-content/uploads/2026/07/082-063_SR_10336808.webp,https://minnano-toreka.com/wp-content/uploads/2026/07/082-063_SR_10336808-215x300.webp
https://minnano-toreka.com/wp-content/uploads/2026/07/033-087_C_10346298.webp,https://minnano-toreka.com/wp-content/uploads/2026/07/033-087_C_10346298-214x300.webp
https://minnano-toreka.com/wp-content/uploads/2026/07/076-063_SR_10336806.webp,https://minnano-toreka.com/wp-content/uploads/2026/07/076-063_SR_10336806-215x300.webp
https://minnano-toreka.com/wp-content/uploads/2026/07/077-063_SR_10336804.webp,https://minnano-toreka.com/wp-content/uploads/2026/07/077-063_SR_10336804-215x300.webp
https://minnano-toreka.com/wp-content/uploads/2026/07/121-086-SV11W_AR_10333993.webp,https://minnano-toreka.com/wp-content/uploads/2026/07/121-086-SV11W_AR_10333993-215x300.webp
https://minnano-toreka.com/wp-content/uploads/2026/07/086-066_SR_10263682.webp,https://minnano-toreka.com/wp-content/uploads/2026/07/086-066_SR_10263682-215x300.webp
https://minnano-toreka.com/wp-content/uploads/2026/07/091-070_UR_10346965.webp,https://minnano-toreka.com/wp-content/uploads/2026/07/091-070_UR_10346965-213x300.webp
https://minnano-toreka.com/wp-content/uploads/2026/07/090-086_AR_10334009.webp,https://minnano-toreka.com/wp-content/uploads/2026/07/090-086_AR_10334009-215x300.webp
https://minnano-toreka.com/wp-content/uploads/2026/07/259-184_SR_10240263.webp,https://minnano-toreka.com/wp-content/uploads/2026/07/259-184_SR_10240263-215x300.webp
https://minnano-toreka.com/wp-content/uploads/2026/07/211-184_CHR_10304935.webp,https://minnano-toreka.com/wp-content/uploads/2026/07/211-184_CHR_10304935-215x300.webp
https://minnano-toreka.com/wp-content/uploads/2026/07/068-063_AR_10336803.webp,https://minnano-toreka.com/wp-content/uploads/2026/07/068-063_AR_10336803-215x300.webp
https://minnano-toreka.com/wp-content/uploads/2026/07/101-098_AR_10332300.webp,https://minnano-toreka.com/wp-content/uploads/2026/07/101-098_AR_10332300-215x300.webp
https://minnano-toreka.com/wp-content/uploads/2026/07/192-190_SR_10343966.webp,https://minnano-toreka.com/wp-content/uploads/2026/07/192-190_SR_10343966-215x300.webp
https://minnano-toreka.com/wp-content/uploads/2026/07/084-066_SR_10239734.webp,https://minnano-toreka.com/wp-content/uploads/2026/07/084-066_SR_10239734-215x300.webp
https://minnano-toreka.com/wp-content/uploads/2026/07/081-070_SR_10332221.webp,https://minnano-toreka.com/wp-content/uploads/2026/07/081-070_SR_10332221-215x300.webp
https://minnano-toreka.com/wp-content/uploads/2026/07/125-102_SR_10316864.webp,https://minnano-toreka.com/wp-content/uploads/2026/07/125-102_SR_10316864-215x300.webp
https://minnano-toreka.com/wp-content/uploads/2026/07/157-086_AR_10333962.webp,https://minnano-toreka.com/wp-content/uploads/2026/07/157-086_AR_10333962-215x300.webp
https://minnano-toreka.com/wp-content/uploads/2026/07/068-066_AR_10240022.webp,https://minnano-toreka.com/wp-content/uploads/2026/07/068-066_AR_10240022-215x300.webp
https://minnano-toreka.com/wp-content/uploads/2026/07/062-054_SR_10332200.webp,https://minnano-toreka.com/wp-content/uploads/2026/07/062-054_SR_10332200-215x300.webp
https://minnano-toreka.com/wp-content/uploads/2026/07/152-S-P_P_10329573.webp,https://minnano-toreka.com/wp-content/uploads/2026/07/152-S-P_P_10329573-215x300.webp
https://minnano-toreka.com/wp-content/uploads/2026/07/none_HR_10307852.webp,https://minnano-toreka.com/wp-content/uploads/2026/07/none_HR_10307852-215x300.webp
https://minnano-toreka.com/wp-content/uploads/2026/07/118-100_SR_10317137.webp,https://minnano-toreka.com/wp-content/uploads/2026/07/118-100_SR_10317137-215x300.webp
https://minnano-toreka.com/wp-content/uploads/2026/07/067-064_AR_10307877.webp,https://minnano-toreka.com/wp-content/uploads/2026/07/067-064_AR_10307877-215x300.webp
https://minnano-toreka.com/wp-content/uploads/2026/07/114-100-S8_SR_10332190.webp,https://minnano-toreka.com/wp-content/uploads/2026/07/114-100-S8_SR_10332190-215x300.webp
https://minnano-toreka.com/wp-content/uploads/2026/07/079-064_SR_10315581.webp,https://minnano-toreka.com/wp-content/uploads/2026/07/079-064_SR_10315581-215x300.webp
https://minnano-toreka.com/wp-content/uploads/2026/07/123-100_SR_10317157.webp,https://minnano-toreka.com/wp-content/uploads/2026/07/123-100_SR_10317157-215x300.webp
https://minnano-toreka.com/wp-content/uploads/2026/07/091-070_HR_10332179.webp,https://minnano-toreka.com/wp-content/uploads/2026/07/091-070_HR_10332179-213x300.webp
https://minnano-toreka.com/wp-content/uploads/2026/07/087-070_HR_10332231.webp,https://minnano-toreka.com/wp-content/uploads/2026/07/087-070_HR_10332231-217x300.webp
https://minnano-toreka.com/wp-content/uploads/2026/07/090-071_HR_10332233.webp,https://minnano-toreka.com/wp-content/uploads/2026/07/090-071_HR_10332233-215x300.webp
https://minnano-toreka.com/wp-content/uploads/2026/07/142-086_AR_10333924.webp,https://minnano-toreka.com/wp-content/uploads/2026/07/142-086_AR_10333924-215x300.webp
https://minnano-toreka.com/wp-content/uploads/2026/07/092-070_HR_10332128.webp,https://minnano-toreka.com/wp-content/uploads/2026/07/092-070_HR_10332128-213x300.webp
https://minnano-toreka.com/wp-content/uploads/2026/07/090-067_HR_10332115.webp,https://minnano-toreka.com/wp-content/uploads/2026/07/090-067_HR_10332115-215x300.webp
https://minnano-toreka.com/wp-content/uploads/2026/07/083-071_AR_10241027.webp,https://minnano-toreka.com/wp-content/uploads/2026/07/083-071_AR_10241027-215x300.webp
https://minnano-toreka.com/wp-content/uploads/2026/07/none_UR_10305344.webp,https://minnano-toreka.com/wp-content/uploads/2026/07/none_UR_10305344-213x300.webp
https://minnano-toreka.com/wp-content/uploads/2026/07/086-070_HR_10332137.webp,https://minnano-toreka.com/wp-content/uploads/2026/07/086-070_HR_10332137-213x300.webp
https://minnano-toreka.com/wp-content/uploads/2026/07/248-184-S8b_CSR_10330267.webp,https://minnano-toreka.com/wp-content/uploads/2026/07/248-184-S8b_CSR_10330267-215x300.webp
https://minnano-toreka.com/wp-content/uploads/2026/07/220-184-S8b_CSR_10316347.webp,https://minnano-toreka.com/wp-content/uploads/2026/07/220-184-S8b_CSR_10316347-213x300.webp
https://minnano-toreka.com/wp-content/uploads/2026/07/114-102_AR_10308287.webp,https://minnano-toreka.com/wp-content/uploads/2026/07/114-102_AR_10308287-215x300.webp
https://minnano-toreka.com/wp-content/uploads/2026/07/087-071_HR_10332139.webp,https://minnano-toreka.com/wp-content/uploads/2026/07/087-071_HR_10332139-215x300.webp
https://minnano-toreka.com/wp-content/uploads/2026/07/077-064_SR_10316546.webp,https://minnano-toreka.com/wp-content/uploads/2026/07/077-064_SR_10316546-215x300.webp
https://minnano-toreka.com/wp-content/uploads/2026/07/091-071_SR_10241036.webp,https://minnano-toreka.com/wp-content/uploads/2026/07/091-071_SR_10241036-215x300.webp
https://minnano-toreka.com/wp-content/uploads/2026/07/064-071_ACE_10244776.webp,https://minnano-toreka.com/wp-content/uploads/2026/07/064-071_ACE_10244776-215x300.webp
https://minnano-toreka.com/wp-content/uploads/2026/07/090-071_SR_10244754.webp,https://minnano-toreka.com/wp-content/uploads/2026/07/090-071_SR_10244754-215x300.webp
https://minnano-toreka.com/wp-content/uploads/2026/07/079-071_AR_10244755.webp,https://minnano-toreka.com/wp-content/uploads/2026/07/079-071_AR_10244755-215x300.webp
https://minnano-toreka.com/wp-content/uploads/2026/07/085-067_HR_10332144.webp,https://minnano-toreka.com/wp-content/uploads/2026/07/085-067_HR_10332144-212x300.webp
https://minnano-toreka.com/wp-content/uploads/2026/07/099-098_AR_10332297.webp,https://minnano-toreka.com/wp-content/uploads/2026/07/099-098_AR_10332297-215x300.webp
https://minnano-toreka.com/wp-content/uploads/2026/07/116-100_SR_10332290.webp,https://minnano-toreka.com/wp-content/uploads/2026/07/116-100_SR_10332290-215x300.webp
https://minnano-toreka.com/wp-content/uploads/2026/07/110-098_AR_10332289.webp,https://minnano-toreka.com/wp-content/uploads/2026/07/110-098_AR_10332289-215x300.webp
https://minnano-toreka.com/wp-content/uploads/2026/07/084-067_HR_10332272.webp,https://minnano-toreka.com/wp-content/uploads/2026/07/084-067_HR_10332272-215x300.webp
https://minnano-toreka.com/wp-content/uploads/2026/07/082-067_SR_10332180.webp,https://minnano-toreka.com/wp-content/uploads/2026/07/082-067_SR_10332180-215x300.webp
https://minnano-toreka.com/wp-content/uploads/2026/07/068-054_UR_10240308.webp,https://minnano-toreka.com/wp-content/uploads/2026/07/068-054_UR_10240308-212x300.webp
https://minnano-toreka.com/wp-content/uploads/2026/07/191-187_SR_10317161.webp,https://minnano-toreka.com/wp-content/uploads/2026/07/191-187_SR_10317161-215x300.webp
https://minnano-toreka.com/wp-content/uploads/2026/07/072-066-sm5_SR_10332248.webp,https://minnano-toreka.com/wp-content/uploads/2026/07/072-066-sm5_SR_10332248-215x300.webp
https://minnano-toreka.com/wp-content/uploads/2026/07/114-098_SR_10239464.webp,https://minnano-toreka.com/wp-content/uploads/2026/07/114-098_SR_10239464-215x300.webp
https://minnano-toreka.com/wp-content/uploads/2026/07/120-098_HR_10332247.webp,https://minnano-toreka.com/wp-content/uploads/2026/07/120-098_HR_10332247-215x300.webp
https://minnano-toreka.com/wp-content/uploads/2026/07/121-100_HR_10332240.webp,https://minnano-toreka.com/wp-content/uploads/2026/07/121-100_HR_10332240-213x300.webp
https://minnano-toreka.com/wp-content/uploads/2026/07/090-070_HR_10332202.webp,https://minnano-toreka.com/wp-content/uploads/2026/07/090-070_HR_10332202-210x300.webp
https://minnano-toreka.com/wp-content/uploads/2026/07/109-102_AR_10289347.webp,https://minnano-toreka.com/wp-content/uploads/2026/07/109-102_AR_10289347-215x300.webp
https://minnano-toreka.com/wp-content/uploads/2026/07/121-100-S9_HR_10332218.webp,https://minnano-toreka.com/wp-content/uploads/2026/07/121-100-S9_HR_10332218-215x300.webp
https://minnano-toreka.com/wp-content/uploads/2026/07/248-172_SR_10331299.webp,https://minnano-toreka.com/wp-content/uploads/2026/07/248-172_SR_10331299-215x300.webp
https://minnano-toreka.com/wp-content/uploads/2026/07/085-067-S10P_HR_10332232.webp,https://minnano-toreka.com/wp-content/uploads/2026/07/085-067-S10P_HR_10332232-215x300.webp
https://minnano-toreka.com/wp-content/uploads/2026/07/080-078_AR_10316320.webp,https://minnano-toreka.com/wp-content/uploads/2026/07/080-078_AR_10316320-215x300.webp
https://minnano-toreka.com/wp-content/uploads/2026/07/143-086_AR_10333898.webp,https://minnano-toreka.com/wp-content/uploads/2026/07/143-086_AR_10333898-215x300.webp
https://minnano-toreka.com/wp-content/uploads/2026/07/077-066_AR_10240019.webp,https://minnano-toreka.com/wp-content/uploads/2026/07/077-066_AR_10240019-215x300.webp
https://minnano-toreka.com/wp-content/uploads/2026/07/076-066_AR_10239770.webp,https://minnano-toreka.com/wp-content/uploads/2026/07/076-066_AR_10239770-215x300.webp
https://minnano-toreka.com/wp-content/uploads/2026/07/079-067_SR_10332269.webp,https://minnano-toreka.com/wp-content/uploads/2026/07/079-067_SR_10332269-215x300.webp
https://minnano-toreka.com/wp-content/uploads/2026/07/075-127_none_10241740.webp,https://minnano-toreka.com/wp-content/uploads/2026/07/075-127_none_10241740-215x300.webp
https://minnano-toreka.com/wp-content/uploads/2026/07/094-078_SR_10239748.webp,https://minnano-toreka.com/wp-content/uploads/2026/07/094-078_SR_10239748-215x300.webp
https://minnano-toreka.com/wp-content/uploads/2026/07/013-038_none_10241747.webp,https://minnano-toreka.com/wp-content/uploads/2026/07/013-038_none_10241747-215x300.webp
https://minnano-toreka.com/wp-content/uploads/2026/07/019-038_none_10241744.webp,https://minnano-toreka.com/wp-content/uploads/2026/07/019-038_none_10241744-215x300.webp
https://minnano-toreka.com/wp-content/uploads/2026/07/092-071_UR_10279877.webp,https://minnano-toreka.com/wp-content/uploads/2026/07/092-071_UR_10279877-215x300.webp
https://minnano-toreka.com/wp-content/uploads/2026/07/115-098_HR_10240444.webp,https://minnano-toreka.com/wp-content/uploads/2026/07/115-098_HR_10240444-215x300.webp
https://minnano-toreka.com/wp-content/uploads/2026/07/054-054_TR_10240435.webp,https://minnano-toreka.com/wp-content/uploads/2026/07/054-054_TR_10240435-215x300.webp
https://minnano-toreka.com/wp-content/uploads/2026/07/089-071_SR_10244772.webp,https://minnano-toreka.com/wp-content/uploads/2026/07/089-071_SR_10244772-215x300.webp
https://minnano-toreka.com/wp-content/uploads/2026/07/116-102_SR_10289332.webp,https://minnano-toreka.com/wp-content/uploads/2026/07/116-102_SR_10289332-215x300.webp
https://minnano-toreka.com/wp-content/uploads/2026/07/017-038_C_10244306.webp,https://minnano-toreka.com/wp-content/uploads/2026/07/017-038_C_10244306-215x300.webp
https://minnano-toreka.com/wp-content/uploads/2026/07/096-071_HR_10332135.webp,https://minnano-toreka.com/wp-content/uploads/2026/07/096-071_HR_10332135-215x300.webp
https://minnano-toreka.com/wp-content/uploads/2026/07/200-SV-P_P_10338081.webp,https://minnano-toreka.com/wp-content/uploads/2026/07/200-SV-P_P_10338081-215x300.webp
https://minnano-toreka.com/wp-content/uploads/2026/07/126-086_AR_10333908.webp,https://minnano-toreka.com/wp-content/uploads/2026/07/126-086_AR_10333908-215x300.webp
https://minnano-toreka.com/wp-content/uploads/2026/07/120-086_AR_10333907.webp,https://minnano-toreka.com/wp-content/uploads/2026/07/120-086_AR_10333907-215x300.webp
https://minnano-toreka.com/wp-content/uploads/2026/07/094-068_UR_10344662.webp,https://minnano-toreka.com/wp-content/uploads/2026/07/094-068_UR_10344662-223x300.webp
https://minnano-toreka.com/wp-content/uploads/2026/07/071-064_AR_10327098.webp,https://minnano-toreka.com/wp-content/uploads/2026/07/071-064_AR_10327098-215x300.webp
https://minnano-toreka.com/wp-content/uploads/2026/07/100-080_SR_10345784.webp,https://minnano-toreka.com/wp-content/uploads/2026/07/100-080_SR_10345784-215x300.webp
https://minnano-toreka.com/wp-content/uploads/2026/07/159-165_U_10346757.webp,https://minnano-toreka.com/wp-content/uploads/2026/07/159-165_U_10346757-215x300.webp
https://minnano-toreka.com/wp-content/uploads/2026/07/089-086_AR_10333917.webp,https://minnano-toreka.com/wp-content/uploads/2026/07/089-086_AR_10333917-215x300.webp
https://minnano-toreka.com/wp-content/uploads/2026/07/069-063_AR_10336832.webp,https://minnano-toreka.com/wp-content/uploads/2026/07/069-063_AR_10336832-215x300.webp
https://minnano-toreka.com/wp-content/uploads/2026/07/132-101_UR_10276939.webp,https://minnano-toreka.com/wp-content/uploads/2026/07/132-101_UR_10276939-215x300.webp
https://minnano-toreka.com/wp-content/uploads/2026/07/149-086_AR_10334006.webp,https://minnano-toreka.com/wp-content/uploads/2026/07/149-086_AR_10334006-215x300.webp
https://minnano-toreka.com/wp-content/uploads/2026/07/100-098_AR_10332281.webp,https://minnano-toreka.com/wp-content/uploads/2026/07/100-098_AR_10332281-215x300.webp
https://minnano-toreka.com/wp-content/uploads/2026/07/080-071_AR_10241039.webp,https://minnano-toreka.com/wp-content/uploads/2026/07/080-071_AR_10241039-215x300.webp
https://minnano-toreka.com/wp-content/uploads/2026/07/100-069-S6a_UR_10344206.webp,https://minnano-toreka.com/wp-content/uploads/2026/07/100-069-S6a_UR_10344206-217x300.webp
https://minnano-toreka.com/wp-content/uploads/2026/07/080-067_SR_10332227.webp,https://minnano-toreka.com/wp-content/uploads/2026/07/080-067_SR_10332227-215x300.webp
https://minnano-toreka.com/wp-content/uploads/2026/07/100-086_AR_10333886.webp,https://minnano-toreka.com/wp-content/uploads/2026/07/100-086_AR_10333886-215x300.webp
https://minnano-toreka.com/wp-content/uploads/2026/07/155-086_AR_10333995.webp,https://minnano-toreka.com/wp-content/uploads/2026/07/155-086_AR_10333995-215x300.webp
https://minnano-toreka.com/wp-content/uploads/2026/07/099-071_UR_10241009.webp,https://minnano-toreka.com/wp-content/uploads/2026/07/099-071_UR_10241009-211x300.webp
https://minnano-toreka.com/wp-content/uploads/2026/07/091-086_AR_10334037.webp,https://minnano-toreka.com/wp-content/uploads/2026/07/091-086_AR_10334037-215x300.webp
https://minnano-toreka.com/wp-content/uploads/2026/07/135-086_AR_10334026.webp,https://minnano-toreka.com/wp-content/uploads/2026/07/135-086_AR_10334026-215x300.webp
https://minnano-toreka.com/wp-content/uploads/2026/07/133-086_AR_10333915.webp,https://minnano-toreka.com/wp-content/uploads/2026/07/133-086_AR_10333915-215x300.webp
https://minnano-toreka.com/wp-content/uploads/2026/07/114-086_AR_10333923.webp,https://minnano-toreka.com/wp-content/uploads/2026/07/114-086_AR_10333923-215x300.webp
https://minnano-toreka.com/wp-content/uploads/2026/07/107-086_AR_10333887.webp,https://minnano-toreka.com/wp-content/uploads/2026/07/107-086_AR_10333887-215x300.webp
https://minnano-toreka.com/wp-content/uploads/2026/07/154-086_AR_10333933.webp,https://minnano-toreka.com/wp-content/uploads/2026/07/154-086_AR_10333933-215x300.webp
https://minnano-toreka.com/wp-content/uploads/2026/07/116-100_SR_10332223.webp,https://minnano-toreka.com/wp-content/uploads/2026/07/116-100_SR_10332223-215x300.webp
https://minnano-toreka.com/wp-content/uploads/2026/07/165-165_U_10346769.webp,https://minnano-toreka.com/wp-content/uploads/2026/07/165-165_U_10346769-215x300.webp
https://minnano-toreka.com/wp-content/uploads/2026/07/110-086_AR_10333882.webp,https://minnano-toreka.com/wp-content/uploads/2026/07/110-086_AR_10333882-215x300.webp
https://minnano-toreka.com/wp-content/uploads/2026/07/111-086_AR_10333894.webp,https://minnano-toreka.com/wp-content/uploads/2026/07/111-086_AR_10333894-215x300.webp
https://minnano-toreka.com/wp-content/uploads/2026/07/075-071_CHR_10304927.webp,https://minnano-toreka.com/wp-content/uploads/2026/07/075-071_CHR_10304927-215x300.webp
https://minnano-toreka.com/wp-content/uploads/2026/07/064-062_AR_10308104.webp,https://minnano-toreka.com/wp-content/uploads/2026/07/064-062_AR_10308104-215x300.webp
https://minnano-toreka.com/wp-content/uploads/2026/07/136-086_AR_10333885.webp,https://minnano-toreka.com/wp-content/uploads/2026/07/136-086_AR_10333885-215x300.webp
https://minnano-toreka.com/wp-content/uploads/2026/07/070-066_AR_10263673.webp,https://minnano-toreka.com/wp-content/uploads/2026/07/070-066_AR_10263673-215x300.webp
https://minnano-toreka.com/wp-content/uploads/2026/07/073-066_AR_10340796.webp,https://minnano-toreka.com/wp-content/uploads/2026/07/073-066_AR_10340796-215x300.webp
https://minnano-toreka.com/wp-content/uploads/2026/07/094-066_UR_10340793.webp,https://minnano-toreka.com/wp-content/uploads/2026/07/094-066_UR_10340793-215x300.webp
https://minnano-toreka.com/wp-content/uploads/2026/07/229-193_MA_10347455.webp,https://minnano-toreka.com/wp-content/uploads/2026/07/229-193_MA_10347455-215x300.webp
https://minnano-toreka.com/wp-content/uploads/2026/07/133-086_AR_10333920.webp,https://minnano-toreka.com/wp-content/uploads/2026/07/133-086_AR_10333920-215x300.webp
https://minnano-toreka.com/wp-content/uploads/2026/07/075-049_UR_10307231.webp,https://minnano-toreka.com/wp-content/uploads/2026/07/075-049_UR_10307231-214x300.webp
https://minnano-toreka.com/wp-content/uploads/2026/07/098-078_SR_10331295.webp,https://minnano-toreka.com/wp-content/uploads/2026/07/098-078_SR_10331295-215x300.webp
https://minnano-toreka.com/wp-content/uploads/2026/07/093-071_UR_10240316.webp,https://minnano-toreka.com/wp-content/uploads/2026/07/093-071_UR_10240316-215x300.webp
https://minnano-toreka.com/wp-content/uploads/2026/07/190-184_CHR_10239498.webp,https://minnano-toreka.com/wp-content/uploads/2026/07/190-184_CHR_10239498-215x300.webp
https://minnano-toreka.com/wp-content/uploads/2026/07/150-086_AR_10334059.webp,https://minnano-toreka.com/wp-content/uploads/2026/07/150-086_AR_10334059-215x300.webp
https://minnano-toreka.com/wp-content/uploads/2026/07/120-086-SV11B_AR_10334058.webp,https://minnano-toreka.com/wp-content/uploads/2026/07/120-086-SV11B_AR_10334058-215x300.webp
https://minnano-toreka.com/wp-content/uploads/2026/07/194-184_CHR_10238925.webp,https://minnano-toreka.com/wp-content/uploads/2026/07/194-184_CHR_10238925-215x300.webp
https://minnano-toreka.com/wp-content/uploads/2026/07/106-086_AR_10333974.webp,https://minnano-toreka.com/wp-content/uploads/2026/07/106-086_AR_10333974-215x300.webp
https://minnano-toreka.com/wp-content/uploads/2026/07/079-062_SR_10343965.webp,https://minnano-toreka.com/wp-content/uploads/2026/07/079-062_SR_10343965-215x300.webp
https://minnano-toreka.com/wp-content/uploads/2026/07/092-070-S6H_UR_10344212.webp,https://minnano-toreka.com/wp-content/uploads/2026/07/092-070-S6H_UR_10344212-213x300.webp
https://minnano-toreka.com/wp-content/uploads/2026/07/080-071_SR_10332239.webp,https://minnano-toreka.com/wp-content/uploads/2026/07/080-071_SR_10332239-215x300.webp
https://minnano-toreka.com/wp-content/uploads/2026/07/198-165_SR_10239900.webp,https://minnano-toreka.com/wp-content/uploads/2026/07/198-165_SR_10239900-215x300.webp
https://minnano-toreka.com/wp-content/uploads/2026/07/097-071-SV2D_UR_10344211.webp,https://minnano-toreka.com/wp-content/uploads/2026/07/097-071-SV2D_UR_10344211-213x300.webp
https://minnano-toreka.com/wp-content/uploads/2026/07/091-086_AR_10333901.webp,https://minnano-toreka.com/wp-content/uploads/2026/07/091-086_AR_10333901-215x300.webp
https://minnano-toreka.com/wp-content/uploads/2026/07/160-165_U_10346772.webp,https://minnano-toreka.com/wp-content/uploads/2026/07/160-165_U_10346772-215x300.webp
https://minnano-toreka.com/wp-content/uploads/2026/07/103-100_AR_10317165.webp,https://minnano-toreka.com/wp-content/uploads/2026/07/103-100_AR_10317165-215x300.webp
https://minnano-toreka.com/wp-content/uploads/2026/07/072-068_CHR_10238865.webp,https://minnano-toreka.com/wp-content/uploads/2026/07/072-068_CHR_10238865-215x300.webp
https://minnano-toreka.com/wp-content/uploads/2026/07/355-190-SV4a_UR_10344210.webp,https://minnano-toreka.com/wp-content/uploads/2026/07/355-190-SV4a_UR_10344210-215x300.webp
https://minnano-toreka.com/wp-content/uploads/2026/07/101-086_AR_10333903.webp,https://minnano-toreka.com/wp-content/uploads/2026/07/101-086_AR_10333903-215x300.webp
https://minnano-toreka.com/wp-content/uploads/2026/07/157-086_AR_10334043.webp,https://minnano-toreka.com/wp-content/uploads/2026/07/157-086_AR_10334043-215x300.webp
https://minnano-toreka.com/wp-content/uploads/2026/07/111-098_SR_10240210.webp,https://minnano-toreka.com/wp-content/uploads/2026/07/111-098_SR_10240210-215x300.webp
https://minnano-toreka.com/wp-content/uploads/2026/07/066-063_AR_10327073.webp,https://minnano-toreka.com/wp-content/uploads/2026/07/066-063_AR_10327073-215x300.webp
https://minnano-toreka.com/wp-content/uploads/2026/07/140-086-SV11B_AR_10334054.webp,https://minnano-toreka.com/wp-content/uploads/2026/07/140-086-SV11B_AR_10334054-215x300.webp
https://minnano-toreka.com/wp-content/uploads/2026/07/151-086_AR_10334053.webp,https://minnano-toreka.com/wp-content/uploads/2026/07/151-086_AR_10334053-215x300.webp
https://minnano-toreka.com/wp-content/uploads/2026/07/132-086-SV11W_AR_10333985.webp,https://minnano-toreka.com/wp-content/uploads/2026/07/132-086-SV11W_AR_10333985-215x300.webp
https://minnano-toreka.com/wp-content/uploads/2026/07/108-086_AR_10333910.webp,https://minnano-toreka.com/wp-content/uploads/2026/07/108-086_AR_10333910-215x300.webp
https://minnano-toreka.com/wp-content/uploads/2026/07/131-086-SV11W_AR_10333981.webp,https://minnano-toreka.com/wp-content/uploads/2026/07/131-086-SV11W_AR_10333981-215x300.webp
https://minnano-toreka.com/wp-content/uploads/2026/07/134-086_AR_10333900.webp,https://minnano-toreka.com/wp-content/uploads/2026/07/134-086_AR_10333900-215x300.webp
https://minnano-toreka.com/wp-content/uploads/2026/07/107-086_AR_10334045.webp,https://minnano-toreka.com/wp-content/uploads/2026/07/107-086_AR_10334045-215x300.webp
https://minnano-toreka.com/wp-content/uploads/2026/07/138-086-SV11B_AR_10334018.webp,https://minnano-toreka.com/wp-content/uploads/2026/07/138-086-SV11B_AR_10334018-215x300.webp
https://minnano-toreka.com/wp-content/uploads/2026/07/067-054-SM9b_UR_10344177.webp,https://minnano-toreka.com/wp-content/uploads/2026/07/067-054-SM9b_UR_10344177-211x300.webp
https://minnano-toreka.com/wp-content/uploads/2026/07/073-063_AR_10336796.webp,https://minnano-toreka.com/wp-content/uploads/2026/07/073-063_AR_10336796-215x300.webp
https://minnano-toreka.com/wp-content/uploads/2026/07/128-086_AR_10334015.webp,https://minnano-toreka.com/wp-content/uploads/2026/07/128-086_AR_10334015-215x300.webp
https://minnano-toreka.com/wp-content/uploads/2026/07/063-055_SR_10332197.webp,https://minnano-toreka.com/wp-content/uploads/2026/07/063-055_SR_10332197-215x300.webp
https://minnano-toreka.com/wp-content/uploads/2026/07/158-086-SV11W_AR_10344421.webp,https://minnano-toreka.com/wp-content/uploads/2026/07/158-086-SV11W_AR_10344421-215x300.webp
https://minnano-toreka.com/wp-content/uploads/2026/07/154-150_SR_10332187.webp,https://minnano-toreka.com/wp-content/uploads/2026/07/154-150_SR_10332187-215x300.webp
https://minnano-toreka.com/wp-content/uploads/2026/07/109-086_AR_10333914.webp,https://minnano-toreka.com/wp-content/uploads/2026/07/109-086_AR_10333914-215x300.webp
https://minnano-toreka.com/wp-content/uploads/2026/07/065-052_UR_10307201.webp,https://minnano-toreka.com/wp-content/uploads/2026/07/065-052_UR_10307201-232x300.webp
https://minnano-toreka.com/wp-content/uploads/2026/07/099-086_AR_10333889.webp,https://minnano-toreka.com/wp-content/uploads/2026/07/099-086_AR_10333889-215x300.webp
https://minnano-toreka.com/wp-content/uploads/2026/07/113-086_AR_10333971.webp,https://minnano-toreka.com/wp-content/uploads/2026/07/113-086_AR_10333971-215x300.webp
https://minnano-toreka.com/wp-content/uploads/2026/07/089-086_AR_10333983.webp,https://minnano-toreka.com/wp-content/uploads/2026/07/089-086_AR_10333983-215x300.webp
https://minnano-toreka.com/wp-content/uploads/2026/07/110-086-SV11B_AR_10334025.webp,https://minnano-toreka.com/wp-content/uploads/2026/07/110-086-SV11B_AR_10334025-215x300.webp
https://minnano-toreka.com/wp-content/uploads/2026/07/127-100_UR_10347219.webp,https://minnano-toreka.com/wp-content/uploads/2026/07/127-100_UR_10347219-213x300.webp
https://minnano-toreka.com/wp-content/uploads/2026/07/127-100-S8_UR_10344214.webp,https://minnano-toreka.com/wp-content/uploads/2026/07/127-100-S8_UR_10344214-212x300.webp
https://minnano-toreka.com/wp-content/uploads/2026/07/111-086_AR_10334029.webp,https://minnano-toreka.com/wp-content/uploads/2026/07/111-086_AR_10334029-215x300.webp
https://minnano-toreka.com/wp-content/uploads/2026/07/090-071_HR_10307850.webp,https://minnano-toreka.com/wp-content/uploads/2026/07/090-071_HR_10307850-215x300.webp
https://minnano-toreka.com/wp-content/uploads/2026/07/109-100-S9_SR_10346292.webp,https://minnano-toreka.com/wp-content/uploads/2026/07/109-100-S9_SR_10346292-213x300.webp
https://minnano-toreka.com/wp-content/uploads/2026/07/210-187_SAR_10317135.webp,https://minnano-toreka.com/wp-content/uploads/2026/07/210-187_SAR_10317135-215x300.webp
https://minnano-toreka.com/wp-content/uploads/2026/07/229-187_SAR_10317134.webp,https://minnano-toreka.com/wp-content/uploads/2026/07/229-187_SAR_10317134-215x300.webp
https://minnano-toreka.com/wp-content/uploads/2026/07/120-098_SR_10332301.webp,https://minnano-toreka.com/wp-content/uploads/2026/07/120-098_SR_10332301-215x300.webp
https://minnano-toreka.com/wp-content/uploads/2026/07/084-071_SR_10332121.webp,https://minnano-toreka.com/wp-content/uploads/2026/07/084-071_SR_10332121-215x300.webp
https://minnano-toreka.com/wp-content/uploads/2026/07/none_1_10290506.webp,https://minnano-toreka.com/wp-content/uploads/2026/07/none_1_10290506-150x150.webp
https://minnano-toreka.com/wp-content/uploads/2026/07/230-172_SAR_10307166.webp,https://minnano-toreka.com/wp-content/uploads/2026/07/230-172_SAR_10307166-215x300.webp
https://minnano-toreka.com/wp-content/uploads/2026/07/197-187_SR_10316937.webp,https://minnano-toreka.com/wp-content/uploads/2026/07/197-187_SR_10316937-215x300.webp
https://minnano-toreka.com/wp-content/uploads/2026/07/219-184_CSR_10317084.webp,https://minnano-toreka.com/wp-content/uploads/2026/07/219-184_CSR_10317084-215x300.webp
https://minnano-toreka.com/wp-content/uploads/2026/07/084-064_SR_10316572.webp,https://minnano-toreka.com/wp-content/uploads/2026/07/084-064_SR_10316572-215x300.webp
https://minnano-toreka.com/wp-content/uploads/2026/07/101-078_SAR_10239772.webp,https://minnano-toreka.com/wp-content/uploads/2026/07/101-078_SAR_10239772-215x300.webp
https://minnano-toreka.com/wp-content/uploads/2026/07/127-106_SR_10315570.webp,https://minnano-toreka.com/wp-content/uploads/2026/07/127-106_SR_10315570-215x300.webp
https://minnano-toreka.com/wp-content/uploads/2026/07/097-069_HR_10332182.webp,https://minnano-toreka.com/wp-content/uploads/2026/07/097-069_HR_10332182-216x300.webp
https://minnano-toreka.com/wp-content/uploads/2026/07/087-066_SR_10240102.webp,https://minnano-toreka.com/wp-content/uploads/2026/07/087-066_SR_10240102-215x300.webp
https://minnano-toreka.com/wp-content/uploads/2026/07/274-184_SR_10240262.webp,https://minnano-toreka.com/wp-content/uploads/2026/07/274-184_SR_10240262-215x300.webp
https://minnano-toreka.com/wp-content/uploads/2026/07/082-062_SR_10240266.webp,https://minnano-toreka.com/wp-content/uploads/2026/07/082-062_SR_10240266-215x300.webp
https://minnano-toreka.com/wp-content/uploads/2026/07/129-108_SR_10331301.webp,https://minnano-toreka.com/wp-content/uploads/2026/07/129-108_SR_10331301-215x300.webp
https://minnano-toreka.com/wp-content/uploads/2026/07/122-098_HR_10332268.webp,https://minnano-toreka.com/wp-content/uploads/2026/07/122-098_HR_10332268-215x300.webp
https://minnano-toreka.com/wp-content/uploads/2026/07/none_1_10290503.webp,https://minnano-toreka.com/wp-content/uploads/2026/07/none_1_10290503-150x300.webp
https://minnano-toreka.com/wp-content/uploads/2026/07/226-187_SAR_10317079.webp,https://minnano-toreka.com/wp-content/uploads/2026/07/226-187_SAR_10317079-215x300.webp
https://minnano-toreka.com/wp-content/uploads/2026/07/none_CSR_10306574.webp,https://minnano-toreka.com/wp-content/uploads/2026/07/none_CSR_10306574-213x300.webp
https://minnano-toreka.com/wp-content/uploads/2026/07/121-106_SR_10315549.webp,https://minnano-toreka.com/wp-content/uploads/2026/07/121-106_SR_10315549-215x300.webp
https://minnano-toreka.com/wp-content/uploads/2026/07/227-172_SAR_10330269.webp,https://minnano-toreka.com/wp-content/uploads/2026/07/227-172_SAR_10330269-215x300.webp
https://minnano-toreka.com/wp-content/uploads/2026/07/246-184_CSR_10306575.webp,https://minnano-toreka.com/wp-content/uploads/2026/07/246-184_CSR_10306575-213x300.webp
https://minnano-toreka.com/wp-content/uploads/2026/07/188-187_SR_10317149.webp,https://minnano-toreka.com/wp-content/uploads/2026/07/188-187_SR_10317149-215x300.webp
https://minnano-toreka.com/wp-content/uploads/2026/07/124-100_HR_10240326.webp,https://minnano-toreka.com/wp-content/uploads/2026/07/124-100_HR_10240326-215x300.webp
https://minnano-toreka.com/wp-content/uploads/2026/07/219-187_SAR_10316968.webp,https://minnano-toreka.com/wp-content/uploads/2026/07/219-187_SAR_10316968-215x300.webp
https://minnano-toreka.com/wp-content/uploads/2026/07/232-187_SAR_10316863.webp,https://minnano-toreka.com/wp-content/uploads/2026/07/232-187_SAR_10316863-215x300.webp
https://minnano-toreka.com/wp-content/uploads/2026/07/118-086_AR_10333987.webp,https://minnano-toreka.com/wp-content/uploads/2026/07/118-086_AR_10333987-215x300.webp
https://minnano-toreka.com/wp-content/uploads/2026/07/160-086_SR_10334022.webp,https://minnano-toreka.com/wp-content/uploads/2026/07/160-086_SR_10334022-215x300.webp
https://minnano-toreka.com/wp-content/uploads/2026/07/089-067_HR_10298231.webp,https://minnano-toreka.com/wp-content/uploads/2026/07/089-067_HR_10298231-210x300.webp
https://minnano-toreka.com/wp-content/uploads/2026/07/089-070_HR_10332220.webp,https://minnano-toreka.com/wp-content/uploads/2026/07/089-070_HR_10332220-212x300.webp
https://minnano-toreka.com/wp-content/uploads/2026/07/088-067_HR_10332229.webp,https://minnano-toreka.com/wp-content/uploads/2026/07/088-067_HR_10332229-215x300.webp
https://minnano-toreka.com/wp-content/uploads/2026/07/093-071_HR_10332122.webp,https://minnano-toreka.com/wp-content/uploads/2026/07/093-071_HR_10332122-215x300.webp
https://minnano-toreka.com/wp-content/uploads/2026/07/214-187_SAR_10317141.webp,https://minnano-toreka.com/wp-content/uploads/2026/07/214-187_SAR_10317141-215x300.webp
https://minnano-toreka.com/wp-content/uploads/2026/07/238-184-S8b_CSR_10330270.webp,https://minnano-toreka.com/wp-content/uploads/2026/07/238-184-S8b_CSR_10330270-215x300.webp
https://minnano-toreka.com/wp-content/uploads/2026/07/340-S-P_P_10240247.webp,https://minnano-toreka.com/wp-content/uploads/2026/07/340-S-P_P_10240247-216x300.webp
https://minnano-toreka.com/wp-content/uploads/2026/07/none_UR_10305347.webp,https://minnano-toreka.com/wp-content/uploads/2026/07/none_UR_10305347-213x300.webp
https://minnano-toreka.com/wp-content/uploads/2026/07/215-187_SAR_10317173.webp,https://minnano-toreka.com/wp-content/uploads/2026/07/215-187_SAR_10317173-215x300.webp
https://minnano-toreka.com/wp-content/uploads/2026/07/none_none_10330168.webp,https://minnano-toreka.com/wp-content/uploads/2026/07/none_none_10330168-300x300.webp
https://minnano-toreka.com/wp-content/uploads/2026/07/216-187_SAR_10330273.webp,https://minnano-toreka.com/wp-content/uploads/2026/07/216-187_SAR_10330273-215x300.webp
https://minnano-toreka.com/wp-content/uploads/2026/07/085-067_HR_10332266.webp,https://minnano-toreka.com/wp-content/uploads/2026/07/085-067_HR_10332266-215x300.webp
https://minnano-toreka.com/wp-content/uploads/2026/07/123-100-S8_HR_10332189.webp,https://minnano-toreka.com/wp-content/uploads/2026/07/123-100-S8_HR_10332189-210x300.webp
https://minnano-toreka.com/wp-content/uploads/2026/07/208-187_SAR_10330278.webp,https://minnano-toreka.com/wp-content/uploads/2026/07/208-187_SAR_10330278-215x300.webp
https://minnano-toreka.com/wp-content/uploads/2026/07/091-071_SR_10244734.webp,https://minnano-toreka.com/wp-content/uploads/2026/07/091-071_SR_10244734-215x300.webp
https://minnano-toreka.com/wp-content/uploads/2026/07/094-071_SAR_10330281.webp,https://minnano-toreka.com/wp-content/uploads/2026/07/094-071_SAR_10330281-215x300.webp
https://minnano-toreka.com/wp-content/uploads/2026/07/251-184_CSR_10240159.webp,https://minnano-toreka.com/wp-content/uploads/2026/07/251-184_CSR_10240159-215x300.webp
https://minnano-toreka.com/wp-content/uploads/2026/07/124-100_HR_10240113.webp,https://minnano-toreka.com/wp-content/uploads/2026/07/124-100_HR_10240113-211x300.webp
https://minnano-toreka.com/wp-content/uploads/2026/07/224-172_SAR_10307165.webp,https://minnano-toreka.com/wp-content/uploads/2026/07/224-172_SAR_10307165-215x300.webp
https://minnano-toreka.com/wp-content/uploads/2026/07/019-064_RR_10315910.webp,https://minnano-toreka.com/wp-content/uploads/2026/07/019-064_RR_10315910-215x300.webp
https://minnano-toreka.com/wp-content/uploads/2026/07/none_none_10261599.webp,https://minnano-toreka.com/wp-content/uploads/2026/07/none_none_10261599-300x300.webp
https://minnano-toreka.com/wp-content/uploads/2026/07/none_none_10261594.webp,https://minnano-toreka.com/wp-content/uploads/2026/07/none_none_10261594-300x229.webp
https://minnano-toreka.com/wp-content/uploads/2026/07/001-038_none_10241750.webp,https://minnano-toreka.com/wp-content/uploads/2026/07/001-038_none_10241750-215x300.webp
https://minnano-toreka.com/wp-content/uploads/2026/07/086-071_SR_10244737.webp,https://minnano-toreka.com/wp-content/uploads/2026/07/086-071_SR_10244737-215x300.webp
https://minnano-toreka.com/wp-content/uploads/2026/07/none_none_10264100.webp,https://minnano-toreka.com/wp-content/uploads/2026/07/none_none_10264100-300x300.webp
https://minnano-toreka.com/wp-content/uploads/2026/07/018-038_none_10280662.webp,https://minnano-toreka.com/wp-content/uploads/2026/07/018-038_none_10280662-215x300.webp
https://minnano-toreka.com/wp-content/uploads/2026/07/none_none_10264101.webp,https://minnano-toreka.com/wp-content/uploads/2026/07/none_none_10264101-300x300.webp
https://minnano-toreka.com/wp-content/uploads/2026/07/068-067_SR_10239926.webp,https://minnano-toreka.com/wp-content/uploads/2026/07/068-067_SR_10239926-215x300.webp
https://minnano-toreka.com/wp-content/uploads/2026/07/none_none_10279873.webp,https://minnano-toreka.com/wp-content/uploads/2026/07/none_none_10279873-300x229.webp
https://minnano-toreka.com/wp-content/uploads/2026/07/358-190_UR_10241006.webp,https://minnano-toreka.com/wp-content/uploads/2026/07/358-190_UR_10241006-215x300.webp
https://minnano-toreka.com/wp-content/uploads/2026/07/153-086_AR_10334017.webp,https://minnano-toreka.com/wp-content/uploads/2026/07/153-086_AR_10334017-215x300.webp
https://minnano-toreka.com/wp-content/uploads/2026/07/100-071_UR_10244741.webp,https://minnano-toreka.com/wp-content/uploads/2026/07/100-071_UR_10244741-215x300.webp
https://minnano-toreka.com/wp-content/uploads/2026/07/142-086_AR_10334003.webp,https://minnano-toreka.com/wp-content/uploads/2026/07/142-086_AR_10334003-215x300.webp
https://minnano-toreka.com/wp-content/uploads/2026/07/076-071_AR_10240005.webp,https://minnano-toreka.com/wp-content/uploads/2026/07/076-071_AR_10240005-215x300.webp
https://minnano-toreka.com/wp-content/uploads/2026/07/099-071_UR_10244749.webp,https://minnano-toreka.com/wp-content/uploads/2026/07/099-071_UR_10244749-215x300.webp
https://minnano-toreka.com/wp-content/uploads/2026/07/069-068_CHR_10238952.webp,https://minnano-toreka.com/wp-content/uploads/2026/07/069-068_CHR_10238952-215x300.webp
https://minnano-toreka.com/wp-content/uploads/2026/07/101-100-S11_SR_10343961.webp,https://minnano-toreka.com/wp-content/uploads/2026/07/101-100-S11_SR_10343961-215x300.webp
https://minnano-toreka.com/wp-content/uploads/2026/07/116-108_AR_10240121.webp,https://minnano-toreka.com/wp-content/uploads/2026/07/116-108_AR_10240121-215x300.webp
https://minnano-toreka.com/wp-content/uploads/2026/07/196-184_CHR_10241012.webp,https://minnano-toreka.com/wp-content/uploads/2026/07/196-184_CHR_10241012-215x300.webp
https://minnano-toreka.com/wp-content/uploads/2026/07/080-063_SR_10336819.webp,https://minnano-toreka.com/wp-content/uploads/2026/07/080-063_SR_10336819-215x300.webp
https://minnano-toreka.com/wp-content/uploads/2026/07/183-173_SR_10340492.webp,https://minnano-toreka.com/wp-content/uploads/2026/07/183-173_SR_10340492-215x300.webp
https://minnano-toreka.com/wp-content/uploads/2026/07/197-165_SR_10343959.webp,https://minnano-toreka.com/wp-content/uploads/2026/07/197-165_SR_10343959-215x300.webp
https://minnano-toreka.com/wp-content/uploads/2026/07/118-086_AR_10333891.webp,https://minnano-toreka.com/wp-content/uploads/2026/07/118-086_AR_10333891-215x300.webp
https://minnano-toreka.com/wp-content/uploads/2026/07/075-070_SR_10343946.webp,https://minnano-toreka.com/wp-content/uploads/2026/07/075-070_SR_10343946-213x300.webp
https://minnano-toreka.com/wp-content/uploads/2026/07/093-066_UR_10239655.webp,https://minnano-toreka.com/wp-content/uploads/2026/07/093-066_UR_10239655-215x300.webp
https://minnano-toreka.com/wp-content/uploads/2026/07/158-086_AR_10334049.webp,https://minnano-toreka.com/wp-content/uploads/2026/07/158-086_AR_10334049-215x300.webp
https://minnano-toreka.com/wp-content/uploads/2026/07/124-086_AR_10334024.webp,https://minnano-toreka.com/wp-content/uploads/2026/07/124-086_AR_10334024-300x300.webp
https://minnano-toreka.com/wp-content/uploads/2026/07/103-086_AR_10333955.webp,https://minnano-toreka.com/wp-content/uploads/2026/07/103-086_AR_10333955-215x300.webp
https://minnano-toreka.com/wp-content/uploads/2026/07/096-086_AR_10333975.webp,https://minnano-toreka.com/wp-content/uploads/2026/07/096-086_AR_10333975-215x300.webp
https://minnano-toreka.com/wp-content/uploads/2026/07/104-086_AR_10334041.webp,https://minnano-toreka.com/wp-content/uploads/2026/07/104-086_AR_10334041-215x300.webp
https://minnano-toreka.com/wp-content/uploads/2026/07/098-086_AR_10334031.webp,https://minnano-toreka.com/wp-content/uploads/2026/07/098-086_AR_10334031-215x300.webp
https://minnano-toreka.com/wp-content/uploads/2026/07/340-190_AR_10240439.webp,https://minnano-toreka.com/wp-content/uploads/2026/07/340-190_AR_10240439-215x300.webp
https://minnano-toreka.com/wp-content/uploads/2026/07/071-063_AR_10336812.webp,https://minnano-toreka.com/wp-content/uploads/2026/07/071-063_AR_10336812-215x300.webp
https://minnano-toreka.com/wp-content/uploads/2026/07/019-025_none_10341054.webp,https://minnano-toreka.com/wp-content/uploads/2026/07/019-025_none_10341054-300x300.webp
https://minnano-toreka.com/wp-content/uploads/2026/07/356-190_UR_10240870.webp,https://minnano-toreka.com/wp-content/uploads/2026/07/356-190_UR_10240870-215x300.webp
https://minnano-toreka.com/wp-content/uploads/2026/07/115-086_AR_10333979.webp,https://minnano-toreka.com/wp-content/uploads/2026/07/115-086_AR_10333979-215x300.webp
https://minnano-toreka.com/wp-content/uploads/2026/07/152-086_AR_10334050.webp,https://minnano-toreka.com/wp-content/uploads/2026/07/152-086_AR_10334050-215x300.webp
https://minnano-toreka.com/wp-content/uploads/2026/07/360-190_UR_10240875.webp,https://minnano-toreka.com/wp-content/uploads/2026/07/360-190_UR_10240875-215x300.webp
https://minnano-toreka.com/wp-content/uploads/2026/07/055-049_CHR_10304920.webp,https://minnano-toreka.com/wp-content/uploads/2026/07/055-049_CHR_10304920-215x300.webp
https://minnano-toreka.com/wp-content/uploads/2026/07/085-078_AR_10308155.webp,https://minnano-toreka.com/wp-content/uploads/2026/07/085-078_AR_10308155-215x300.webp
https://minnano-toreka.com/wp-content/uploads/2026/07/127-086_AR_10334008.webp,https://minnano-toreka.com/wp-content/uploads/2026/07/127-086_AR_10334008-215x300.webp
https://minnano-toreka.com/wp-content/uploads/2026/07/085-080_AR_10345779.webp,https://minnano-toreka.com/wp-content/uploads/2026/07/085-080_AR_10345779-215x300.webp
https://minnano-toreka.com/wp-content/uploads/2026/07/109-106_AR_10306791.webp,https://minnano-toreka.com/wp-content/uploads/2026/07/109-106_AR_10306791-215x300.webp
https://minnano-toreka.com/wp-content/uploads/2026/07/087-086_AR_10333963.webp,https://minnano-toreka.com/wp-content/uploads/2026/07/087-086_AR_10333963-215x300.webp
https://minnano-toreka.com/wp-content/uploads/2026/07/098-086_AR_10333989.webp,https://minnano-toreka.com/wp-content/uploads/2026/07/098-086_AR_10333989-215x300.webp
https://minnano-toreka.com/wp-content/uploads/2026/07/094-086_AR_10334057.webp,https://minnano-toreka.com/wp-content/uploads/2026/07/094-086_AR_10334057-215x300.webp
https://minnano-toreka.com/wp-content/uploads/2026/07/327-190_UR_10240311.webp,https://minnano-toreka.com/wp-content/uploads/2026/07/327-190_UR_10240311-216x300.webp
https://minnano-toreka.com/wp-content/uploads/2026/07/103-073_UR_10240869.webp,https://minnano-toreka.com/wp-content/uploads/2026/07/103-073_UR_10240869-215x300.webp
https://minnano-toreka.com/wp-content/uploads/2026/07/061-054_SR_10332198.webp,https://minnano-toreka.com/wp-content/uploads/2026/07/061-054_SR_10332198-215x300.webp
https://minnano-toreka.com/wp-content/uploads/2026/07/098-071_UR_10244729.webp,https://minnano-toreka.com/wp-content/uploads/2026/07/098-071_UR_10244729-215x300.webp
https://minnano-toreka.com/wp-content/uploads/2026/07/092-086_AR_10334000.webp,https://minnano-toreka.com/wp-content/uploads/2026/07/092-086_AR_10334000-215x300.webp
https://minnano-toreka.com/wp-content/uploads/2026/07/125-086_AR_10333892.webp,https://minnano-toreka.com/wp-content/uploads/2026/07/125-086_AR_10333892-215x300.webp
https://minnano-toreka.com/wp-content/uploads/2026/07/122-086_AR_10333988.webp,https://minnano-toreka.com/wp-content/uploads/2026/07/122-086_AR_10333988-215x300.webp
https://minnano-toreka.com/wp-content/uploads/2026/07/088-086_AR_10333997.webp,https://minnano-toreka.com/wp-content/uploads/2026/07/088-086_AR_10333997-215x300.webp
https://minnano-toreka.com/wp-content/uploads/2026/07/103-086_AR_10333961.webp,https://minnano-toreka.com/wp-content/uploads/2026/07/103-086_AR_10333961-215x300.webp
https://minnano-toreka.com/wp-content/uploads/2026/07/115-100_SR_10332216.webp,https://minnano-toreka.com/wp-content/uploads/2026/07/115-100_SR_10332216-215x300.webp
https://minnano-toreka.com/wp-content/uploads/2026/07/143-086_AR_10333919.webp,https://minnano-toreka.com/wp-content/uploads/2026/07/143-086_AR_10333919-215x300.webp
https://minnano-toreka.com/wp-content/uploads/2026/07/122-108_SR_10239745.webp,https://minnano-toreka.com/wp-content/uploads/2026/07/122-108_SR_10239745-215x300.webp
https://minnano-toreka.com/wp-content/uploads/2026/07/100-086-SV11B_AR_10334001.webp,https://minnano-toreka.com/wp-content/uploads/2026/07/100-086-SV11B_AR_10334001-215x300.webp
https://minnano-toreka.com/wp-content/uploads/2026/07/072-064_AR_10316307.webp,https://minnano-toreka.com/wp-content/uploads/2026/07/072-064_AR_10316307-215x300.webp
https://minnano-toreka.com/wp-content/uploads/2026/07/082-066_SR_10263694.webp,https://minnano-toreka.com/wp-content/uploads/2026/07/082-066_SR_10263694-215x300.webp
https://minnano-toreka.com/wp-content/uploads/2026/07/118-108_AR_10306109.webp,https://minnano-toreka.com/wp-content/uploads/2026/07/118-108_AR_10306109-215x300.webp
https://minnano-toreka.com/wp-content/uploads/2026/07/285-184-S8b_UR_10344203.webp,https://minnano-toreka.com/wp-content/uploads/2026/07/285-184-S8b_UR_10344203-215x300.webp
https://minnano-toreka.com/wp-content/uploads/2026/07/122-101_SR_10276912.webp,https://minnano-toreka.com/wp-content/uploads/2026/07/122-101_SR_10276912-215x300.webp
https://minnano-toreka.com/wp-content/uploads/2026/07/none_UR_10307273.webp,https://minnano-toreka.com/wp-content/uploads/2026/07/none_UR_10307273-215x300.webp
https://minnano-toreka.com/wp-content/uploads/2026/07/124-100_HR_10332225.webp,https://minnano-toreka.com/wp-content/uploads/2026/07/124-100_HR_10332225-215x300.webp
https://minnano-toreka.com/wp-content/uploads/2026/07/none_CSR_10316358.webp,https://minnano-toreka.com/wp-content/uploads/2026/07/none_CSR_10316358-213x300.webp
https://minnano-toreka.com/wp-content/uploads/2026/07/092-064_UR_10316562.webp,https://minnano-toreka.com/wp-content/uploads/2026/07/092-064_UR_10316562-215x300.webp
https://minnano-toreka.com/wp-content/uploads/2026/07/083-070_SR_10332123.webp,https://minnano-toreka.com/wp-content/uploads/2026/07/083-070_SR_10332123-215x300.webp
https://minnano-toreka.com/wp-content/uploads/2026/07/253-184-S8b_CSR_10330291.webp,https://minnano-toreka.com/wp-content/uploads/2026/07/253-184-S8b_CSR_10330291-215x300.webp
https://minnano-toreka.com/wp-content/uploads/2026/07/092-071_SR_10244761.webp,https://minnano-toreka.com/wp-content/uploads/2026/07/092-071_SR_10244761-215x300.webp
https://minnano-toreka.com/wp-content/uploads/2026/07/235-172_SAR_10239719.webp,https://minnano-toreka.com/wp-content/uploads/2026/07/235-172_SAR_10239719-215x300.webp
https://minnano-toreka.com/wp-content/uploads/2026/07/267-184-S8b_SR_10332210.webp,https://minnano-toreka.com/wp-content/uploads/2026/07/267-184-S8b_SR_10332210-215x300.webp
https://minnano-toreka.com/wp-content/uploads/2026/07/201-187_SAR_10330277.webp,https://minnano-toreka.com/wp-content/uploads/2026/07/201-187_SAR_10330277-215x300.webp
https://minnano-toreka.com/wp-content/uploads/2026/07/198-187_SR_10316961.webp,https://minnano-toreka.com/wp-content/uploads/2026/07/198-187_SR_10316961-215x300.webp
https://minnano-toreka.com/wp-content/uploads/2026/07/124-106_SR_10315567.webp,https://minnano-toreka.com/wp-content/uploads/2026/07/124-106_SR_10315567-215x300.webp
https://minnano-toreka.com/wp-content/uploads/2026/07/117-102_SR_10316974.webp,https://minnano-toreka.com/wp-content/uploads/2026/07/117-102_SR_10316974-215x300.webp
https://minnano-toreka.com/wp-content/uploads/2026/07/085-064_SR_10316509.webp,https://minnano-toreka.com/wp-content/uploads/2026/07/085-064_SR_10316509-215x300.webp
https://minnano-toreka.com/wp-content/uploads/2026/07/061-054_SR_10332201.webp,https://minnano-toreka.com/wp-content/uploads/2026/07/061-054_SR_10332201-215x300.webp
https://minnano-toreka.com/wp-content/uploads/2026/07/134-106_SAR_10315572.webp,https://minnano-toreka.com/wp-content/uploads/2026/07/134-106_SAR_10315572-215x300.webp
https://minnano-toreka.com/wp-content/uploads/2026/07/none_none_10330166.webp,https://minnano-toreka.com/wp-content/uploads/2026/07/none_none_10330166-300x300.webp
https://minnano-toreka.com/wp-content/uploads/2026/07/084-067_HR_10332188.webp,https://minnano-toreka.com/wp-content/uploads/2026/07/084-067_HR_10332188-213x300.webp
https://minnano-toreka.com/wp-content/uploads/2026/07/095-071_SAR_10239824.webp,https://minnano-toreka.com/wp-content/uploads/2026/07/095-071_SAR_10239824-215x300.webp
https://minnano-toreka.com/wp-content/uploads/2026/07/265-184-S8b_SR_10332194.webp,https://minnano-toreka.com/wp-content/uploads/2026/07/265-184-S8b_SR_10332194-215x300.webp
https://minnano-toreka.com/wp-content/uploads/2026/07/075-071_AR_10308105.webp,https://minnano-toreka.com/wp-content/uploads/2026/07/075-071_AR_10308105-215x300.webp
https://minnano-toreka.com/wp-content/uploads/2026/07/none_none_10261593.webp,https://minnano-toreka.com/wp-content/uploads/2026/07/none_none_10261593-300x300.webp
https://minnano-toreka.com/wp-content/uploads/2026/07/none_none_10261592.webp,https://minnano-toreka.com/wp-content/uploads/2026/07/none_none_10261592-300x229.webp
https://minnano-toreka.com/wp-content/uploads/2026/07/041-066_RR_10329844.webp,https://minnano-toreka.com/wp-content/uploads/2026/07/041-066_RR_10329844-215x300.webp
https://minnano-toreka.com/wp-content/uploads/2026/07/095-071_HR_10239468.webp,https://minnano-toreka.com/wp-content/uploads/2026/07/095-071_HR_10239468-215x300.webp
https://minnano-toreka.com/wp-content/uploads/2026/07/087-071_SR_10240264.webp,https://minnano-toreka.com/wp-content/uploads/2026/07/087-071_SR_10240264-215x300.webp
https://minnano-toreka.com/wp-content/uploads/2026/07/103-078_SAR_10307099.webp,https://minnano-toreka.com/wp-content/uploads/2026/07/103-078_SAR_10307099-215x300.webp
https://minnano-toreka.com/wp-content/uploads/2026/07/135-108_SAR_10330268.webp,https://minnano-toreka.com/wp-content/uploads/2026/07/135-108_SAR_10330268-215x300.webp
https://minnano-toreka.com/wp-content/uploads/2026/07/185-S_S-P_10269842.webp,https://minnano-toreka.com/wp-content/uploads/2026/07/185-S_S-P_10269842-215x300.webp
https://minnano-toreka.com/wp-content/uploads/2026/07/113-100_SR_10279880.webp,https://minnano-toreka.com/wp-content/uploads/2026/07/113-100_SR_10279880-215x300.webp
https://minnano-toreka.com/wp-content/uploads/2026/07/225-184-S8b_CSR_10316337.webp,https://minnano-toreka.com/wp-content/uploads/2026/07/225-184-S8b_CSR_10316337-213x300.webp
https://minnano-toreka.com/wp-content/uploads/2026/07/none_UR_10307282.webp,https://minnano-toreka.com/wp-content/uploads/2026/07/none_UR_10307282-214x300.webp
https://minnano-toreka.com/wp-content/uploads/2026/07/089-071_SR_10244770.webp,https://minnano-toreka.com/wp-content/uploads/2026/07/089-071_SR_10244770-215x300.webp
https://minnano-toreka.com/wp-content/uploads/2026/07/none_none_10271835.webp,https://minnano-toreka.com/wp-content/uploads/2026/07/none_none_10271835-300x229.webp
https://minnano-toreka.com/wp-content/uploads/2026/07/none_none_10285322.webp,https://minnano-toreka.com/wp-content/uploads/2026/07/none_none_10285322-300x300.webp
https://minnano-toreka.com/wp-content/uploads/2026/07/none_none_10261595.webp,https://minnano-toreka.com/wp-content/uploads/2026/07/none_none_10261595-300x300.webp
https://minnano-toreka.com/wp-content/uploads/2026/07/none_none_10280199.webp,https://minnano-toreka.com/wp-content/uploads/2026/07/none_none_10280199-300x222.webp
https://minnano-toreka.com/wp-content/uploads/2026/07/083-066-SV5a_SR_10263690.webp,https://minnano-toreka.com/wp-content/uploads/2026/07/083-066-SV5a_SR_10263690-215x300.webp
https://minnano-toreka.com/wp-content/uploads/2026/07/001-SM-P_SM-P_10280182.webp,https://minnano-toreka.com/wp-content/uploads/2026/07/001-SM-P_SM-P_10280182-215x300.webp
https://minnano-toreka.com/wp-content/uploads/2026/07/none_none_10281377.webp,https://minnano-toreka.com/wp-content/uploads/2026/07/none_none_10281377-300x229.webp
https://minnano-toreka.com/wp-content/uploads/2026/07/none_none_10264133.webp,https://minnano-toreka.com/wp-content/uploads/2026/07/none_none_10264133-300x300.webp
https://minnano-toreka.com/wp-content/uploads/2026/07/233-XY-P-XY_P_10341432.webp,https://minnano-toreka.com/wp-content/uploads/2026/07/233-XY-P-XY_P_10341432-215x300.webp
https://minnano-toreka.com/wp-content/uploads/2026/07/065-063_AR_10336789.webp,https://minnano-toreka.com/wp-content/uploads/2026/07/065-063_AR_10336789-215x300.webp
https://minnano-toreka.com/wp-content/uploads/2026/07/084-165_C_10346773.webp,https://minnano-toreka.com/wp-content/uploads/2026/07/084-165_C_10346773-215x300.webp
https://minnano-toreka.com/wp-content/uploads/2026/07/153-086-SV11B_AR_10334034.webp,https://minnano-toreka.com/wp-content/uploads/2026/07/153-086-SV11B_AR_10334034-215x300.webp
https://minnano-toreka.com/wp-content/uploads/2026/07/116-086_AR_10334044.webp,https://minnano-toreka.com/wp-content/uploads/2026/07/116-086_AR_10334044-215x300.webp
https://minnano-toreka.com/wp-content/uploads/2026/07/092-086_AR_10334064.webp,https://minnano-toreka.com/wp-content/uploads/2026/07/092-086_AR_10334064-215x300.webp
https://minnano-toreka.com/wp-content/uploads/2026/07/153-165_U_10346771.webp,https://minnano-toreka.com/wp-content/uploads/2026/07/153-165_U_10346771-215x300.webp
https://minnano-toreka.com/wp-content/uploads/2026/07/029-171_none_10339854.webp,https://minnano-toreka.com/wp-content/uploads/2026/07/029-171_none_10339854-215x300.webp
https://minnano-toreka.com/wp-content/uploads/2026/07/109-108_AR_10306243.webp,https://minnano-toreka.com/wp-content/uploads/2026/07/109-108_AR_10306243-215x300.webp
https://minnano-toreka.com/wp-content/uploads/2026/07/085-165_R_10346303.webp,https://minnano-toreka.com/wp-content/uploads/2026/07/085-165_R_10346303-215x300.webp
https://minnano-toreka.com/wp-content/uploads/2026/07/129-414-SI_none_10344927.webp,https://minnano-toreka.com/wp-content/uploads/2026/07/129-414-SI_none_10344927-215x300.webp
https://minnano-toreka.com/wp-content/uploads/2026/07/079-063_SR_10336823.webp,https://minnano-toreka.com/wp-content/uploads/2026/07/079-063_SR_10336823-215x300.webp
https://minnano-toreka.com/wp-content/uploads/2026/07/127-414-SI_none_10344928.webp,https://minnano-toreka.com/wp-content/uploads/2026/07/127-414-SI_none_10344928-215x300.webp
https://minnano-toreka.com/wp-content/uploads/2026/07/033-106_RR_10313107.webp,https://minnano-toreka.com/wp-content/uploads/2026/07/033-106_RR_10313107-215x300.webp
https://minnano-toreka.com/wp-content/uploads/2026/07/068-064_AR_10306079.webp,https://minnano-toreka.com/wp-content/uploads/2026/07/068-064_AR_10306079-215x300.webp
https://minnano-toreka.com/wp-content/uploads/2026/07/070-064_AR_10306011.webp,https://minnano-toreka.com/wp-content/uploads/2026/07/070-064_AR_10306011-215x300.webp
https://minnano-toreka.com/wp-content/uploads/2026/07/075-066_AR_10260646.webp,https://minnano-toreka.com/wp-content/uploads/2026/07/075-066_AR_10260646-215x300.webp
https://minnano-toreka.com/wp-content/uploads/2026/07/115-094-sm11_UR_10344103.webp,https://minnano-toreka.com/wp-content/uploads/2026/07/115-094-sm11_UR_10344103-215x300.webp
https://minnano-toreka.com/wp-content/uploads/2026/07/077-071_AR_10306143.webp,https://minnano-toreka.com/wp-content/uploads/2026/07/077-071_AR_10306143-215x300.webp
https://minnano-toreka.com/wp-content/uploads/2026/07/106-098-S12_SR_10346293.webp,https://minnano-toreka.com/wp-content/uploads/2026/07/106-098-S12_SR_10346293-215x300.webp
https://minnano-toreka.com/wp-content/uploads/2026/07/073-071_AR_10240024.webp,https://minnano-toreka.com/wp-content/uploads/2026/07/073-071_AR_10240024-215x300.webp
https://minnano-toreka.com/wp-content/uploads/2026/07/074-165_C_10346747.webp,https://minnano-toreka.com/wp-content/uploads/2026/07/074-165_C_10346747-215x300.webp
https://minnano-toreka.com/wp-content/uploads/2026/07/061-049_CHR_10304919.webp,https://minnano-toreka.com/wp-content/uploads/2026/07/061-049_CHR_10304919-215x300.webp
https://minnano-toreka.com/wp-content/uploads/2026/07/001-028_none_10281455.webp,https://minnano-toreka.com/wp-content/uploads/2026/07/001-028_none_10281455-215x300.webp
https://minnano-toreka.com/wp-content/uploads/2026/07/113-086_AR_10333897.webp,https://minnano-toreka.com/wp-content/uploads/2026/07/113-086_AR_10333897-215x300.webp
https://minnano-toreka.com/wp-content/uploads/2026/07/200-184_CHR_10239458.webp,https://minnano-toreka.com/wp-content/uploads/2026/07/200-184_CHR_10239458-215x300.webp
https://minnano-toreka.com/wp-content/uploads/2026/07/084-078_AR_10239896.webp,https://minnano-toreka.com/wp-content/uploads/2026/07/084-078_AR_10239896-215x300.webp
https://minnano-toreka.com/wp-content/uploads/2026/07/079-063_SR_10336801.webp,https://minnano-toreka.com/wp-content/uploads/2026/07/079-063_SR_10336801-215x300.webp
https://minnano-toreka.com/wp-content/uploads/2026/07/076-066_AR_10239739.webp,https://minnano-toreka.com/wp-content/uploads/2026/07/076-066_AR_10239739-215x300.webp
https://minnano-toreka.com/wp-content/uploads/2026/07/241-172_SAR_10239669.webp,https://minnano-toreka.com/wp-content/uploads/2026/07/241-172_SAR_10239669-215x300.webp
https://minnano-toreka.com/wp-content/uploads/2026/07/070-062_AR_10240094.webp,https://minnano-toreka.com/wp-content/uploads/2026/07/070-062_AR_10240094-215x300.webp
https://minnano-toreka.com/wp-content/uploads/2026/07/282-184_UR_10240871.webp,https://minnano-toreka.com/wp-content/uploads/2026/07/282-184_UR_10240871-215x300.webp
https://minnano-toreka.com/wp-content/uploads/2026/07/328-190_UR_10241010.webp,https://minnano-toreka.com/wp-content/uploads/2026/07/328-190_UR_10241010-213x300.webp
https://minnano-toreka.com/wp-content/uploads/2026/07/231-172_SAR_10330274.webp,https://minnano-toreka.com/wp-content/uploads/2026/07/231-172_SAR_10330274-215x300.webp
https://minnano-toreka.com/wp-content/uploads/2026/07/098-071_UR_10244748.webp,https://minnano-toreka.com/wp-content/uploads/2026/07/098-071_UR_10244748-215x300.webp
https://minnano-toreka.com/wp-content/uploads/2026/07/082-078_AR_10240235.webp,https://minnano-toreka.com/wp-content/uploads/2026/07/082-078_AR_10240235-215x300.webp
https://minnano-toreka.com/wp-content/uploads/2026/07/087-066_SR_10240243.webp,https://minnano-toreka.com/wp-content/uploads/2026/07/087-066_SR_10240243-215x300.webp
https://minnano-toreka.com/wp-content/uploads/2026/07/099-069_UR_10305318.webp,https://minnano-toreka.com/wp-content/uploads/2026/07/099-069_UR_10305318-214x300.webp
https://minnano-toreka.com/wp-content/uploads/2026/07/084-066_SR_10240440.webp,https://minnano-toreka.com/wp-content/uploads/2026/07/084-066_SR_10240440-215x300.webp
https://minnano-toreka.com/wp-content/uploads/2026/07/003-021-MBG_RR_10346961.webp,https://minnano-toreka.com/wp-content/uploads/2026/07/003-021-MBG_RR_10346961-215x300.webp
https://minnano-toreka.com/wp-content/uploads/2026/07/001-021_none_10239461.webp,https://minnano-toreka.com/wp-content/uploads/2026/07/001-021_none_10239461-215x300.webp
https://minnano-toreka.com/wp-content/uploads/2026/07/102-073_UR_10240314.webp,https://minnano-toreka.com/wp-content/uploads/2026/07/102-073_UR_10240314-215x300.webp
https://minnano-toreka.com/wp-content/uploads/2026/07/117-095_UR_10344194.webp,https://minnano-toreka.com/wp-content/uploads/2026/07/117-095_UR_10344194-215x300.webp
https://minnano-toreka.com/wp-content/uploads/2026/07/087-066_SR_10260649.webp,https://minnano-toreka.com/wp-content/uploads/2026/07/087-066_SR_10260649-215x300.webp
https://minnano-toreka.com/wp-content/uploads/2026/07/094-066_UR_10260676.webp,https://minnano-toreka.com/wp-content/uploads/2026/07/094-066_UR_10260676-215x300.webp
https://minnano-toreka.com/wp-content/uploads/2026/07/114-165_C_10346955.webp,https://minnano-toreka.com/wp-content/uploads/2026/07/114-165_C_10346955-215x300.webp
https://minnano-toreka.com/wp-content/uploads/2026/07/107-101_AR_10276117.webp,https://minnano-toreka.com/wp-content/uploads/2026/07/107-101_AR_10276117-215x300.webp
https://minnano-toreka.com/wp-content/uploads/2026/07/086-078_AR_10306142.webp,https://minnano-toreka.com/wp-content/uploads/2026/07/086-078_AR_10306142-215x300.webp
https://minnano-toreka.com/wp-content/uploads/2026/07/101-165_R_10346952.webp,https://minnano-toreka.com/wp-content/uploads/2026/07/101-165_R_10346952-215x300.webp
https://minnano-toreka.com/wp-content/uploads/2026/07/177-172_AR_10306868.webp,https://minnano-toreka.com/wp-content/uploads/2026/07/177-172_AR_10306868-215x300.webp
https://minnano-toreka.com/wp-content/uploads/2026/07/078-073_AR_10240246.webp,https://minnano-toreka.com/wp-content/uploads/2026/07/078-073_AR_10240246-215x300.webp
https://minnano-toreka.com/wp-content/uploads/2026/07/101-102_ACE_10317068.webp,https://minnano-toreka.com/wp-content/uploads/2026/07/101-102_ACE_10317068-215x300.webp
https://minnano-toreka.com/wp-content/uploads/2026/07/121-098_HR_10240260.webp,https://minnano-toreka.com/wp-content/uploads/2026/07/121-098_HR_10240260-215x300.webp
https://minnano-toreka.com/wp-content/uploads/2026/07/156-150_SR_10332181.webp,https://minnano-toreka.com/wp-content/uploads/2026/07/156-150_SR_10332181-215x300.webp
https://minnano-toreka.com/wp-content/uploads/2026/07/138-106_UR_10315957.webp,https://minnano-toreka.com/wp-content/uploads/2026/07/138-106_UR_10315957-215x300.webp
https://minnano-toreka.com/wp-content/uploads/2026/07/243-184_CSR_10316363.webp,https://minnano-toreka.com/wp-content/uploads/2026/07/243-184_CSR_10316363-213x300.webp
https://minnano-toreka.com/wp-content/uploads/2026/07/089-066_SAR_10239754.webp,https://minnano-toreka.com/wp-content/uploads/2026/07/089-066_SAR_10239754-215x300.webp
https://minnano-toreka.com/wp-content/uploads/2026/07/233-172_SAR_10330276.webp,https://minnano-toreka.com/wp-content/uploads/2026/07/233-172_SAR_10330276-215x300.webp
https://minnano-toreka.com/wp-content/uploads/2026/07/215-184_CSR_10330271.webp,https://minnano-toreka.com/wp-content/uploads/2026/07/215-184_CSR_10330271-215x300.webp
https://minnano-toreka.com/wp-content/uploads/2026/07/093-064_UR_10315575.webp,https://minnano-toreka.com/wp-content/uploads/2026/07/093-064_UR_10315575-215x300.webp
https://minnano-toreka.com/wp-content/uploads/2026/07/090-071_SR_10240108.webp,https://minnano-toreka.com/wp-content/uploads/2026/07/090-071_SR_10240108-215x300.webp
https://minnano-toreka.com/wp-content/uploads/2026/07/327-190_SSR_10240090.webp,https://minnano-toreka.com/wp-content/uploads/2026/07/327-190_SSR_10240090-215x300.webp
https://minnano-toreka.com/wp-content/uploads/2026/07/133-108_SAR_10239720.webp,https://minnano-toreka.com/wp-content/uploads/2026/07/133-108_SAR_10239720-215x300.webp
https://minnano-toreka.com/wp-content/uploads/2026/07/119-098_SR_10332280.webp,https://minnano-toreka.com/wp-content/uploads/2026/07/119-098_SR_10332280-215x300.webp
https://minnano-toreka.com/wp-content/uploads/2026/07/123-098_SR_10332277.webp,https://minnano-toreka.com/wp-content/uploads/2026/07/123-098_SR_10332277-215x300.webp
https://minnano-toreka.com/wp-content/uploads/2026/07/117-098_SR_10332275.webp,https://minnano-toreka.com/wp-content/uploads/2026/07/117-098_SR_10332275-215x300.webp
https://minnano-toreka.com/wp-content/uploads/2026/07/081-070_SR_10332195.webp,https://minnano-toreka.com/wp-content/uploads/2026/07/081-070_SR_10332195-215x300.webp
https://minnano-toreka.com/wp-content/uploads/2026/07/138-108_SAR_10239746.webp,https://minnano-toreka.com/wp-content/uploads/2026/07/138-108_SAR_10239746-215x300.webp
https://minnano-toreka.com/wp-content/uploads/2026/07/239-184-S8b_CSR_10306538.webp,https://minnano-toreka.com/wp-content/uploads/2026/07/239-184-S8b_CSR_10306538-214x300.webp
https://minnano-toreka.com/wp-content/uploads/2026/07/238-172_SAR_10332113.webp,https://minnano-toreka.com/wp-content/uploads/2026/07/238-172_SAR_10332113-215x300.webp
https://minnano-toreka.com/wp-content/uploads/2026/07/213-187_SAR_10317148.webp,https://minnano-toreka.com/wp-content/uploads/2026/07/213-187_SAR_10317148-215x300.webp
https://minnano-toreka.com/wp-content/uploads/2026/07/221-184_CSR_10306572.webp,https://minnano-toreka.com/wp-content/uploads/2026/07/221-184_CSR_10306572-213x300.webp
https://minnano-toreka.com/wp-content/uploads/2026/07/none_UR_10307269.webp,https://minnano-toreka.com/wp-content/uploads/2026/07/none_UR_10307269-215x300.webp
https://minnano-toreka.com/wp-content/uploads/2026/07/089-070_HR_10332196.webp,https://minnano-toreka.com/wp-content/uploads/2026/07/089-070_HR_10332196-210x300.webp
https://minnano-toreka.com/wp-content/uploads/2026/07/072-060_HR_10239470.webp,https://minnano-toreka.com/wp-content/uploads/2026/07/072-060_HR_10239470-216x300.webp
https://minnano-toreka.com/wp-content/uploads/2026/07/none_none_10271838.webp,https://minnano-toreka.com/wp-content/uploads/2026/07/none_none_10271838-300x300.webp
https://minnano-toreka.com/wp-content/uploads/2026/07/none_none_10261597.webp,https://minnano-toreka.com/wp-content/uploads/2026/07/none_none_10261597-300x300.webp
https://minnano-toreka.com/wp-content/uploads/2026/07/none_none_10261561.webp,https://minnano-toreka.com/wp-content/uploads/2026/07/none_none_10261561-217x300.webp
https://minnano-toreka.com/wp-content/uploads/2026/07/074-070_SR_10240207.webp,https://minnano-toreka.com/wp-content/uploads/2026/07/074-070_SR_10240207-215x300.webp
https://minnano-toreka.com/wp-content/uploads/2026/07/093-066_UR_10240104.webp,https://minnano-toreka.com/wp-content/uploads/2026/07/093-066_UR_10240104-215x300.webp
https://minnano-toreka.com/wp-content/uploads/2026/07/001-031_RR_10274053.webp,https://minnano-toreka.com/wp-content/uploads/2026/07/001-031_RR_10274053-215x300.webp
https://minnano-toreka.com/wp-content/uploads/2026/07/118-095-sm9_UR_10344204.webp,https://minnano-toreka.com/wp-content/uploads/2026/07/118-095-sm9_UR_10344204-215x300.webp
https://minnano-toreka.com/wp-content/uploads/2026/07/194-165_SR_10343964.webp,https://minnano-toreka.com/wp-content/uploads/2026/07/194-165_SR_10343964-215x300.webp
https://minnano-toreka.com/wp-content/uploads/2026/07/095-066_UR_10260645.webp,https://minnano-toreka.com/wp-content/uploads/2026/07/095-066_UR_10260645-215x300.webp
https://minnano-toreka.com/wp-content/uploads/2026/07/116-095-sm10_UR_10344213.webp,https://minnano-toreka.com/wp-content/uploads/2026/07/116-095-sm10_UR_10344213-214x300.webp
https://minnano-toreka.com/wp-content/uploads/2026/07/065-060_SR_10343962.webp,https://minnano-toreka.com/wp-content/uploads/2026/07/065-060_SR_10343962-215x300.webp
https://minnano-toreka.com/wp-content/uploads/2026/07/087-086_AR_10334055.webp,https://minnano-toreka.com/wp-content/uploads/2026/07/087-086_AR_10334055-215x300.webp
https://minnano-toreka.com/wp-content/uploads/2026/07/111-100_SR_10239758.webp,https://minnano-toreka.com/wp-content/uploads/2026/07/111-100_SR_10239758-215x300.webp
https://minnano-toreka.com/wp-content/uploads/2026/07/092-073_SR_10239359.webp,https://minnano-toreka.com/wp-content/uploads/2026/07/092-073_SR_10239359-215x300.webp
https://minnano-toreka.com/wp-content/uploads/2026/07/051-049_CHR_10239063.webp,https://minnano-toreka.com/wp-content/uploads/2026/07/051-049_CHR_10239063-215x300.webp
https://minnano-toreka.com/wp-content/uploads/2026/07/208-172_AR_10240230.webp,https://minnano-toreka.com/wp-content/uploads/2026/07/208-172_AR_10240230-215x300.webp
https://minnano-toreka.com/wp-content/uploads/2026/07/083-078_AR_10240238.webp,https://minnano-toreka.com/wp-content/uploads/2026/07/083-078_AR_10240238-215x300.webp
https://minnano-toreka.com/wp-content/uploads/2026/07/112-101_AR_10276909.webp,https://minnano-toreka.com/wp-content/uploads/2026/07/112-101_AR_10276909-215x300.webp
https://minnano-toreka.com/wp-content/uploads/2026/07/079-067_SR_10239774.webp,https://minnano-toreka.com/wp-content/uploads/2026/07/079-067_SR_10239774-215x300.webp
https://minnano-toreka.com/wp-content/uploads/2026/07/074-071_AR_10241025.webp,https://minnano-toreka.com/wp-content/uploads/2026/07/074-071_AR_10241025-215x300.webp
https://minnano-toreka.com/wp-content/uploads/2026/07/119-100-s4_UR_10240873.webp,https://minnano-toreka.com/wp-content/uploads/2026/07/119-100-s4_UR_10240873-209x300.webp
https://minnano-toreka.com/wp-content/uploads/2026/07/167-165_AR_10239810.webp,https://minnano-toreka.com/wp-content/uploads/2026/07/167-165_AR_10239810-215x300.webp
https://minnano-toreka.com/wp-content/uploads/2026/07/069-064_AR_10308157.webp,https://minnano-toreka.com/wp-content/uploads/2026/07/069-064_AR_10308157-215x300.webp
https://minnano-toreka.com/wp-content/uploads/2026/07/025-025_none_10341028.webp,https://minnano-toreka.com/wp-content/uploads/2026/07/025-025_none_10341028-215x300.webp
https://minnano-toreka.com/wp-content/uploads/2026/07/218-184_CSR_10330279.webp,https://minnano-toreka.com/wp-content/uploads/2026/07/218-184_CSR_10330279-215x300.webp
https://minnano-toreka.com/wp-content/uploads/2026/07/135-086_AR_10334033.webp,https://minnano-toreka.com/wp-content/uploads/2026/07/135-086_AR_10334033-215x300.webp
https://minnano-toreka.com/wp-content/uploads/2026/07/124-086_AR_10333964.webp,https://minnano-toreka.com/wp-content/uploads/2026/07/124-086_AR_10333964-215x300.webp
https://minnano-toreka.com/wp-content/uploads/2026/07/005-015-S8a-G_none_10344732.webp,https://minnano-toreka.com/wp-content/uploads/2026/07/005-015-S8a-G_none_10344732-213x300.webp
https://minnano-toreka.com/wp-content/uploads/2026/07/120-165_C_10346301.webp,https://minnano-toreka.com/wp-content/uploads/2026/07/120-165_C_10346301-215x300.webp
https://minnano-toreka.com/wp-content/uploads/2026/07/249-184-S8b_CSR_10346294.webp,https://minnano-toreka.com/wp-content/uploads/2026/07/249-184-S8b_CSR_10346294-214x300.webp
https://minnano-toreka.com/wp-content/uploads/2026/07/089-067_UR_10346963.webp,https://minnano-toreka.com/wp-content/uploads/2026/07/089-067_UR_10346963-213x300.webp
https://minnano-toreka.com/wp-content/uploads/2026/07/083-073_AR_10239778.webp,https://minnano-toreka.com/wp-content/uploads/2026/07/083-073_AR_10239778-215x300.webp
https://minnano-toreka.com/wp-content/uploads/2026/07/100-165_C_10346812.webp,https://minnano-toreka.com/wp-content/uploads/2026/07/100-165_C_10346812-215x300.webp
https://minnano-toreka.com/wp-content/uploads/2026/07/174-165_AR_10306582.webp,https://minnano-toreka.com/wp-content/uploads/2026/07/174-165_AR_10306582-215x300.webp
https://minnano-toreka.com/wp-content/uploads/2026/07/092-068_UR_10344202.webp,https://minnano-toreka.com/wp-content/uploads/2026/07/092-068_UR_10344202-221x300.webp
https://minnano-toreka.com/wp-content/uploads/2026/07/249-193-M2a_SAR_10347065.webp,https://minnano-toreka.com/wp-content/uploads/2026/07/249-193-M2a_SAR_10347065-215x300.webp
https://minnano-toreka.com/wp-content/uploads/2026/07/075-165_U_10346768.webp,https://minnano-toreka.com/wp-content/uploads/2026/07/075-165_U_10346768-215x300.webp
https://minnano-toreka.com/wp-content/uploads/2026/07/129-106_SR_10315547.webp,https://minnano-toreka.com/wp-content/uploads/2026/07/129-106_SR_10315547-215x300.webp
https://minnano-toreka.com/wp-content/uploads/2026/07/094-070-S5a_UR_10344104.webp,https://minnano-toreka.com/wp-content/uploads/2026/07/094-070-S5a_UR_10344104-214x300.webp
https://minnano-toreka.com/wp-content/uploads/2026/07/109-095-sm8_UR_10344100.webp,https://minnano-toreka.com/wp-content/uploads/2026/07/109-095-sm8_UR_10344100-213x300.webp
https://minnano-toreka.com/wp-content/uploads/2026/07/092-078-SV1S_SR_10341444.webp,https://minnano-toreka.com/wp-content/uploads/2026/07/092-078-SV1S_SR_10341444-215x300.webp
https://minnano-toreka.com/wp-content/uploads/2026/07/071-062_AR_10240438.webp,https://minnano-toreka.com/wp-content/uploads/2026/07/071-062_AR_10240438-215x300.webp
https://minnano-toreka.com/wp-content/uploads/2026/07/220-187_SAR_10317146.webp,https://minnano-toreka.com/wp-content/uploads/2026/07/220-187_SAR_10317146-215x300.webp
https://minnano-toreka.com/wp-content/uploads/2026/07/094-094_TR_10239726.webp,https://minnano-toreka.com/wp-content/uploads/2026/07/094-094_TR_10239726-215x300.webp
https://minnano-toreka.com/wp-content/uploads/2026/07/none_UR_10307272.webp,https://minnano-toreka.com/wp-content/uploads/2026/07/none_UR_10307272-214x300.webp
https://minnano-toreka.com/wp-content/uploads/2026/07/232-172_SAR_10316960.webp,https://minnano-toreka.com/wp-content/uploads/2026/07/232-172_SAR_10316960-215x300.webp
https://minnano-toreka.com/wp-content/uploads/2026/07/072-173-SM12a_RR_10329849.webp,https://minnano-toreka.com/wp-content/uploads/2026/07/072-173-SM12a_RR_10329849-215x300.webp
https://minnano-toreka.com/wp-content/uploads/2026/07/093-XY-P-XY_RR_10329899.webp,https://minnano-toreka.com/wp-content/uploads/2026/07/093-XY-P-XY_RR_10329899-215x300.webp
https://minnano-toreka.com/wp-content/uploads/2026/07/116-098_SR_10332278.webp,https://minnano-toreka.com/wp-content/uploads/2026/07/116-098_SR_10332278-215x300.webp
https://minnano-toreka.com/wp-content/uploads/2026/07/230-187_SAR_10317170.webp,https://minnano-toreka.com/wp-content/uploads/2026/07/230-187_SAR_10317170-215x300.webp
https://minnano-toreka.com/wp-content/uploads/2026/07/091-070_HR_10332214.webp,https://minnano-toreka.com/wp-content/uploads/2026/07/091-070_HR_10332214-213x300.webp
https://minnano-toreka.com/wp-content/uploads/2026/07/237-187_UR_10316855.webp,https://minnano-toreka.com/wp-content/uploads/2026/07/237-187_UR_10316855-215x300.webp
https://minnano-toreka.com/wp-content/uploads/2026/07/126-102_SR_10317080.webp,https://minnano-toreka.com/wp-content/uploads/2026/07/126-102_SR_10317080-215x300.webp
https://minnano-toreka.com/wp-content/uploads/2026/07/126-101_SAR_10298230.webp,https://minnano-toreka.com/wp-content/uploads/2026/07/126-101_SAR_10298230-215x300.webp
https://minnano-toreka.com/wp-content/uploads/2026/07/165-086_SR_10334035.webp,https://minnano-toreka.com/wp-content/uploads/2026/07/165-086_SR_10334035-215x300.webp
https://minnano-toreka.com/wp-content/uploads/2026/07/351-190_SAR_10239819.webp,https://minnano-toreka.com/wp-content/uploads/2026/07/351-190_SAR_10239819-215x300.webp
https://minnano-toreka.com/wp-content/uploads/2026/07/118-098_SR_10332271.webp,https://minnano-toreka.com/wp-content/uploads/2026/07/118-098_SR_10332271-215x300.webp
https://minnano-toreka.com/wp-content/uploads/2026/07/102-100_AR_10317158.webp,https://minnano-toreka.com/wp-content/uploads/2026/07/102-100_AR_10317158-215x300.webp
https://minnano-toreka.com/wp-content/uploads/2026/07/117-100_UR_10240886.webp,https://minnano-toreka.com/wp-content/uploads/2026/07/117-100_UR_10240886-214x300.webp
https://minnano-toreka.com/wp-content/uploads/2026/07/237-172_SAR_10332203.webp,https://minnano-toreka.com/wp-content/uploads/2026/07/237-172_SAR_10332203-215x300.webp
https://minnano-toreka.com/wp-content/uploads/2026/07/118-100_UR_10240889.webp,https://minnano-toreka.com/wp-content/uploads/2026/07/118-100_UR_10240889-211x300.webp
https://minnano-toreka.com/wp-content/uploads/2026/07/229-172_SAR_10239820.webp,https://minnano-toreka.com/wp-content/uploads/2026/07/229-172_SAR_10239820-215x300.webp
https://minnano-toreka.com/wp-content/uploads/2026/07/228-187_SAR_10317156.webp,https://minnano-toreka.com/wp-content/uploads/2026/07/228-187_SAR_10317156-215x300.webp
https://minnano-toreka.com/wp-content/uploads/2026/07/240-172_SAR_10239681.webp,https://minnano-toreka.com/wp-content/uploads/2026/07/240-172_SAR_10239681-215x300.webp
https://minnano-toreka.com/wp-content/uploads/2026/07/none_none_10330167.webp,https://minnano-toreka.com/wp-content/uploads/2026/07/none_none_10330167-300x260.webp
https://minnano-toreka.com/wp-content/uploads/2026/07/099-173_RR_10241031.webp,https://minnano-toreka.com/wp-content/uploads/2026/07/099-173_RR_10241031-215x300.webp
https://minnano-toreka.com/wp-content/uploads/2026/07/086-067_HR_10240324.webp,https://minnano-toreka.com/wp-content/uploads/2026/07/086-067_HR_10240324-212x300.webp
https://minnano-toreka.com/wp-content/uploads/2026/07/081-066_SR_10260641.webp,https://minnano-toreka.com/wp-content/uploads/2026/07/081-066_SR_10260641-215x300.webp
https://minnano-toreka.com/wp-content/uploads/2026/07/196-190_SR_10239722.webp,https://minnano-toreka.com/wp-content/uploads/2026/07/196-190_SR_10239722-215x300.webp
https://minnano-toreka.com/wp-content/uploads/2026/07/085-067_HR_10240576.webp,https://minnano-toreka.com/wp-content/uploads/2026/07/085-067_HR_10240576-210x300.webp
https://minnano-toreka.com/wp-content/uploads/2026/07/none_none_10261559.webp,https://minnano-toreka.com/wp-content/uploads/2026/07/none_none_10261559-300x229.webp
https://minnano-toreka.com/wp-content/uploads/2026/07/078-064_UR_10344195.webp,https://minnano-toreka.com/wp-content/uploads/2026/07/078-064_UR_10344195-218x300.webp
https://minnano-toreka.com/wp-content/uploads/2026/07/095-165_U_10346748.webp,https://minnano-toreka.com/wp-content/uploads/2026/07/095-165_U_10346748-215x300.webp
https://minnano-toreka.com/wp-content/uploads/2026/07/077-071_CHR_10304917.webp,https://minnano-toreka.com/wp-content/uploads/2026/07/077-071_CHR_10304917-215x300.webp
https://minnano-toreka.com/wp-content/uploads/2026/07/231-187_SAR_10317180.webp,https://minnano-toreka.com/wp-content/uploads/2026/07/231-187_SAR_10317180-215x300.webp
https://minnano-toreka.com/wp-content/uploads/2026/07/none_none_10344615.webp,https://minnano-toreka.com/wp-content/uploads/2026/07/none_none_10344615-223x300.webp
https://minnano-toreka.com/wp-content/uploads/2026/07/176-165_AR_10240437.webp,https://minnano-toreka.com/wp-content/uploads/2026/07/176-165_AR_10240437-215x300.webp
https://minnano-toreka.com/wp-content/uploads/2026/07/249-172_SR_10239456.webp,https://minnano-toreka.com/wp-content/uploads/2026/07/249-172_SR_10239456-215x300.webp
https://minnano-toreka.com/wp-content/uploads/2026/07/064-165_U_10341120.webp,https://minnano-toreka.com/wp-content/uploads/2026/07/064-165_U_10341120-215x300.webp
https://minnano-toreka.com/wp-content/uploads/2026/07/281-184_UR_10305316.webp,https://minnano-toreka.com/wp-content/uploads/2026/07/281-184_UR_10305316-213x300.webp
https://minnano-toreka.com/wp-content/uploads/2026/07/057-049_CHR_10239459.webp,https://minnano-toreka.com/wp-content/uploads/2026/07/057-049_CHR_10239459-215x300.webp
https://minnano-toreka.com/wp-content/uploads/2026/07/079-064-sm11a_UR_10344183.webp,https://minnano-toreka.com/wp-content/uploads/2026/07/079-064-sm11a_UR_10344183-212x300.webp
https://minnano-toreka.com/wp-content/uploads/2026/07/154-165_C_10346948.webp,https://minnano-toreka.com/wp-content/uploads/2026/07/154-165_C_10346948-215x300.webp
https://minnano-toreka.com/wp-content/uploads/2026/07/090-063_SAR_10336827.webp,https://minnano-toreka.com/wp-content/uploads/2026/07/090-063_SAR_10336827-215x300.webp
https://minnano-toreka.com/wp-content/uploads/2026/07/037-165_C_10346962.webp,https://minnano-toreka.com/wp-content/uploads/2026/07/037-165_C_10346962-215x300.webp
https://minnano-toreka.com/wp-content/uploads/2026/07/063-052_UR_10305333.webp,https://minnano-toreka.com/wp-content/uploads/2026/07/063-052_UR_10305333-213x300.webp
https://minnano-toreka.com/wp-content/uploads/2026/07/099-071_UR_10244732.webp,https://minnano-toreka.com/wp-content/uploads/2026/07/099-071_UR_10244732-215x300.webp
https://minnano-toreka.com/wp-content/uploads/2026/07/073-071_AR_10241729.webp,https://minnano-toreka.com/wp-content/uploads/2026/07/073-071_AR_10241729-215x300.webp
https://minnano-toreka.com/wp-content/uploads/2026/07/075-073_AR_10239764.webp,https://minnano-toreka.com/wp-content/uploads/2026/07/075-073_AR_10239764-215x300.webp
https://minnano-toreka.com/wp-content/uploads/2026/07/016-165_C_10346300.webp,https://minnano-toreka.com/wp-content/uploads/2026/07/016-165_C_10346300-215x300.webp
https://minnano-toreka.com/wp-content/uploads/2026/07/117-086_AR_10334047.webp,https://minnano-toreka.com/wp-content/uploads/2026/07/117-086_AR_10334047-215x300.webp
https://minnano-toreka.com/wp-content/uploads/2026/07/003-015_none_10329751.webp,https://minnano-toreka.com/wp-content/uploads/2026/07/003-015_none_10329751-213x300.webp
https://minnano-toreka.com/wp-content/uploads/2026/07/078-063_SR_10336815.webp,https://minnano-toreka.com/wp-content/uploads/2026/07/078-063_SR_10336815-215x300.webp
https://minnano-toreka.com/wp-content/uploads/2026/07/117-165_U_10346770.webp,https://minnano-toreka.com/wp-content/uploads/2026/07/117-165_U_10346770-215x300.webp
https://minnano-toreka.com/wp-content/uploads/2026/07/017-025_none_10341063.webp,https://minnano-toreka.com/wp-content/uploads/2026/07/017-025_none_10341063-215x300.webp
https://minnano-toreka.com/wp-content/uploads/2026/07/none_S-P_10346467.webp,https://minnano-toreka.com/wp-content/uploads/2026/07/none_S-P_10346467-210x300.webp
https://minnano-toreka.com/wp-content/uploads/2026/07/110-108_AR_10239768.webp,https://minnano-toreka.com/wp-content/uploads/2026/07/110-108_AR_10239768-215x300.webp
https://minnano-toreka.com/wp-content/uploads/2026/07/074-066_AR_10306111.webp,https://minnano-toreka.com/wp-content/uploads/2026/07/074-066_AR_10306111-215x300.webp
https://minnano-toreka.com/wp-content/uploads/2026/07/098-069-S6a_UR_10341548.webp,https://minnano-toreka.com/wp-content/uploads/2026/07/098-069-S6a_UR_10341548-215x300.webp
https://minnano-toreka.com/wp-content/uploads/2026/07/127-165-SV2a_U_10341282.webp,https://minnano-toreka.com/wp-content/uploads/2026/07/127-165-SV2a_U_10341282-215x300.webp
https://minnano-toreka.com/wp-content/uploads/2026/07/098-165-SV2a_C_10341234.webp,https://minnano-toreka.com/wp-content/uploads/2026/07/098-165-SV2a_C_10341234-215x300.webp
https://minnano-toreka.com/wp-content/uploads/2026/07/099-165-SV2a_U_10341236.webp,https://minnano-toreka.com/wp-content/uploads/2026/07/099-165-SV2a_U_10341236-215x300.webp
https://minnano-toreka.com/wp-content/uploads/2026/07/044-165-SV2a_U_10341235.webp,https://minnano-toreka.com/wp-content/uploads/2026/07/044-165-SV2a_U_10341235-215x300.webp
https://minnano-toreka.com/wp-content/uploads/2026/07/102-086_AR_10334016.webp,https://minnano-toreka.com/wp-content/uploads/2026/07/102-086_AR_10334016-215x300.webp
https://minnano-toreka.com/wp-content/uploads/2026/07/216-172_SAR_10317087.webp,https://minnano-toreka.com/wp-content/uploads/2026/07/216-172_SAR_10317087-215x300.webp
https://minnano-toreka.com/wp-content/uploads/2026/07/none_none_10280884.webp,https://minnano-toreka.com/wp-content/uploads/2026/07/none_none_10280884-300x300.webp
https://minnano-toreka.com/wp-content/uploads/2026/07/247-184_CSR_10330275.webp,https://minnano-toreka.com/wp-content/uploads/2026/07/247-184_CSR_10330275-300x300.webp
https://minnano-toreka.com/wp-content/uploads/2026/07/083-062_SR_10239905.webp,https://minnano-toreka.com/wp-content/uploads/2026/07/083-062_SR_10239905-215x300.webp
https://minnano-toreka.com/wp-content/uploads/2026/07/087-070_HR_10298228.webp,https://minnano-toreka.com/wp-content/uploads/2026/07/087-070_HR_10298228-214x300.webp
https://minnano-toreka.com/wp-content/uploads/2026/07/172-086_SAR_10333904.webp,https://minnano-toreka.com/wp-content/uploads/2026/07/172-086_SAR_10333904-215x300.webp
https://minnano-toreka.com/wp-content/uploads/2026/07/002-030_none_10240156.webp,https://minnano-toreka.com/wp-content/uploads/2026/07/002-030_none_10240156-215x300.webp
https://minnano-toreka.com/wp-content/uploads/2026/07/094-064_UR_10316567.webp,https://minnano-toreka.com/wp-content/uploads/2026/07/094-064_UR_10316567-215x300.webp
https://minnano-toreka.com/wp-content/uploads/2026/07/065-049_SR_10239069.webp,https://minnano-toreka.com/wp-content/uploads/2026/07/065-049_SR_10239069-215x300.webp
https://minnano-toreka.com/wp-content/uploads/2026/07/096-066_UR_10263692.webp,https://minnano-toreka.com/wp-content/uploads/2026/07/096-066_UR_10263692-215x300.webp
https://minnano-toreka.com/wp-content/uploads/2026/07/none_none_10282888.webp,https://minnano-toreka.com/wp-content/uploads/2026/07/none_none_10282888-300x300.webp
https://minnano-toreka.com/wp-content/uploads/2026/07/120-101_SR_10276943.webp,https://minnano-toreka.com/wp-content/uploads/2026/07/120-101_SR_10276943-215x300.webp
https://minnano-toreka.com/wp-content/uploads/2026/07/none_none_10276807.webp,https://minnano-toreka.com/wp-content/uploads/2026/07/none_none_10276807-150x150.webp
https://minnano-toreka.com/wp-content/uploads/2026/07/none_none_10276806.webp,https://minnano-toreka.com/wp-content/uploads/2026/07/none_none_10276806-216x300.webp
https://minnano-toreka.com/wp-content/uploads/2026/07/none_none_10261560.webp,https://minnano-toreka.com/wp-content/uploads/2026/07/none_none_10261560-300x300.webp
https://minnano-toreka.com/wp-content/uploads/2026/07/019-018_none_10329317.webp,https://minnano-toreka.com/wp-content/uploads/2026/07/019-018_none_10329317-215x300.webp
https://minnano-toreka.com/wp-content/uploads/2026/07/046-165-SV2a_C_10341284.webp,https://minnano-toreka.com/wp-content/uploads/2026/07/046-165-SV2a_C_10341284-215x300.webp
https://minnano-toreka.com/wp-content/uploads/2026/07/020-165_U_10341428.webp,https://minnano-toreka.com/wp-content/uploads/2026/07/020-165_U_10341428-215x300.webp
https://minnano-toreka.com/wp-content/uploads/2026/07/113-101_AR_10276911.webp,https://minnano-toreka.com/wp-content/uploads/2026/07/113-101_AR_10276911-215x300.webp
https://minnano-toreka.com/wp-content/uploads/2026/07/033-165-SV2a_U_10341417.webp,https://minnano-toreka.com/wp-content/uploads/2026/07/033-165-SV2a_U_10341417-215x300.webp
https://minnano-toreka.com/wp-content/uploads/2026/07/103-165-SV2a_U_10341424.webp,https://minnano-toreka.com/wp-content/uploads/2026/07/103-165-SV2a_U_10341424-215x300.webp
https://minnano-toreka.com/wp-content/uploads/2026/07/028-071_R_10240029.webp,https://minnano-toreka.com/wp-content/uploads/2026/07/028-071_R_10240029-215x300.webp
https://minnano-toreka.com/wp-content/uploads/2026/07/152-165_U_10341108.webp,https://minnano-toreka.com/wp-content/uploads/2026/07/152-165_U_10341108-215x300.webp
https://minnano-toreka.com/wp-content/uploads/2026/07/137-165_C_10346950.webp,https://minnano-toreka.com/wp-content/uploads/2026/07/137-165_C_10346950-215x300.webp
https://minnano-toreka.com/wp-content/uploads/2026/07/079-071_AR_10240012.webp,https://minnano-toreka.com/wp-content/uploads/2026/07/079-071_AR_10240012-215x300.webp
https://minnano-toreka.com/wp-content/uploads/2026/07/155-165_C_10346949.webp,https://minnano-toreka.com/wp-content/uploads/2026/07/155-165_C_10346949-215x300.webp
https://minnano-toreka.com/wp-content/uploads/2026/07/202-SM-P_none_10345847.webp,https://minnano-toreka.com/wp-content/uploads/2026/07/202-SM-P_none_10345847-215x300.webp
https://minnano-toreka.com/wp-content/uploads/2026/07/014-071_C_10346296.webp,https://minnano-toreka.com/wp-content/uploads/2026/07/014-071_C_10346296-215x300.webp
https://minnano-toreka.com/wp-content/uploads/2026/07/228-193_MA_10347454.webp,https://minnano-toreka.com/wp-content/uploads/2026/07/228-193_MA_10347454-300x300.webp
https://minnano-toreka.com/wp-content/uploads/2026/07/104-086_AR_10333912.webp,https://minnano-toreka.com/wp-content/uploads/2026/07/104-086_AR_10333912-215x300.webp
https://minnano-toreka.com/wp-content/uploads/2026/07/101-073_UR_10240901.webp,https://minnano-toreka.com/wp-content/uploads/2026/07/101-073_UR_10240901-215x300.webp
https://minnano-toreka.com/wp-content/uploads/2026/07/091-063_SAR_10336822.webp,https://minnano-toreka.com/wp-content/uploads/2026/07/091-063_SAR_10336822-215x300.webp
https://minnano-toreka.com/wp-content/uploads/2026/07/091-078_SR_10343952.webp,https://minnano-toreka.com/wp-content/uploads/2026/07/091-078_SR_10343952-215x300.webp
https://minnano-toreka.com/wp-content/uploads/2026/07/164-165_U_10346951.webp,https://minnano-toreka.com/wp-content/uploads/2026/07/164-165_U_10346951-215x300.webp
https://minnano-toreka.com/wp-content/uploads/2026/07/182-165_AR_10240122.webp,https://minnano-toreka.com/wp-content/uploads/2026/07/182-165_AR_10240122-215x300.webp
https://minnano-toreka.com/wp-content/uploads/2026/07/235-184_CSR_10306571.webp,https://minnano-toreka.com/wp-content/uploads/2026/07/235-184_CSR_10306571-213x300.webp
https://minnano-toreka.com/wp-content/uploads/2026/07/070-055-SM9a_UR_10344105.webp,https://minnano-toreka.com/wp-content/uploads/2026/07/070-055-SM9a_UR_10344105-215x300.webp
https://minnano-toreka.com/wp-content/uploads/2026/07/none_none_10343047.webp,https://minnano-toreka.com/wp-content/uploads/2026/07/none_none_10343047-300x229.webp
https://minnano-toreka.com/wp-content/uploads/2026/07/021-028_RR_10340485.webp,https://minnano-toreka.com/wp-content/uploads/2026/07/021-028_RR_10340485-215x300.webp
https://minnano-toreka.com/wp-content/uploads/2026/07/082-063_SR_10329309.webp,https://minnano-toreka.com/wp-content/uploads/2026/07/082-063_SR_10329309-215x300.webp
https://minnano-toreka.com/wp-content/uploads/2026/07/137-108_SAR_10239671.webp,https://minnano-toreka.com/wp-content/uploads/2026/07/137-108_SAR_10239671-215x300.webp
https://minnano-toreka.com/wp-content/uploads/2026/07/139-165_R_10346756.webp,https://minnano-toreka.com/wp-content/uploads/2026/07/139-165_R_10346756-215x300.webp
https://minnano-toreka.com/wp-content/uploads/2026/07/none_1_10335174.webp,https://minnano-toreka.com/wp-content/uploads/2026/07/none_1_10335174-150x300.webp
https://minnano-toreka.com/wp-content/uploads/2026/07/064-063_AR_10336788.webp,https://minnano-toreka.com/wp-content/uploads/2026/07/064-063_AR_10336788-215x300.webp
https://minnano-toreka.com/wp-content/uploads/2026/07/none_UR_10307276.webp,https://minnano-toreka.com/wp-content/uploads/2026/07/none_UR_10307276-216x300.webp
https://minnano-toreka.com/wp-content/uploads/2026/07/122-100_HR_10240110.webp,https://minnano-toreka.com/wp-content/uploads/2026/07/122-100_HR_10240110-215x300.webp
https://minnano-toreka.com/wp-content/uploads/2026/07/053-066_ACE_10263688.webp,https://minnano-toreka.com/wp-content/uploads/2026/07/053-066_ACE_10263688-215x300.webp
https://minnano-toreka.com/wp-content/uploads/2026/07/062-054_UR_10240312.webp,https://minnano-toreka.com/wp-content/uploads/2026/07/062-054_UR_10240312-213x300.webp
https://minnano-toreka.com/wp-content/uploads/2026/07/200-173-sm12a_SR_10332234.webp,https://minnano-toreka.com/wp-content/uploads/2026/07/200-173-sm12a_SR_10332234-215x300.webp
https://minnano-toreka.com/wp-content/uploads/2026/07/121-100_SR_10317144.webp,https://minnano-toreka.com/wp-content/uploads/2026/07/121-100_SR_10317144-215x300.webp
https://minnano-toreka.com/wp-content/uploads/2026/07/089-066_SAR_10260640.webp,https://minnano-toreka.com/wp-content/uploads/2026/07/089-066_SAR_10260640-215x300.webp
https://minnano-toreka.com/wp-content/uploads/2026/07/087-064_SAR_10282896.webp,https://minnano-toreka.com/wp-content/uploads/2026/07/087-064_SAR_10282896-215x300.webp
https://minnano-toreka.com/wp-content/uploads/2026/07/089-071_CSR_10240442.webp,https://minnano-toreka.com/wp-content/uploads/2026/07/089-071_CSR_10240442-215x300.webp
https://minnano-toreka.com/wp-content/uploads/2026/07/090-064_SAR_10330286.webp,https://minnano-toreka.com/wp-content/uploads/2026/07/090-064_SAR_10330286-215x300.webp
https://minnano-toreka.com/wp-content/uploads/2026/07/125-100_UR_10241003.webp,https://minnano-toreka.com/wp-content/uploads/2026/07/125-100_UR_10241003-213x300.webp
https://minnano-toreka.com/wp-content/uploads/2026/07/084-070_HR_10240317.webp,https://minnano-toreka.com/wp-content/uploads/2026/07/084-070_HR_10240317-212x300.webp
https://minnano-toreka.com/wp-content/uploads/2026/07/076-063_SR_10336813.webp,https://minnano-toreka.com/wp-content/uploads/2026/07/076-063_SR_10336813-215x300.webp
https://minnano-toreka.com/wp-content/uploads/2026/07/050-049_CHR_10238712.webp,https://minnano-toreka.com/wp-content/uploads/2026/07/050-049_CHR_10238712-215x300.webp
https://minnano-toreka.com/wp-content/uploads/2026/07/184-165_SR_10239753.webp,https://minnano-toreka.com/wp-content/uploads/2026/07/184-165_SR_10239753-215x300.webp
https://minnano-toreka.com/wp-content/uploads/2026/07/048-SM-P_P_10346277.webp,https://minnano-toreka.com/wp-content/uploads/2026/07/048-SM-P_P_10346277-215x300.webp
https://minnano-toreka.com/wp-content/uploads/2026/07/041-165-SV2a_C_10344913.webp,https://minnano-toreka.com/wp-content/uploads/2026/07/041-165-SV2a_C_10344913-215x300.webp
https://minnano-toreka.com/wp-content/uploads/2026/07/113-108_AR_10239767.webp,https://minnano-toreka.com/wp-content/uploads/2026/07/113-108_AR_10239767-215x300.webp
https://minnano-toreka.com/wp-content/uploads/2026/07/084-XY-P-XY_none_10345855.webp,https://minnano-toreka.com/wp-content/uploads/2026/07/084-XY-P-XY_none_10345855-215x300.webp
https://minnano-toreka.com/wp-content/uploads/2026/07/092-XY-P-XY_none_10345858.webp,https://minnano-toreka.com/wp-content/uploads/2026/07/092-XY-P-XY_none_10345858-215x300.webp
https://minnano-toreka.com/wp-content/uploads/2026/07/067-165-SV2a_U_10344926.webp,https://minnano-toreka.com/wp-content/uploads/2026/07/067-165-SV2a_U_10344926-215x300.webp
https://minnano-toreka.com/wp-content/uploads/2026/07/039-165-SV2a_C_10341402.webp,https://minnano-toreka.com/wp-content/uploads/2026/07/039-165-SV2a_C_10341402-215x300.webp
https://minnano-toreka.com/wp-content/uploads/2026/07/091-165-SV2a_U_10341249.webp,https://minnano-toreka.com/wp-content/uploads/2026/07/091-165-SV2a_U_10341249-215x300.webp
https://minnano-toreka.com/wp-content/uploads/2026/07/140-165-SV2a_U_10341242.webp,https://minnano-toreka.com/wp-content/uploads/2026/07/140-165-SV2a_U_10341242-215x300.webp
https://minnano-toreka.com/wp-content/uploads/2026/07/102-165-SV2a_C_10344908.webp,https://minnano-toreka.com/wp-content/uploads/2026/07/102-165-SV2a_C_10344908-215x300.webp
https://minnano-toreka.com/wp-content/uploads/2026/07/116-165-SV2a_C_10344909.webp,https://minnano-toreka.com/wp-content/uploads/2026/07/116-165-SV2a_C_10344909-215x300.webp
https://minnano-toreka.com/wp-content/uploads/2026/07/051-165-SV2a_U_10344910.webp,https://minnano-toreka.com/wp-content/uploads/2026/07/051-165-SV2a_U_10344910-215x300.webp
https://minnano-toreka.com/wp-content/uploads/2026/07/131-101_UR_10276950.webp,https://minnano-toreka.com/wp-content/uploads/2026/07/131-101_UR_10276950-215x300.webp
https://minnano-toreka.com/wp-content/uploads/2026/07/108-165_C_10341409.webp,https://minnano-toreka.com/wp-content/uploads/2026/07/108-165_C_10341409-215x300.webp
https://minnano-toreka.com/wp-content/uploads/2026/07/070-165_C_10341100.webp,https://minnano-toreka.com/wp-content/uploads/2026/07/070-165_C_10341100-215x300.webp
https://minnano-toreka.com/wp-content/uploads/2026/07/031-165-SV2a_U_10341422.webp,https://minnano-toreka.com/wp-content/uploads/2026/07/031-165-SV2a_U_10341422-215x300.webp
https://minnano-toreka.com/wp-content/uploads/2026/07/027-165-SV2a_C_10344918.webp,https://minnano-toreka.com/wp-content/uploads/2026/07/027-165-SV2a_C_10344918-215x300.webp
https://minnano-toreka.com/wp-content/uploads/2026/07/013-165_C_10341390.webp,https://minnano-toreka.com/wp-content/uploads/2026/07/013-165_C_10341390-215x300.webp
https://minnano-toreka.com/wp-content/uploads/2026/07/106-165-SV2a_U_10344919.webp,https://minnano-toreka.com/wp-content/uploads/2026/07/106-165-SV2a_U_10344919-215x300.webp
https://minnano-toreka.com/wp-content/uploads/2026/07/022-165-SV2a_U_10341245.webp,https://minnano-toreka.com/wp-content/uploads/2026/07/022-165-SV2a_U_10341245-208x300.webp
https://minnano-toreka.com/wp-content/uploads/2026/07/111-165-SV2a_C_10344920.webp,https://minnano-toreka.com/wp-content/uploads/2026/07/111-165-SV2a_C_10344920-215x300.webp
https://minnano-toreka.com/wp-content/uploads/2026/07/329-190_UR_10341550.webp,https://minnano-toreka.com/wp-content/uploads/2026/07/329-190_UR_10341550-213x300.webp
https://minnano-toreka.com/wp-content/uploads/2026/07/107-165_U_10341111.webp,https://minnano-toreka.com/wp-content/uploads/2026/07/107-165_U_10341111-215x300.webp
https://minnano-toreka.com/wp-content/uploads/2026/07/011-165-SV2a_C_10341426.webp,https://minnano-toreka.com/wp-content/uploads/2026/07/011-165-SV2a_C_10341426-215x300.webp
https://minnano-toreka.com/wp-content/uploads/2026/07/067-054_UR_10344663.webp,https://minnano-toreka.com/wp-content/uploads/2026/07/067-054_UR_10344663-213x300.webp
https://minnano-toreka.com/wp-content/uploads/2026/07/048-165-SV2a_C_10344921.webp,https://minnano-toreka.com/wp-content/uploads/2026/07/048-165-SV2a_C_10344921-215x300.webp
https://minnano-toreka.com/wp-content/uploads/2026/07/097-165-SV2a_U_10344912.webp,https://minnano-toreka.com/wp-content/uploads/2026/07/097-165-SV2a_U_10344912-215x300.webp
https://minnano-toreka.com/wp-content/uploads/2026/07/050-165-SV2a_C_10344907.webp,https://minnano-toreka.com/wp-content/uploads/2026/07/050-165-SV2a_C_10344907-215x300.webp
https://minnano-toreka.com/wp-content/uploads/2026/07/073-165-SV2a_U_10341431.webp,https://minnano-toreka.com/wp-content/uploads/2026/07/073-165-SV2a_U_10341431-215x300.webp
https://minnano-toreka.com/wp-content/uploads/2026/07/118-165-SV2a_C_10341427.webp,https://minnano-toreka.com/wp-content/uploads/2026/07/118-165-SV2a_C_10341427-215x300.webp
https://minnano-toreka.com/wp-content/uploads/2026/07/029-165-SV2a_C_10341421.webp,https://minnano-toreka.com/wp-content/uploads/2026/07/029-165-SV2a_C_10341421-215x300.webp
https://minnano-toreka.com/wp-content/uploads/2026/07/032-165-SV2a_C_10341420.webp,https://minnano-toreka.com/wp-content/uploads/2026/07/032-165-SV2a_C_10341420-215x300.webp
https://minnano-toreka.com/wp-content/uploads/2026/07/090-165-SV2a_C_10344916.webp,https://minnano-toreka.com/wp-content/uploads/2026/07/090-165-SV2a_C_10344916-215x300.webp
https://minnano-toreka.com/wp-content/uploads/2026/07/019-165-SV2a_C_10344924.webp,https://minnano-toreka.com/wp-content/uploads/2026/07/019-165-SV2a_C_10344924-215x300.webp
https://minnano-toreka.com/wp-content/uploads/2026/07/087-165-SV2a_U_10344915.webp,https://minnano-toreka.com/wp-content/uploads/2026/07/087-165-SV2a_U_10344915-215x300.webp
https://minnano-toreka.com/wp-content/uploads/2026/07/042-165-SV2a_U_10344922.webp,https://minnano-toreka.com/wp-content/uploads/2026/07/042-165-SV2a_U_10344922-215x300.webp
https://minnano-toreka.com/wp-content/uploads/2026/07/014-165-SV2a_C_10344925.webp,https://minnano-toreka.com/wp-content/uploads/2026/07/014-165-SV2a_C_10344925-215x300.webp
https://minnano-toreka.com/wp-content/uploads/2026/07/043-165-SV2a_C_10341425.webp,https://minnano-toreka.com/wp-content/uploads/2026/07/043-165-SV2a_C_10341425-215x300.webp
https://minnano-toreka.com/wp-content/uploads/2026/07/125-165-SV2a_C_10341248.webp,https://minnano-toreka.com/wp-content/uploads/2026/07/125-165-SV2a_C_10341248-215x300.webp
https://minnano-toreka.com/wp-content/uploads/2026/07/119-165_U_10341098.webp,https://minnano-toreka.com/wp-content/uploads/2026/07/119-165_U_10341098-215x300.webp
https://minnano-toreka.com/wp-content/uploads/2026/07/028-165-SV2a_U_10344917.webp,https://minnano-toreka.com/wp-content/uploads/2026/07/028-165-SV2a_U_10344917-215x300.webp
https://minnano-toreka.com/wp-content/uploads/2026/07/056-165_C_10341418.webp,https://minnano-toreka.com/wp-content/uploads/2026/07/056-165_C_10341418-215x300.webp
https://minnano-toreka.com/wp-content/uploads/2026/07/121-165-SV2a_R_10341411.webp,https://minnano-toreka.com/wp-content/uploads/2026/07/121-165-SV2a_R_10341411-215x300.webp
https://minnano-toreka.com/wp-content/uploads/2026/07/109-165-SV2a_C_10344906.webp,https://minnano-toreka.com/wp-content/uploads/2026/07/109-165-SV2a_C_10344906-215x300.webp
https://minnano-toreka.com/wp-content/uploads/2026/07/069-054_UR_10240315.webp,https://minnano-toreka.com/wp-content/uploads/2026/07/069-054_UR_10240315-213x300.webp
https://minnano-toreka.com/wp-content/uploads/2026/07/109-100_SR_10338205.webp,https://minnano-toreka.com/wp-content/uploads/2026/07/109-100_SR_10338205-215x300.webp
https://minnano-toreka.com/wp-content/uploads/2026/07/084-062_SR_10239472.webp,https://minnano-toreka.com/wp-content/uploads/2026/07/084-062_SR_10239472-215x300.webp
https://minnano-toreka.com/wp-content/uploads/2026/07/156-165_C_10346947.webp,https://minnano-toreka.com/wp-content/uploads/2026/07/156-165_C_10346947-215x300.webp
https://minnano-toreka.com/wp-content/uploads/2026/07/021-165_C_10341114.webp,https://minnano-toreka.com/wp-content/uploads/2026/07/021-165_C_10341114-215x300.webp
https://minnano-toreka.com/wp-content/uploads/2026/07/120-SV-P_P_10338119.webp,https://minnano-toreka.com/wp-content/uploads/2026/07/120-SV-P_P_10338119-215x300.webp
https://minnano-toreka.com/wp-content/uploads/2026/07/121-098_SR_10332258.webp,https://minnano-toreka.com/wp-content/uploads/2026/07/121-098_SR_10332258-215x300.webp
https://minnano-toreka.com/wp-content/uploads/2026/07/109-098_AR_10332263.webp,https://minnano-toreka.com/wp-content/uploads/2026/07/109-098_AR_10332263-215x300.webp
https://minnano-toreka.com/wp-content/uploads/2026/07/128-165-SV2a_U_10341233.webp,https://minnano-toreka.com/wp-content/uploads/2026/07/128-165-SV2a_U_10341233-215x300.webp
https://minnano-toreka.com/wp-content/uploads/2026/07/023-165_C_10341096.webp,https://minnano-toreka.com/wp-content/uploads/2026/07/023-165_C_10341096-215x300.webp
https://minnano-toreka.com/wp-content/uploads/2026/07/049-165-SV2a_U_10341247.webp,https://minnano-toreka.com/wp-content/uploads/2026/07/049-165-SV2a_U_10341247-215x300.webp
https://minnano-toreka.com/wp-content/uploads/2026/07/105-165-SV2a_R_10341239.webp,https://minnano-toreka.com/wp-content/uploads/2026/07/105-165-SV2a_R_10341239-215x300.webp
https://minnano-toreka.com/wp-content/uploads/2026/07/175-165_AR_10306081.webp,https://minnano-toreka.com/wp-content/uploads/2026/07/175-165_AR_10306081-215x300.webp
https://minnano-toreka.com/wp-content/uploads/2026/07/084-067_HR_10239469.webp,https://minnano-toreka.com/wp-content/uploads/2026/07/084-067_HR_10239469-215x300.webp
https://minnano-toreka.com/wp-content/uploads/2026/07/079-067_SR_10238924.webp,https://minnano-toreka.com/wp-content/uploads/2026/07/079-067_SR_10238924-215x300.webp
https://minnano-toreka.com/wp-content/uploads/2026/07/090-071_SR_10241044.webp,https://minnano-toreka.com/wp-content/uploads/2026/07/090-071_SR_10241044-215x300.webp
https://minnano-toreka.com/wp-content/uploads/2026/07/095-071_SAR_10241048.webp,https://minnano-toreka.com/wp-content/uploads/2026/07/095-071_SAR_10241048-215x300.webp
https://minnano-toreka.com/wp-content/uploads/2026/07/226-172_SAR_10238950.webp,https://minnano-toreka.com/wp-content/uploads/2026/07/226-172_SAR_10238950-215x300.webp
https://minnano-toreka.com/wp-content/uploads/2026/07/352-190_SAR_10239680.webp,https://minnano-toreka.com/wp-content/uploads/2026/07/352-190_SAR_10239680-215x300.webp
https://minnano-toreka.com/wp-content/uploads/2026/07/133-102_UR_10316862.webp,https://minnano-toreka.com/wp-content/uploads/2026/07/133-102_UR_10316862-215x300.webp
https://minnano-toreka.com/wp-content/uploads/2026/07/286-S-P_P_10240244.webp,https://minnano-toreka.com/wp-content/uploads/2026/07/286-S-P_P_10240244-215x300.webp
https://minnano-toreka.com/wp-content/uploads/2026/07/096-071_SAR_10244731.webp,https://minnano-toreka.com/wp-content/uploads/2026/07/096-071_SAR_10244731-215x300.webp
https://minnano-toreka.com/wp-content/uploads/2026/07/091-070_HR_10307847.webp,https://minnano-toreka.com/wp-content/uploads/2026/07/091-070_HR_10307847-213x300.webp
https://minnano-toreka.com/wp-content/uploads/2026/07/090-068_HR_10240165.webp,https://minnano-toreka.com/wp-content/uploads/2026/07/090-068_HR_10240165-215x300.webp
https://minnano-toreka.com/wp-content/uploads/2026/07/078-067_SR_10316638.webp,https://minnano-toreka.com/wp-content/uploads/2026/07/078-067_SR_10316638-215x300.webp
https://minnano-toreka.com/wp-content/uploads/2026/07/189-173_SR_10332230.webp,https://minnano-toreka.com/wp-content/uploads/2026/07/189-173_SR_10332230-215x300.webp
https://minnano-toreka.com/wp-content/uploads/2026/07/102-078_SAR_10330288.webp,https://minnano-toreka.com/wp-content/uploads/2026/07/102-078_SAR_10330288-215x300.webp
https://minnano-toreka.com/wp-content/uploads/2026/07/084-063-SV9a_SR_10330272.webp,https://minnano-toreka.com/wp-content/uploads/2026/07/084-063-SV9a_SR_10330272-215x300.webp
https://minnano-toreka.com/wp-content/uploads/2026/07/230-184_CSR_10330283.webp,https://minnano-toreka.com/wp-content/uploads/2026/07/230-184_CSR_10330283-300x300.webp
https://minnano-toreka.com/wp-content/uploads/2026/07/068-080_RR_10329894.webp,https://minnano-toreka.com/wp-content/uploads/2026/07/068-080_RR_10329894-213x300.webp
https://minnano-toreka.com/wp-content/uploads/2026/07/083-070_SR_10332211.webp,https://minnano-toreka.com/wp-content/uploads/2026/07/083-070_SR_10332211-215x300.webp
https://minnano-toreka.com/wp-content/uploads/2026/07/080-064_SR_10315945.webp,https://minnano-toreka.com/wp-content/uploads/2026/07/080-064_SR_10315945-215x300.webp
https://minnano-toreka.com/wp-content/uploads/2026/07/130-106_SAR_10315946.webp,https://minnano-toreka.com/wp-content/uploads/2026/07/130-106_SAR_10315946-215x300.webp
https://minnano-toreka.com/wp-content/uploads/2026/07/none_none_10264136.webp,https://minnano-toreka.com/wp-content/uploads/2026/07/none_none_10264136-300x300.webp
https://minnano-toreka.com/wp-content/uploads/2026/07/163-165-SV2a_U_10341423.webp,https://minnano-toreka.com/wp-content/uploads/2026/07/163-165-SV2a_U_10341423-215x300.webp
https://minnano-toreka.com/wp-content/uploads/2026/07/none_none_10240417.webp,https://minnano-toreka.com/wp-content/uploads/2026/07/none_none_10240417-215x300.webp
https://minnano-toreka.com/wp-content/uploads/2026/07/242-184_CSR_10330289.webp,https://minnano-toreka.com/wp-content/uploads/2026/07/242-184_CSR_10330289-215x300.webp
https://minnano-toreka.com/wp-content/uploads/2026/07/028-055-SM9a_R_10343944.webp,https://minnano-toreka.com/wp-content/uploads/2026/07/028-055-SM9a_R_10343944-215x300.webp
https://minnano-toreka.com/wp-content/uploads/2026/07/074-068_CHR_10238585.webp,https://minnano-toreka.com/wp-content/uploads/2026/07/074-068_CHR_10238585-215x300.webp
https://minnano-toreka.com/wp-content/uploads/2026/07/125-S-P_none_10340489.webp,https://minnano-toreka.com/wp-content/uploads/2026/07/125-S-P_none_10340489-215x300.webp
https://minnano-toreka.com/wp-content/uploads/2026/07/023-025_P_10341032.webp,https://minnano-toreka.com/wp-content/uploads/2026/07/023-025_P_10341032-215x300.webp
https://minnano-toreka.com/wp-content/uploads/2026/07/078-165-SV2a_U_10341237.webp,https://minnano-toreka.com/wp-content/uploads/2026/07/078-165-SV2a_U_10341237-215x300.webp
https://minnano-toreka.com/wp-content/uploads/2026/07/none_none_10343046.webp,https://minnano-toreka.com/wp-content/uploads/2026/07/none_none_10343046-300x300.webp
https://minnano-toreka.com/wp-content/uploads/2026/07/106-078_UR_10240874.webp,https://minnano-toreka.com/wp-content/uploads/2026/07/106-078_UR_10240874-215x300.webp
https://minnano-toreka.com/wp-content/uploads/2026/07/171-165_AR_10306077.webp,https://minnano-toreka.com/wp-content/uploads/2026/07/171-165_AR_10306077-215x300.webp
https://minnano-toreka.com/wp-content/uploads/2026/07/086-078_AR_10306580.webp,https://minnano-toreka.com/wp-content/uploads/2026/07/086-078_AR_10306580-215x300.webp
https://minnano-toreka.com/wp-content/uploads/2026/07/none_none_10342773.webp,https://minnano-toreka.com/wp-content/uploads/2026/07/none_none_10342773-300x300.webp
https://minnano-toreka.com/wp-content/uploads/2026/07/061-165-SV2a_C_10341416.webp,https://minnano-toreka.com/wp-content/uploads/2026/07/061-165-SV2a_C_10341416-215x300.webp
https://minnano-toreka.com/wp-content/uploads/2026/07/157-S-P_P_10332209.webp,https://minnano-toreka.com/wp-content/uploads/2026/07/157-S-P_P_10332209-215x300.webp
https://minnano-toreka.com/wp-content/uploads/2026/07/104-165_C_10346758.webp,https://minnano-toreka.com/wp-content/uploads/2026/07/104-165_C_10346758-215x300.webp
https://minnano-toreka.com/wp-content/uploads/2026/07/015-165-SV2a_R_10341406.webp,https://minnano-toreka.com/wp-content/uploads/2026/07/015-165-SV2a_R_10341406-215x300.webp
https://minnano-toreka.com/wp-content/uploads/2026/07/115-095_UR_10279876.webp,https://minnano-toreka.com/wp-content/uploads/2026/07/115-095_UR_10279876-215x300.webp
https://minnano-toreka.com/wp-content/uploads/2026/07/404-SM-P_P_10346290.webp,https://minnano-toreka.com/wp-content/uploads/2026/07/404-SM-P_P_10346290-215x300.webp
https://minnano-toreka.com/wp-content/uploads/2026/07/118-187-SV8a_none_10340866.webp,https://minnano-toreka.com/wp-content/uploads/2026/07/118-187-SV8a_none_10340866-215x300.webp
https://minnano-toreka.com/wp-content/uploads/2026/07/119-187-SV8a_none_10340867.webp,https://minnano-toreka.com/wp-content/uploads/2026/07/119-187-SV8a_none_10340867-215x300.webp
https://minnano-toreka.com/wp-content/uploads/2026/07/188-184_CHR_10238584.webp,https://minnano-toreka.com/wp-content/uploads/2026/07/188-184_CHR_10238584-215x300.webp
https://minnano-toreka.com/wp-content/uploads/2026/07/005-028_none_10341061.webp,https://minnano-toreka.com/wp-content/uploads/2026/07/005-028_none_10341061-213x300.webp
https://minnano-toreka.com/wp-content/uploads/2026/07/075-064_AR_10316560.webp,https://minnano-toreka.com/wp-content/uploads/2026/07/075-064_AR_10316560-215x300.webp
https://minnano-toreka.com/wp-content/uploads/2026/07/193-184_CHR_10239072.webp,https://minnano-toreka.com/wp-content/uploads/2026/07/193-184_CHR_10239072-215x300.webp
https://minnano-toreka.com/wp-content/uploads/2026/07/128-101_SAR_10276961.webp,https://minnano-toreka.com/wp-content/uploads/2026/07/128-101_SAR_10276961-215x300.webp
https://minnano-toreka.com/wp-content/uploads/2026/07/085-068_CSR_10239476.webp,https://minnano-toreka.com/wp-content/uploads/2026/07/085-068_CSR_10239476-215x300.webp
https://minnano-toreka.com/wp-content/uploads/2026/07/223-172-S12a_SAR_10330284.webp,https://minnano-toreka.com/wp-content/uploads/2026/07/223-172-S12a_SAR_10330284-215x300.webp
https://minnano-toreka.com/wp-content/uploads/2026/07/195-173_SR_10238858.webp,https://minnano-toreka.com/wp-content/uploads/2026/07/195-173_SR_10238858-215x300.webp
https://minnano-toreka.com/wp-content/uploads/2026/07/193-SV-P_SV-P-AR_10326275.webp,https://minnano-toreka.com/wp-content/uploads/2026/07/193-SV-P_SV-P-AR_10326275-215x300.webp
https://minnano-toreka.com/wp-content/uploads/2026/07/077-063_SR_10329209.webp,https://minnano-toreka.com/wp-content/uploads/2026/07/077-063_SR_10329209-215x300.webp
https://minnano-toreka.com/wp-content/uploads/2026/07/222-172-S12a_SAR_10330285.webp,https://minnano-toreka.com/wp-content/uploads/2026/07/222-172-S12a_SAR_10330285-215x300.webp
https://minnano-toreka.com/wp-content/uploads/2026/07/086-071_SR_10239775.webp,https://minnano-toreka.com/wp-content/uploads/2026/07/086-071_SR_10239775-215x300.webp
https://minnano-toreka.com/wp-content/uploads/2026/07/220-172_SAR_10239822.webp,https://minnano-toreka.com/wp-content/uploads/2026/07/220-172_SAR_10239822-215x300.webp
https://minnano-toreka.com/wp-content/uploads/2026/07/088-071_CSR_10330287.webp,https://minnano-toreka.com/wp-content/uploads/2026/07/088-071_CSR_10330287-215x300.webp
https://minnano-toreka.com/wp-content/uploads/2026/07/090-070_HR_10240258.webp,https://minnano-toreka.com/wp-content/uploads/2026/07/090-070_HR_10240258-213x300.webp
https://minnano-toreka.com/wp-content/uploads/2026/07/171-086_SAR_10334069.webp,https://minnano-toreka.com/wp-content/uploads/2026/07/171-086_SAR_10334069-215x300.webp
https://minnano-toreka.com/wp-content/uploads/2026/07/127-101_SAR_10276942.webp,https://minnano-toreka.com/wp-content/uploads/2026/07/127-101_SAR_10276942-215x300.webp
https://minnano-toreka.com/wp-content/uploads/2026/07/070-060_HR_10240447.webp,https://minnano-toreka.com/wp-content/uploads/2026/07/070-060_HR_10240447-213x300.webp
https://minnano-toreka.com/wp-content/uploads/2026/07/098-071_UR_10240883.webp,https://minnano-toreka.com/wp-content/uploads/2026/07/098-071_UR_10240883-215x300.webp
https://minnano-toreka.com/wp-content/uploads/2026/07/062-165-SV2a_U_10341415.webp,https://minnano-toreka.com/wp-content/uploads/2026/07/062-165-SV2a_U_10341415-215x300.webp
https://minnano-toreka.com/wp-content/uploads/2026/07/105-100_AR_10317171.webp,https://minnano-toreka.com/wp-content/uploads/2026/07/105-100_AR_10317171-215x300.webp
https://minnano-toreka.com/wp-content/uploads/2026/07/057-165_U_10341113.webp,https://minnano-toreka.com/wp-content/uploads/2026/07/057-165_U_10341113-215x300.webp
https://minnano-toreka.com/wp-content/uploads/2026/07/224-184_CSR_10239322.webp,https://minnano-toreka.com/wp-content/uploads/2026/07/224-184_CSR_10239322-215x300.webp
https://minnano-toreka.com/wp-content/uploads/2026/07/074-071_AR_10239732.webp,https://minnano-toreka.com/wp-content/uploads/2026/07/074-071_AR_10239732-215x300.webp
https://minnano-toreka.com/wp-content/uploads/2026/07/070-064_AR_10306076.webp,https://minnano-toreka.com/wp-content/uploads/2026/07/070-064_AR_10306076-215x300.webp
https://minnano-toreka.com/wp-content/uploads/2026/07/114-095_UR_10307232.webp,https://minnano-toreka.com/wp-content/uploads/2026/07/114-095_UR_10307232-214x300.webp
https://minnano-toreka.com/wp-content/uploads/2026/07/078-063-M1L_SR_10345892.webp,https://minnano-toreka.com/wp-content/uploads/2026/07/078-063-M1L_SR_10345892-215x300.webp
https://minnano-toreka.com/wp-content/uploads/2026/07/075-060_UR_10344660.webp,https://minnano-toreka.com/wp-content/uploads/2026/07/075-060_UR_10344660-212x300.webp
https://minnano-toreka.com/wp-content/uploads/2026/07/140-086_AR_10333899.webp,https://minnano-toreka.com/wp-content/uploads/2026/07/140-086_AR_10333899-215x300.webp
https://minnano-toreka.com/wp-content/uploads/2026/07/099-071-SV2D_UR_10344188.webp,https://minnano-toreka.com/wp-content/uploads/2026/07/099-071-SV2D_UR_10344188-214x300.webp
https://minnano-toreka.com/wp-content/uploads/2026/07/132-098_UR_10332265.webp,https://minnano-toreka.com/wp-content/uploads/2026/07/132-098_UR_10332265-215x300.webp
https://minnano-toreka.com/wp-content/uploads/2026/07/077-067_SR_10332192.webp,https://minnano-toreka.com/wp-content/uploads/2026/07/077-067_SR_10332192-215x300.webp
https://minnano-toreka.com/wp-content/uploads/2026/07/083-165-SV2a_C_10341240.webp,https://minnano-toreka.com/wp-content/uploads/2026/07/083-165-SV2a_C_10341240-215x300.webp
https://minnano-toreka.com/wp-content/uploads/2026/07/096-086_AR_10333976.webp,https://minnano-toreka.com/wp-content/uploads/2026/07/096-086_AR_10333976-215x300.webp
https://minnano-toreka.com/wp-content/uploads/2026/07/182-S-P-S-P_P_10346281.webp,https://minnano-toreka.com/wp-content/uploads/2026/07/182-S-P-S-P_P_10346281-215x300.webp
https://minnano-toreka.com/wp-content/uploads/2026/07/131-098_UR_10332284.webp,https://minnano-toreka.com/wp-content/uploads/2026/07/131-098_UR_10332284-215x300.webp
https://minnano-toreka.com/wp-content/uploads/2026/07/none_none_10330170.webp,https://minnano-toreka.com/wp-content/uploads/2026/07/none_none_10330170-300x300.webp
https://minnano-toreka.com/wp-content/uploads/2026/07/081-067_SR_10239744.webp,https://minnano-toreka.com/wp-content/uploads/2026/07/081-067_SR_10239744-215x300.webp
https://minnano-toreka.com/wp-content/uploads/2026/07/none_UR_10305320.webp,https://minnano-toreka.com/wp-content/uploads/2026/07/none_UR_10305320-211x300.webp
https://minnano-toreka.com/wp-content/uploads/2026/07/088-066-SV4K_SAR_10306578.webp,https://minnano-toreka.com/wp-content/uploads/2026/07/088-066-SV4K_SAR_10306578-215x300.webp
https://minnano-toreka.com/wp-content/uploads/2026/07/227-187_SAR_10317153.webp,https://minnano-toreka.com/wp-content/uploads/2026/07/227-187_SAR_10317153-215x300.webp
https://minnano-toreka.com/wp-content/uploads/2026/07/024-060_RR_10329979.webp,https://minnano-toreka.com/wp-content/uploads/2026/07/024-060_RR_10329979-215x300.webp
https://minnano-toreka.com/wp-content/uploads/2026/07/092-071_SAR_10306583.webp,https://minnano-toreka.com/wp-content/uploads/2026/07/092-071_SAR_10306583-215x300.webp
https://minnano-toreka.com/wp-content/uploads/2026/07/085-066_SR_10239737.webp,https://minnano-toreka.com/wp-content/uploads/2026/07/085-066_SR_10239737-215x300.webp
https://minnano-toreka.com/wp-content/uploads/2026/07/028-081-XY_RR_10329887.webp,https://minnano-toreka.com/wp-content/uploads/2026/07/028-081-XY_RR_10329887-215x300.webp
https://minnano-toreka.com/wp-content/uploads/2026/07/250-172_SR_10331298.webp,https://minnano-toreka.com/wp-content/uploads/2026/07/250-172_SR_10331298-215x300.webp
https://minnano-toreka.com/wp-content/uploads/2026/07/100-078_SR_10239730.webp,https://minnano-toreka.com/wp-content/uploads/2026/07/100-078_SR_10239730-215x300.webp
https://minnano-toreka.com/wp-content/uploads/2026/07/063-064_TR_10239718.webp,https://minnano-toreka.com/wp-content/uploads/2026/07/063-064_TR_10239718-215x300.webp
https://minnano-toreka.com/wp-content/uploads/2026/07/125-108_SR_10239818.webp,https://minnano-toreka.com/wp-content/uploads/2026/07/125-108_SR_10239818-215x300.webp
https://minnano-toreka.com/wp-content/uploads/2026/07/none_none_10261562.webp,https://minnano-toreka.com/wp-content/uploads/2026/07/none_none_10261562-300x270.webp
https://minnano-toreka.com/wp-content/uploads/2026/07/277-184_SR_10239898.webp,https://minnano-toreka.com/wp-content/uploads/2026/07/277-184_SR_10239898-215x300.webp
https://minnano-toreka.com/wp-content/uploads/2026/07/none_none_10259018.webp,https://minnano-toreka.com/wp-content/uploads/2026/07/none_none_10259018-300x300.webp
https://minnano-toreka.com/wp-content/uploads/2026/07/none_none_10280343.webp,https://minnano-toreka.com/wp-content/uploads/2026/07/none_none_10280343-300x258.webp
https://minnano-toreka.com/wp-content/uploads/2026/07/062-071_ACE_10240967.webp,https://minnano-toreka.com/wp-content/uploads/2026/07/062-071_ACE_10240967-215x300.webp
https://minnano-toreka.com/wp-content/uploads/2026/07/186-165-SV2a_SR_10341870.webp,https://minnano-toreka.com/wp-content/uploads/2026/07/186-165-SV2a_SR_10341870-215x300.webp
https://minnano-toreka.com/wp-content/uploads/2026/07/none_none_10343045.webp,https://minnano-toreka.com/wp-content/uploads/2026/07/none_none_10343045-300x300.webp
https://minnano-toreka.com/wp-content/uploads/2026/07/none_none_10342772.webp,https://minnano-toreka.com/wp-content/uploads/2026/07/none_none_10342772-300x300.webp
https://minnano-toreka.com/wp-content/uploads/2026/07/none_none_10342774.webp,https://minnano-toreka.com/wp-content/uploads/2026/07/none_none_10342774-300x255.webp
https://minnano-toreka.com/wp-content/uploads/2026/07/099-078_SR_10331305.webp,https://minnano-toreka.com/wp-content/uploads/2026/07/099-078_SR_10331305-215x300.webp
https://minnano-toreka.com/wp-content/uploads/2026/07/113-165_R_10341121.webp,https://minnano-toreka.com/wp-content/uploads/2026/07/113-165_R_10341121-215x300.webp
https://minnano-toreka.com/wp-content/uploads/2026/07/217-184_CSR_10239532.webp,https://minnano-toreka.com/wp-content/uploads/2026/07/217-184_CSR_10239532-215x300.webp
https://minnano-toreka.com/wp-content/uploads/2026/07/066-062_AR_10239733.webp,https://minnano-toreka.com/wp-content/uploads/2026/07/066-062_AR_10239733-215x300.webp
https://minnano-toreka.com/wp-content/uploads/2026/07/none_none_10308056.webp,https://minnano-toreka.com/wp-content/uploads/2026/07/none_none_10308056-300x300.webp
https://minnano-toreka.com/wp-content/uploads/2026/07/092-071_SR_10241022.webp,https://minnano-toreka.com/wp-content/uploads/2026/07/092-071_SR_10241022-215x300.webp
https://minnano-toreka.com/wp-content/uploads/2026/07/244-172_SAR_10239752.webp,https://minnano-toreka.com/wp-content/uploads/2026/07/244-172_SAR_10239752-215x300.webp
https://minnano-toreka.com/wp-content/uploads/2026/07/112-106_AR_10306078.webp,https://minnano-toreka.com/wp-content/uploads/2026/07/112-106_AR_10306078-215x300.webp
https://minnano-toreka.com/wp-content/uploads/2026/07/064-114_RR_10329863.webp,https://minnano-toreka.com/wp-content/uploads/2026/07/064-114_RR_10329863-215x300.webp
https://minnano-toreka.com/wp-content/uploads/2026/07/117-100_SR_10317133.webp,https://minnano-toreka.com/wp-content/uploads/2026/07/117-100_SR_10317133-215x300.webp
https://minnano-toreka.com/wp-content/uploads/2026/07/none_none_10342771.webp,https://minnano-toreka.com/wp-content/uploads/2026/07/none_none_10342771-300x300.webp
https://minnano-toreka.com/wp-content/uploads/2026/07/109-098_SR_10240453.webp,https://minnano-toreka.com/wp-content/uploads/2026/07/109-098_SR_10240453-215x300.webp
https://minnano-toreka.com/wp-content/uploads/2026/07/053-054_TR_10239762.webp,https://minnano-toreka.com/wp-content/uploads/2026/07/053-054_TR_10239762-215x300.webp
https://minnano-toreka.com/wp-content/uploads/2026/07/102-XY-P_P_10329846.webp,https://minnano-toreka.com/wp-content/uploads/2026/07/102-XY-P_P_10329846-214x300.webp
https://minnano-toreka.com/wp-content/uploads/2026/07/141-086_AR_10333906.webp,https://minnano-toreka.com/wp-content/uploads/2026/07/141-086_AR_10333906-215x300.webp
https://minnano-toreka.com/wp-content/uploads/2026/07/045-165_R_10341429.webp,https://minnano-toreka.com/wp-content/uploads/2026/07/045-165_R_10341429-215x300.webp
https://minnano-toreka.com/wp-content/uploads/2026/07/122-100_HR_10239471.webp,https://minnano-toreka.com/wp-content/uploads/2026/07/122-100_HR_10239471-212x300.webp
https://minnano-toreka.com/wp-content/uploads/2026/07/261-184_SR_10238770.webp,https://minnano-toreka.com/wp-content/uploads/2026/07/261-184_SR_10238770-215x300.webp
https://minnano-toreka.com/wp-content/uploads/2026/07/242-172_SAR_10239823.webp,https://minnano-toreka.com/wp-content/uploads/2026/07/242-172_SAR_10239823-215x300.webp
https://minnano-toreka.com/wp-content/uploads/2026/07/072-063_AR_10329308.webp,https://minnano-toreka.com/wp-content/uploads/2026/07/072-063_AR_10329308-215x300.webp
https://minnano-toreka.com/wp-content/uploads/2026/07/none_none_10298266.webp,https://minnano-toreka.com/wp-content/uploads/2026/07/none_none_10298266-256x300.webp
https://minnano-toreka.com/wp-content/uploads/2026/07/001-049_none_10279865.webp,https://minnano-toreka.com/wp-content/uploads/2026/07/001-049_none_10279865-215x300.webp
https://minnano-toreka.com/wp-content/uploads/2026/07/237-SM-P_P_10264166.webp,https://minnano-toreka.com/wp-content/uploads/2026/07/237-SM-P_P_10264166-215x300.webp
https://minnano-toreka.com/wp-content/uploads/2026/07/083-076_SR_10239741.webp,https://minnano-toreka.com/wp-content/uploads/2026/07/083-076_SR_10239741-215x300.webp
https://minnano-toreka.com/wp-content/uploads/2026/07/057-054-SM9b_SR_10341878.webp,https://minnano-toreka.com/wp-content/uploads/2026/07/057-054-SM9b_SR_10341878-215x300.webp
https://minnano-toreka.com/wp-content/uploads/2026/07/124-102_SR_10289351.webp,https://minnano-toreka.com/wp-content/uploads/2026/07/124-102_SR_10289351-215x300.webp
https://minnano-toreka.com/wp-content/uploads/2026/07/134-102_UR_10317065.webp,https://minnano-toreka.com/wp-content/uploads/2026/07/134-102_UR_10317065-215x300.webp
https://minnano-toreka.com/wp-content/uploads/2026/07/090-064_SAR_10282895.webp,https://minnano-toreka.com/wp-content/uploads/2026/07/090-064_SAR_10282895-215x300.webp
https://minnano-toreka.com/wp-content/uploads/2026/07/232-SV-P-SV-P_P_10342136.webp,https://minnano-toreka.com/wp-content/uploads/2026/07/232-SV-P-SV-P_P_10342136-215x300.webp
https://minnano-toreka.com/wp-content/uploads/2026/07/421-414-SI_UR_10344186.webp,https://minnano-toreka.com/wp-content/uploads/2026/07/421-414-SI_UR_10344186-210x300.webp
https://minnano-toreka.com/wp-content/uploads/2026/07/132-165_R_10346954.webp,https://minnano-toreka.com/wp-content/uploads/2026/07/132-165_R_10346954-215x300.webp
https://minnano-toreka.com/wp-content/uploads/2026/07/060-165_C_10346795.webp,https://minnano-toreka.com/wp-content/uploads/2026/07/060-165_C_10346795-215x300.webp
https://minnano-toreka.com/wp-content/uploads/2026/07/237-184_CSR_10306539.webp,https://minnano-toreka.com/wp-content/uploads/2026/07/237-184_CSR_10306539-215x300.webp
https://minnano-toreka.com/wp-content/uploads/2026/07/081-071_AR_10240002.webp,https://minnano-toreka.com/wp-content/uploads/2026/07/081-071_AR_10240002-215x300.webp
https://minnano-toreka.com/wp-content/uploads/2026/07/001-004-SP4_none_10346284.webp,https://minnano-toreka.com/wp-content/uploads/2026/07/001-004-SP4_none_10346284-215x300.webp
https://minnano-toreka.com/wp-content/uploads/2026/07/244-S-P-S-P_P_10346366.webp,https://minnano-toreka.com/wp-content/uploads/2026/07/244-S-P-S-P_P_10346366-211x300.webp
https://minnano-toreka.com/wp-content/uploads/2026/07/052-165-SV2a_C_10341405.webp,https://minnano-toreka.com/wp-content/uploads/2026/07/052-165-SV2a_C_10341405-215x300.webp
https://minnano-toreka.com/wp-content/uploads/2026/07/007-024_none_10276871.webp,https://minnano-toreka.com/wp-content/uploads/2026/07/007-024_none_10276871-215x300.webp
https://minnano-toreka.com/wp-content/uploads/2026/07/196-SV-P_P_10331288.webp,https://minnano-toreka.com/wp-content/uploads/2026/07/196-SV-P_P_10331288-215x300.webp
https://minnano-toreka.com/wp-content/uploads/2026/07/093-070_UR_10307278.webp,https://minnano-toreka.com/wp-content/uploads/2026/07/093-070_UR_10307278-213x300.webp
https://minnano-toreka.com/wp-content/uploads/2026/07/096-071_SAR_10326278.webp,https://minnano-toreka.com/wp-content/uploads/2026/07/096-071_SAR_10326278-215x300.webp
https://minnano-toreka.com/wp-content/uploads/2026/07/126-S-P_none_10340490.webp,https://minnano-toreka.com/wp-content/uploads/2026/07/126-S-P_none_10340490-215x300.webp
https://minnano-toreka.com/wp-content/uploads/2026/07/092-066_SAR_10239735.webp,https://minnano-toreka.com/wp-content/uploads/2026/07/092-066_SAR_10239735-215x300.webp
https://minnano-toreka.com/wp-content/uploads/2026/07/065-062_AR_10239736.webp,https://minnano-toreka.com/wp-content/uploads/2026/07/065-062_AR_10239736-215x300.webp
https://minnano-toreka.com/wp-content/uploads/2026/07/183-165_AR_10240008.webp,https://minnano-toreka.com/wp-content/uploads/2026/07/183-165_AR_10240008-215x300.webp
https://minnano-toreka.com/wp-content/uploads/2026/07/123-101_SR_10330266.webp,https://minnano-toreka.com/wp-content/uploads/2026/07/123-101_SR_10330266-215x300.webp
https://minnano-toreka.com/wp-content/uploads/2026/07/053-049_CHR_10336834.webp,https://minnano-toreka.com/wp-content/uploads/2026/07/053-049_CHR_10336834-215x300.webp
https://minnano-toreka.com/wp-content/uploads/2026/07/143-S-P_S-P_10340406.webp,https://minnano-toreka.com/wp-content/uploads/2026/07/143-S-P_S-P_10340406-215x300.webp
https://minnano-toreka.com/wp-content/uploads/2026/07/167-150_S_10240434.webp,https://minnano-toreka.com/wp-content/uploads/2026/07/167-150_S_10240434-215x300.webp
https://minnano-toreka.com/wp-content/uploads/2026/07/210-184_CHR_10244309.webp,https://minnano-toreka.com/wp-content/uploads/2026/07/210-184_CHR_10244309-215x300.webp
https://minnano-toreka.com/wp-content/uploads/2026/07/169-165_AR_10240095.webp,https://minnano-toreka.com/wp-content/uploads/2026/07/169-165_AR_10240095-215x300.webp
https://minnano-toreka.com/wp-content/uploads/2026/07/069-067-S10D_SR_10341871.webp,https://minnano-toreka.com/wp-content/uploads/2026/07/069-067-S10D_SR_10341871-215x300.webp
https://minnano-toreka.com/wp-content/uploads/2026/07/229-S-P-S-P_P_10341445.webp,https://minnano-toreka.com/wp-content/uploads/2026/07/229-S-P-S-P_P_10341445-214x300.webp
https://minnano-toreka.com/wp-content/uploads/2026/07/078-069-S6a_SR_10341863.webp,https://minnano-toreka.com/wp-content/uploads/2026/07/078-069-S6a_SR_10341863-215x300.webp
https://minnano-toreka.com/wp-content/uploads/2026/07/086-062_SAR_10239828.webp,https://minnano-toreka.com/wp-content/uploads/2026/07/086-062_SAR_10239828-215x300.webp
https://minnano-toreka.com/wp-content/uploads/2026/07/089-068_HR_10240163.webp,https://minnano-toreka.com/wp-content/uploads/2026/07/089-068_HR_10240163-220x300.webp
https://minnano-toreka.com/wp-content/uploads/2026/07/080-063_SR_10329316.webp,https://minnano-toreka.com/wp-content/uploads/2026/07/080-063_SR_10329316-215x300.webp
https://minnano-toreka.com/wp-content/uploads/2026/07/none_UR_10307283.webp,https://minnano-toreka.com/wp-content/uploads/2026/07/none_UR_10307283-215x300.webp
https://minnano-toreka.com/wp-content/uploads/2026/07/023-027_R_10313204.webp,https://minnano-toreka.com/wp-content/uploads/2026/07/023-027_R_10313204-215x300.webp
https://minnano-toreka.com/wp-content/uploads/2026/07/046-DP-P_P_10329575.webp,https://minnano-toreka.com/wp-content/uploads/2026/07/046-DP-P_P_10329575-213x300.webp
https://minnano-toreka.com/wp-content/uploads/2026/07/128-102_SAR_10313249.webp,https://minnano-toreka.com/wp-content/uploads/2026/07/128-102_SAR_10313249-215x300.webp
https://minnano-toreka.com/wp-content/uploads/2026/07/001-095_RR_10329973.webp,https://minnano-toreka.com/wp-content/uploads/2026/07/001-095_RR_10329973-215x300.webp
https://minnano-toreka.com/wp-content/uploads/2026/07/108-095_SR_10239071.webp,https://minnano-toreka.com/wp-content/uploads/2026/07/108-095_SR_10239071-215x300.webp
https://minnano-toreka.com/wp-content/uploads/2026/07/089-070_HR_10332117.webp,https://minnano-toreka.com/wp-content/uploads/2026/07/089-070_HR_10332117-211x300.webp
https://minnano-toreka.com/wp-content/uploads/2026/07/056-050-sm5_SR_10332251.webp,https://minnano-toreka.com/wp-content/uploads/2026/07/056-050-sm5_SR_10332251-215x300.webp
https://minnano-toreka.com/wp-content/uploads/2026/07/none_none_10270106.webp,https://minnano-toreka.com/wp-content/uploads/2026/07/none_none_10270106-300x300.webp
https://minnano-toreka.com/wp-content/uploads/2026/07/051-050_SR_10240164.webp,https://minnano-toreka.com/wp-content/uploads/2026/07/051-050_SR_10240164-215x300.webp
https://minnano-toreka.com/wp-content/uploads/2026/07/122-S-P_RR_10340494.webp,https://minnano-toreka.com/wp-content/uploads/2026/07/122-S-P_RR_10340494-215x300.webp
https://minnano-toreka.com/wp-content/uploads/2026/07/070-063_AR_10329321.webp,https://minnano-toreka.com/wp-content/uploads/2026/07/070-063_AR_10329321-215x300.webp
https://minnano-toreka.com/wp-content/uploads/2026/07/210-165-SV2a_UR_10347134.webp,https://minnano-toreka.com/wp-content/uploads/2026/07/210-165-SV2a_UR_10347134-215x300.webp
https://minnano-toreka.com/wp-content/uploads/2026/07/055-165-SV2a_U_10344923.webp,https://minnano-toreka.com/wp-content/uploads/2026/07/055-165-SV2a_U_10344923-215x300.webp
https://minnano-toreka.com/wp-content/uploads/2026/07/062-054_SR_10239721.webp,https://minnano-toreka.com/wp-content/uploads/2026/07/062-054_SR_10239721-215x300.webp
https://minnano-toreka.com/wp-content/uploads/2026/07/012-027-CP2_RR_10345860.webp,https://minnano-toreka.com/wp-content/uploads/2026/07/012-027-CP2_RR_10345860-215x300.webp
https://minnano-toreka.com/wp-content/uploads/2026/07/122-165_R_10341389.webp,https://minnano-toreka.com/wp-content/uploads/2026/07/122-165_R_10341389-215x300.webp
https://minnano-toreka.com/wp-content/uploads/2026/07/180-173-sm12a_SR_10341875.webp,https://minnano-toreka.com/wp-content/uploads/2026/07/180-173-sm12a_SR_10341875-215x300.webp
https://minnano-toreka.com/wp-content/uploads/2026/07/068-087-CP6_R_10345850.webp,https://minnano-toreka.com/wp-content/uploads/2026/07/068-087-CP6_R_10345850-215x300.webp
https://minnano-toreka.com/wp-content/uploads/2026/07/096-165-SV2a_C_10341002.webp,https://minnano-toreka.com/wp-content/uploads/2026/07/096-165-SV2a_C_10341002-215x300.webp
https://minnano-toreka.com/wp-content/uploads/2026/07/018-165_U_10341394.webp,https://minnano-toreka.com/wp-content/uploads/2026/07/018-165_U_10341394-215x300.webp
https://minnano-toreka.com/wp-content/uploads/2026/07/189-184_CHR_10239538.webp,https://minnano-toreka.com/wp-content/uploads/2026/07/189-184_CHR_10239538-215x300.webp
https://minnano-toreka.com/wp-content/uploads/2026/07/073-071_SR_10334695.webp,https://minnano-toreka.com/wp-content/uploads/2026/07/073-071_SR_10334695-215x300.webp
https://minnano-toreka.com/wp-content/uploads/2026/07/036-165_U_10341392.webp,https://minnano-toreka.com/wp-content/uploads/2026/07/036-165_U_10341392-215x300.webp
https://minnano-toreka.com/wp-content/uploads/2026/07/069-066-sm5_SR_10341873.webp,https://minnano-toreka.com/wp-content/uploads/2026/07/069-066-sm5_SR_10341873-215x300.webp
https://minnano-toreka.com/wp-content/uploads/2026/07/106-080-M2_SR_10343950.webp,https://minnano-toreka.com/wp-content/uploads/2026/07/106-080-M2_SR_10343950-215x300.webp
https://minnano-toreka.com/wp-content/uploads/2026/07/073-060_UR_10344200.webp,https://minnano-toreka.com/wp-content/uploads/2026/07/073-060_UR_10344200-209x300.webp
https://minnano-toreka.com/wp-content/uploads/2026/07/109-100_AR_10317139.webp,https://minnano-toreka.com/wp-content/uploads/2026/07/109-100_AR_10317139-215x300.webp
https://minnano-toreka.com/wp-content/uploads/2026/07/082-165_U_10341430.webp,https://minnano-toreka.com/wp-content/uploads/2026/07/082-165_U_10341430-215x300.webp
https://minnano-toreka.com/wp-content/uploads/2026/07/068-165-SV2a_R_10341243.webp,https://minnano-toreka.com/wp-content/uploads/2026/07/068-165-SV2a_R_10341243-215x300.webp
https://minnano-toreka.com/wp-content/uploads/2026/07/032-032-CP3_U_10345846.webp,https://minnano-toreka.com/wp-content/uploads/2026/07/032-032-CP3_U_10345846-215x300.webp
https://minnano-toreka.com/wp-content/uploads/2026/07/163-XY-P-XY_none_10345923.webp,https://minnano-toreka.com/wp-content/uploads/2026/07/163-XY-P-XY_none_10345923-215x300.webp
https://minnano-toreka.com/wp-content/uploads/2026/07/005-036-CP5_none_10345851.webp,https://minnano-toreka.com/wp-content/uploads/2026/07/005-036-CP5_none_10345851-215x300.webp
https://minnano-toreka.com/wp-content/uploads/2026/07/163-XY-P-XY_none_10345859.webp,https://minnano-toreka.com/wp-content/uploads/2026/07/163-XY-P-XY_none_10345859-215x300.webp
https://minnano-toreka.com/wp-content/uploads/2026/07/012-165-SV2a_U_10341285.webp,https://minnano-toreka.com/wp-content/uploads/2026/07/012-165-SV2a_U_10341285-215x300.webp
https://minnano-toreka.com/wp-content/uploads/2026/07/032-SV-P-SV-P_P_10346288.webp,https://minnano-toreka.com/wp-content/uploads/2026/07/032-SV-P-SV-P_P_10346288-211x300.webp
https://minnano-toreka.com/wp-content/uploads/2026/07/072-064_SR_10332213.webp,https://minnano-toreka.com/wp-content/uploads/2026/07/072-064_SR_10332213-215x300.webp
https://minnano-toreka.com/wp-content/uploads/2026/07/167-086_SAR_10333982.webp,https://minnano-toreka.com/wp-content/uploads/2026/07/167-086_SAR_10333982-215x300.webp
https://minnano-toreka.com/wp-content/uploads/2026/07/087-067_UR_10307200.webp,https://minnano-toreka.com/wp-content/uploads/2026/07/087-067_UR_10307200-213x300.webp
https://minnano-toreka.com/wp-content/uploads/2026/07/195-165-SV2a_SR_10239463.webp,https://minnano-toreka.com/wp-content/uploads/2026/07/195-165-SV2a_SR_10239463-215x300.webp
https://minnano-toreka.com/wp-content/uploads/2026/07/086-067_HR_10240578.webp,https://minnano-toreka.com/wp-content/uploads/2026/07/086-067_HR_10240578-214x300.webp
https://minnano-toreka.com/wp-content/uploads/2026/07/046-DP-P_P_10264202.webp,https://minnano-toreka.com/wp-content/uploads/2026/07/046-DP-P_P_10264202-213x300.webp
https://minnano-toreka.com/wp-content/uploads/2026/07/070-069-S6a_SR_10341879.webp,https://minnano-toreka.com/wp-content/uploads/2026/07/070-069-S6a_SR_10341879-215x300.webp
https://minnano-toreka.com/wp-content/uploads/2026/07/073-067_SR_10240139.webp,https://minnano-toreka.com/wp-content/uploads/2026/07/073-067_SR_10240139-215x300.webp
https://minnano-toreka.com/wp-content/uploads/2026/07/266-184-S8b_SR_10341869.webp,https://minnano-toreka.com/wp-content/uploads/2026/07/266-184-S8b_SR_10341869-215x300.webp
https://minnano-toreka.com/wp-content/uploads/2026/07/067-060_SR_10339771.webp,https://minnano-toreka.com/wp-content/uploads/2026/07/067-060_SR_10339771-215x300.webp
https://minnano-toreka.com/wp-content/uploads/2026/07/214-172_SAR_10239674.webp,https://minnano-toreka.com/wp-content/uploads/2026/07/214-172_SAR_10239674-215x300.webp
https://minnano-toreka.com/wp-content/uploads/2026/07/093-071_SAR_10239821.webp,https://minnano-toreka.com/wp-content/uploads/2026/07/093-071_SAR_10239821-215x300.webp
https://minnano-toreka.com/wp-content/uploads/2026/07/086-069_SR_10240572.webp,https://minnano-toreka.com/wp-content/uploads/2026/07/086-069_SR_10240572-215x300.webp
https://minnano-toreka.com/wp-content/uploads/2026/07/129-102_SAR_10317074.webp,https://minnano-toreka.com/wp-content/uploads/2026/07/129-102_SAR_10317074-215x300.webp
https://minnano-toreka.com/wp-content/uploads/2026/07/231-S-P_none_10313241.webp,https://minnano-toreka.com/wp-content/uploads/2026/07/231-S-P_none_10313241-215x300.webp
https://minnano-toreka.com/wp-content/uploads/2026/07/086-070_HR_10240254.webp,https://minnano-toreka.com/wp-content/uploads/2026/07/086-070_HR_10240254-216x300.webp
https://minnano-toreka.com/wp-content/uploads/2026/07/110-094_UR_10240313.webp,https://minnano-toreka.com/wp-content/uploads/2026/07/110-094_UR_10240313-215x300.webp
https://minnano-toreka.com/wp-content/uploads/2026/07/074-069_SR_10239808.webp,https://minnano-toreka.com/wp-content/uploads/2026/07/074-069_SR_10239808-215x300.webp
https://minnano-toreka.com/wp-content/uploads/2026/07/none_none_10292124.webp,https://minnano-toreka.com/wp-content/uploads/2026/07/none_none_10292124-300x300.webp
https://minnano-toreka.com/wp-content/uploads/2026/07/076-069_SR_10239809.webp,https://minnano-toreka.com/wp-content/uploads/2026/07/076-069_SR_10239809-215x300.webp
https://minnano-toreka.com/wp-content/uploads/2026/07/none_none_10343049.webp,https://minnano-toreka.com/wp-content/uploads/2026/07/none_none_10343049-300x300.webp
https://minnano-toreka.com/wp-content/uploads/2026/07/088-066_SR_10331291.webp,https://minnano-toreka.com/wp-content/uploads/2026/07/088-066_SR_10331291-215x300.webp
https://minnano-toreka.com/wp-content/uploads/2026/07/125-100-S9_UR_10344101.webp,https://minnano-toreka.com/wp-content/uploads/2026/07/125-100-S9_UR_10344101-213x300.webp
https://minnano-toreka.com/wp-content/uploads/2026/07/087-067_UR_10240575.webp,https://minnano-toreka.com/wp-content/uploads/2026/07/087-067_UR_10240575-213x300.webp
https://minnano-toreka.com/wp-content/uploads/2026/07/084-070_UR_10347223.webp,https://minnano-toreka.com/wp-content/uploads/2026/07/084-070_UR_10347223-213x300.webp
https://minnano-toreka.com/wp-content/uploads/2026/07/195-184_CHR_10239321.webp,https://minnano-toreka.com/wp-content/uploads/2026/07/195-184_CHR_10239321-215x300.webp
https://minnano-toreka.com/wp-content/uploads/2026/07/001-021-XY_none_10345921.webp,https://minnano-toreka.com/wp-content/uploads/2026/07/001-021-XY_none_10345921-215x300.webp
https://minnano-toreka.com/wp-content/uploads/2026/07/088-067_UR_10346964.webp,https://minnano-toreka.com/wp-content/uploads/2026/07/088-067_UR_10346964-211x300.webp
https://minnano-toreka.com/wp-content/uploads/2026/07/084-076_SR_10338200.webp,https://minnano-toreka.com/wp-content/uploads/2026/07/084-076_SR_10338200-215x300.webp
https://minnano-toreka.com/wp-content/uploads/2026/07/112-080-M2_SAR_10343960.webp,https://minnano-toreka.com/wp-content/uploads/2026/07/112-080-M2_SAR_10343960-215x300.webp
https://minnano-toreka.com/wp-content/uploads/2026/07/100-071-SV5K_UR_10344208.webp,https://minnano-toreka.com/wp-content/uploads/2026/07/100-071-SV5K_UR_10344208-215x300.webp
https://minnano-toreka.com/wp-content/uploads/2026/07/105-095_SR_10332222.webp,https://minnano-toreka.com/wp-content/uploads/2026/07/105-095_SR_10332222-215x300.webp
https://minnano-toreka.com/wp-content/uploads/2026/07/073-070-S5I_SR_10341889.webp,https://minnano-toreka.com/wp-content/uploads/2026/07/073-070-S5I_SR_10341889-215x300.webp
https://minnano-toreka.com/wp-content/uploads/2026/07/071-066-sm5_SR_10332246.webp,https://minnano-toreka.com/wp-content/uploads/2026/07/071-066-sm5_SR_10332246-215x300.webp
https://minnano-toreka.com/wp-content/uploads/2026/07/091-066_SAR_10240151.webp,https://minnano-toreka.com/wp-content/uploads/2026/07/091-066_SAR_10240151-215x300.webp
https://minnano-toreka.com/wp-content/uploads/2026/07/110-100_SR_10240446.webp,https://minnano-toreka.com/wp-content/uploads/2026/07/110-100_SR_10240446-215x300.webp
https://minnano-toreka.com/wp-content/uploads/2026/07/103-098_SR_10239830.webp,https://minnano-toreka.com/wp-content/uploads/2026/07/103-098_SR_10239830-215x300.webp
https://minnano-toreka.com/wp-content/uploads/2026/07/141-165-SV2a_R_10341241.webp,https://minnano-toreka.com/wp-content/uploads/2026/07/141-165-SV2a_R_10341241-215x300.webp
https://minnano-toreka.com/wp-content/uploads/2026/07/069-062_AR_10316323.webp,https://minnano-toreka.com/wp-content/uploads/2026/07/069-062_AR_10316323-215x300.webp
https://minnano-toreka.com/wp-content/uploads/2026/07/105-078_SAR_10327009.webp,https://minnano-toreka.com/wp-content/uploads/2026/07/105-078_SAR_10327009-300x300.webp
https://minnano-toreka.com/wp-content/uploads/2026/07/034-165_R_10346302.webp,https://minnano-toreka.com/wp-content/uploads/2026/07/034-165_R_10346302-215x300.webp
https://minnano-toreka.com/wp-content/uploads/2026/07/144-165_R_10341400.webp,https://minnano-toreka.com/wp-content/uploads/2026/07/144-165_R_10341400-215x300.webp
https://minnano-toreka.com/wp-content/uploads/2026/07/101-095_SR_10338156.webp,https://minnano-toreka.com/wp-content/uploads/2026/07/101-095_SR_10338156-215x300.webp
https://minnano-toreka.com/wp-content/uploads/2026/07/002-165_U_10341399.webp,https://minnano-toreka.com/wp-content/uploads/2026/07/002-165_U_10341399-215x300.webp
https://minnano-toreka.com/wp-content/uploads/2026/07/168-165_AR_10239807.webp,https://minnano-toreka.com/wp-content/uploads/2026/07/168-165_AR_10239807-215x300.webp
https://minnano-toreka.com/wp-content/uploads/2026/07/166-165_AR_10298234.webp,https://minnano-toreka.com/wp-content/uploads/2026/07/166-165_AR_10298234-215x300.webp
https://minnano-toreka.com/wp-content/uploads/2026/07/123-165-SV2a_U_10344914.webp,https://minnano-toreka.com/wp-content/uploads/2026/07/123-165-SV2a_U_10344914-215x300.webp
https://minnano-toreka.com/wp-content/uploads/2026/07/399-SM-P_P_10340407.webp,https://minnano-toreka.com/wp-content/uploads/2026/07/399-SM-P_P_10340407-215x300.webp
https://minnano-toreka.com/wp-content/uploads/2026/07/214-SM-P_none_10339853.webp,https://minnano-toreka.com/wp-content/uploads/2026/07/214-SM-P_none_10339853-215x300.webp
https://minnano-toreka.com/wp-content/uploads/2026/07/002-004-SP4_none_10346282.webp,https://minnano-toreka.com/wp-content/uploads/2026/07/002-004-SP4_none_10346282-215x300.webp
https://minnano-toreka.com/wp-content/uploads/2026/07/026-165_R_10346957.webp,https://minnano-toreka.com/wp-content/uploads/2026/07/026-165_R_10346957-215x300.webp
https://minnano-toreka.com/wp-content/uploads/2026/07/341-190_AR_10239806.webp,https://minnano-toreka.com/wp-content/uploads/2026/07/341-190_AR_10239806-215x300.webp
https://minnano-toreka.com/wp-content/uploads/2026/07/103-098_SR_10338159.webp,https://minnano-toreka.com/wp-content/uploads/2026/07/103-098_SR_10338159-215x300.webp
https://minnano-toreka.com/wp-content/uploads/2026/07/267-S-P_P_10264203.webp,https://minnano-toreka.com/wp-content/uploads/2026/07/267-S-P_P_10264203-215x300.webp
https://minnano-toreka.com/wp-content/uploads/2026/07/033-088_RR_10338208.webp,https://minnano-toreka.com/wp-content/uploads/2026/07/033-088_RR_10338208-215x300.webp
https://minnano-toreka.com/wp-content/uploads/2026/07/none_none_10347574.webp,https://minnano-toreka.com/wp-content/uploads/2026/07/none_none_10347574-151x300.webp
https://minnano-toreka.com/wp-content/uploads/2026/07/181-165_AR_10239740.webp,https://minnano-toreka.com/wp-content/uploads/2026/07/181-165_AR_10239740-215x300.webp
https://minnano-toreka.com/wp-content/uploads/2026/07/231-S-P_P_10240111.webp,https://minnano-toreka.com/wp-content/uploads/2026/07/231-S-P_P_10240111-215x300.webp
https://minnano-toreka.com/wp-content/uploads/2026/07/060-049_CHR_10239750.webp,https://minnano-toreka.com/wp-content/uploads/2026/07/060-049_CHR_10239750-215x300.webp
https://minnano-toreka.com/wp-content/uploads/2026/07/105-096-S2_SR_10341886.webp,https://minnano-toreka.com/wp-content/uploads/2026/07/105-096-S2_SR_10341886-215x300.webp
https://minnano-toreka.com/wp-content/uploads/2026/07/072-067_SR_10239066.webp,https://minnano-toreka.com/wp-content/uploads/2026/07/072-067_SR_10239066-215x300.webp
https://minnano-toreka.com/wp-content/uploads/2026/07/072-069_SR_10239771.webp,https://minnano-toreka.com/wp-content/uploads/2026/07/072-069_SR_10239771-215x300.webp
https://minnano-toreka.com/wp-content/uploads/2026/07/055-051-sm3_SR_10338202.webp,https://minnano-toreka.com/wp-content/uploads/2026/07/055-051-sm3_SR_10338202-215x300.webp
https://minnano-toreka.com/wp-content/uploads/2026/07/none_SAR_10316384.webp,https://minnano-toreka.com/wp-content/uploads/2026/07/none_SAR_10316384-215x300.webp
https://minnano-toreka.com/wp-content/uploads/2026/07/124-100_SAR_10317085.webp,https://minnano-toreka.com/wp-content/uploads/2026/07/124-100_SAR_10317085-215x300.webp
https://minnano-toreka.com/wp-content/uploads/2026/07/055-050-sm2_SR_10332238.webp,https://minnano-toreka.com/wp-content/uploads/2026/07/055-050-sm2_SR_10332238-215x300.webp
https://minnano-toreka.com/wp-content/uploads/2026/07/234-172_SAR_10240457.webp,https://minnano-toreka.com/wp-content/uploads/2026/07/234-172_SAR_10240457-215x300.webp
https://minnano-toreka.com/wp-content/uploads/2026/07/088-063_SAR_10329218.webp,https://minnano-toreka.com/wp-content/uploads/2026/07/088-063_SAR_10329218-215x300.webp
https://minnano-toreka.com/wp-content/uploads/2026/07/132-102_SAR_10313251.webp,https://minnano-toreka.com/wp-content/uploads/2026/07/132-102_SAR_10313251-215x300.webp
https://minnano-toreka.com/wp-content/uploads/2026/07/none_none_10280344.webp,https://minnano-toreka.com/wp-content/uploads/2026/07/none_none_10280344-300x257.webp
https://minnano-toreka.com/wp-content/uploads/2026/07/088-070_HR_10240001.webp,https://minnano-toreka.com/wp-content/uploads/2026/07/088-070_HR_10240001-212x300.webp
https://minnano-toreka.com/wp-content/uploads/2026/07/059-052_HR_10240448.webp,https://minnano-toreka.com/wp-content/uploads/2026/07/059-052_HR_10240448-216x300.webp
https://minnano-toreka.com/wp-content/uploads/2026/07/105-100_SR_10239904.webp,https://minnano-toreka.com/wp-content/uploads/2026/07/105-100_SR_10239904-215x300.webp
https://minnano-toreka.com/wp-content/uploads/2026/07/078-066_UR_10241726.webp,https://minnano-toreka.com/wp-content/uploads/2026/07/078-066_UR_10241726-214x300.webp
https://minnano-toreka.com/wp-content/uploads/2026/07/108-098_SR_10239727.webp,https://minnano-toreka.com/wp-content/uploads/2026/07/108-098_SR_10239727-215x300.webp
https://minnano-toreka.com/wp-content/uploads/2026/07/114-080-M2_SAR_10343956.webp,https://minnano-toreka.com/wp-content/uploads/2026/07/114-080-M2_SAR_10343956-215x300.webp
https://minnano-toreka.com/wp-content/uploads/2026/07/none_none_10343931.webp,https://minnano-toreka.com/wp-content/uploads/2026/07/none_none_10343931-211x300.webp
https://minnano-toreka.com/wp-content/uploads/2026/07/020-019_none_10329324.webp,https://minnano-toreka.com/wp-content/uploads/2026/07/020-019_none_10329324-215x300.webp
https://minnano-toreka.com/wp-content/uploads/2026/07/104-100_SR_10238935.webp,https://minnano-toreka.com/wp-content/uploads/2026/07/104-100_SR_10238935-215x300.webp
https://minnano-toreka.com/wp-content/uploads/2026/07/066-060_SR_10332125.webp,https://minnano-toreka.com/wp-content/uploads/2026/07/066-060_SR_10332125-215x300.webp
https://minnano-toreka.com/wp-content/uploads/2026/07/217-184_CSR_10306573.webp,https://minnano-toreka.com/wp-content/uploads/2026/07/217-184_CSR_10306573-210x300.webp
https://minnano-toreka.com/wp-content/uploads/2026/07/088-064_SAR_10315947.webp,https://minnano-toreka.com/wp-content/uploads/2026/07/088-064_SAR_10315947-215x300.webp
https://minnano-toreka.com/wp-content/uploads/2026/07/085-063_SAR_10329210.webp,https://minnano-toreka.com/wp-content/uploads/2026/07/085-063_SAR_10329210-215x300.webp
https://minnano-toreka.com/wp-content/uploads/2026/07/065-095-sm12_RR_10329993.webp,https://minnano-toreka.com/wp-content/uploads/2026/07/065-095-sm12_RR_10329993-215x300.webp
https://minnano-toreka.com/wp-content/uploads/2026/07/101-XY-P-XY_none_10345856.webp,https://minnano-toreka.com/wp-content/uploads/2026/07/101-XY-P-XY_none_10345856-214x300.webp
https://minnano-toreka.com/wp-content/uploads/2026/07/062-087-CP6_RR_10346280.webp,https://minnano-toreka.com/wp-content/uploads/2026/07/062-087-CP6_RR_10346280-215x300.webp
https://minnano-toreka.com/wp-content/uploads/2026/07/080-S-P_P_10284078.webp,https://minnano-toreka.com/wp-content/uploads/2026/07/080-S-P_P_10284078-215x300.webp
https://minnano-toreka.com/wp-content/uploads/2026/07/061-087-CP6_none_10345852.webp,https://minnano-toreka.com/wp-content/uploads/2026/07/061-087-CP6_none_10345852-215x300.webp
https://minnano-toreka.com/wp-content/uploads/2026/07/234-XY-P_P_10264167.webp,https://minnano-toreka.com/wp-content/uploads/2026/07/234-XY-P_P_10264167-215x300.webp
https://minnano-toreka.com/wp-content/uploads/2026/07/322-SM-P_none_10345848.webp,https://minnano-toreka.com/wp-content/uploads/2026/07/322-SM-P_none_10345848-219x300.webp
https://minnano-toreka.com/wp-content/uploads/2026/07/098-073_SAR_10239825.webp,https://minnano-toreka.com/wp-content/uploads/2026/07/098-073_SAR_10239825-215x300.webp
https://minnano-toreka.com/wp-content/uploads/2026/07/099-071-SV2P_UR_10347133.webp,https://minnano-toreka.com/wp-content/uploads/2026/07/099-071-SV2P_UR_10347133-214x300.webp
https://minnano-toreka.com/wp-content/uploads/2026/07/162-165-SV2a_U_10341414.webp,https://minnano-toreka.com/wp-content/uploads/2026/07/162-165-SV2a_U_10341414-215x300.webp
https://minnano-toreka.com/wp-content/uploads/2026/07/008-165_U_10341117.webp,https://minnano-toreka.com/wp-content/uploads/2026/07/008-165_U_10341117-215x300.webp
https://minnano-toreka.com/wp-content/uploads/2026/07/148-165-SV2a_U_10341404.webp,https://minnano-toreka.com/wp-content/uploads/2026/07/148-165-SV2a_U_10341404-215x300.webp
https://minnano-toreka.com/wp-content/uploads/2026/07/071-060_UR_10346973.webp,https://minnano-toreka.com/wp-content/uploads/2026/07/071-060_UR_10346973-214x300.webp
https://minnano-toreka.com/wp-content/uploads/2026/07/034-087-CP6_R_10341436.webp,https://minnano-toreka.com/wp-content/uploads/2026/07/034-087-CP6_R_10341436-215x300.webp
https://minnano-toreka.com/wp-content/uploads/2026/07/035-165_C_10346810.webp,https://minnano-toreka.com/wp-content/uploads/2026/07/035-165_C_10346810-215x300.webp
https://minnano-toreka.com/wp-content/uploads/2026/07/187-184_CHR_10238713.webp,https://minnano-toreka.com/wp-content/uploads/2026/07/187-184_CHR_10238713-215x300.webp
https://minnano-toreka.com/wp-content/uploads/2026/07/012-086_R_10341393.webp,https://minnano-toreka.com/wp-content/uploads/2026/07/012-086_R_10341393-215x300.webp
https://minnano-toreka.com/wp-content/uploads/2026/07/018-025_none_10345800.webp,https://minnano-toreka.com/wp-content/uploads/2026/07/018-025_none_10345800-215x300.webp
https://minnano-toreka.com/wp-content/uploads/2026/07/146-165_R_10341395.webp,https://minnano-toreka.com/wp-content/uploads/2026/07/146-165_R_10341395-215x300.webp
https://minnano-toreka.com/wp-content/uploads/2026/07/093-068-S11a_UR_10344180.webp,https://minnano-toreka.com/wp-content/uploads/2026/07/093-068-S11a_UR_10344180-218x300.webp
https://minnano-toreka.com/wp-content/uploads/2026/07/031-036_none_10338213.webp,https://minnano-toreka.com/wp-content/uploads/2026/07/031-036_none_10338213-215x300.webp
https://minnano-toreka.com/wp-content/uploads/2026/07/005-013-008-013_none_10339806.webp,https://minnano-toreka.com/wp-content/uploads/2026/07/005-013-008-013_none_10339806-216x300.webp
https://minnano-toreka.com/wp-content/uploads/2026/07/113-080-M2_SAR_10343954.webp,https://minnano-toreka.com/wp-content/uploads/2026/07/113-080-M2_SAR_10343954-215x300.webp
https://minnano-toreka.com/wp-content/uploads/2026/07/109-100_SR_10338207.webp,https://minnano-toreka.com/wp-content/uploads/2026/07/109-100_SR_10338207-215x300.webp
https://minnano-toreka.com/wp-content/uploads/2026/07/104-078_SAR_10327012.webp,https://minnano-toreka.com/wp-content/uploads/2026/07/104-078_SAR_10327012-215x300.webp
https://minnano-toreka.com/wp-content/uploads/2026/07/092-071_SAR_10238937.webp,https://minnano-toreka.com/wp-content/uploads/2026/07/092-071_SAR_10238937-215x300.webp
https://minnano-toreka.com/wp-content/uploads/2026/07/120-100_HR_10240450.webp,https://minnano-toreka.com/wp-content/uploads/2026/07/120-100_HR_10240450-215x300.webp
https://minnano-toreka.com/wp-content/uploads/2026/07/105-094_SR_10332206.webp,https://minnano-toreka.com/wp-content/uploads/2026/07/105-094_SR_10332206-215x300.webp
https://minnano-toreka.com/wp-content/uploads/2026/07/056-049_CHR_10304915.webp,https://minnano-toreka.com/wp-content/uploads/2026/07/056-049_CHR_10304915-215x300.webp
https://minnano-toreka.com/wp-content/uploads/2026/07/219-193_SR_10347457.webp,https://minnano-toreka.com/wp-content/uploads/2026/07/219-193_SR_10347457-215x300.webp
https://minnano-toreka.com/wp-content/uploads/2026/07/006-025_none_10341070.webp,https://minnano-toreka.com/wp-content/uploads/2026/07/006-025_none_10341070-215x300.webp
https://minnano-toreka.com/wp-content/uploads/2026/07/086-067_UR_10346975.webp,https://minnano-toreka.com/wp-content/uploads/2026/07/086-067_UR_10346975-213x300.webp
https://minnano-toreka.com/wp-content/uploads/2026/07/166-086_SR_10334700.webp,https://minnano-toreka.com/wp-content/uploads/2026/07/166-086_SR_10334700-215x300.webp
https://minnano-toreka.com/wp-content/uploads/2026/07/170-165_AR_10306010.webp,https://minnano-toreka.com/wp-content/uploads/2026/07/170-165_AR_10306010-215x300.webp
https://minnano-toreka.com/wp-content/uploads/2026/07/267-S-P_P_10329574.webp,https://minnano-toreka.com/wp-content/uploads/2026/07/267-S-P_P_10329574-215x300.webp
https://minnano-toreka.com/wp-content/uploads/2026/07/040-187_none_10341115.webp,https://minnano-toreka.com/wp-content/uploads/2026/07/040-187_none_10341115-215x300.webp
https://minnano-toreka.com/wp-content/uploads/2026/07/none_UR_10305325.webp,https://minnano-toreka.com/wp-content/uploads/2026/07/none_UR_10305325-210x300.webp
https://minnano-toreka.com/wp-content/uploads/2026/07/194-173_SR_10332236.webp,https://minnano-toreka.com/wp-content/uploads/2026/07/194-173_SR_10332236-215x300.webp
https://minnano-toreka.com/wp-content/uploads/2026/07/080-070_SR_10239760.webp,https://minnano-toreka.com/wp-content/uploads/2026/07/080-070_SR_10239760-215x300.webp
https://minnano-toreka.com/wp-content/uploads/2026/07/051-070-XY_RR_10329893.webp,https://minnano-toreka.com/wp-content/uploads/2026/07/051-070-XY_RR_10329893-213x300.webp
https://minnano-toreka.com/wp-content/uploads/2026/07/353-190_SAR_10239815.webp,https://minnano-toreka.com/wp-content/uploads/2026/07/353-190_SAR_10239815-215x300.webp
https://minnano-toreka.com/wp-content/uploads/2026/07/037-060_RR_10241016.webp,https://minnano-toreka.com/wp-content/uploads/2026/07/037-060_RR_10241016-215x300.webp
https://minnano-toreka.com/wp-content/uploads/2026/07/088-070_HR_10240322.webp,https://minnano-toreka.com/wp-content/uploads/2026/07/088-070_HR_10240322-216x300.webp
https://minnano-toreka.com/wp-content/uploads/2026/07/088-066_SAR_10239676.webp,https://minnano-toreka.com/wp-content/uploads/2026/07/088-066_SAR_10239676-215x300.webp
https://minnano-toreka.com/wp-content/uploads/2026/07/098-095-sm8_SR_10341866.webp,https://minnano-toreka.com/wp-content/uploads/2026/07/098-095-sm8_SR_10341866-215x300.webp
https://minnano-toreka.com/wp-content/uploads/2026/07/249-150_UR_10239759.webp,https://minnano-toreka.com/wp-content/uploads/2026/07/249-150_UR_10239759-218x300.webp
https://minnano-toreka.com/wp-content/uploads/2026/07/155-S-P_P_10240114.webp,https://minnano-toreka.com/wp-content/uploads/2026/07/155-S-P_P_10240114-215x300.webp
https://minnano-toreka.com/wp-content/uploads/2026/07/081-070_SR_10332120.webp,https://minnano-toreka.com/wp-content/uploads/2026/07/081-070_SR_10332120-215x300.webp
https://minnano-toreka.com/wp-content/uploads/2026/07/082-068_SR_10239573.webp,https://minnano-toreka.com/wp-content/uploads/2026/07/082-068_SR_10239573-215x300.webp
https://minnano-toreka.com/wp-content/uploads/2026/07/131-165_U_10346960.webp,https://minnano-toreka.com/wp-content/uploads/2026/07/131-165_U_10346960-215x300.webp
https://minnano-toreka.com/wp-content/uploads/2026/07/121-S-P_P_10346694.webp,https://minnano-toreka.com/wp-content/uploads/2026/07/121-S-P_P_10346694-215x300.webp
https://minnano-toreka.com/wp-content/uploads/2026/07/331-190_SSR_10240086.webp,https://minnano-toreka.com/wp-content/uploads/2026/07/331-190_SSR_10240086-215x300.webp
https://minnano-toreka.com/wp-content/uploads/2026/07/103-094-sm11_SR_10341881.webp,https://minnano-toreka.com/wp-content/uploads/2026/07/103-094-sm11_SR_10341881-215x300.webp
https://minnano-toreka.com/wp-content/uploads/2026/07/091-066_SAR_10239601.webp,https://minnano-toreka.com/wp-content/uploads/2026/07/091-066_SAR_10239601-215x300.webp
https://minnano-toreka.com/wp-content/uploads/2026/07/127-102_SAR_10289337.webp,https://minnano-toreka.com/wp-content/uploads/2026/07/127-102_SAR_10289337-215x300.webp
https://minnano-toreka.com/wp-content/uploads/2026/07/none_none_10264134.webp,https://minnano-toreka.com/wp-content/uploads/2026/07/none_none_10264134-300x270.webp
https://minnano-toreka.com/wp-content/uploads/2026/07/135-102_UR_10289348.webp,https://minnano-toreka.com/wp-content/uploads/2026/07/135-102_UR_10289348-215x300.webp
https://minnano-toreka.com/wp-content/uploads/2026/07/118-098_HR_10240325.webp,https://minnano-toreka.com/wp-content/uploads/2026/07/118-098_HR_10240325-215x300.webp
https://minnano-toreka.com/wp-content/uploads/2026/07/093-071_SAR_10241046.webp,https://minnano-toreka.com/wp-content/uploads/2026/07/093-071_SAR_10241046-215x300.webp
https://minnano-toreka.com/wp-content/uploads/2026/07/106-095-sm10_SR_10341887.webp,https://minnano-toreka.com/wp-content/uploads/2026/07/106-095-sm10_SR_10341887-215x300.webp
https://minnano-toreka.com/wp-content/uploads/2026/07/none_none_10342701.webp,https://minnano-toreka.com/wp-content/uploads/2026/07/none_none_10342701-209x300.webp
https://minnano-toreka.com/wp-content/uploads/2026/07/011-071_K_10340493.webp,https://minnano-toreka.com/wp-content/uploads/2026/07/011-071_K_10340493-215x300.webp
https://minnano-toreka.com/wp-content/uploads/2026/07/169-XY-P-XY_P_10346368.webp,https://minnano-toreka.com/wp-content/uploads/2026/07/169-XY-P-XY_P_10346368-217x300.webp
https://minnano-toreka.com/wp-content/uploads/2026/07/031-090_none_10339816.webp,https://minnano-toreka.com/wp-content/uploads/2026/07/031-090_none_10339816-150x150.webp
https://minnano-toreka.com/wp-content/uploads/2026/07/219-172_SAR_10306581.webp,https://minnano-toreka.com/wp-content/uploads/2026/07/219-172_SAR_10306581-215x300.webp
https://minnano-toreka.com/wp-content/uploads/2026/07/080-070_SR_10239997.webp,https://minnano-toreka.com/wp-content/uploads/2026/07/080-070_SR_10239997-215x300.webp
https://minnano-toreka.com/wp-content/uploads/2026/07/207-165_SAR_10238855.webp,https://minnano-toreka.com/wp-content/uploads/2026/07/207-165_SAR_10238855-215x300.webp
https://minnano-toreka.com/wp-content/uploads/2026/07/078-066_UR_10344659.webp,https://minnano-toreka.com/wp-content/uploads/2026/07/078-066_UR_10344659-214x300.webp
https://minnano-toreka.com/wp-content/uploads/2026/07/none_none_10281376.webp,https://minnano-toreka.com/wp-content/uploads/2026/07/none_none_10281376-300x300.webp
https://minnano-toreka.com/wp-content/uploads/2026/07/090-062_UR_10240872.webp,https://minnano-toreka.com/wp-content/uploads/2026/07/090-062_UR_10240872-215x300.webp
https://minnano-toreka.com/wp-content/uploads/2026/07/113-098_SR_10239575.webp,https://minnano-toreka.com/wp-content/uploads/2026/07/113-098_SR_10239575-215x300.webp
https://minnano-toreka.com/wp-content/uploads/2026/07/063-050_UR_10347220.webp,https://minnano-toreka.com/wp-content/uploads/2026/07/063-050_UR_10347220-214x300.webp
https://minnano-toreka.com/wp-content/uploads/2026/07/084-063_SR_10338080.webp,https://minnano-toreka.com/wp-content/uploads/2026/07/084-063_SR_10338080-215x300.webp
https://minnano-toreka.com/wp-content/uploads/2026/07/051-187_none_10341118.webp,https://minnano-toreka.com/wp-content/uploads/2026/07/051-187_none_10341118-215x300.webp
https://minnano-toreka.com/wp-content/uploads/2026/07/354-190_SAR_10244302.webp,https://minnano-toreka.com/wp-content/uploads/2026/07/354-190_SAR_10244302-215x300.webp
https://minnano-toreka.com/wp-content/uploads/2026/07/100-078_SR_10313402.webp,https://minnano-toreka.com/wp-content/uploads/2026/07/100-078_SR_10313402-215x300.webp
https://minnano-toreka.com/wp-content/uploads/2026/07/002-187-SV8a_none_10340869.webp,https://minnano-toreka.com/wp-content/uploads/2026/07/002-187-SV8a_none_10340869-215x300.webp
https://minnano-toreka.com/wp-content/uploads/2026/07/093-064-SV6a_UR_10344207.webp,https://minnano-toreka.com/wp-content/uploads/2026/07/093-064-SV6a_UR_10344207-215x300.webp
https://minnano-toreka.com/wp-content/uploads/2026/07/110-096-sm7_UR_10344205.webp,https://minnano-toreka.com/wp-content/uploads/2026/07/110-096-sm7_UR_10344205-213x300.webp
https://minnano-toreka.com/wp-content/uploads/2026/07/015-076-s3a_A_10346287.webp,https://minnano-toreka.com/wp-content/uploads/2026/07/015-076-s3a_A_10346287-215x300.webp
https://minnano-toreka.com/wp-content/uploads/2026/07/108-078-SV1S_UR_10344191.webp,https://minnano-toreka.com/wp-content/uploads/2026/07/108-078-SV1S_UR_10344191-215x300.webp
https://minnano-toreka.com/wp-content/uploads/2026/07/080-071_AR_10244766.webp,https://minnano-toreka.com/wp-content/uploads/2026/07/080-071_AR_10244766-215x300.webp
https://minnano-toreka.com/wp-content/uploads/2026/07/058-165-SV2a_C_10341003.webp,https://minnano-toreka.com/wp-content/uploads/2026/07/058-165-SV2a_C_10341003-215x300.webp
https://minnano-toreka.com/wp-content/uploads/2026/07/128-100-S8_UR_10344189.webp,https://minnano-toreka.com/wp-content/uploads/2026/07/128-100-S8_UR_10344189-213x300.webp
https://minnano-toreka.com/wp-content/uploads/2026/07/none_none_10345601.webp,https://minnano-toreka.com/wp-content/uploads/2026/07/none_none_10345601-300x265.webp
https://minnano-toreka.com/wp-content/uploads/2026/07/226-229-184_CSR_10239473.webp,https://minnano-toreka.com/wp-content/uploads/2026/07/226-229-184_CSR_10239473-216x300.webp
https://minnano-toreka.com/wp-content/uploads/2026/07/080-165_U_10346956.webp,https://minnano-toreka.com/wp-content/uploads/2026/07/080-165_U_10346956-215x300.webp
https://minnano-toreka.com/wp-content/uploads/2026/07/082-070_SR_10313250.webp,https://minnano-toreka.com/wp-content/uploads/2026/07/082-070_SR_10313250-215x300.webp
https://minnano-toreka.com/wp-content/uploads/2026/07/228-172_SAR_10238944.webp,https://minnano-toreka.com/wp-content/uploads/2026/07/228-172_SAR_10238944-215x300.webp
https://minnano-toreka.com/wp-content/uploads/2026/07/114-100_SR_10239050.webp,https://minnano-toreka.com/wp-content/uploads/2026/07/114-100_SR_10239050-215x300.webp
https://minnano-toreka.com/wp-content/uploads/2026/07/089-064_SAR_10315962.webp,https://minnano-toreka.com/wp-content/uploads/2026/07/089-064_SAR_10315962-215x300.webp
https://minnano-toreka.com/wp-content/uploads/2026/07/091-066_SAR_10260687.webp,https://minnano-toreka.com/wp-content/uploads/2026/07/091-066_SAR_10260687-215x300.webp
https://minnano-toreka.com/wp-content/uploads/2026/07/169-086-SV11W_SAR_10333972.webp,https://minnano-toreka.com/wp-content/uploads/2026/07/169-086-SV11W_SAR_10333972-215x300.webp
https://minnano-toreka.com/wp-content/uploads/2026/07/123-102_SR_10316867.webp,https://minnano-toreka.com/wp-content/uploads/2026/07/123-102_SR_10316867-215x300.webp
https://minnano-toreka.com/wp-content/uploads/2026/07/083-067_HR_10239656.webp,https://minnano-toreka.com/wp-content/uploads/2026/07/083-067_HR_10239656-215x300.webp
https://minnano-toreka.com/wp-content/uploads/2026/07/097-073_SAR_10239749.webp,https://minnano-toreka.com/wp-content/uploads/2026/07/097-073_SAR_10239749-215x300.webp
https://minnano-toreka.com/wp-content/uploads/2026/07/084-067_HR_10240004.webp,https://minnano-toreka.com/wp-content/uploads/2026/07/084-067_HR_10240004-211x300.webp
https://minnano-toreka.com/wp-content/uploads/2026/07/103-095-sm8_SR_10332262.webp,https://minnano-toreka.com/wp-content/uploads/2026/07/103-095-sm8_SR_10332262-215x300.webp
https://minnano-toreka.com/wp-content/uploads/2026/07/116-100_HR_10240456.webp,https://minnano-toreka.com/wp-content/uploads/2026/07/116-100_HR_10240456-215x300.webp
https://minnano-toreka.com/wp-content/uploads/2026/07/125-101_SAR_10330068.webp,https://minnano-toreka.com/wp-content/uploads/2026/07/125-101_SAR_10330068-215x300.webp
https://minnano-toreka.com/wp-content/uploads/2026/07/058-053-sm6_SR_10332254.webp,https://minnano-toreka.com/wp-content/uploads/2026/07/058-053-sm6_SR_10332254-215x300.webp
https://minnano-toreka.com/wp-content/uploads/2026/07/070-067_SR_10338212.webp,https://minnano-toreka.com/wp-content/uploads/2026/07/070-067_SR_10338212-215x300.webp
https://minnano-toreka.com/wp-content/uploads/2026/07/103-095_SR_10240167.webp,https://minnano-toreka.com/wp-content/uploads/2026/07/103-095_SR_10240167-215x300.webp
https://minnano-toreka.com/wp-content/uploads/2026/07/none_none_10264135.webp,https://minnano-toreka.com/wp-content/uploads/2026/07/none_none_10264135-300x300.webp
https://minnano-toreka.com/wp-content/uploads/2026/07/229-S-P_P_10240117.webp,https://minnano-toreka.com/wp-content/uploads/2026/07/229-S-P_P_10240117-215x300.webp
https://minnano-toreka.com/wp-content/uploads/2026/07/089-066_SAR_10239465.webp,https://minnano-toreka.com/wp-content/uploads/2026/07/089-066_SAR_10239465-215x300.webp
https://minnano-toreka.com/wp-content/uploads/2026/07/170-086_SAR_10333973.webp,https://minnano-toreka.com/wp-content/uploads/2026/07/170-086_SAR_10333973-215x300.webp
https://minnano-toreka.com/wp-content/uploads/2026/07/166-150-sm8b_S_10346367.webp,https://minnano-toreka.com/wp-content/uploads/2026/07/166-150-sm8b_S_10346367-215x300.webp
https://minnano-toreka.com/wp-content/uploads/2026/07/021-187-SV8a_none_10340868.webp,https://minnano-toreka.com/wp-content/uploads/2026/07/021-187-SV8a_none_10340868-215x300.webp
https://minnano-toreka.com/wp-content/uploads/2026/07/073-060-sm7_UR_10344182.webp,https://minnano-toreka.com/wp-content/uploads/2026/07/073-060-sm7_UR_10344182-209x300.webp
https://minnano-toreka.com/wp-content/uploads/2026/07/151-150_SR_10239757.webp,https://minnano-toreka.com/wp-content/uploads/2026/07/151-150_SR_10239757-215x300.webp
https://minnano-toreka.com/wp-content/uploads/2026/07/218-172_SAR_10239813.webp,https://minnano-toreka.com/wp-content/uploads/2026/07/218-172_SAR_10239813-215x300.webp
https://minnano-toreka.com/wp-content/uploads/2026/07/020-171-XY_none_10346278.webp,https://minnano-toreka.com/wp-content/uploads/2026/07/020-171-XY_none_10346278-215x300.webp
https://minnano-toreka.com/wp-content/uploads/2026/07/052-054_TR_10339813.webp,https://minnano-toreka.com/wp-content/uploads/2026/07/052-054_TR_10339813-215x300.webp
https://minnano-toreka.com/wp-content/uploads/2026/07/030-187-SV8a_none_10340865.webp,https://minnano-toreka.com/wp-content/uploads/2026/07/030-187-SV8a_none_10340865-215x300.webp
https://minnano-toreka.com/wp-content/uploads/2026/07/242-SV-P-SV-P_P_10346811.webp,https://minnano-toreka.com/wp-content/uploads/2026/07/242-SV-P-SV-P_P_10346811-215x300.webp
https://minnano-toreka.com/wp-content/uploads/2026/07/045-066_RR_10329972.webp,https://minnano-toreka.com/wp-content/uploads/2026/07/045-066_RR_10329972-215x300.webp
https://minnano-toreka.com/wp-content/uploads/2026/07/100-073_SAR_10327011.webp,https://minnano-toreka.com/wp-content/uploads/2026/07/100-073_SAR_10327011-215x300.webp
https://minnano-toreka.com/wp-content/uploads/2026/07/none_none_10343048.webp,https://minnano-toreka.com/wp-content/uploads/2026/07/none_none_10343048-300x300.webp
https://minnano-toreka.com/wp-content/uploads/2026/07/016-064_RR_10241023.webp,https://minnano-toreka.com/wp-content/uploads/2026/07/016-064_RR_10241023-215x300.webp
https://minnano-toreka.com/wp-content/uploads/2026/07/none_none_10330169.webp,https://minnano-toreka.com/wp-content/uploads/2026/07/none_none_10330169-300x300.webp
https://minnano-toreka.com/wp-content/uploads/2026/07/203-187_SAR_10317175.webp,https://minnano-toreka.com/wp-content/uploads/2026/07/203-187_SAR_10317175-215x300.webp
https://minnano-toreka.com/wp-content/uploads/2026/07/none_none_10282892.webp,https://minnano-toreka.com/wp-content/uploads/2026/07/none_none_10282892-214x300.webp
https://minnano-toreka.com/wp-content/uploads/2026/07/none_none_10271846.webp,https://minnano-toreka.com/wp-content/uploads/2026/07/none_none_10271846-300x300.webp
https://minnano-toreka.com/wp-content/uploads/2026/07/none_BOX_10290493.webp,https://minnano-toreka.com/wp-content/uploads/2026/07/none_BOX_10290493-300x300.webp
https://minnano-toreka.com/wp-content/uploads/2026/07/none_none_10292123.webp,https://minnano-toreka.com/wp-content/uploads/2026/07/none_none_10292123-300x258.webp
https://minnano-toreka.com/wp-content/uploads/2026/07/130-100_UR_10334477.webp,https://minnano-toreka.com/wp-content/uploads/2026/07/130-100_UR_10334477-215x300.webp
https://minnano-toreka.com/wp-content/uploads/2026/07/078-067_SR_10313245.webp,https://minnano-toreka.com/wp-content/uploads/2026/07/078-067_SR_10313245-215x300.webp
https://minnano-toreka.com/wp-content/uploads/2026/07/064-049_UR_10347221.webp,https://minnano-toreka.com/wp-content/uploads/2026/07/064-049_UR_10347221-214x300.webp
https://minnano-toreka.com/wp-content/uploads/2026/07/071-063_AR_10329312.webp,https://minnano-toreka.com/wp-content/uploads/2026/07/071-063_AR_10329312-215x300.webp
https://minnano-toreka.com/wp-content/uploads/2026/07/093-071_SAR_10241032.webp,https://minnano-toreka.com/wp-content/uploads/2026/07/093-071_SAR_10241032-215x300.webp
https://minnano-toreka.com/wp-content/uploads/2026/07/073-070_SR_10240573.webp,https://minnano-toreka.com/wp-content/uploads/2026/07/073-070_SR_10240573-215x300.webp
https://minnano-toreka.com/wp-content/uploads/2026/07/009-051-smL_none_10345972.webp,https://minnano-toreka.com/wp-content/uploads/2026/07/009-051-smL_none_10345972-215x300.webp
https://minnano-toreka.com/wp-content/uploads/2026/07/054-050_SR_10339738.webp,https://minnano-toreka.com/wp-content/uploads/2026/07/054-050_SR_10339738-215x300.webp
https://minnano-toreka.com/wp-content/uploads/2026/07/197-190_SR_10239053.webp,https://minnano-toreka.com/wp-content/uploads/2026/07/197-190_SR_10239053-215x300.webp
https://minnano-toreka.com/wp-content/uploads/2026/07/011-032_C_10346297.webp,https://minnano-toreka.com/wp-content/uploads/2026/07/011-032_C_10346297-215x300.webp
https://minnano-toreka.com/wp-content/uploads/2026/07/265-S-P_P_10240436.webp,https://minnano-toreka.com/wp-content/uploads/2026/07/265-S-P_P_10240436-215x300.webp
https://minnano-toreka.com/wp-content/uploads/2026/07/092-066_SAR_10239738.webp,https://minnano-toreka.com/wp-content/uploads/2026/07/092-066_SAR_10239738-215x300.webp
https://minnano-toreka.com/wp-content/uploads/2026/07/094-071_SAR_10241033.webp,https://minnano-toreka.com/wp-content/uploads/2026/07/094-071_SAR_10241033-215x300.webp
https://minnano-toreka.com/wp-content/uploads/2026/07/172-086_SAR_10333990.webp,https://minnano-toreka.com/wp-content/uploads/2026/07/172-086_SAR_10333990-215x300.webp
https://minnano-toreka.com/wp-content/uploads/2026/07/147-165-SV2a_C_10343943.webp,https://minnano-toreka.com/wp-content/uploads/2026/07/147-165-SV2a_C_10343943-215x300.webp
https://minnano-toreka.com/wp-content/uploads/2026/07/115-100_SR_10317174.webp,https://minnano-toreka.com/wp-content/uploads/2026/07/115-100_SR_10317174-215x300.webp
https://minnano-toreka.com/wp-content/uploads/2026/07/101-S-P_S-P_10338162.webp,https://minnano-toreka.com/wp-content/uploads/2026/07/101-S-P_S-P_10338162-215x300.webp
https://minnano-toreka.com/wp-content/uploads/2026/07/213-172_SAR_10239829.webp,https://minnano-toreka.com/wp-content/uploads/2026/07/213-172_SAR_10239829-215x300.webp
https://minnano-toreka.com/wp-content/uploads/2026/07/125-187-SV8a_none_10340870.webp,https://minnano-toreka.com/wp-content/uploads/2026/07/125-187-SV8a_none_10340870-215x300.webp
https://minnano-toreka.com/wp-content/uploads/2026/07/none_HR_10307845.webp,https://minnano-toreka.com/wp-content/uploads/2026/07/none_HR_10307845-216x300.webp
https://minnano-toreka.com/wp-content/uploads/2026/07/072-066-sm6_SR_10341890.webp,https://minnano-toreka.com/wp-content/uploads/2026/07/072-066-sm6_SR_10341890-213x300.webp
https://minnano-toreka.com/wp-content/uploads/2026/07/055-050_SR_10332257.webp,https://minnano-toreka.com/wp-content/uploads/2026/07/055-050_SR_10332257-215x300.webp
https://minnano-toreka.com/wp-content/uploads/2026/07/090-070_HR_10239723.webp,https://minnano-toreka.com/wp-content/uploads/2026/07/090-070_HR_10239723-214x300.webp
https://minnano-toreka.com/wp-content/uploads/2026/07/079-070_SR_10239742.webp,https://minnano-toreka.com/wp-content/uploads/2026/07/079-070_SR_10239742-215x300.webp
https://minnano-toreka.com/wp-content/uploads/2026/07/035-080_RR_10329975.webp,https://minnano-toreka.com/wp-content/uploads/2026/07/035-080_RR_10329975-215x300.webp
https://minnano-toreka.com/wp-content/uploads/2026/07/047-PCG-P_none_10330232.webp,https://minnano-toreka.com/wp-content/uploads/2026/07/047-PCG-P_none_10330232-215x300.webp
https://minnano-toreka.com/wp-content/uploads/2026/07/207-187_SAR_10313255.webp,https://minnano-toreka.com/wp-content/uploads/2026/07/207-187_SAR_10313255-215x300.webp
https://minnano-toreka.com/wp-content/uploads/2026/07/none_none_10289452.webp,https://minnano-toreka.com/wp-content/uploads/2026/07/none_none_10289452-300x300.webp
https://minnano-toreka.com/wp-content/uploads/2026/07/none_none_10289451.webp,https://minnano-toreka.com/wp-content/uploads/2026/07/none_none_10289451-300x300.webp
https://minnano-toreka.com/wp-content/uploads/2026/07/079-070_SR_10339772.webp,https://minnano-toreka.com/wp-content/uploads/2026/07/079-070_SR_10339772-215x300.webp
https://minnano-toreka.com/wp-content/uploads/2026/07/015-128_none_10336924.webp,https://minnano-toreka.com/wp-content/uploads/2026/07/015-128_none_10336924-213x300.webp
https://minnano-toreka.com/wp-content/uploads/2026/07/XY-P_P_10343935.webp,https://minnano-toreka.com/wp-content/uploads/2026/07/XY-P_P_10343935-215x300.webp
https://minnano-toreka.com/wp-content/uploads/2026/07/none_none_10342770.webp,https://minnano-toreka.com/wp-content/uploads/2026/07/none_none_10342770-300x217.webp
https://minnano-toreka.com/wp-content/uploads/2026/07/014-032_none_10343933.webp,https://minnano-toreka.com/wp-content/uploads/2026/07/014-032_none_10343933-215x300.webp
https://minnano-toreka.com/wp-content/uploads/2026/07/129-100-S8_UR_10344187.webp,https://minnano-toreka.com/wp-content/uploads/2026/07/129-100-S8_UR_10344187-213x300.webp
https://minnano-toreka.com/wp-content/uploads/2026/07/272-S-P_none_10340491.webp,https://minnano-toreka.com/wp-content/uploads/2026/07/272-S-P_none_10340491-215x300.webp
https://minnano-toreka.com/wp-content/uploads/2026/07/090-063_UR_10329211.webp,https://minnano-toreka.com/wp-content/uploads/2026/07/090-063_UR_10329211-215x300.webp
https://minnano-toreka.com/wp-content/uploads/2026/07/075-066-sm6_SR_10332256.webp,https://minnano-toreka.com/wp-content/uploads/2026/07/075-066-sm6_SR_10332256-215x300.webp
https://minnano-toreka.com/wp-content/uploads/2026/07/137-106_UR_10317145.webp,https://minnano-toreka.com/wp-content/uploads/2026/07/137-106_UR_10317145-215x300.webp
https://minnano-toreka.com/wp-content/uploads/2026/07/170-086_SAR_10333966.webp,https://minnano-toreka.com/wp-content/uploads/2026/07/170-086_SAR_10333966-215x300.webp
https://minnano-toreka.com/wp-content/uploads/2026/07/075-070_SR_10239728.webp,https://minnano-toreka.com/wp-content/uploads/2026/07/075-070_SR_10239728-215x300.webp
https://minnano-toreka.com/wp-content/uploads/2026/07/none_none_10280198.webp,https://minnano-toreka.com/wp-content/uploads/2026/07/none_none_10280198-300x300.webp
https://minnano-toreka.com/wp-content/uploads/2026/07/none_none_10289450.webp,https://minnano-toreka.com/wp-content/uploads/2026/07/none_none_10289450-300x300.webp
https://minnano-toreka.com/wp-content/uploads/2026/07/none_none_10341094.webp,https://minnano-toreka.com/wp-content/uploads/2026/07/none_none_10341094-300x300.webp
https://minnano-toreka.com/wp-content/uploads/2026/07/062-187_none_10341106.webp,https://minnano-toreka.com/wp-content/uploads/2026/07/062-187_none_10341106-215x300.webp
https://minnano-toreka.com/wp-content/uploads/2026/07/129-100_SAR_10317176.webp,https://minnano-toreka.com/wp-content/uploads/2026/07/129-100_SAR_10317176-215x300.webp
https://minnano-toreka.com/wp-content/uploads/2026/07/018-078-XY_RR_10346279.webp,https://minnano-toreka.com/wp-content/uploads/2026/07/018-078-XY_RR_10346279-215x300.webp
https://minnano-toreka.com/wp-content/uploads/2026/07/088-062_SAR_10305977.webp,https://minnano-toreka.com/wp-content/uploads/2026/07/088-062_SAR_10305977-215x300.webp
https://minnano-toreka.com/wp-content/uploads/2026/07/196-165_SR_10315960.webp,https://minnano-toreka.com/wp-content/uploads/2026/07/196-165_SR_10315960-215x300.webp
https://minnano-toreka.com/wp-content/uploads/2026/07/076-070_SR_10338211.webp,https://minnano-toreka.com/wp-content/uploads/2026/07/076-070_SR_10338211-215x300.webp
https://minnano-toreka.com/wp-content/uploads/2026/07/129-101_SAR_10313403.webp,https://minnano-toreka.com/wp-content/uploads/2026/07/129-101_SAR_10313403-215x300.webp
https://minnano-toreka.com/wp-content/uploads/2026/07/015-032_U_10338675.webp,https://minnano-toreka.com/wp-content/uploads/2026/07/015-032_U_10338675-215x300.webp
https://minnano-toreka.com/wp-content/uploads/2026/07/167-086_SAR_10334011.webp,https://minnano-toreka.com/wp-content/uploads/2026/07/167-086_SAR_10334011-215x300.webp
https://minnano-toreka.com/wp-content/uploads/2026/07/095-070_UR_10239061.webp,https://minnano-toreka.com/wp-content/uploads/2026/07/095-070_UR_10239061-213x300.webp
https://minnano-toreka.com/wp-content/uploads/2026/07/128-098_SAR_10332252.webp,https://minnano-toreka.com/wp-content/uploads/2026/07/128-098_SAR_10332252-215x300.webp
https://minnano-toreka.com/wp-content/uploads/2026/07/078-066_AR_10260680.webp,https://minnano-toreka.com/wp-content/uploads/2026/07/078-066_AR_10260680-215x300.webp
https://minnano-toreka.com/wp-content/uploads/2026/07/082-069_SR_10239731.webp,https://minnano-toreka.com/wp-content/uploads/2026/07/082-069_SR_10239731-215x300.webp
https://minnano-toreka.com/wp-content/uploads/2026/07/068-066_SR_10338214.webp,https://minnano-toreka.com/wp-content/uploads/2026/07/068-066_SR_10338214-215x300.webp
https://minnano-toreka.com/wp-content/uploads/2026/07/166-S-P_P_10240160.webp,https://minnano-toreka.com/wp-content/uploads/2026/07/166-S-P_P_10240160-215x300.webp
https://minnano-toreka.com/wp-content/uploads/2026/07/002-018_none_10346365.webp,https://minnano-toreka.com/wp-content/uploads/2026/07/002-018_none_10346365-210x300.webp
https://minnano-toreka.com/wp-content/uploads/2026/07/075-070-S6H_SR_10341883.webp,https://minnano-toreka.com/wp-content/uploads/2026/07/075-070-S6H_SR_10341883-215x300.webp
https://minnano-toreka.com/wp-content/uploads/2026/07/168-086_SAR_10334698.webp,https://minnano-toreka.com/wp-content/uploads/2026/07/168-086_SAR_10334698-215x300.webp
https://minnano-toreka.com/wp-content/uploads/2026/07/123-098_UR_10239654.webp,https://minnano-toreka.com/wp-content/uploads/2026/07/123-098_UR_10239654-215x300.webp
https://minnano-toreka.com/wp-content/uploads/2026/07/none_none_10289449.webp,https://minnano-toreka.com/wp-content/uploads/2026/07/none_none_10289449-300x300.webp
https://minnano-toreka.com/wp-content/uploads/2026/07/237-150_SSR_10239054.webp,https://minnano-toreka.com/wp-content/uploads/2026/07/237-150_SSR_10239054-215x300.webp
https://minnano-toreka.com/wp-content/uploads/2026/07/046-060_RRR_10298265.webp,https://minnano-toreka.com/wp-content/uploads/2026/07/046-060_RRR_10298265-215x300.webp
https://minnano-toreka.com/wp-content/uploads/2026/07/114-098_SR_10335093.webp,https://minnano-toreka.com/wp-content/uploads/2026/07/114-098_SR_10335093-215x300.webp
https://minnano-toreka.com/wp-content/uploads/2026/07/010-072_none_10345922.webp,https://minnano-toreka.com/wp-content/uploads/2026/07/010-072_none_10345922-215x300.webp
https://minnano-toreka.com/wp-content/uploads/2026/07/001-028-S8a_none_10344981.webp,https://minnano-toreka.com/wp-content/uploads/2026/07/001-028-S8a_none_10344981-213x300.webp
https://minnano-toreka.com/wp-content/uploads/2026/07/045-171_none_10339814.webp,https://minnano-toreka.com/wp-content/uploads/2026/07/045-171_none_10339814-215x300.webp
https://minnano-toreka.com/wp-content/uploads/2026/07/228-SV-P_P_10347438.webp,https://minnano-toreka.com/wp-content/uploads/2026/07/228-SV-P_P_10347438-215x300.webp
https://minnano-toreka.com/wp-content/uploads/2026/07/135-106_SAR_10313369.webp,https://minnano-toreka.com/wp-content/uploads/2026/07/135-106_SAR_10313369-215x300.webp
https://minnano-toreka.com/wp-content/uploads/2026/07/101-094_SR_10339737.webp,https://minnano-toreka.com/wp-content/uploads/2026/07/101-094_SR_10339737-215x300.webp
https://minnano-toreka.com/wp-content/uploads/2026/07/128-100_SAR_10317138.webp,https://minnano-toreka.com/wp-content/uploads/2026/07/128-100_SAR_10317138-215x300.webp
https://minnano-toreka.com/wp-content/uploads/2026/07/059-165_U_10346749.webp,https://minnano-toreka.com/wp-content/uploads/2026/07/059-165_U_10346749-215x300.webp
https://minnano-toreka.com/wp-content/uploads/2026/07/137-XY-P-XY_P_10345924.webp,https://minnano-toreka.com/wp-content/uploads/2026/07/137-XY-P-XY_P_10345924-215x300.webp
https://minnano-toreka.com/wp-content/uploads/2026/07/155-SV-P_P_10347022.webp,https://minnano-toreka.com/wp-content/uploads/2026/07/155-SV-P_P_10347022-251x300.webp
https://minnano-toreka.com/wp-content/uploads/2026/07/266-SM-P_P_10339810.webp,https://minnano-toreka.com/wp-content/uploads/2026/07/266-SM-P_P_10339810-215x300.webp
https://minnano-toreka.com/wp-content/uploads/2026/07/365-SM-P_SM-P_10338157.webp,https://minnano-toreka.com/wp-content/uploads/2026/07/365-SM-P_SM-P_10338157-215x300.webp
https://minnano-toreka.com/wp-content/uploads/2026/07/118-100_HR_10239994.webp,https://minnano-toreka.com/wp-content/uploads/2026/07/118-100_HR_10239994-209x300.webp
https://minnano-toreka.com/wp-content/uploads/2026/07/016-036_none_10329749.webp,https://minnano-toreka.com/wp-content/uploads/2026/07/016-036_none_10329749-215x300.webp
https://minnano-toreka.com/wp-content/uploads/2026/07/022-087-CP6_RR_10329896.webp,https://minnano-toreka.com/wp-content/uploads/2026/07/022-087-CP6_RR_10329896-215x300.webp
https://minnano-toreka.com/wp-content/uploads/2026/07/120-094_HR_10240574.webp,https://minnano-toreka.com/wp-content/uploads/2026/07/120-094_HR_10240574-215x300.webp
https://minnano-toreka.com/wp-content/uploads/2026/07/058-055_SR_10338045.webp,https://minnano-toreka.com/wp-content/uploads/2026/07/058-055_SR_10338045-215x300.webp
https://minnano-toreka.com/wp-content/uploads/2026/07/032-087-CP6_R_10345853.webp,https://minnano-toreka.com/wp-content/uploads/2026/07/032-087-CP6_R_10345853-215x300.webp
https://minnano-toreka.com/wp-content/uploads/2026/07/001-165-SV2a_C_10343936.webp,https://minnano-toreka.com/wp-content/uploads/2026/07/001-165-SV2a_C_10343936-215x300.webp
https://minnano-toreka.com/wp-content/uploads/2026/07/001-SV-P-SV-P_P_10341440.webp,https://minnano-toreka.com/wp-content/uploads/2026/07/001-SV-P-SV-P_P_10341440-215x300.webp
https://minnano-toreka.com/wp-content/uploads/2026/07/090-067-S7D_UR_10347128.webp,https://minnano-toreka.com/wp-content/uploads/2026/07/090-067-S7D_UR_10347128-214x300.webp
https://minnano-toreka.com/wp-content/uploads/2026/07/129-098_SAR_10332255.webp,https://minnano-toreka.com/wp-content/uploads/2026/07/129-098_SAR_10332255-215x300.webp
https://minnano-toreka.com/wp-content/uploads/2026/07/136-165_R_10341396.webp,https://minnano-toreka.com/wp-content/uploads/2026/07/136-165_R_10341396-215x300.webp
https://minnano-toreka.com/wp-content/uploads/2026/07/143-165_U_10346299.webp,https://minnano-toreka.com/wp-content/uploads/2026/07/143-165_U_10346299-215x300.webp
https://minnano-toreka.com/wp-content/uploads/2026/07/133-106_SAR_10313206.webp,https://minnano-toreka.com/wp-content/uploads/2026/07/133-106_SAR_10313206-215x300.webp
https://minnano-toreka.com/wp-content/uploads/2026/07/041-173_RR_10240153.webp,https://minnano-toreka.com/wp-content/uploads/2026/07/041-173_RR_10240153-215x300.webp
https://minnano-toreka.com/wp-content/uploads/2026/07/065-064-sm11a_SR_10341894.webp,https://minnano-toreka.com/wp-content/uploads/2026/07/065-064-sm11a_SR_10341894-215x300.webp
https://minnano-toreka.com/wp-content/uploads/2026/07/007-165-SV2a_C_10343934.webp,https://minnano-toreka.com/wp-content/uploads/2026/07/007-165-SV2a_C_10343934-215x300.webp
https://minnano-toreka.com/wp-content/uploads/2026/07/004-165-SV2a_C_10343932.webp,https://minnano-toreka.com/wp-content/uploads/2026/07/004-165-SV2a_C_10343932-215x300.webp
https://minnano-toreka.com/wp-content/uploads/2026/07/007-095_RR_10241727.webp,https://minnano-toreka.com/wp-content/uploads/2026/07/007-095_RR_10241727-215x300.webp
https://minnano-toreka.com/wp-content/uploads/2026/07/094-071_SAR_10241029.webp,https://minnano-toreka.com/wp-content/uploads/2026/07/094-071_SAR_10241029-215x300.webp
https://minnano-toreka.com/wp-content/uploads/2026/07/none_none_10330171.webp,https://minnano-toreka.com/wp-content/uploads/2026/07/none_none_10330171-300x300.webp
https://minnano-toreka.com/wp-content/uploads/2026/07/081-070_HR_10240880.webp,https://minnano-toreka.com/wp-content/uploads/2026/07/081-070_HR_10240880-214x300.webp
https://minnano-toreka.com/wp-content/uploads/2026/07/157-150_SR_10240161.webp,https://minnano-toreka.com/wp-content/uploads/2026/07/157-150_SR_10240161-215x300.webp
https://minnano-toreka.com/wp-content/uploads/2026/07/none_none_10282885.webp,https://minnano-toreka.com/wp-content/uploads/2026/07/none_none_10282885-300x260.webp
https://minnano-toreka.com/wp-content/uploads/2026/07/058-050_HR_10240452.webp,https://minnano-toreka.com/wp-content/uploads/2026/07/058-050_HR_10240452-214x300.webp
https://minnano-toreka.com/wp-content/uploads/2026/07/none_none_10289448.webp,https://minnano-toreka.com/wp-content/uploads/2026/07/none_none_10289448-300x300.webp
https://minnano-toreka.com/wp-content/uploads/2026/07/090-070_UR_10239715.webp,https://minnano-toreka.com/wp-content/uploads/2026/07/090-070_UR_10239715-216x300.webp
https://minnano-toreka.com/wp-content/uploads/2026/07/none_none_10276805.webp,https://minnano-toreka.com/wp-content/uploads/2026/07/none_none_10276805-211x300.webp
https://minnano-toreka.com/wp-content/uploads/2026/07/none_none_10292125.webp,https://minnano-toreka.com/wp-content/uploads/2026/07/none_none_10292125-187x300.webp
https://minnano-toreka.com/wp-content/uploads/2026/07/085-062_SAR_10239816.webp,https://minnano-toreka.com/wp-content/uploads/2026/07/085-062_SAR_10239816-215x300.webp
https://minnano-toreka.com/wp-content/uploads/2026/07/134-165-SV2a_R_10341004.webp,https://minnano-toreka.com/wp-content/uploads/2026/07/134-165-SV2a_R_10341004-215x300.webp
https://minnano-toreka.com/wp-content/uploads/2026/07/065-055-SM9a_HR_10346815.webp,https://minnano-toreka.com/wp-content/uploads/2026/07/065-055-SM9a_HR_10346815-213x300.webp
https://minnano-toreka.com/wp-content/uploads/2026/07/095-070-S6K_UR_10344190.webp,https://minnano-toreka.com/wp-content/uploads/2026/07/095-070-S6K_UR_10344190-213x300.webp
https://minnano-toreka.com/wp-content/uploads/2026/07/102-100_SR_10341060.webp,https://minnano-toreka.com/wp-content/uploads/2026/07/102-100_SR_10341060-215x300.webp
https://minnano-toreka.com/wp-content/uploads/2026/07/090-067-S7R_UR_10347138.webp,https://minnano-toreka.com/wp-content/uploads/2026/07/090-067-S7R_UR_10347138-214x300.webp
https://minnano-toreka.com/wp-content/uploads/2026/07/096-070-S5a_UR_10344193.webp,https://minnano-toreka.com/wp-content/uploads/2026/07/096-070-S5a_UR_10344193-214x300.webp
https://minnano-toreka.com/wp-content/uploads/2026/07/173-165_AR_10238932.webp,https://minnano-toreka.com/wp-content/uploads/2026/07/173-165_AR_10238932-215x300.webp
https://minnano-toreka.com/wp-content/uploads/2026/07/025-024_SR_10332205.webp,https://minnano-toreka.com/wp-content/uploads/2026/07/025-024_SR_10332205-215x300.webp
https://minnano-toreka.com/wp-content/uploads/2026/07/062-055_SR_10338158.webp,https://minnano-toreka.com/wp-content/uploads/2026/07/062-055_SR_10338158-215x300.webp
https://minnano-toreka.com/wp-content/uploads/2026/07/133-165_C_10346746.webp,https://minnano-toreka.com/wp-content/uploads/2026/07/133-165_C_10346746-215x300.webp
https://minnano-toreka.com/wp-content/uploads/2026/07/075-067_SR_10239467.webp,https://minnano-toreka.com/wp-content/uploads/2026/07/075-067_SR_10239467-215x300.webp
https://minnano-toreka.com/wp-content/uploads/2026/07/031-095-sm9_RR_10345887.webp,https://minnano-toreka.com/wp-content/uploads/2026/07/031-095-sm9_RR_10345887-215x300.webp
https://minnano-toreka.com/wp-content/uploads/2026/07/073-066-SV5a_AR_10347586.webp,https://minnano-toreka.com/wp-content/uploads/2026/07/073-066-SV5a_AR_10347586-215x300.webp
https://minnano-toreka.com/wp-content/uploads/2026/07/none_BOX_10338153.webp,https://minnano-toreka.com/wp-content/uploads/2026/07/none_BOX_10338153-213x300.webp
https://minnano-toreka.com/wp-content/uploads/2026/07/011-025_none_10341059.webp,https://minnano-toreka.com/wp-content/uploads/2026/07/011-025_none_10341059-215x300.webp
https://minnano-toreka.com/wp-content/uploads/2026/07/210-172_SAR_10239478.webp,https://minnano-toreka.com/wp-content/uploads/2026/07/210-172_SAR_10239478-215x300.webp
https://minnano-toreka.com/wp-content/uploads/2026/07/016-036-CP5_none_10345926.webp,https://minnano-toreka.com/wp-content/uploads/2026/07/016-036-CP5_none_10345926-215x300.webp
https://minnano-toreka.com/wp-content/uploads/2026/07/108-SM-P_P_10339818.webp,https://minnano-toreka.com/wp-content/uploads/2026/07/108-SM-P_P_10339818-215x300.webp
https://minnano-toreka.com/wp-content/uploads/2026/07/048-XY-P_P_10260870.webp,https://minnano-toreka.com/wp-content/uploads/2026/07/048-XY-P_P_10260870-215x300.webp
https://minnano-toreka.com/wp-content/uploads/2026/07/096-095-sm9_SR_10345902.webp,https://minnano-toreka.com/wp-content/uploads/2026/07/096-095-sm9_SR_10345902-217x300.webp
https://minnano-toreka.com/wp-content/uploads/2026/07/066-095_RR_10329971.webp,https://minnano-toreka.com/wp-content/uploads/2026/07/066-095_RR_10329971-215x300.webp
https://minnano-toreka.com/wp-content/uploads/2026/07/106-094_SR_10241019.webp,https://minnano-toreka.com/wp-content/uploads/2026/07/106-094_SR_10241019-215x300.webp
https://minnano-toreka.com/wp-content/uploads/2026/07/218-187_SAR_10330071.webp,https://minnano-toreka.com/wp-content/uploads/2026/07/218-187_SAR_10330071-215x300.webp
https://minnano-toreka.com/wp-content/uploads/2026/07/235-BW-P_P_10345925.webp,https://minnano-toreka.com/wp-content/uploads/2026/07/235-BW-P_P_10345925-210x300.webp
https://minnano-toreka.com/wp-content/uploads/2026/07/none_none_10344621.webp,https://minnano-toreka.com/wp-content/uploads/2026/07/none_none_10344621-300x300.webp
https://minnano-toreka.com/wp-content/uploads/2026/07/none_none_10292120.webp,https://minnano-toreka.com/wp-content/uploads/2026/07/none_none_10292120-300x295.webp
https://minnano-toreka.com/wp-content/uploads/2026/07/245-XY-P-XY_P_10345920.webp,https://minnano-toreka.com/wp-content/uploads/2026/07/245-XY-P-XY_P_10345920-215x300.webp
https://minnano-toreka.com/wp-content/uploads/2026/07/215-172_SAR_10306579.webp,https://minnano-toreka.com/wp-content/uploads/2026/07/215-172_SAR_10306579-215x300.webp
https://minnano-toreka.com/wp-content/uploads/2026/07/109-100-s4_SR_10346842.webp,https://minnano-toreka.com/wp-content/uploads/2026/07/109-100-s4_SR_10346842-215x300.webp
https://minnano-toreka.com/wp-content/uploads/2026/07/094-071_SAR_10239729.webp,https://minnano-toreka.com/wp-content/uploads/2026/07/094-071_SAR_10239729-215x300.webp
https://minnano-toreka.com/wp-content/uploads/2026/07/none_none_10282889.webp,https://minnano-toreka.com/wp-content/uploads/2026/07/none_none_10282889-220x300.webp
https://minnano-toreka.com/wp-content/uploads/2026/07/none_none_10282891.webp,https://minnano-toreka.com/wp-content/uploads/2026/07/none_none_10282891-220x300.webp
https://minnano-toreka.com/wp-content/uploads/2026/07/183-172_AR_10239683.webp,https://minnano-toreka.com/wp-content/uploads/2026/07/183-172_AR_10239683-215x300.webp
https://minnano-toreka.com/wp-content/uploads/2026/07/263-XY-P-XY_RR_10329883.webp,https://minnano-toreka.com/wp-content/uploads/2026/07/263-XY-P-XY_RR_10329883-215x300.webp
https://minnano-toreka.com/wp-content/uploads/2026/07/201-150_S_10313370.webp,https://minnano-toreka.com/wp-content/uploads/2026/07/201-150_S_10313370-215x300.webp
https://minnano-toreka.com/wp-content/uploads/2026/07/131-100_UR_10317136.webp,https://minnano-toreka.com/wp-content/uploads/2026/07/131-100_UR_10317136-215x300.webp
https://minnano-toreka.com/wp-content/uploads/2026/07/066-060_SR_10332191.webp,https://minnano-toreka.com/wp-content/uploads/2026/07/066-060_SR_10332191-215x300.webp
https://minnano-toreka.com/wp-content/uploads/2026/07/073-064_SR_10239596.webp,https://minnano-toreka.com/wp-content/uploads/2026/07/073-064_SR_10239596-215x300.webp
https://minnano-toreka.com/wp-content/uploads/2026/07/none_BOX_10347071.webp,https://minnano-toreka.com/wp-content/uploads/2026/07/none_BOX_10347071-300x300.webp
https://minnano-toreka.com/wp-content/uploads/2026/07/075-070_SR_10338164.webp,https://minnano-toreka.com/wp-content/uploads/2026/07/075-070_SR_10338164-215x300.webp
https://minnano-toreka.com/wp-content/uploads/2026/07/248-150-sm8b_UR_10341551.webp,https://minnano-toreka.com/wp-content/uploads/2026/07/248-150-sm8b_UR_10341551-213x300.webp
https://minnano-toreka.com/wp-content/uploads/2026/07/079-165-SV2a_C_10341397.webp,https://minnano-toreka.com/wp-content/uploads/2026/07/079-165-SV2a_C_10341397-215x300.webp
https://minnano-toreka.com/wp-content/uploads/2026/07/093-071_SAR_10327013.webp,https://minnano-toreka.com/wp-content/uploads/2026/07/093-071_SAR_10327013-215x300.webp
https://minnano-toreka.com/wp-content/uploads/2026/07/185-165_SR_10240018.webp,https://minnano-toreka.com/wp-content/uploads/2026/07/185-165_SR_10240018-215x300.webp
https://minnano-toreka.com/wp-content/uploads/2026/07/211-172_SAR_10330075.webp,https://minnano-toreka.com/wp-content/uploads/2026/07/211-172_SAR_10330075-215x300.webp
https://minnano-toreka.com/wp-content/uploads/2026/07/073-072_SR_10338199.webp,https://minnano-toreka.com/wp-content/uploads/2026/07/073-072_SR_10338199-215x300.webp
https://minnano-toreka.com/wp-content/uploads/2026/07/049-087-CP6_R_10345854.webp,https://minnano-toreka.com/wp-content/uploads/2026/07/049-087-CP6_R_10345854-215x300.webp
https://minnano-toreka.com/wp-content/uploads/2026/07/095-094-sm6_SR_10341884.webp,https://minnano-toreka.com/wp-content/uploads/2026/07/095-094-sm6_SR_10341884-215x300.webp
https://minnano-toreka.com/wp-content/uploads/2026/07/122-106_SR_10313246.webp,https://minnano-toreka.com/wp-content/uploads/2026/07/122-106_SR_10313246-215x300.webp
https://minnano-toreka.com/wp-content/uploads/2026/07/none_none_10347575.webp,https://minnano-toreka.com/wp-content/uploads/2026/07/none_none_10347575-149x300.webp
https://minnano-toreka.com/wp-content/uploads/2026/07/074-071_CHR_10238939.webp,https://minnano-toreka.com/wp-content/uploads/2026/07/074-071_CHR_10238939-215x300.webp
https://minnano-toreka.com/wp-content/uploads/2026/07/361-SM-P_P_10345857.webp,https://minnano-toreka.com/wp-content/uploads/2026/07/361-SM-P_P_10345857-215x300.webp
https://minnano-toreka.com/wp-content/uploads/2026/07/006-015_none_10339820.webp,https://minnano-toreka.com/wp-content/uploads/2026/07/006-015_none_10339820-215x300.webp
https://minnano-toreka.com/wp-content/uploads/2026/07/217-172_SAR_10238942.webp,https://minnano-toreka.com/wp-content/uploads/2026/07/217-172_SAR_10238942-215x300.webp
https://minnano-toreka.com/wp-content/uploads/2026/07/195-190_SR_10239577.webp,https://minnano-toreka.com/wp-content/uploads/2026/07/195-190_SR_10239577-215x300.webp
https://minnano-toreka.com/wp-content/uploads/2026/07/002-019_none_10338209.webp,https://minnano-toreka.com/wp-content/uploads/2026/07/002-019_none_10338209-215x300.webp
https://minnano-toreka.com/wp-content/uploads/2026/07/035-SV-P_P_10347596.webp,https://minnano-toreka.com/wp-content/uploads/2026/07/035-SV-P_P_10347596-215x300.webp
https://minnano-toreka.com/wp-content/uploads/2026/07/101-069-S6a_UR_10347126.webp,https://minnano-toreka.com/wp-content/uploads/2026/07/101-069-S6a_UR_10347126-215x300.webp
https://minnano-toreka.com/wp-content/uploads/2026/07/032-171_none_10338250.webp,https://minnano-toreka.com/wp-content/uploads/2026/07/032-171_none_10338250-215x300.webp
https://minnano-toreka.com/wp-content/uploads/2026/07/012-036_none_10284074.webp,https://minnano-toreka.com/wp-content/uploads/2026/07/012-036_none_10284074-215x300.webp
https://minnano-toreka.com/wp-content/uploads/2026/07/019-080-XY_RR_10329873.webp,https://minnano-toreka.com/wp-content/uploads/2026/07/019-080-XY_RR_10329873-215x300.webp
https://minnano-toreka.com/wp-content/uploads/2026/07/057-SV-P_P_10332542.webp,https://minnano-toreka.com/wp-content/uploads/2026/07/057-SV-P_P_10332542-214x300.webp
https://minnano-toreka.com/wp-content/uploads/2026/07/079-070_SR_10313303.webp,https://minnano-toreka.com/wp-content/uploads/2026/07/079-070_SR_10313303-215x300.webp
https://minnano-toreka.com/wp-content/uploads/2026/07/074-049_UR_10241007.webp,https://minnano-toreka.com/wp-content/uploads/2026/07/074-049_UR_10241007-215x300.webp
https://minnano-toreka.com/wp-content/uploads/2026/07/069-049_HR_10239755.webp,https://minnano-toreka.com/wp-content/uploads/2026/07/069-049_HR_10239755-215x300.webp
https://minnano-toreka.com/wp-content/uploads/2026/07/076-064_HR_10240868.webp,https://minnano-toreka.com/wp-content/uploads/2026/07/076-064_HR_10240868-217x300.webp
https://minnano-toreka.com/wp-content/uploads/2026/07/none_none_10285321.webp,https://minnano-toreka.com/wp-content/uploads/2026/07/none_none_10285321-300x217.webp
https://minnano-toreka.com/wp-content/uploads/2026/07/005-027_R_10240256.webp,https://minnano-toreka.com/wp-content/uploads/2026/07/005-027_R_10240256-215x300.webp
https://minnano-toreka.com/wp-content/uploads/2026/07/none_none_10279872.webp,https://minnano-toreka.com/wp-content/uploads/2026/07/none_none_10279872-216x300.webp
https://minnano-toreka.com/wp-content/uploads/2026/07/104-095_SR_10240268.webp,https://minnano-toreka.com/wp-content/uploads/2026/07/104-095_SR_10240268-215x300.webp
https://minnano-toreka.com/wp-content/uploads/2026/07/none_none_10282893.webp,https://minnano-toreka.com/wp-content/uploads/2026/07/none_none_10282893-300x300.webp
https://minnano-toreka.com/wp-content/uploads/2026/07/236-172_SAR_10238530.webp,https://minnano-toreka.com/wp-content/uploads/2026/07/236-172_SAR_10238530-215x300.webp
https://minnano-toreka.com/wp-content/uploads/2026/07/246-172_SR_10313336.webp,https://minnano-toreka.com/wp-content/uploads/2026/07/246-172_SR_10313336-215x300.webp
https://minnano-toreka.com/wp-content/uploads/2026/07/089-063-M1L_SAR_10345891.webp,https://minnano-toreka.com/wp-content/uploads/2026/07/089-063-M1L_SAR_10345891-215x300.webp
https://minnano-toreka.com/wp-content/uploads/2026/07/004-004_none_10345970.webp,https://minnano-toreka.com/wp-content/uploads/2026/07/004-004_none_10345970-214x300.webp
https://minnano-toreka.com/wp-content/uploads/2026/07/023-022_none_10339809.webp,https://minnano-toreka.com/wp-content/uploads/2026/07/023-022_none_10339809-215x300.webp
https://minnano-toreka.com/wp-content/uploads/2026/07/214-S-P_P_10264199.webp,https://minnano-toreka.com/wp-content/uploads/2026/07/214-S-P_P_10264199-215x300.webp
https://minnano-toreka.com/wp-content/uploads/2026/07/076-067-S7D_SR_10346820.webp,https://minnano-toreka.com/wp-content/uploads/2026/07/076-067-S7D_SR_10346820-215x300.webp
https://minnano-toreka.com/wp-content/uploads/2026/07/284-184-S8b_UR_10341552.webp,https://minnano-toreka.com/wp-content/uploads/2026/07/284-184-S8b_UR_10341552-213x300.webp
https://minnano-toreka.com/wp-content/uploads/2026/07/233-184_CSR_10239484.webp,https://minnano-toreka.com/wp-content/uploads/2026/07/233-184_CSR_10239484-215x300.webp
https://minnano-toreka.com/wp-content/uploads/2026/07/233-150-sm8b_SSR_10346838.webp,https://minnano-toreka.com/wp-content/uploads/2026/07/233-150-sm8b_SSR_10346838-215x300.webp
https://minnano-toreka.com/wp-content/uploads/2026/07/125-100_UR_10239073.webp,https://minnano-toreka.com/wp-content/uploads/2026/07/125-100_UR_10239073-215x300.webp
https://minnano-toreka.com/wp-content/uploads/2026/07/203-165_SAR_10238926.webp,https://minnano-toreka.com/wp-content/uploads/2026/07/203-165_SAR_10238926-215x300.webp
https://minnano-toreka.com/wp-content/uploads/2026/07/075-066_HR_10240323.webp,https://minnano-toreka.com/wp-content/uploads/2026/07/075-066_HR_10240323-214x300.webp
https://minnano-toreka.com/wp-content/uploads/2026/07/088-071_SR_10244763.webp,https://minnano-toreka.com/wp-content/uploads/2026/07/088-071_SR_10244763-215x300.webp
https://minnano-toreka.com/wp-content/uploads/2026/07/130-098_UR_10332283.webp,https://minnano-toreka.com/wp-content/uploads/2026/07/130-098_UR_10332283-215x300.webp
https://minnano-toreka.com/wp-content/uploads/2026/07/018-051_none_10339819.webp,https://minnano-toreka.com/wp-content/uploads/2026/07/018-051_none_10339819-215x300.webp
https://minnano-toreka.com/wp-content/uploads/2026/07/103-078_SAR_10316973.webp,https://minnano-toreka.com/wp-content/uploads/2026/07/103-078_SAR_10316973-215x300.webp
https://minnano-toreka.com/wp-content/uploads/2026/07/067-066-sm5_SR_10341885.webp,https://minnano-toreka.com/wp-content/uploads/2026/07/067-066-sm5_SR_10341885-215x300.webp
https://minnano-toreka.com/wp-content/uploads/2026/07/051-050_SR_10240433.webp,https://minnano-toreka.com/wp-content/uploads/2026/07/051-050_SR_10240433-215x300.webp
https://minnano-toreka.com/wp-content/uploads/2026/07/097-071_SAR_10241014.webp,https://minnano-toreka.com/wp-content/uploads/2026/07/097-071_SAR_10241014-215x300.webp
https://minnano-toreka.com/wp-content/uploads/2026/07/084-068_CSR_10240410.webp,https://minnano-toreka.com/wp-content/uploads/2026/07/084-068_CSR_10240410-215x300.webp
https://minnano-toreka.com/wp-content/uploads/2026/07/005-025_none_10338161.webp,https://minnano-toreka.com/wp-content/uploads/2026/07/005-025_none_10338161-215x300.webp
https://minnano-toreka.com/wp-content/uploads/2026/07/095-071_SAR_10239660.webp,https://minnano-toreka.com/wp-content/uploads/2026/07/095-071_SAR_10239660-215x300.webp
https://minnano-toreka.com/wp-content/uploads/2026/07/012-172_RRR_10347589.webp,https://minnano-toreka.com/wp-content/uploads/2026/07/012-172_RRR_10347589-215x300.webp
https://minnano-toreka.com/wp-content/uploads/2026/07/249-SM-P_none_10240431.webp,https://minnano-toreka.com/wp-content/uploads/2026/07/249-SM-P_none_10240431-215x300.webp
https://minnano-toreka.com/wp-content/uploads/2026/07/006-018_none_10329738.webp,https://minnano-toreka.com/wp-content/uploads/2026/07/006-018_none_10329738-215x300.webp
https://minnano-toreka.com/wp-content/uploads/2026/07/none_none_10299611.webp,https://minnano-toreka.com/wp-content/uploads/2026/07/none_none_10299611-300x300.webp
https://minnano-toreka.com/wp-content/uploads/2026/07/105-095_SR_10338206.webp,https://minnano-toreka.com/wp-content/uploads/2026/07/105-095_SR_10338206-215x300.webp
https://minnano-toreka.com/wp-content/uploads/2026/07/none_BOX_10338152.webp,https://minnano-toreka.com/wp-content/uploads/2026/07/none_BOX_10338152-300x300.webp
https://minnano-toreka.com/wp-content/uploads/2026/07/239-172_SAR_10238529.webp,https://minnano-toreka.com/wp-content/uploads/2026/07/239-172_SAR_10238529-215x300.webp
https://minnano-toreka.com/wp-content/uploads/2026/07/258-184_SR_10313270.webp,https://minnano-toreka.com/wp-content/uploads/2026/07/258-184_SR_10313270-215x300.webp
https://minnano-toreka.com/wp-content/uploads/2026/07/231-184_CSR_10330290.webp,https://minnano-toreka.com/wp-content/uploads/2026/07/231-184_CSR_10330290-215x300.webp
https://minnano-toreka.com/wp-content/uploads/2026/07/098-095_SR_10338210.webp,https://minnano-toreka.com/wp-content/uploads/2026/07/098-095_SR_10338210-215x300.webp
https://minnano-toreka.com/wp-content/uploads/2026/07/092-165_C_10346766.webp,https://minnano-toreka.com/wp-content/uploads/2026/07/092-165_C_10346766-215x300.webp
https://minnano-toreka.com/wp-content/uploads/2026/07/218-SV-P_P_10283610.webp,https://minnano-toreka.com/wp-content/uploads/2026/07/218-SV-P_P_10283610-215x300.webp
https://minnano-toreka.com/wp-content/uploads/2026/07/161-165-SV2a_U_10341895.webp,https://minnano-toreka.com/wp-content/uploads/2026/07/161-165-SV2a_U_10341895-215x300.webp
https://minnano-toreka.com/wp-content/uploads/2026/07/280-184_UR_10239074.webp,https://minnano-toreka.com/wp-content/uploads/2026/07/280-184_UR_10239074-215x300.webp
https://minnano-toreka.com/wp-content/uploads/2026/07/055-051_SR_10338165.webp,https://minnano-toreka.com/wp-content/uploads/2026/07/055-051_SR_10338165-215x300.webp
https://minnano-toreka.com/wp-content/uploads/2026/07/279-SV-P_P_10334685.webp,https://minnano-toreka.com/wp-content/uploads/2026/07/279-SV-P_P_10334685-215x300.webp
https://minnano-toreka.com/wp-content/uploads/2026/07/102-095-sm8_SR_10332259.webp,https://minnano-toreka.com/wp-content/uploads/2026/07/102-095-sm8_SR_10332259-215x300.webp
https://minnano-toreka.com/wp-content/uploads/2026/07/081-070-S5R_SR_10332224.webp,https://minnano-toreka.com/wp-content/uploads/2026/07/081-070-S5R_SR_10332224-215x300.webp
https://minnano-toreka.com/wp-content/uploads/2026/07/066-049-sm11b_SR_10346839.webp,https://minnano-toreka.com/wp-content/uploads/2026/07/066-049-sm11b_SR_10346839-215x300.webp
https://minnano-toreka.com/wp-content/uploads/2026/07/107-095-sm8_HR_10346830.webp,https://minnano-toreka.com/wp-content/uploads/2026/07/107-095-sm8_HR_10346830-216x300.webp
https://minnano-toreka.com/wp-content/uploads/2026/07/095-071_SAR_10241037.webp,https://minnano-toreka.com/wp-content/uploads/2026/07/095-071_SAR_10241037-215x300.webp
https://minnano-toreka.com/wp-content/uploads/2026/07/014-025_P_10240580.webp,https://minnano-toreka.com/wp-content/uploads/2026/07/014-025_P_10240580-215x300.webp
https://minnano-toreka.com/wp-content/uploads/2026/07/063-060-sm1_SR_10341865.webp,https://minnano-toreka.com/wp-content/uploads/2026/07/063-060-sm1_SR_10341865-215x300.webp
https://minnano-toreka.com/wp-content/uploads/2026/07/062-050_UR_10239064.webp,https://minnano-toreka.com/wp-content/uploads/2026/07/062-050_UR_10239064-215x300.webp
https://minnano-toreka.com/wp-content/uploads/2026/07/none_none_10273142.webp,https://minnano-toreka.com/wp-content/uploads/2026/07/none_none_10273142-300x300.webp
https://minnano-toreka.com/wp-content/uploads/2026/07/none_none_10273144.webp,https://minnano-toreka.com/wp-content/uploads/2026/07/none_none_10273144-256x300.webp
https://minnano-toreka.com/wp-content/uploads/2026/07/BOX_BOX_10238465.webp,https://minnano-toreka.com/wp-content/uploads/2026/07/BOX_BOX_10238465-257x300.webp
https://minnano-toreka.com/wp-content/uploads/2026/07/none_none_10273143.webp,https://minnano-toreka.com/wp-content/uploads/2026/07/none_none_10273143-258x300.webp
https://minnano-toreka.com/wp-content/uploads/2026/07/none_none_10273076.webp,https://minnano-toreka.com/wp-content/uploads/2026/07/none_none_10273076-257x300.webp
https://minnano-toreka.com/wp-content/uploads/2026/07/none_none_10273077.webp,https://minnano-toreka.com/wp-content/uploads/2026/07/none_none_10273077-257x300.webp
https://minnano-toreka.com/wp-content/uploads/2026/07/BOX_BOX_10238461.webp,https://minnano-toreka.com/wp-content/uploads/2026/07/BOX_BOX_10238461-256x300.webp
https://minnano-toreka.com/wp-content/uploads/2026/07/none_none_10273145.webp,https://minnano-toreka.com/wp-content/uploads/2026/07/none_none_10273145-257x300.webp
https://minnano-toreka.com/wp-content/uploads/2026/07/none_none_10273109.webp,https://minnano-toreka.com/wp-content/uploads/2026/07/none_none_10273109-257x300.webp
https://minnano-toreka.com/wp-content/uploads/2026/07/none_none_10280575.webp,https://minnano-toreka.com/wp-content/uploads/2026/07/none_none_10280575-257x300.webp
https://minnano-toreka.com/wp-content/uploads/2026/07/091-088_SR_10338203.webp,https://minnano-toreka.com/wp-content/uploads/2026/07/091-088_SR_10338203-215x300.webp
https://minnano-toreka.com/wp-content/uploads/2026/07/none_none_10289454.webp,https://minnano-toreka.com/wp-content/uploads/2026/07/none_none_10289454-300x300.webp
https://minnano-toreka.com/wp-content/uploads/2026/07/098-095-sm9_SR_10346846.webp,https://minnano-toreka.com/wp-content/uploads/2026/07/098-095-sm9_SR_10346846-215x300.webp
https://minnano-toreka.com/wp-content/uploads/2026/07/006-L-P_none_10345849.webp,https://minnano-toreka.com/wp-content/uploads/2026/07/006-L-P_none_10345849-214x300.webp
https://minnano-toreka.com/wp-content/uploads/2026/07/059-054_SR_10338046.webp,https://minnano-toreka.com/wp-content/uploads/2026/07/059-054_SR_10338046-215x300.webp
https://minnano-toreka.com/wp-content/uploads/2026/07/none_BOX_10347072.webp,https://minnano-toreka.com/wp-content/uploads/2026/07/none_BOX_10347072-300x300.webp
https://minnano-toreka.com/wp-content/uploads/2026/07/021-027_R_10339807.webp,https://minnano-toreka.com/wp-content/uploads/2026/07/021-027_R_10339807-215x300.webp
https://minnano-toreka.com/wp-content/uploads/2026/07/173-086_SAR_10333932.webp,https://minnano-toreka.com/wp-content/uploads/2026/07/173-086_SAR_10333932-215x300.webp
https://minnano-toreka.com/wp-content/uploads/2026/07/091-063_UR_10329318.webp,https://minnano-toreka.com/wp-content/uploads/2026/07/091-063_UR_10329318-215x300.webp
https://minnano-toreka.com/wp-content/uploads/2026/07/124-SV-P_P_10347052.webp,https://minnano-toreka.com/wp-content/uploads/2026/07/124-SV-P_P_10347052-213x300.webp
https://minnano-toreka.com/wp-content/uploads/2026/07/none_none_10340792.webp,https://minnano-toreka.com/wp-content/uploads/2026/07/none_none_10340792-300x172.webp
https://minnano-toreka.com/wp-content/uploads/2026/07/232-184_CSR_10240255.webp,https://minnano-toreka.com/wp-content/uploads/2026/07/232-184_CSR_10240255-215x300.webp
https://minnano-toreka.com/wp-content/uploads/2026/07/206-187_SAR_10313240.webp,https://minnano-toreka.com/wp-content/uploads/2026/07/206-187_SAR_10313240-215x300.webp
https://minnano-toreka.com/wp-content/uploads/2026/07/195-XY-P-XY_P_10346821.webp,https://minnano-toreka.com/wp-content/uploads/2026/07/195-XY-P-XY_P_10346821-214x300.webp
https://minnano-toreka.com/wp-content/uploads/2026/07/124-S-P_P_10329755.webp,https://minnano-toreka.com/wp-content/uploads/2026/07/124-S-P_P_10329755-215x300.webp
https://minnano-toreka.com/wp-content/uploads/2026/07/BOX_BOX_10340788.webp,https://minnano-toreka.com/wp-content/uploads/2026/07/BOX_BOX_10340788-300x212.webp
https://minnano-toreka.com/wp-content/uploads/2026/07/107-100_AR_10347591.webp,https://minnano-toreka.com/wp-content/uploads/2026/07/107-100_AR_10347591-215x300.webp
https://minnano-toreka.com/wp-content/uploads/2026/07/XY-P_P_10329848.webp,https://minnano-toreka.com/wp-content/uploads/2026/07/XY-P_P_10329848-215x300.webp
https://minnano-toreka.com/wp-content/uploads/2026/07/130-102_SAR_10285318.webp,https://minnano-toreka.com/wp-content/uploads/2026/07/130-102_SAR_10285318-215x300.webp
https://minnano-toreka.com/wp-content/uploads/2026/07/238-SM-P_SM-P_10280186.webp,https://minnano-toreka.com/wp-content/uploads/2026/07/238-SM-P_SM-P_10280186-215x300.webp
https://minnano-toreka.com/wp-content/uploads/2026/07/108-095_SR_10332226.webp,https://minnano-toreka.com/wp-content/uploads/2026/07/108-095_SR_10332226-215x300.webp
https://minnano-toreka.com/wp-content/uploads/2026/07/103-096_SR_10240201.webp,https://minnano-toreka.com/wp-content/uploads/2026/07/103-096_SR_10240201-215x300.webp
https://minnano-toreka.com/wp-content/uploads/2026/07/none_none_10298267.webp,https://minnano-toreka.com/wp-content/uploads/2026/07/none_none_10298267-300x300.webp
https://minnano-toreka.com/wp-content/uploads/2026/07/212-173_HR_10240454.webp,https://minnano-toreka.com/wp-content/uploads/2026/07/212-173_HR_10240454-213x300.webp
https://minnano-toreka.com/wp-content/uploads/2026/07/244-184_CSR_10239488.webp,https://minnano-toreka.com/wp-content/uploads/2026/07/244-184_CSR_10239488-215x300.webp
https://minnano-toreka.com/wp-content/uploads/2026/07/002-021-sC_none_10344872.webp,https://minnano-toreka.com/wp-content/uploads/2026/07/002-021-sC_none_10344872-215x300.webp
https://minnano-toreka.com/wp-content/uploads/2026/07/210-150-sm8b_SSR_10342064.webp,https://minnano-toreka.com/wp-content/uploads/2026/07/210-150-sm8b_SSR_10342064-215x300.webp
https://minnano-toreka.com/wp-content/uploads/2026/07/022-025_none_10341446.webp,https://minnano-toreka.com/wp-content/uploads/2026/07/022-025_none_10341446-215x300.webp
https://minnano-toreka.com/wp-content/uploads/2026/07/200-187_SAR_10313252.webp,https://minnano-toreka.com/wp-content/uploads/2026/07/200-187_SAR_10313252-215x300.webp
https://minnano-toreka.com/wp-content/uploads/2026/07/096-073_SAR_10334480.webp,https://minnano-toreka.com/wp-content/uploads/2026/07/096-073_SAR_10334480-215x300.webp
https://minnano-toreka.com/wp-content/uploads/2026/07/124-SV-P_P_10347028.webp,https://minnano-toreka.com/wp-content/uploads/2026/07/124-SV-P_P_10347028-213x300.webp
https://minnano-toreka.com/wp-content/uploads/2026/07/124-114-sm4_UR_10346834.webp,https://minnano-toreka.com/wp-content/uploads/2026/07/124-114-sm4_UR_10346834-214x300.webp
https://minnano-toreka.com/wp-content/uploads/2026/07/064-054-SM9b_HR_10240577.webp,https://minnano-toreka.com/wp-content/uploads/2026/07/064-054-SM9b_HR_10240577-214x300.webp
https://minnano-toreka.com/wp-content/uploads/2026/07/234-184_CSR_10239894.webp,https://minnano-toreka.com/wp-content/uploads/2026/07/234-184_CSR_10239894-215x300.webp
https://minnano-toreka.com/wp-content/uploads/2026/07/225-SV-P_P_10342137.webp,https://minnano-toreka.com/wp-content/uploads/2026/07/225-SV-P_P_10342137-215x300.webp
https://minnano-toreka.com/wp-content/uploads/2026/07/125-114_UR_10244314.webp,https://minnano-toreka.com/wp-content/uploads/2026/07/125-114_UR_10244314-215x300.webp
https://minnano-toreka.com/wp-content/uploads/2026/07/090-066_SAR_10240222.webp,https://minnano-toreka.com/wp-content/uploads/2026/07/090-066_SAR_10240222-215x300.webp
https://minnano-toreka.com/wp-content/uploads/2026/07/076-070-S5a_SR_10346194.webp,https://minnano-toreka.com/wp-content/uploads/2026/07/076-070-S5a_SR_10346194-215x300.webp
https://minnano-toreka.com/wp-content/uploads/2026/07/011-094_RR_10276908.webp,https://minnano-toreka.com/wp-content/uploads/2026/07/011-094_RR_10276908-215x300.webp
https://minnano-toreka.com/wp-content/uploads/2026/07/099-095_SR_10281648.webp,https://minnano-toreka.com/wp-content/uploads/2026/07/099-095_SR_10281648-215x300.webp
https://minnano-toreka.com/wp-content/uploads/2026/07/060-055_SR_10240270.webp,https://minnano-toreka.com/wp-content/uploads/2026/07/060-055_SR_10240270-215x300.webp
https://minnano-toreka.com/wp-content/uploads/2026/07/415-414_SR_10313253.webp,https://minnano-toreka.com/wp-content/uploads/2026/07/415-414_SR_10313253-215x300.webp
https://minnano-toreka.com/wp-content/uploads/2026/07/176-173_SR_10346327.webp,https://minnano-toreka.com/wp-content/uploads/2026/07/176-173_SR_10346327-215x300.webp
https://minnano-toreka.com/wp-content/uploads/2026/07/064-054-sm10a_HR_10344838.webp,https://minnano-toreka.com/wp-content/uploads/2026/07/064-054-sm10a_HR_10344838-213x300.webp
https://minnano-toreka.com/wp-content/uploads/2026/07/084-069_SR_10239812.webp,https://minnano-toreka.com/wp-content/uploads/2026/07/084-069_SR_10239812-215x300.webp
https://minnano-toreka.com/wp-content/uploads/2026/07/069-064_SR_10338160.webp,https://minnano-toreka.com/wp-content/uploads/2026/07/069-064_SR_10338160-215x300.webp
https://minnano-toreka.com/wp-content/uploads/2026/07/056-051-sm3_SR_10332242.webp,https://minnano-toreka.com/wp-content/uploads/2026/07/056-051-sm3_SR_10332242-215x300.webp
https://minnano-toreka.com/wp-content/uploads/2026/07/138-XY-P_P_10329850.webp,https://minnano-toreka.com/wp-content/uploads/2026/07/138-XY-P_P_10329850-215x300.webp
https://minnano-toreka.com/wp-content/uploads/2026/07/291-SM-P_SM-P_10332253.webp,https://minnano-toreka.com/wp-content/uploads/2026/07/291-SM-P_SM-P_10332253-215x300.webp
https://minnano-toreka.com/wp-content/uploads/2026/07/107-078_UR_10330331.webp,https://minnano-toreka.com/wp-content/uploads/2026/07/107-078_UR_10330331-215x300.webp
https://minnano-toreka.com/wp-content/uploads/2026/07/308-SM-P_P_10240228.webp,https://minnano-toreka.com/wp-content/uploads/2026/07/308-SM-P_P_10240228-215x300.webp
https://minnano-toreka.com/wp-content/uploads/2026/07/none_none_10292122.webp,https://minnano-toreka.com/wp-content/uploads/2026/07/none_none_10292122-219x300.webp
https://minnano-toreka.com/wp-content/uploads/2026/07/009-027_R_10260642.webp,https://minnano-toreka.com/wp-content/uploads/2026/07/009-027_R_10260642-215x300.webp
https://minnano-toreka.com/wp-content/uploads/2026/07/064-XY-P_P_10299476.webp,https://minnano-toreka.com/wp-content/uploads/2026/07/064-XY-P_P_10299476-215x300.webp
https://minnano-toreka.com/wp-content/uploads/2026/07/none_none_10279874.webp,https://minnano-toreka.com/wp-content/uploads/2026/07/none_none_10279874-300x175.webp
https://minnano-toreka.com/wp-content/uploads/2026/07/337-SM-P_P_10240233.webp,https://minnano-toreka.com/wp-content/uploads/2026/07/337-SM-P_P_10240233-215x300.webp
https://minnano-toreka.com/wp-content/uploads/2026/07/102-078_SAR_10239657.webp,https://minnano-toreka.com/wp-content/uploads/2026/07/102-078_SAR_10239657-215x300.webp
https://minnano-toreka.com/wp-content/uploads/2026/07/127-098_SAR_10332044.webp,https://minnano-toreka.com/wp-content/uploads/2026/07/127-098_SAR_10332044-215x300.webp
https://minnano-toreka.com/wp-content/uploads/2026/07/097-071_SAR_10241017.webp,https://minnano-toreka.com/wp-content/uploads/2026/07/097-071_SAR_10241017-215x300.webp
https://minnano-toreka.com/wp-content/uploads/2026/07/106-095_SR_10338163.webp,https://minnano-toreka.com/wp-content/uploads/2026/07/106-095_SR_10338163-215x300.webp
https://minnano-toreka.com/wp-content/uploads/2026/07/126-098_SAR_10334696.webp,https://minnano-toreka.com/wp-content/uploads/2026/07/126-098_SAR_10334696-215x300.webp
https://minnano-toreka.com/wp-content/uploads/2026/07/none_none_10343050.webp,https://minnano-toreka.com/wp-content/uploads/2026/07/none_none_10343050-300x167.webp
https://minnano-toreka.com/wp-content/uploads/2026/07/084-067_CSR_10239602.webp,https://minnano-toreka.com/wp-content/uploads/2026/07/084-067_CSR_10239602-215x300.webp
https://minnano-toreka.com/wp-content/uploads/2026/07/090-066_SAR_10239603.webp,https://minnano-toreka.com/wp-content/uploads/2026/07/090-066_SAR_10239603-215x300.webp
https://minnano-toreka.com/wp-content/uploads/2026/07/187-173_SR_10239553.webp,https://minnano-toreka.com/wp-content/uploads/2026/07/187-173_SR_10239553-215x300.webp
https://minnano-toreka.com/wp-content/uploads/2026/07/087-063_SAR_10336809.webp,https://minnano-toreka.com/wp-content/uploads/2026/07/087-063_SAR_10336809-215x300.webp
https://minnano-toreka.com/wp-content/uploads/2026/07/011-080-XY_RR_10345974.webp,https://minnano-toreka.com/wp-content/uploads/2026/07/011-080-XY_RR_10345974-215x300.webp
https://minnano-toreka.com/wp-content/uploads/2026/07/none_none_10282890.webp,https://minnano-toreka.com/wp-content/uploads/2026/07/none_none_10282890-300x271.webp
https://minnano-toreka.com/wp-content/uploads/2026/07/58-102_none_10347608.webp,https://minnano-toreka.com/wp-content/uploads/2026/07/58-102_none_10347608-214x300.webp
https://minnano-toreka.com/wp-content/uploads/2026/07/056-050_SR_10331887.webp,https://minnano-toreka.com/wp-content/uploads/2026/07/056-050_SR_10331887-215x300.webp
https://minnano-toreka.com/wp-content/uploads/2026/07/116-BW-P_P_10334371.webp,https://minnano-toreka.com/wp-content/uploads/2026/07/116-BW-P_P_10334371-217x300.webp
https://minnano-toreka.com/wp-content/uploads/2026/07/111-100_SR_10330991.webp,https://minnano-toreka.com/wp-content/uploads/2026/07/111-100_SR_10330991-215x300.webp
https://minnano-toreka.com/wp-content/uploads/2026/07/094-069_HR_10313247.webp,https://minnano-toreka.com/wp-content/uploads/2026/07/094-069_HR_10313247-216x300.webp
https://minnano-toreka.com/wp-content/uploads/2026/07/079-067-S7R_SR_10346840.webp,https://minnano-toreka.com/wp-content/uploads/2026/07/079-067-S7R_SR_10346840-215x300.webp
https://minnano-toreka.com/wp-content/uploads/2026/07/112-100_SR_10239902.webp,https://minnano-toreka.com/wp-content/uploads/2026/07/112-100_SR_10239902-215x300.webp
https://minnano-toreka.com/wp-content/uploads/2026/07/127-100_SAR_10315566.webp,https://minnano-toreka.com/wp-content/uploads/2026/07/127-100_SAR_10315566-215x300.webp
https://minnano-toreka.com/wp-content/uploads/2026/07/126-098_SAR_10335092.webp,https://minnano-toreka.com/wp-content/uploads/2026/07/126-098_SAR_10335092-215x300.webp
https://minnano-toreka.com/wp-content/uploads/2026/07/071-067_SR_10239068.webp,https://minnano-toreka.com/wp-content/uploads/2026/07/071-067_SR_10239068-215x300.webp
https://minnano-toreka.com/wp-content/uploads/2026/07/077-067_SR_10312480.webp,https://minnano-toreka.com/wp-content/uploads/2026/07/077-067_SR_10312480-215x300.webp
https://minnano-toreka.com/wp-content/uploads/2026/07/107-095_SR_10239761.webp,https://minnano-toreka.com/wp-content/uploads/2026/07/107-095_SR_10239761-215x300.webp
https://minnano-toreka.com/wp-content/uploads/2026/07/083-071_SR_10347597.webp,https://minnano-toreka.com/wp-content/uploads/2026/07/083-071_SR_10347597-215x300.webp
https://minnano-toreka.com/wp-content/uploads/2026/07/050-049_none_10240430.webp,https://minnano-toreka.com/wp-content/uploads/2026/07/050-049_none_10240430-215x300.webp
https://minnano-toreka.com/wp-content/uploads/2026/07/124_P_10331889.webp,https://minnano-toreka.com/wp-content/uploads/2026/07/124_P_10331889-213x300.webp
https://minnano-toreka.com/wp-content/uploads/2026/07/109-095_SR_10332193.webp,https://minnano-toreka.com/wp-content/uploads/2026/07/109-095_SR_10332193-215x300.webp
https://minnano-toreka.com/wp-content/uploads/2026/07/260-172-S12a_UR_10346192.webp,https://minnano-toreka.com/wp-content/uploads/2026/07/260-172-S12a_UR_10346192-215x300.webp
https://minnano-toreka.com/wp-content/uploads/2026/07/185-173-sm12a_SR_10341891.webp,https://minnano-toreka.com/wp-content/uploads/2026/07/185-173-sm12a_SR_10341891-215x300.webp
https://minnano-toreka.com/wp-content/uploads/2026/07/053-051-sm3_SR_10341882.webp,https://minnano-toreka.com/wp-content/uploads/2026/07/053-051-sm3_SR_10341882-214x300.webp
https://minnano-toreka.com/wp-content/uploads/2026/07/223-SM-P_P_10240131.webp,https://minnano-toreka.com/wp-content/uploads/2026/07/223-SM-P_P_10240131-215x300.webp
https://minnano-toreka.com/wp-content/uploads/2026/07/307-SM-P_P_10344983.webp,https://minnano-toreka.com/wp-content/uploads/2026/07/307-SM-P_P_10344983-215x300.webp
https://minnano-toreka.com/wp-content/uploads/2026/07/none_none_10289458.webp,https://minnano-toreka.com/wp-content/uploads/2026/07/none_none_10289458-300x276.webp
https://minnano-toreka.com/wp-content/uploads/2026/07/001-PPP_P_10264201.webp,https://minnano-toreka.com/wp-content/uploads/2026/07/001-PPP_P_10264201-213x300.webp
https://minnano-toreka.com/wp-content/uploads/2026/07/none_none_10289459.webp,https://minnano-toreka.com/wp-content/uploads/2026/07/none_none_10289459-217x300.webp
https://minnano-toreka.com/wp-content/uploads/2026/07/058-049_CHR_10240209.webp,https://minnano-toreka.com/wp-content/uploads/2026/07/058-049_CHR_10240209-215x300.webp
https://minnano-toreka.com/wp-content/uploads/2026/07/198-173_SR_10315613.webp,https://minnano-toreka.com/wp-content/uploads/2026/07/198-173_SR_10315613-215x300.webp
https://minnano-toreka.com/wp-content/uploads/2026/07/none_none_10289453.webp,https://minnano-toreka.com/wp-content/uploads/2026/07/none_none_10289453-300x300.webp
https://minnano-toreka.com/wp-content/uploads/2026/07/none_none_10344623.webp,https://minnano-toreka.com/wp-content/uploads/2026/07/none_none_10344623-272x300.webp
https://minnano-toreka.com/wp-content/uploads/2026/07/none_none_10347424.webp,https://minnano-toreka.com/wp-content/uploads/2026/07/none_none_10347424-300x300.webp
https://minnano-toreka.com/wp-content/uploads/2026/07/188-184_CHR_10347584.webp,https://minnano-toreka.com/wp-content/uploads/2026/07/188-184_CHR_10347584-215x300.webp
https://minnano-toreka.com/wp-content/uploads/2026/07/001-024_none_10239766.webp,https://minnano-toreka.com/wp-content/uploads/2026/07/001-024_none_10239766-215x300.webp
https://minnano-toreka.com/wp-content/uploads/2026/07/none_none_10289455.webp,https://minnano-toreka.com/wp-content/uploads/2026/07/none_none_10289455-245x300.webp
https://minnano-toreka.com/wp-content/uploads/2026/07/062-049_SR_10239544.webp,https://minnano-toreka.com/wp-content/uploads/2026/07/062-049_SR_10239544-215x300.webp
https://minnano-toreka.com/wp-content/uploads/2026/07/BOX_BOX_10340789.webp,https://minnano-toreka.com/wp-content/uploads/2026/07/BOX_BOX_10340789-300x300.webp
https://minnano-toreka.com/wp-content/uploads/2026/07/none_none_10347427.webp,https://minnano-toreka.com/wp-content/uploads/2026/07/none_none_10347427-300x174.webp
https://minnano-toreka.com/wp-content/uploads/2026/07/376-SM-P_P_10344982.webp,https://minnano-toreka.com/wp-content/uploads/2026/07/376-SM-P_P_10344982-215x300.webp
https://minnano-toreka.com/wp-content/uploads/2026/07/086-S-P-S-P_P_10347601.webp,https://minnano-toreka.com/wp-content/uploads/2026/07/086-S-P-S-P_P_10347601-215x300.webp
https://minnano-toreka.com/wp-content/uploads/2026/07/001-165-SV2a_C_10347595.webp,https://minnano-toreka.com/wp-content/uploads/2026/07/001-165-SV2a_C_10347595-215x300.webp
https://minnano-toreka.com/wp-content/uploads/2026/07/110-106_AR_10347587.webp,https://minnano-toreka.com/wp-content/uploads/2026/07/110-106_AR_10347587-215x300.webp
https://minnano-toreka.com/wp-content/uploads/2026/07/080-070-S5a_SR_10341868.webp,https://minnano-toreka.com/wp-content/uploads/2026/07/080-070-S5a_SR_10341868-215x300.webp
https://minnano-toreka.com/wp-content/uploads/2026/07/065-060_SR_10239717.webp,https://minnano-toreka.com/wp-content/uploads/2026/07/065-060_SR_10239717-215x300.webp
https://minnano-toreka.com/wp-content/uploads/2026/07/none_none_10288750.webp,https://minnano-toreka.com/wp-content/uploads/2026/07/none_none_10288750-217x300.webp
https://minnano-toreka.com/wp-content/uploads/2026/07/none_BOX_10346463.webp,https://minnano-toreka.com/wp-content/uploads/2026/07/none_BOX_10346463-300x300.webp
https://minnano-toreka.com/wp-content/uploads/2026/07/089-062_SAR_10304595.webp,https://minnano-toreka.com/wp-content/uploads/2026/07/089-062_SAR_10304595-215x300.webp
https://minnano-toreka.com/wp-content/uploads/2026/07/093-165_U_10341093.webp,https://minnano-toreka.com/wp-content/uploads/2026/07/093-165_U_10341093-215x300.webp
https://minnano-toreka.com/wp-content/uploads/2026/07/074-071_SR_10239599.webp,https://minnano-toreka.com/wp-content/uploads/2026/07/074-071_SR_10239599-215x300.webp
https://minnano-toreka.com/wp-content/uploads/2026/07/056-054-SM9b_SR_10342066.webp,https://minnano-toreka.com/wp-content/uploads/2026/07/056-054-SM9b_SR_10342066-215x300.webp
https://minnano-toreka.com/wp-content/uploads/2026/07/none_none_10344697.webp,https://minnano-toreka.com/wp-content/uploads/2026/07/none_none_10344697-300x300.webp
https://minnano-toreka.com/wp-content/uploads/2026/07/none_BOX_10290487.webp,https://minnano-toreka.com/wp-content/uploads/2026/07/none_BOX_10290487-300x225.webp
https://minnano-toreka.com/wp-content/uploads/2026/07/206-165_SAR_10239892.webp,https://minnano-toreka.com/wp-content/uploads/2026/07/206-165_SAR_10239892-215x300.webp
https://minnano-toreka.com/wp-content/uploads/2026/07/109-086_AR_10334056.webp,https://minnano-toreka.com/wp-content/uploads/2026/07/109-086_AR_10334056-215x300.webp
https://minnano-toreka.com/wp-content/uploads/2026/07/008-032_none_10342138.webp,https://minnano-toreka.com/wp-content/uploads/2026/07/008-032_none_10342138-215x300.webp
https://minnano-toreka.com/wp-content/uploads/2026/07/075-064_HR_10244778.webp,https://minnano-toreka.com/wp-content/uploads/2026/07/075-064_HR_10244778-218x300.webp
https://minnano-toreka.com/wp-content/uploads/2026/07/070-SV-P_P_10240142.webp,https://minnano-toreka.com/wp-content/uploads/2026/07/070-SV-P_P_10240142-215x300.webp
https://minnano-toreka.com/wp-content/uploads/2026/07/099-073_SAR_10239664.webp,https://minnano-toreka.com/wp-content/uploads/2026/07/099-073_SAR_10239664-215x300.webp
https://minnano-toreka.com/wp-content/uploads/2026/07/none_none_10342135.webp,https://minnano-toreka.com/wp-content/uploads/2026/07/none_none_10342135-300x258.webp
https://minnano-toreka.com/wp-content/uploads/2026/07/259-172_UR_10239480.webp,https://minnano-toreka.com/wp-content/uploads/2026/07/259-172_UR_10239480-215x300.webp
https://minnano-toreka.com/wp-content/uploads/2026/07/143-S-P_P_10347590.webp,https://minnano-toreka.com/wp-content/uploads/2026/07/143-S-P_P_10347590-215x300.webp
https://minnano-toreka.com/wp-content/uploads/2026/07/0115-15_AR_10333634.webp,https://minnano-toreka.com/wp-content/uploads/2026/07/0115-15_AR_10333634-215x300.webp
https://minnano-toreka.com/wp-content/uploads/2026/07/055-050-sm5_SR_10346841.webp,https://minnano-toreka.com/wp-content/uploads/2026/07/055-050-sm5_SR_10346841-215x300.webp
https://minnano-toreka.com/wp-content/uploads/2026/07/none_BOX_10346466.webp,https://minnano-toreka.com/wp-content/uploads/2026/07/none_BOX_10346466-262x300.webp
https://minnano-toreka.com/wp-content/uploads/2026/07/150-165_R_10346953.webp,https://minnano-toreka.com/wp-content/uploads/2026/07/150-165_R_10346953-215x300.webp
https://minnano-toreka.com/wp-content/uploads/2026/07/none_none_10285323.webp,https://minnano-toreka.com/wp-content/uploads/2026/07/none_none_10285323-300x300.webp
https://minnano-toreka.com/wp-content/uploads/2026/07/130-165_R_10346759.webp,https://minnano-toreka.com/wp-content/uploads/2026/07/130-165_R_10346759-215x300.webp
https://minnano-toreka.com/wp-content/uploads/2026/07/173-086_SAR_10333931.webp,https://minnano-toreka.com/wp-content/uploads/2026/07/173-086_SAR_10333931-215x300.webp
https://minnano-toreka.com/wp-content/uploads/2026/07/245-184_CSR_10239059.webp,https://minnano-toreka.com/wp-content/uploads/2026/07/245-184_CSR_10239059-215x300.webp
https://minnano-toreka.com/wp-content/uploads/2026/07/104-100_SR_10338765.webp,https://minnano-toreka.com/wp-content/uploads/2026/07/104-100_SR_10338765-215x300.webp
https://minnano-toreka.com/wp-content/uploads/2026/07/020-SM-P_P_10332043.webp,https://minnano-toreka.com/wp-content/uploads/2026/07/020-SM-P_P_10332043-215x300.webp
https://minnano-toreka.com/wp-content/uploads/2026/07/051-087_R_10238930.webp,https://minnano-toreka.com/wp-content/uploads/2026/07/051-087_R_10238930-215x300.webp
https://minnano-toreka.com/wp-content/uploads/2026/07/none_none_10342134.webp,https://minnano-toreka.com/wp-content/uploads/2026/07/none_none_10342134-300x300.webp
https://minnano-toreka.com/wp-content/uploads/2026/07/276-184_SR_10305881.webp,https://minnano-toreka.com/wp-content/uploads/2026/07/276-184_SR_10305881-215x300.webp
https://minnano-toreka.com/wp-content/uploads/2026/07/067-064_SR_10239751.webp,https://minnano-toreka.com/wp-content/uploads/2026/07/067-064_SR_10239751-215x300.webp
https://minnano-toreka.com/wp-content/uploads/2026/07/074-070_SR_10239658.webp,https://minnano-toreka.com/wp-content/uploads/2026/07/074-070_SR_10239658-215x300.webp
https://minnano-toreka.com/wp-content/uploads/2026/07/054-165_C_10346767.webp,https://minnano-toreka.com/wp-content/uploads/2026/07/054-165_C_10346767-215x300.webp
https://minnano-toreka.com/wp-content/uploads/2026/07/BOX_BOX_10340790.webp,https://minnano-toreka.com/wp-content/uploads/2026/07/BOX_BOX_10340790-300x300.webp
https://minnano-toreka.com/wp-content/uploads/2026/07/059-054_SR_10239667.webp,https://minnano-toreka.com/wp-content/uploads/2026/07/059-054_SR_10239667-215x300.webp
https://minnano-toreka.com/wp-content/uploads/2026/07/0715-15_AR_10333635.webp,https://minnano-toreka.com/wp-content/uploads/2026/07/0715-15_AR_10333635-215x300.webp
https://minnano-toreka.com/wp-content/uploads/2026/07/063-SV-P_P_10240144.webp,https://minnano-toreka.com/wp-content/uploads/2026/07/063-SV-P_P_10240144-215x300.webp
https://minnano-toreka.com/wp-content/uploads/2026/07/003-025_P_10341930.webp,https://minnano-toreka.com/wp-content/uploads/2026/07/003-025_P_10341930-215x300.webp
https://minnano-toreka.com/wp-content/uploads/2026/07/140-S-P_P_10239539.webp,https://minnano-toreka.com/wp-content/uploads/2026/07/140-S-P_P_10239539-209x300.webp
https://minnano-toreka.com/wp-content/uploads/2026/07/255-184_SR_10326833.webp,https://minnano-toreka.com/wp-content/uploads/2026/07/255-184_SR_10326833-215x300.webp
https://minnano-toreka.com/wp-content/uploads/2026/07/096-095_SR_10239773.webp,https://minnano-toreka.com/wp-content/uploads/2026/07/096-095_SR_10239773-215x300.webp
https://minnano-toreka.com/wp-content/uploads/2026/07/124-102_SR_10347594.webp,https://minnano-toreka.com/wp-content/uploads/2026/07/124-102_SR_10347594-215x300.webp
https://minnano-toreka.com/wp-content/uploads/2026/07/074-070-S6K_SR_10346819.webp,https://minnano-toreka.com/wp-content/uploads/2026/07/074-070-S6K_SR_10346819-215x300.webp
https://minnano-toreka.com/wp-content/uploads/2026/07/131-106_SAR_10315551.webp,https://minnano-toreka.com/wp-content/uploads/2026/07/131-106_SAR_10315551-215x300.webp
https://minnano-toreka.com/wp-content/uploads/2026/07/097-094_SR_10239747.webp,https://minnano-toreka.com/wp-content/uploads/2026/07/097-094_SR_10239747-215x300.webp
https://minnano-toreka.com/wp-content/uploads/2026/07/none_none_10346465.webp,https://minnano-toreka.com/wp-content/uploads/2026/07/none_none_10346465-300x270.webp
https://minnano-toreka.com/wp-content/uploads/2026/07/017-027-CP2_R_10345971.webp,https://minnano-toreka.com/wp-content/uploads/2026/07/017-027-CP2_R_10345971-215x300.webp
https://minnano-toreka.com/wp-content/uploads/2026/07/095-094-sm11_SR_10341888.webp,https://minnano-toreka.com/wp-content/uploads/2026/07/095-094-sm11_SR_10341888-215x300.webp
https://minnano-toreka.com/wp-content/uploads/2026/07/279-184_UR_10240259.webp,https://minnano-toreka.com/wp-content/uploads/2026/07/279-184_UR_10240259-209x300.webp
https://minnano-toreka.com/wp-content/uploads/2026/07/367-SM-P_P_10339817.webp,https://minnano-toreka.com/wp-content/uploads/2026/07/367-SM-P_P_10339817-215x300.webp
https://minnano-toreka.com/wp-content/uploads/2026/07/none_none_10344624.webp,https://minnano-toreka.com/wp-content/uploads/2026/07/none_none_10344624-214x300.webp
https://minnano-toreka.com/wp-content/uploads/2026/07/204-165_SAR_10239743.webp,https://minnano-toreka.com/wp-content/uploads/2026/07/204-165_SAR_10239743-215x300.webp
https://minnano-toreka.com/wp-content/uploads/2026/07/none_BOX_10347069.webp,https://minnano-toreka.com/wp-content/uploads/2026/07/none_BOX_10347069-300x300.webp
https://minnano-toreka.com/wp-content/uploads/2026/07/297-SM-P_P_10239595.webp,https://minnano-toreka.com/wp-content/uploads/2026/07/297-SM-P_P_10239595-215x300.webp
https://minnano-toreka.com/wp-content/uploads/2026/07/068-SV-P_P_10240135.webp,https://minnano-toreka.com/wp-content/uploads/2026/07/068-SV-P_P_10240135-215x300.webp
https://minnano-toreka.com/wp-content/uploads/2026/07/065-SV-P_P_10240138.webp,https://minnano-toreka.com/wp-content/uploads/2026/07/065-SV-P_P_10240138-215x300.webp
https://minnano-toreka.com/wp-content/uploads/2026/07/052-049_CHR_10238711.webp,https://minnano-toreka.com/wp-content/uploads/2026/07/052-049_CHR_10238711-215x300.webp
https://minnano-toreka.com/wp-content/uploads/2026/07/066-SV-P_P_10313237.webp,https://minnano-toreka.com/wp-content/uploads/2026/07/066-SV-P_P_10313237-215x300.webp
https://minnano-toreka.com/wp-content/uploads/2026/07/none_none_10344620.webp,https://minnano-toreka.com/wp-content/uploads/2026/07/none_none_10344620-300x300.webp
https://minnano-toreka.com/wp-content/uploads/2026/07/194-XY-P-XY_P_10346822.webp,https://minnano-toreka.com/wp-content/uploads/2026/07/194-XY-P-XY_P_10346822-214x300.webp
https://minnano-toreka.com/wp-content/uploads/2026/07/none_none_10288748.webp,https://minnano-toreka.com/wp-content/uploads/2026/07/none_none_10288748-213x300.webp
https://minnano-toreka.com/wp-content/uploads/2026/07/066-054-sm10b_HR_10341435.webp,https://minnano-toreka.com/wp-content/uploads/2026/07/066-054-sm10b_HR_10341435-213x300.webp
https://minnano-toreka.com/wp-content/uploads/2026/07/106-100-S11_SR_10346829.webp,https://minnano-toreka.com/wp-content/uploads/2026/07/106-100-S11_SR_10346829-215x300.webp
https://minnano-toreka.com/wp-content/uploads/2026/07/062-SV-P_P_10334483.webp,https://minnano-toreka.com/wp-content/uploads/2026/07/062-SV-P_P_10334483-215x300.webp
https://minnano-toreka.com/wp-content/uploads/2026/07/0407-07_none_10347453.webp,https://minnano-toreka.com/wp-content/uploads/2026/07/0407-07_none_10347453-215x300.webp
https://minnano-toreka.com/wp-content/uploads/2026/07/064-SV-P_P_10240147.webp,https://minnano-toreka.com/wp-content/uploads/2026/07/064-SV-P_P_10240147-215x300.webp
https://minnano-toreka.com/wp-content/uploads/2026/07/033-S-P_S-P_10347081.webp,https://minnano-toreka.com/wp-content/uploads/2026/07/033-S-P_S-P_10347081-215x300.webp
https://minnano-toreka.com/wp-content/uploads/2026/07/none_none_10344619.webp,https://minnano-toreka.com/wp-content/uploads/2026/07/none_none_10344619-300x300.webp
https://minnano-toreka.com/wp-content/uploads/2026/07/069-SV-P_P_10326277.webp,https://minnano-toreka.com/wp-content/uploads/2026/07/069-SV-P_P_10326277-215x300.webp
https://minnano-toreka.com/wp-content/uploads/2026/07/012-023-XY_none_10346818.webp,https://minnano-toreka.com/wp-content/uploads/2026/07/012-023-XY_none_10346818-215x300.webp
https://minnano-toreka.com/wp-content/uploads/2026/07/004-036_none_10240441.webp,https://minnano-toreka.com/wp-content/uploads/2026/07/004-036_none_10240441-215x300.webp
https://minnano-toreka.com/wp-content/uploads/2026/07/049-SV-P_P_10283174.webp,https://minnano-toreka.com/wp-content/uploads/2026/07/049-SV-P_P_10283174-215x300.webp
https://minnano-toreka.com/wp-content/uploads/2026/07/072-060_UR_10239716.webp,https://minnano-toreka.com/wp-content/uploads/2026/07/072-060_UR_10239716-216x300.webp
https://minnano-toreka.com/wp-content/uploads/2026/07/115-BW-P_P_10329578.webp,https://minnano-toreka.com/wp-content/uploads/2026/07/115-BW-P_P_10329578-213x300.webp
https://minnano-toreka.com/wp-content/uploads/2026/07/019-027_R_10240206.webp,https://minnano-toreka.com/wp-content/uploads/2026/07/019-027_R_10240206-215x300.webp
https://minnano-toreka.com/wp-content/uploads/2026/07/179-SM-P_P_10302225.webp,https://minnano-toreka.com/wp-content/uploads/2026/07/179-SM-P_P_10302225-215x300.webp
https://minnano-toreka.com/wp-content/uploads/2026/07/322-S-P_P_10347241.webp,https://minnano-toreka.com/wp-content/uploads/2026/07/322-S-P_P_10347241-215x300.webp
https://minnano-toreka.com/wp-content/uploads/2026/07/206-150_SSR_10347288.webp,https://minnano-toreka.com/wp-content/uploads/2026/07/206-150_SSR_10347288-215x300.webp
https://minnano-toreka.com/wp-content/uploads/2026/07/059-S-P_S-P_10347076.webp,https://minnano-toreka.com/wp-content/uploads/2026/07/059-S-P_S-P_10347076-215x300.webp
https://minnano-toreka.com/wp-content/uploads/2026/07/225-173_UR_10239566.webp,https://minnano-toreka.com/wp-content/uploads/2026/07/225-173_UR_10239566-214x300.webp
https://minnano-toreka.com/wp-content/uploads/2026/07/002-027_R_10305944.webp,https://minnano-toreka.com/wp-content/uploads/2026/07/002-027_R_10305944-215x300.webp
https://minnano-toreka.com/wp-content/uploads/2026/07/082-070_SR_10238526.webp,https://minnano-toreka.com/wp-content/uploads/2026/07/082-070_SR_10238526-215x300.webp
https://minnano-toreka.com/wp-content/uploads/2026/07/175-173_SR_10239052.webp,https://minnano-toreka.com/wp-content/uploads/2026/07/175-173_SR_10239052-215x300.webp
https://minnano-toreka.com/wp-content/uploads/2026/07/097-096-XY_SR_10346831.webp,https://minnano-toreka.com/wp-content/uploads/2026/07/097-096-XY_SR_10346831-215x300.webp
https://minnano-toreka.com/wp-content/uploads/2026/07/077-067_SR_10334686.webp,https://minnano-toreka.com/wp-content/uploads/2026/07/077-067_SR_10334686-215x300.webp
https://minnano-toreka.com/wp-content/uploads/2026/07/032-S-P_P_10346824.webp,https://minnano-toreka.com/wp-content/uploads/2026/07/032-S-P_P_10346824-215x300.webp
https://minnano-toreka.com/wp-content/uploads/2026/07/none_none_10284430.webp,https://minnano-toreka.com/wp-content/uploads/2026/07/none_none_10284430-221x300.webp
https://minnano-toreka.com/wp-content/uploads/2026/07/112-096_HR_10238860.webp,https://minnano-toreka.com/wp-content/uploads/2026/07/112-096_HR_10238860-215x300.webp
https://minnano-toreka.com/wp-content/uploads/2026/07/264-XY-P_P_10241693.webp,https://minnano-toreka.com/wp-content/uploads/2026/07/264-XY-P_P_10241693-215x300.webp
https://minnano-toreka.com/wp-content/uploads/2026/07/none_none_10292119.webp,https://minnano-toreka.com/wp-content/uploads/2026/07/none_none_10292119-213x300.webp
https://minnano-toreka.com/wp-content/uploads/2026/07/103-094-sm6_HR_10343275.webp,https://minnano-toreka.com/wp-content/uploads/2026/07/103-094-sm6_HR_10343275-215x300.webp
https://minnano-toreka.com/wp-content/uploads/2026/07/033-M-P_M-P_10347079.webp,https://minnano-toreka.com/wp-content/uploads/2026/07/033-M-P_M-P_10347079-215x300.webp
https://minnano-toreka.com/wp-content/uploads/2026/07/060-053_HR_10347284.webp,https://minnano-toreka.com/wp-content/uploads/2026/07/060-053_HR_10347284-215x300.webp
https://minnano-toreka.com/wp-content/uploads/2026/07/177-171_none_10345272.webp,https://minnano-toreka.com/wp-content/uploads/2026/07/177-171_none_10345272-214x300.webp
https://minnano-toreka.com/wp-content/uploads/2026/07/252-184_CSR_10238931.webp,https://minnano-toreka.com/wp-content/uploads/2026/07/252-184_CSR_10238931-215x300.webp
https://minnano-toreka.com/wp-content/uploads/2026/07/No-153_none_10347598.webp,https://minnano-toreka.com/wp-content/uploads/2026/07/No-153_none_10347598-215x300.webp
https://minnano-toreka.com/wp-content/uploads/2026/07/222-184_CSR_10336139.webp,https://minnano-toreka.com/wp-content/uploads/2026/07/222-184_CSR_10336139-215x300.webp
https://minnano-toreka.com/wp-content/uploads/2026/07/056-054_SR_10344839.webp,https://minnano-toreka.com/wp-content/uploads/2026/07/056-054_SR_10344839-215x300.webp
https://minnano-toreka.com/wp-content/uploads/2026/07/none_none_10344618.webp,https://minnano-toreka.com/wp-content/uploads/2026/07/none_none_10344618-300x253.webp
https://minnano-toreka.com/wp-content/uploads/2026/07/none_none_10285320.webp,https://minnano-toreka.com/wp-content/uploads/2026/07/none_none_10285320-300x258.webp
https://minnano-toreka.com/wp-content/uploads/2026/07/101-095_SR_10305879.webp,https://minnano-toreka.com/wp-content/uploads/2026/07/101-095_SR_10305879-215x300.webp
https://minnano-toreka.com/wp-content/uploads/2026/07/219-150_SSR_10330859.webp,https://minnano-toreka.com/wp-content/uploads/2026/07/219-150_SSR_10330859-215x300.webp
https://minnano-toreka.com/wp-content/uploads/2026/07/306-S-P_S-P_10347080.webp,https://minnano-toreka.com/wp-content/uploads/2026/07/306-S-P_S-P_10347080-215x300.webp
https://minnano-toreka.com/wp-content/uploads/2026/07/none_none_10288749.webp,https://minnano-toreka.com/wp-content/uploads/2026/07/none_none_10288749-220x300.webp
https://minnano-toreka.com/wp-content/uploads/2026/07/063-060-XY_SR_10342031.webp,https://minnano-toreka.com/wp-content/uploads/2026/07/063-060-XY_SR_10342031-215x300.webp
https://minnano-toreka.com/wp-content/uploads/2026/07/365-SM-P_P_10329572.webp,https://minnano-toreka.com/wp-content/uploads/2026/07/365-SM-P_P_10329572-215x300.webp
https://minnano-toreka.com/wp-content/uploads/2026/07/174-SV-P_SV-P_10347077.webp,https://minnano-toreka.com/wp-content/uploads/2026/07/174-SV-P_SV-P_10347077-215x300.webp
https://minnano-toreka.com/wp-content/uploads/2026/07/024-036-CP5_none_10346816.webp,https://minnano-toreka.com/wp-content/uploads/2026/07/024-036-CP5_none_10346816-215x300.webp
https://minnano-toreka.com/wp-content/uploads/2026/07/307-190_SSR_10240203.webp,https://minnano-toreka.com/wp-content/uploads/2026/07/307-190_SSR_10240203-215x300.webp
https://minnano-toreka.com/wp-content/uploads/2026/07/none_none_10347110.webp,https://minnano-toreka.com/wp-content/uploads/2026/07/none_none_10347110-300x300.webp
https://minnano-toreka.com/wp-content/uploads/2026/07/006-012_none_10341434.webp,https://minnano-toreka.com/wp-content/uploads/2026/07/006-012_none_10341434-215x300.webp
https://minnano-toreka.com/wp-content/uploads/2026/07/073-066_HR_10347290.webp,https://minnano-toreka.com/wp-content/uploads/2026/07/073-066_HR_10347290-214x300.webp
https://minnano-toreka.com/wp-content/uploads/2026/07/292-XY-P_P_10298038.webp,https://minnano-toreka.com/wp-content/uploads/2026/07/292-XY-P_P_10298038-215x300.webp
https://minnano-toreka.com/wp-content/uploads/2026/07/072-066_SR_10331885.webp,https://minnano-toreka.com/wp-content/uploads/2026/07/072-066_SR_10331885-215x300.webp
https://minnano-toreka.com/wp-content/uploads/2026/07/085-081-XY_SR_10342067.webp,https://minnano-toreka.com/wp-content/uploads/2026/07/085-081-XY_SR_10342067-215x300.webp
https://minnano-toreka.com/wp-content/uploads/2026/07/none_none_10347432.webp,https://minnano-toreka.com/wp-content/uploads/2026/07/none_none_10347432-300x162.webp
https://minnano-toreka.com/wp-content/uploads/2026/07/005-083_none_10347588.webp,https://minnano-toreka.com/wp-content/uploads/2026/07/005-083_none_10347588-215x300.webp
https://minnano-toreka.com/wp-content/uploads/2026/07/060-050_HR_10338674.webp,https://minnano-toreka.com/wp-content/uploads/2026/07/060-050_HR_10338674-214x300.webp
https://minnano-toreka.com/wp-content/uploads/2026/07/059-054-SM9b_SR_10344837.webp,https://minnano-toreka.com/wp-content/uploads/2026/07/059-054-SM9b_SR_10344837-215x300.webp
https://minnano-toreka.com/wp-content/uploads/2026/07/067-060_HR_10338117.webp,https://minnano-toreka.com/wp-content/uploads/2026/07/067-060_HR_10338117-213x300.webp
https://minnano-toreka.com/wp-content/uploads/2026/07/125-100_SAR_10315560.webp,https://minnano-toreka.com/wp-content/uploads/2026/07/125-100_SAR_10315560-215x300.webp
https://minnano-toreka.com/wp-content/uploads/2026/07/100-095_SR_10239763.webp,https://minnano-toreka.com/wp-content/uploads/2026/07/100-095_SR_10239763-215x300.webp
https://minnano-toreka.com/wp-content/uploads/2026/07/202-165_SAR_10330067.webp,https://minnano-toreka.com/wp-content/uploads/2026/07/202-165_SAR_10330067-215x300.webp
https://minnano-toreka.com/wp-content/uploads/2026/07/081-068_SR_10238527.webp,https://minnano-toreka.com/wp-content/uploads/2026/07/081-068_SR_10238527-215x300.webp
https://minnano-toreka.com/wp-content/uploads/2026/07/060-059_SR_10312448.webp,https://minnano-toreka.com/wp-content/uploads/2026/07/060-059_SR_10312448-214x300.webp
https://minnano-toreka.com/wp-content/uploads/2026/07/002-S-P_P_10239769.webp,https://minnano-toreka.com/wp-content/uploads/2026/07/002-S-P_P_10239769-215x300.webp
https://minnano-toreka.com/wp-content/uploads/2026/07/407-SM-P_P_10239901.webp,https://minnano-toreka.com/wp-content/uploads/2026/07/407-SM-P_P_10239901-215x300.webp
https://minnano-toreka.com/wp-content/uploads/2026/07/107-095_SR_10240083.webp,https://minnano-toreka.com/wp-content/uploads/2026/07/107-095_SR_10240083-215x300.webp
https://minnano-toreka.com/wp-content/uploads/2026/07/159-150_SR_10240224.webp,https://minnano-toreka.com/wp-content/uploads/2026/07/159-150_SR_10240224-215x300.webp
https://minnano-toreka.com/wp-content/uploads/2026/07/247-SM-P_P_10297373.webp,https://minnano-toreka.com/wp-content/uploads/2026/07/247-SM-P_P_10297373-215x300.webp
https://minnano-toreka.com/wp-content/uploads/2026/07/none_none_10346464.webp,https://minnano-toreka.com/wp-content/uploads/2026/07/none_none_10346464-220x300.webp
https://minnano-toreka.com/wp-content/uploads/2026/07/053-052_SR_10338249.webp,https://minnano-toreka.com/wp-content/uploads/2026/07/053-052_SR_10338249-211x300.webp
https://minnano-toreka.com/wp-content/uploads/2026/07/005-032-CP3_U_10346837.webp,https://minnano-toreka.com/wp-content/uploads/2026/07/005-032-CP3_U_10346837-215x300.webp
https://minnano-toreka.com/wp-content/uploads/2026/07/0915-15_AR_10336140.webp,https://minnano-toreka.com/wp-content/uploads/2026/07/0915-15_AR_10336140-215x300.webp
https://minnano-toreka.com/wp-content/uploads/2026/07/405-SM-P_none_10346826.webp,https://minnano-toreka.com/wp-content/uploads/2026/07/405-SM-P_none_10346826-215x300.webp
https://minnano-toreka.com/wp-content/uploads/2026/07/210-S-P_P_10347592.webp,https://minnano-toreka.com/wp-content/uploads/2026/07/210-S-P_P_10347592-215x300.webp
https://minnano-toreka.com/wp-content/uploads/2026/07/260-SV-P_P_10336786.webp,https://minnano-toreka.com/wp-content/uploads/2026/07/260-SV-P_P_10336786-215x300.webp
https://minnano-toreka.com/wp-content/uploads/2026/07/110-SV-P_SV-P_10347078.webp,https://minnano-toreka.com/wp-content/uploads/2026/07/110-SV-P_SV-P_10347078-215x300.webp
https://minnano-toreka.com/wp-content/uploads/2026/07/059-050_HR_10347238.webp,https://minnano-toreka.com/wp-content/uploads/2026/07/059-050_HR_10347238-214x300.webp
https://minnano-toreka.com/wp-content/uploads/2026/07/010-025_P_10329757.webp,https://minnano-toreka.com/wp-content/uploads/2026/07/010-025_P_10329757-215x300.webp
https://minnano-toreka.com/wp-content/uploads/2026/07/058-052_SR_10331886.webp,https://minnano-toreka.com/wp-content/uploads/2026/07/058-052_SR_10331886-215x300.webp
https://minnano-toreka.com/wp-content/uploads/2026/07/084-078_SR_10312447.webp,https://minnano-toreka.com/wp-content/uploads/2026/07/084-078_SR_10312447-215x300.webp
https://minnano-toreka.com/wp-content/uploads/2026/07/none_none_10289456.webp,https://minnano-toreka.com/wp-content/uploads/2026/07/none_none_10289456-300x246.webp
https://minnano-toreka.com/wp-content/uploads/2026/07/082-078_SR_10312446.webp,https://minnano-toreka.com/wp-content/uploads/2026/07/082-078_SR_10312446-215x300.webp
https://minnano-toreka.com/wp-content/uploads/2026/07/none_none_10289457.webp,https://minnano-toreka.com/wp-content/uploads/2026/07/none_none_10289457-300x300.webp
https://minnano-toreka.com/wp-content/uploads/2026/07/056-054_SR_10239995.webp,https://minnano-toreka.com/wp-content/uploads/2026/07/056-054_SR_10239995-215x300.webp
https://minnano-toreka.com/wp-content/uploads/2026/07/136-106_UR_10312481.webp,https://minnano-toreka.com/wp-content/uploads/2026/07/136-106_UR_10312481-215x300.webp
https://minnano-toreka.com/wp-content/uploads/2026/07/101-095-sm10_SR_10346825.webp,https://minnano-toreka.com/wp-content/uploads/2026/07/101-095-sm10_SR_10346825-215x300.webp
https://minnano-toreka.com/wp-content/uploads/2026/07/348-190_SAR_10239561.webp,https://minnano-toreka.com/wp-content/uploads/2026/07/348-190_SAR_10239561-215x300.webp
https://minnano-toreka.com/wp-content/uploads/2026/07/038-095_RR_10241737.webp,https://minnano-toreka.com/wp-content/uploads/2026/07/038-095_RR_10241737-215x300.webp
https://minnano-toreka.com/wp-content/uploads/2026/07/115-095-sm9_HR_10341433.webp,https://minnano-toreka.com/wp-content/uploads/2026/07/115-095-sm9_HR_10341433-215x300.webp
https://minnano-toreka.com/wp-content/uploads/2026/07/124-098_SAR_10332046.webp,https://minnano-toreka.com/wp-content/uploads/2026/07/124-098_SAR_10332046-215x300.webp
https://minnano-toreka.com/wp-content/uploads/2026/07/181-173-sm12a_SR_10346823.webp,https://minnano-toreka.com/wp-content/uploads/2026/07/181-173-sm12a_SR_10346823-215x300.webp
https://minnano-toreka.com/wp-content/uploads/2026/07/080-070_SR_10312412.webp,https://minnano-toreka.com/wp-content/uploads/2026/07/080-070_SR_10312412-215x300.webp
https://minnano-toreka.com/wp-content/uploads/2026/07/393-SM-P_P_10240088.webp,https://minnano-toreka.com/wp-content/uploads/2026/07/393-SM-P_P_10240088-215x300.webp
https://minnano-toreka.com/wp-content/uploads/2026/07/024-025_P_10240579.webp,https://minnano-toreka.com/wp-content/uploads/2026/07/024-025_P_10240579-215x300.webp
https://minnano-toreka.com/wp-content/uploads/2026/07/none_BOX_10346690.webp,https://minnano-toreka.com/wp-content/uploads/2026/07/none_BOX_10346690-300x300.webp
https://minnano-toreka.com/wp-content/uploads/2026/07/083-067_CSR_10241015.webp,https://minnano-toreka.com/wp-content/uploads/2026/07/083-067_CSR_10241015-215x300.webp
https://minnano-toreka.com/wp-content/uploads/2026/07/100-095-sm8_SR_10343276.webp,https://minnano-toreka.com/wp-content/uploads/2026/07/100-095-sm8_SR_10343276-215x300.webp
https://minnano-toreka.com/wp-content/uploads/2026/07/228-XY-P_P_10347239.webp,https://minnano-toreka.com/wp-content/uploads/2026/07/228-XY-P_P_10347239-215x300.webp
https://minnano-toreka.com/wp-content/uploads/2026/07/071-069_SR_10239879.webp,https://minnano-toreka.com/wp-content/uploads/2026/07/071-069_SR_10239879-215x300.webp
https://minnano-toreka.com/wp-content/uploads/2026/07/079-070_SR_10348043.webp,https://minnano-toreka.com/wp-content/uploads/2026/07/079-070_SR_10348043-215x300.webp
https://minnano-toreka.com/wp-content/uploads/2026/07/none_none_10342133.webp,https://minnano-toreka.com/wp-content/uploads/2026/07/none_none_10342133-223x300.webp
https://minnano-toreka.com/wp-content/uploads/2026/07/131-SVPEN_P_10346945.webp,https://minnano-toreka.com/wp-content/uploads/2026/07/131-SVPEN_P_10346945-215x300.webp
https://minnano-toreka.com/wp-content/uploads/2026/07/175-S-P_P_10240157.webp,https://minnano-toreka.com/wp-content/uploads/2026/07/175-S-P_P_10240157-215x300.webp
https://minnano-toreka.com/wp-content/uploads/2026/07/070-049_HR_10312082.webp,https://minnano-toreka.com/wp-content/uploads/2026/07/070-049_HR_10312082-215x300.webp
https://minnano-toreka.com/wp-content/uploads/2026/07/087-063_SAR_10338118.webp,https://minnano-toreka.com/wp-content/uploads/2026/07/087-063_SAR_10338118-215x300.webp
https://minnano-toreka.com/wp-content/uploads/2026/07/077-069_SR_10239888.webp,https://minnano-toreka.com/wp-content/uploads/2026/07/077-069_SR_10239888-215x300.webp
https://minnano-toreka.com/wp-content/uploads/2026/07/083-067_HR_10338676.webp,https://minnano-toreka.com/wp-content/uploads/2026/07/083-067_HR_10338676-217x300.webp
https://minnano-toreka.com/wp-content/uploads/2026/07/081-069_SR_10239880.webp,https://minnano-toreka.com/wp-content/uploads/2026/07/081-069_SR_10239880-215x300.webp
https://minnano-toreka.com/wp-content/uploads/2026/07/073-069_SR_10239897.webp,https://minnano-toreka.com/wp-content/uploads/2026/07/073-069_SR_10239897-215x300.webp
https://minnano-toreka.com/wp-content/uploads/2026/07/087-064_SAR_10312445.webp,https://minnano-toreka.com/wp-content/uploads/2026/07/087-064_SAR_10312445-215x300.webp
https://minnano-toreka.com/wp-content/uploads/2026/07/079-069_SR_10239890.webp,https://minnano-toreka.com/wp-content/uploads/2026/07/079-069_SR_10239890-215x300.webp
https://minnano-toreka.com/wp-content/uploads/2026/07/080-073_AR_10240249.webp,https://minnano-toreka.com/wp-content/uploads/2026/07/080-073_AR_10240249-215x300.webp
https://minnano-toreka.com/wp-content/uploads/2026/07/216-150-sm8b_SSR_10343274.webp,https://minnano-toreka.com/wp-content/uploads/2026/07/216-150-sm8b_SSR_10343274-215x300.webp
https://minnano-toreka.com/wp-content/uploads/2026/07/112-095-sm9_HR_10346328.webp,https://minnano-toreka.com/wp-content/uploads/2026/07/112-095-sm9_HR_10346328-216x300.webp
https://minnano-toreka.com/wp-content/uploads/2026/07/192-SV-P_SV-P_10344699.webp,https://minnano-toreka.com/wp-content/uploads/2026/07/192-SV-P_SV-P_10344699-215x300.webp
https://minnano-toreka.com/wp-content/uploads/2026/07/198-190_SR_10239578.webp,https://minnano-toreka.com/wp-content/uploads/2026/07/198-190_SR_10239578-215x300.webp
https://minnano-toreka.com/wp-content/uploads/2026/07/098-SV-P-SV-P_P_10346813.webp,https://minnano-toreka.com/wp-content/uploads/2026/07/098-SV-P-SV-P_P_10346813-215x300.webp
https://minnano-toreka.com/wp-content/uploads/2026/07/106-095_SR_10304030.webp,https://minnano-toreka.com/wp-content/uploads/2026/07/106-095_SR_10304030-215x300.webp
https://minnano-toreka.com/wp-content/uploads/2026/07/075-069_SR_10239893.webp,https://minnano-toreka.com/wp-content/uploads/2026/07/075-069_SR_10239893-215x300.webp
https://minnano-toreka.com/wp-content/uploads/2026/07/048-SV-P_P_10318022.webp,https://minnano-toreka.com/wp-content/uploads/2026/07/048-SV-P_P_10318022-215x300.webp
https://minnano-toreka.com/wp-content/uploads/2026/07/102-094_SR_10305880.webp,https://minnano-toreka.com/wp-content/uploads/2026/07/102-094_SR_10305880-215x300.webp
https://minnano-toreka.com/wp-content/uploads/2026/07/168-086_SAR_10333929.webp,https://minnano-toreka.com/wp-content/uploads/2026/07/168-086_SAR_10333929-215x300.webp
https://minnano-toreka.com/wp-content/uploads/2026/07/289-SV-P_P_10344388.webp,https://minnano-toreka.com/wp-content/uploads/2026/07/289-SV-P_P_10344388-215x300.webp
https://minnano-toreka.com/wp-content/uploads/2026/07/101-078_SAR_10312478.webp,https://minnano-toreka.com/wp-content/uploads/2026/07/101-078_SAR_10312478-215x300.webp
https://minnano-toreka.com/wp-content/uploads/2026/07/083-069_SR_10239895.webp,https://minnano-toreka.com/wp-content/uploads/2026/07/083-069_SR_10239895-215x300.webp
https://minnano-toreka.com/wp-content/uploads/2026/07/041-072-sm3_H_10341437.webp,https://minnano-toreka.com/wp-content/uploads/2026/07/041-072-sm3_H_10341437-215x300.webp
https://minnano-toreka.com/wp-content/uploads/2026/07/223-184_CSR_10334682.webp,https://minnano-toreka.com/wp-content/uploads/2026/07/223-184_CSR_10334682-215x300.webp
https://minnano-toreka.com/wp-content/uploads/2026/07/none_none_10344617.webp,https://minnano-toreka.com/wp-content/uploads/2026/07/none_none_10344617-300x159.webp
https://minnano-toreka.com/wp-content/uploads/2026/07/067-SV-P_P_10318063.webp,https://minnano-toreka.com/wp-content/uploads/2026/07/067-SV-P_P_10318063-215x300.webp
https://minnano-toreka.com/wp-content/uploads/2026/07/220-150-sm8b_SSR_10346189.webp,https://minnano-toreka.com/wp-content/uploads/2026/07/220-150-sm8b_SSR_10346189-215x300.webp
https://minnano-toreka.com/wp-content/uploads/2026/07/130-101_SAR_10276962.webp,https://minnano-toreka.com/wp-content/uploads/2026/07/130-101_SAR_10276962-215x300.webp
https://minnano-toreka.com/wp-content/uploads/2026/07/072-SM-P_P_10239883.webp,https://minnano-toreka.com/wp-content/uploads/2026/07/072-SM-P_P_10239883-215x300.webp
https://minnano-toreka.com/wp-content/uploads/2026/07/091-064_SAR_10329011.webp,https://minnano-toreka.com/wp-content/uploads/2026/07/091-064_SAR_10329011-215x300.webp
https://minnano-toreka.com/wp-content/uploads/2026/07/065-059_UR_10280196.webp,https://minnano-toreka.com/wp-content/uploads/2026/07/065-059_UR_10280196-213x300.webp
https://minnano-toreka.com/wp-content/uploads/2026/07/025-020_SR_10305878.webp,https://minnano-toreka.com/wp-content/uploads/2026/07/025-020_SR_10305878-213x300.webp
https://minnano-toreka.com/wp-content/uploads/2026/07/173-171_none_10338677.webp,https://minnano-toreka.com/wp-content/uploads/2026/07/173-171_none_10338677-215x300.webp
https://minnano-toreka.com/wp-content/uploads/2026/07/123-S-P-S-P_P_10346329.webp,https://minnano-toreka.com/wp-content/uploads/2026/07/123-S-P-S-P_P_10346329-215x300.webp
https://minnano-toreka.com/wp-content/uploads/2026/07/097-095_SR_10240269.webp,https://minnano-toreka.com/wp-content/uploads/2026/07/097-095_SR_10240269-215x300.webp
https://minnano-toreka.com/wp-content/uploads/2026/07/268-SM-P_P_10347287.webp,https://minnano-toreka.com/wp-content/uploads/2026/07/268-SM-P_P_10347287-215x300.webp
https://minnano-toreka.com/wp-content/uploads/2026/07/193-173_SR_10311983.webp,https://minnano-toreka.com/wp-content/uploads/2026/07/193-173_SR_10311983-215x300.webp
https://minnano-toreka.com/wp-content/uploads/2026/07/106-100_SR_10312479.webp,https://minnano-toreka.com/wp-content/uploads/2026/07/106-100_SR_10312479-215x300.webp
https://minnano-toreka.com/wp-content/uploads/2026/07/323-SM-P_P_10346814.webp,https://minnano-toreka.com/wp-content/uploads/2026/07/323-SM-P_P_10346814-215x300.webp
https://minnano-toreka.com/wp-content/uploads/2026/07/144-S-P_none_10240166.webp,https://minnano-toreka.com/wp-content/uploads/2026/07/144-S-P_none_10240166-215x300.webp
https://minnano-toreka.com/wp-content/uploads/2026/07/0615-15_AR_10346958.webp,https://minnano-toreka.com/wp-content/uploads/2026/07/0615-15_AR_10346958-215x300.webp
https://minnano-toreka.com/wp-content/uploads/2026/07/261-172_UR_10335645.webp,https://minnano-toreka.com/wp-content/uploads/2026/07/261-172_UR_10335645-215x300.webp
https://minnano-toreka.com/wp-content/uploads/2026/07/308-190_SSR_10335086.webp,https://minnano-toreka.com/wp-content/uploads/2026/07/308-190_SSR_10335086-215x300.webp
https://minnano-toreka.com/wp-content/uploads/2026/07/012-025_none_10341092.webp,https://minnano-toreka.com/wp-content/uploads/2026/07/012-025_none_10341092-215x300.webp
https://minnano-toreka.com/wp-content/uploads/2026/07/102-094_SR_10345281.webp,https://minnano-toreka.com/wp-content/uploads/2026/07/102-094_SR_10345281-215x300.webp
https://minnano-toreka.com/wp-content/uploads/2026/07/054-049_CHR_10238714.webp,https://minnano-toreka.com/wp-content/uploads/2026/07/054-049_CHR_10238714-215x300.webp
https://minnano-toreka.com/wp-content/uploads/2026/07/none_none_10344616.webp,https://minnano-toreka.com/wp-content/uploads/2026/07/none_none_10344616-300x227.webp
https://minnano-toreka.com/wp-content/uploads/2026/07/011-087_R_10239571.webp,https://minnano-toreka.com/wp-content/uploads/2026/07/011-087_R_10239571-215x300.webp
https://minnano-toreka.com/wp-content/uploads/2026/07/075-070_SR_10239993.webp,https://minnano-toreka.com/wp-content/uploads/2026/07/075-070_SR_10239993-215x300.webp
https://minnano-toreka.com/wp-content/uploads/2026/07/062-059_SR_10280197.webp,https://minnano-toreka.com/wp-content/uploads/2026/07/062-059_SR_10280197-215x300.webp
https://minnano-toreka.com/wp-content/uploads/2026/07/283-SM-P_P_10329443.webp,https://minnano-toreka.com/wp-content/uploads/2026/07/283-SM-P_P_10329443-215x300.webp
https://minnano-toreka.com/wp-content/uploads/2026/07/077-066_SR_10238525.webp,https://minnano-toreka.com/wp-content/uploads/2026/07/077-066_SR_10238525-215x300.webp
https://minnano-toreka.com/wp-content/uploads/2026/07/191-173_SR_10239556.webp,https://minnano-toreka.com/wp-content/uploads/2026/07/191-173_SR_10239556-215x300.webp
https://minnano-toreka.com/wp-content/uploads/2026/07/071-SM-P_none_10240226.webp,https://minnano-toreka.com/wp-content/uploads/2026/07/071-SM-P_none_10240226-215x300.webp
https://minnano-toreka.com/wp-content/uploads/2026/07/076-SM-P_P_10239891.webp,https://minnano-toreka.com/wp-content/uploads/2026/07/076-SM-P_P_10239891-215x300.webp
https://minnano-toreka.com/wp-content/uploads/2026/07/086-SM-P_P_10239881.webp,https://minnano-toreka.com/wp-content/uploads/2026/07/086-SM-P_P_10239881-215x300.webp
https://minnano-toreka.com/wp-content/uploads/2026/07/069-S-P_P_10239967.webp,https://minnano-toreka.com/wp-content/uploads/2026/07/069-S-P_P_10239967-215x300.webp
https://minnano-toreka.com/wp-content/uploads/2026/07/none_PW_10346691.webp,https://minnano-toreka.com/wp-content/uploads/2026/07/none_PW_10346691-211x300.webp
https://minnano-toreka.com/wp-content/uploads/2026/07/107-095_SR_10239975.webp,https://minnano-toreka.com/wp-content/uploads/2026/07/107-095_SR_10239975-215x300.webp
https://minnano-toreka.com/wp-content/uploads/2026/07/108-094-sm11_HR_10346828.webp,https://minnano-toreka.com/wp-content/uploads/2026/07/108-094-sm11_HR_10346828-213x300.webp
https://minnano-toreka.com/wp-content/uploads/2026/07/392-SM-P_P_10305911.webp,https://minnano-toreka.com/wp-content/uploads/2026/07/392-SM-P_P_10305911-215x300.webp
https://minnano-toreka.com/wp-content/uploads/2026/07/238-150_SSR_10341082.webp,https://minnano-toreka.com/wp-content/uploads/2026/07/238-150_SSR_10341082-215x300.webp
https://minnano-toreka.com/wp-content/uploads/2026/07/108-095_HR_10347240.webp,https://minnano-toreka.com/wp-content/uploads/2026/07/108-095_HR_10347240-215x300.webp
https://minnano-toreka.com/wp-content/uploads/2026/07/074-SM-P_P_10239889.webp,https://minnano-toreka.com/wp-content/uploads/2026/07/074-SM-P_P_10239889-215x300.webp
https://minnano-toreka.com/wp-content/uploads/2026/07/075-SM-P_P_10239886.webp,https://minnano-toreka.com/wp-content/uploads/2026/07/075-SM-P_P_10239886-215x300.webp
https://minnano-toreka.com/wp-content/uploads/2026/07/XY-P_P_10329442.webp,https://minnano-toreka.com/wp-content/uploads/2026/07/XY-P_P_10329442-215x300.webp
https://minnano-toreka.com/wp-content/uploads/2026/07/021-020_SR_10239950.webp,https://minnano-toreka.com/wp-content/uploads/2026/07/021-020_SR_10239950-211x300.webp
https://minnano-toreka.com/wp-content/uploads/2026/07/126-100_SAR_10315557.webp,https://minnano-toreka.com/wp-content/uploads/2026/07/126-100_SAR_10315557-215x300.webp
https://minnano-toreka.com/wp-content/uploads/2026/07/261-SV-P_P_10341929.webp,https://minnano-toreka.com/wp-content/uploads/2026/07/261-SV-P_P_10341929-215x300.webp
https://minnano-toreka.com/wp-content/uploads/2026/07/104-095_SR_10345282.webp,https://minnano-toreka.com/wp-content/uploads/2026/07/104-095_SR_10345282-215x300.webp
https://minnano-toreka.com/wp-content/uploads/2026/07/077-070_SR_10239953.webp,https://minnano-toreka.com/wp-content/uploads/2026/07/077-070_SR_10239953-215x300.webp
https://minnano-toreka.com/wp-content/uploads/2026/07/247-XY-P_XY-P_10239951.webp,https://minnano-toreka.com/wp-content/uploads/2026/07/247-XY-P_XY-P_10239951-215x300.webp
https://minnano-toreka.com/wp-content/uploads/2026/07/100-094_SR_10239969.webp,https://minnano-toreka.com/wp-content/uploads/2026/07/100-094_SR_10239969-215x300.webp
https://minnano-toreka.com/wp-content/uploads/2026/07/205-165_SAR_10330794.webp,https://minnano-toreka.com/wp-content/uploads/2026/07/205-165_SAR_10330794-215x300.webp
https://minnano-toreka.com/wp-content/uploads/2026/07/061-054_SR_10311953.webp,https://minnano-toreka.com/wp-content/uploads/2026/07/061-054_SR_10311953-215x300.webp
https://minnano-toreka.com/wp-content/uploads/2026/07/068-064_SR_10244775.webp,https://minnano-toreka.com/wp-content/uploads/2026/07/068-064_SR_10244775-215x300.webp
https://minnano-toreka.com/wp-content/uploads/2026/07/102-095_SR_10346195.webp,https://minnano-toreka.com/wp-content/uploads/2026/07/102-095_SR_10346195-216x300.webp
https://minnano-toreka.com/wp-content/uploads/2026/07/044-P_P_10239960.webp,https://minnano-toreka.com/wp-content/uploads/2026/07/044-P_P_10239960-213x300.webp
https://minnano-toreka.com/wp-content/uploads/2026/07/062-059_SR_10329440.webp,https://minnano-toreka.com/wp-content/uploads/2026/07/062-059_SR_10329440-216x300.webp
https://minnano-toreka.com/wp-content/uploads/2026/07/103-100_SR_10239056.webp,https://minnano-toreka.com/wp-content/uploads/2026/07/103-100_SR_10239056-216x300.webp
https://minnano-toreka.com/wp-content/uploads/2026/07/134-108_SAR_10239564.webp,https://minnano-toreka.com/wp-content/uploads/2026/07/134-108_SAR_10239564-215x300.webp
https://minnano-toreka.com/wp-content/uploads/2026/07/021-PLAY_none_10344873.webp,https://minnano-toreka.com/wp-content/uploads/2026/07/021-PLAY_none_10344873-214x300.webp
https://minnano-toreka.com/wp-content/uploads/2026/07/PW_none_10346942.webp,https://minnano-toreka.com/wp-content/uploads/2026/07/PW_none_10346942-212x300.webp
https://minnano-toreka.com/wp-content/uploads/2026/07/PW_none_10346944.webp,https://minnano-toreka.com/wp-content/uploads/2026/07/PW_none_10346944-214x300.webp
https://minnano-toreka.com/wp-content/uploads/2026/07/PW_none_10346940.webp,https://minnano-toreka.com/wp-content/uploads/2026/07/PW_none_10346940-212x300.webp
https://minnano-toreka.com/wp-content/uploads/2026/07/177-173-sm12a_SR_10346188.webp,https://minnano-toreka.com/wp-content/uploads/2026/07/177-173-sm12a_SR_10346188-215x300.webp
https://minnano-toreka.com/wp-content/uploads/2026/07/PW_none_10346943.webp,https://minnano-toreka.com/wp-content/uploads/2026/07/PW_none_10346943-212x300.webp
https://minnano-toreka.com/wp-content/uploads/2026/07/113-095-sm9_HR_10346196.webp,https://minnano-toreka.com/wp-content/uploads/2026/07/113-095-sm9_HR_10346196-215x300.webp
https://minnano-toreka.com/wp-content/uploads/2026/07/070-066_SR_10240000.webp,https://minnano-toreka.com/wp-content/uploads/2026/07/070-066_SR_10240000-215x300.webp
https://minnano-toreka.com/wp-content/uploads/2026/07/062-054_SR_10331255.webp,https://minnano-toreka.com/wp-content/uploads/2026/07/062-054_SR_10331255-215x300.webp
https://minnano-toreka.com/wp-content/uploads/2026/07/0709-09-CBB1C_AR_10346946.webp,https://minnano-toreka.com/wp-content/uploads/2026/07/0709-09-CBB1C_AR_10346946-215x300.webp
https://minnano-toreka.com/wp-content/uploads/2026/07/304-S-P-S-P_P_10346833.webp,https://minnano-toreka.com/wp-content/uploads/2026/07/304-S-P-S-P_P_10346833-215x300.webp
https://minnano-toreka.com/wp-content/uploads/2026/07/007-025_P_10334370.webp,https://minnano-toreka.com/wp-content/uploads/2026/07/007-025_P_10334370-215x300.webp
https://minnano-toreka.com/wp-content/uploads/2026/07/064-049_SR_10331256.webp,https://minnano-toreka.com/wp-content/uploads/2026/07/064-049_SR_10331256-215x300.webp
https://minnano-toreka.com/wp-content/uploads/2026/07/050-XY-P_XY-P_10239956.webp,https://minnano-toreka.com/wp-content/uploads/2026/07/050-XY-P_XY-P_10239956-219x300.webp
https://minnano-toreka.com/wp-content/uploads/2026/07/055-SM-P_P_10239964.webp,https://minnano-toreka.com/wp-content/uploads/2026/07/055-SM-P_P_10239964-215x300.webp
https://minnano-toreka.com/wp-content/uploads/2026/07/090-066_SAR_10330037.webp,https://minnano-toreka.com/wp-content/uploads/2026/07/090-066_SAR_10330037-215x300.webp
https://minnano-toreka.com/wp-content/uploads/2026/07/280-SM-P_none_10240133.webp,https://minnano-toreka.com/wp-content/uploads/2026/07/280-SM-P_none_10240133-215x300.webp
https://minnano-toreka.com/wp-content/uploads/2026/07/124-SM-P_P_10346191.webp,https://minnano-toreka.com/wp-content/uploads/2026/07/124-SM-P_P_10346191-215x300.webp
https://minnano-toreka.com/wp-content/uploads/2026/07/068-060-sm1_HR_10346190.webp,https://minnano-toreka.com/wp-content/uploads/2026/07/068-060-sm1_HR_10346190-213x300.webp
https://minnano-toreka.com/wp-content/uploads/2026/07/005-016_none_10346817.webp,https://minnano-toreka.com/wp-content/uploads/2026/07/005-016_none_10346817-216x300.webp
https://minnano-toreka.com/wp-content/uploads/2026/07/220-173-sm12a_UR_10346836.webp,https://minnano-toreka.com/wp-content/uploads/2026/07/220-173-sm12a_UR_10346836-214x300.webp
https://minnano-toreka.com/wp-content/uploads/2026/07/208-SM-P_none_10240093.webp,https://minnano-toreka.com/wp-content/uploads/2026/07/208-SM-P_none_10240093-215x300.webp
https://minnano-toreka.com/wp-content/uploads/2026/07/174-086_BWR_10333927.webp,https://minnano-toreka.com/wp-content/uploads/2026/07/174-086_BWR_10333927-215x300.webp
https://minnano-toreka.com/wp-content/uploads/2026/07/070-064-sm11a_SR_10346193.webp,https://minnano-toreka.com/wp-content/uploads/2026/07/070-064-sm11a_SR_10346193-215x300.webp
https://minnano-toreka.com/wp-content/uploads/2026/07/0702-09_none_10341089.webp,https://minnano-toreka.com/wp-content/uploads/2026/07/0702-09_none_10341089-215x300.webp
https://minnano-toreka.com/wp-content/uploads/2026/07/174-086_BWR_10333928.webp,https://minnano-toreka.com/wp-content/uploads/2026/07/174-086_BWR_10333928-215x300.webp
https://minnano-toreka.com/wp-content/uploads/2026/07/290-SM-P_SM-P_10239974.webp,https://minnano-toreka.com/wp-content/uploads/2026/07/290-SM-P_SM-P_10239974-215x300.webp
https://minnano-toreka.com/wp-content/uploads/2026/07/BOX_BOX_10337939-scaled.webp,https://minnano-toreka.com/wp-content/uploads/2026/07/BOX_BOX_10337939-300x274.webp
https://minnano-toreka.com/wp-content/uploads/2026/07/080-076_SR_10338673.webp,https://minnano-toreka.com/wp-content/uploads/2026/07/080-076_SR_10338673-214x300.webp
https://minnano-toreka.com/wp-content/uploads/2026/07/201-165_SAR_10312049.webp,https://minnano-toreka.com/wp-content/uploads/2026/07/201-165_SAR_10312049-215x300.webp
https://minnano-toreka.com/wp-content/uploads/2026/07/323-S-P-S-P_P_10342100.webp,https://minnano-toreka.com/wp-content/uploads/2026/07/323-S-P-S-P_P_10342100-215x300.webp
https://minnano-toreka.com/wp-content/uploads/2026/07/001-030_none_10239527.webp,https://minnano-toreka.com/wp-content/uploads/2026/07/001-030_none_10239527-215x300.webp
https://minnano-toreka.com/wp-content/uploads/2026/07/189-S-P_P_10311952.webp,https://minnano-toreka.com/wp-content/uploads/2026/07/189-S-P_P_10311952-215x300.webp
https://minnano-toreka.com/wp-content/uploads/2026/07/188-173_SR_10239887.webp,https://minnano-toreka.com/wp-content/uploads/2026/07/188-173_SR_10239887-215x300.webp
https://minnano-toreka.com/wp-content/uploads/2026/07/078-070_SR_10340442.webp,https://minnano-toreka.com/wp-content/uploads/2026/07/078-070_SR_10340442-215x300.webp
https://minnano-toreka.com/wp-content/uploads/2026/07/153-150_SR_10239973.webp,https://minnano-toreka.com/wp-content/uploads/2026/07/153-150_SR_10239973-215x300.webp
https://minnano-toreka.com/wp-content/uploads/2026/07/085-069_SR_10239882.webp,https://minnano-toreka.com/wp-content/uploads/2026/07/085-069_SR_10239882-215x300.webp
https://minnano-toreka.com/wp-content/uploads/2026/07/057-051_SR_10240409.webp,https://minnano-toreka.com/wp-content/uploads/2026/07/057-051_SR_10240409-215x300.webp
https://minnano-toreka.com/wp-content/uploads/2026/07/051-050_SR_10240445.webp,https://minnano-toreka.com/wp-content/uploads/2026/07/051-050_SR_10240445-213x300.webp
https://minnano-toreka.com/wp-content/uploads/2026/07/074-067-S7R_SR_10340832.webp,https://minnano-toreka.com/wp-content/uploads/2026/07/074-067-S7R_SR_10340832-215x300.webp
https://minnano-toreka.com/wp-content/uploads/2026/07/100-DP-P_P_10322246.webp,https://minnano-toreka.com/wp-content/uploads/2026/07/100-DP-P_P_10322246-150x150.webp
https://minnano-toreka.com/wp-content/uploads/2026/07/320-SM-P_P_10317989.webp,https://minnano-toreka.com/wp-content/uploads/2026/07/320-SM-P_P_10317989-215x300.webp
https://minnano-toreka.com/wp-content/uploads/2026/07/137-SM-P_P_10281653.webp,https://minnano-toreka.com/wp-content/uploads/2026/07/137-SM-P_P_10281653-215x300.webp
https://minnano-toreka.com/wp-content/uploads/2026/07/099-XY-P_P_10240124.webp,https://minnano-toreka.com/wp-content/uploads/2026/07/099-XY-P_P_10240124-215x300.webp
https://minnano-toreka.com/wp-content/uploads/2026/07/028-P_P_10322180.webp,https://minnano-toreka.com/wp-content/uploads/2026/07/028-P_P_10322180-213x300.webp
https://minnano-toreka.com/wp-content/uploads/2026/07/120-BW-P_P_10322147.webp,https://minnano-toreka.com/wp-content/uploads/2026/07/120-BW-P_P_10322147-216x300.webp
https://minnano-toreka.com/wp-content/uploads/2026/07/186-173_SR_10240218.webp,https://minnano-toreka.com/wp-content/uploads/2026/07/186-173_SR_10240218-215x300.webp
https://minnano-toreka.com/wp-content/uploads/2026/07/none_BOX_10335084.webp,https://minnano-toreka.com/wp-content/uploads/2026/07/none_BOX_10335084-231x300.webp
https://minnano-toreka.com/wp-content/uploads/2026/07/077-070-S5I_SR_10346832.webp,https://minnano-toreka.com/wp-content/uploads/2026/07/077-070-S5I_SR_10346832-215x300.webp
https://minnano-toreka.com/wp-content/uploads/2026/07/125-098_SAR_10332045.webp,https://minnano-toreka.com/wp-content/uploads/2026/07/125-098_SAR_10332045-215x300.webp
https://minnano-toreka.com/wp-content/uploads/2026/07/078-PCG-P_P_10326371.webp,https://minnano-toreka.com/wp-content/uploads/2026/07/078-PCG-P_P_10326371-212x300.webp
https://minnano-toreka.com/wp-content/uploads/2026/07/191-SM-P_SM-P_10239952.webp,https://minnano-toreka.com/wp-content/uploads/2026/07/191-SM-P_SM-P_10239952-215x300.webp
https://minnano-toreka.com/wp-content/uploads/2026/07/196-SM-P_SM-P_10239966.webp,https://minnano-toreka.com/wp-content/uploads/2026/07/196-SM-P_SM-P_10239966-215x300.webp
https://minnano-toreka.com/wp-content/uploads/2026/07/087-078_SR_10347593.webp,https://minnano-toreka.com/wp-content/uploads/2026/07/087-078_SR_10347593-215x300.webp
https://minnano-toreka.com/wp-content/uploads/2026/07/132-106_SAR_10311950.webp,https://minnano-toreka.com/wp-content/uploads/2026/07/132-106_SAR_10311950-215x300.webp
https://minnano-toreka.com/wp-content/uploads/2026/07/001-025_none_10341076.webp,https://minnano-toreka.com/wp-content/uploads/2026/07/001-025_none_10341076-215x300.webp
https://minnano-toreka.com/wp-content/uploads/2026/07/057-054-sm10a_SR_10341963.webp,https://minnano-toreka.com/wp-content/uploads/2026/07/057-054-sm10a_SR_10341963-215x300.webp
https://minnano-toreka.com/wp-content/uploads/2026/07/055-050_SR_10239999.webp,https://minnano-toreka.com/wp-content/uploads/2026/07/055-050_SR_10239999-215x300.webp
https://minnano-toreka.com/wp-content/uploads/2026/07/347-190_SAR_10240223.webp,https://minnano-toreka.com/wp-content/uploads/2026/07/347-190_SAR_10240223-215x300.webp
https://minnano-toreka.com/wp-content/uploads/2026/07/096-071_SAR_10239965.webp,https://minnano-toreka.com/wp-content/uploads/2026/07/096-071_SAR_10239965-215x300.webp
https://minnano-toreka.com/wp-content/uploads/2026/07/105-S-P_S-P_10239885.webp,https://minnano-toreka.com/wp-content/uploads/2026/07/105-S-P_S-P_10239885-215x300.webp
https://minnano-toreka.com/wp-content/uploads/2026/07/100-95_SR_10333533.webp,https://minnano-toreka.com/wp-content/uploads/2026/07/100-95_SR_10333533-215x300.webp
https://minnano-toreka.com/wp-content/uploads/2026/07/325-SM-P_P_10312084.webp,https://minnano-toreka.com/wp-content/uploads/2026/07/325-SM-P_P_10312084-215x300.webp
https://minnano-toreka.com/wp-content/uploads/2026/07/063-049_SR_10311951.webp,https://minnano-toreka.com/wp-content/uploads/2026/07/063-049_SR_10311951-215x300.webp
https://minnano-toreka.com/wp-content/uploads/2026/07/154-XY-P_P_10298092.webp,https://minnano-toreka.com/wp-content/uploads/2026/07/154-XY-P_P_10298092-215x300.webp
https://minnano-toreka.com/wp-content/uploads/2026/07/140-SM-P_P_10275023.webp,https://minnano-toreka.com/wp-content/uploads/2026/07/140-SM-P_P_10275023-215x300.webp
https://minnano-toreka.com/wp-content/uploads/2026/07/114-100_HR_10240106.webp,https://minnano-toreka.com/wp-content/uploads/2026/07/114-100_HR_10240106-213x300.webp
https://minnano-toreka.com/wp-content/uploads/2026/07/088-087-CP6_SR_10344836.webp,https://minnano-toreka.com/wp-content/uploads/2026/07/088-087-CP6_SR_10344836-215x300.webp
https://minnano-toreka.com/wp-content/uploads/2026/07/196-173_SR_10240411.webp,https://minnano-toreka.com/wp-content/uploads/2026/07/196-173_SR_10240411-215x300.webp
https://minnano-toreka.com/wp-content/uploads/2026/07/053-050_SR_10333637.webp,https://minnano-toreka.com/wp-content/uploads/2026/07/053-050_SR_10333637-213x300.webp
https://minnano-toreka.com/wp-content/uploads/2026/07/198-SM-P_P_10346843.webp,https://minnano-toreka.com/wp-content/uploads/2026/07/198-SM-P_P_10346843-215x300.webp
https://minnano-toreka.com/wp-content/uploads/2026/07/067-049_SR_10239958.webp,https://minnano-toreka.com/wp-content/uploads/2026/07/067-049_SR_10239958-215x300.webp
https://minnano-toreka.com/wp-content/uploads/2026/07/034-088_RR_10346453.webp,https://minnano-toreka.com/wp-content/uploads/2026/07/034-088_RR_10346453-215x300.webp
https://minnano-toreka.com/wp-content/uploads/2026/07/BOX_BOX_10337941.webp,https://minnano-toreka.com/wp-content/uploads/2026/07/BOX_BOX_10337941-300x200.webp
https://minnano-toreka.com/wp-content/uploads/2026/07/089-069_HR_10312016.webp,https://minnano-toreka.com/wp-content/uploads/2026/07/089-069_HR_10312016-218x300.webp
https://minnano-toreka.com/wp-content/uploads/2026/07/none_none_10346454.webp,https://minnano-toreka.com/wp-content/uploads/2026/07/none_none_10346454-211x300.webp
https://minnano-toreka.com/wp-content/uploads/2026/07/194-SM-P_SM-P_10239959.webp,https://minnano-toreka.com/wp-content/uploads/2026/07/194-SM-P_SM-P_10239959-215x300.webp
https://minnano-toreka.com/wp-content/uploads/2026/07/148-SM-P_P_10239996.webp,https://minnano-toreka.com/wp-content/uploads/2026/07/148-SM-P_P_10239996-215x300.webp
https://minnano-toreka.com/wp-content/uploads/2026/07/001-015_none_10239528.webp,https://minnano-toreka.com/wp-content/uploads/2026/07/001-015_none_10239528-215x300.webp
https://minnano-toreka.com/wp-content/uploads/2026/07/094-165-SV2a_R_10341996.webp,https://minnano-toreka.com/wp-content/uploads/2026/07/094-165-SV2a_R_10341996-215x300.webp
https://minnano-toreka.com/wp-content/uploads/2026/07/none_BOX_10347070.webp,https://minnano-toreka.com/wp-content/uploads/2026/07/none_BOX_10347070-300x180.webp
https://minnano-toreka.com/wp-content/uploads/2026/07/076-067_SR_10311918.webp,https://minnano-toreka.com/wp-content/uploads/2026/07/076-067_SR_10311918-215x300.webp
https://minnano-toreka.com/wp-content/uploads/2026/07/119-100_HR_10240407.webp,https://minnano-toreka.com/wp-content/uploads/2026/07/119-100_HR_10240407-215x300.webp
https://minnano-toreka.com/wp-content/uploads/2026/07/182-173_SR_10240200.webp,https://minnano-toreka.com/wp-content/uploads/2026/07/182-173_SR_10240200-215x300.webp
https://minnano-toreka.com/wp-content/uploads/2026/07/110-098_SR_10239972.webp,https://minnano-toreka.com/wp-content/uploads/2026/07/110-098_SR_10239972-215x300.webp
https://minnano-toreka.com/wp-content/uploads/2026/07/188-171_none_10338248.webp,https://minnano-toreka.com/wp-content/uploads/2026/07/188-171_none_10338248-214x300.webp
https://minnano-toreka.com/wp-content/uploads/2026/07/XY-P_P_10284075.webp,https://minnano-toreka.com/wp-content/uploads/2026/07/XY-P_P_10284075-215x300.webp
https://minnano-toreka.com/wp-content/uploads/2026/07/BOX_BOX_10337940.webp,https://minnano-toreka.com/wp-content/uploads/2026/07/BOX_BOX_10337940-300x300.webp
https://minnano-toreka.com/wp-content/uploads/2026/07/147-S-P_P_10336787.webp,https://minnano-toreka.com/wp-content/uploads/2026/07/147-S-P_P_10336787-215x300.webp
https://minnano-toreka.com/wp-content/uploads/2026/07/none_none_10346458.webp,https://minnano-toreka.com/wp-content/uploads/2026/07/none_none_10346458-300x300.webp
https://minnano-toreka.com/wp-content/uploads/2026/07/061-055_SR_10315587.webp,https://minnano-toreka.com/wp-content/uploads/2026/07/061-055_SR_10315587-215x300.webp
https://minnano-toreka.com/wp-content/uploads/2026/07/086-070_HR_10311917.webp,https://minnano-toreka.com/wp-content/uploads/2026/07/086-070_HR_10311917-215x300.webp
https://minnano-toreka.com/wp-content/uploads/2026/07/097-095_SR_10239954.webp,https://minnano-toreka.com/wp-content/uploads/2026/07/097-095_SR_10239954-215x300.webp
https://minnano-toreka.com/wp-content/uploads/2026/07/060-054_SR_10240211.webp,https://minnano-toreka.com/wp-content/uploads/2026/07/060-054_SR_10240211-215x300.webp
https://minnano-toreka.com/wp-content/uploads/2026/07/098-094_SR_10239992.webp,https://minnano-toreka.com/wp-content/uploads/2026/07/098-094_SR_10239992-215x300.webp
https://minnano-toreka.com/wp-content/uploads/2026/07/068-060_SR_10239957.webp,https://minnano-toreka.com/wp-content/uploads/2026/07/068-060_SR_10239957-215x300.webp
https://minnano-toreka.com/wp-content/uploads/2026/07/014-SM-P_P_10330760.webp,https://minnano-toreka.com/wp-content/uploads/2026/07/014-SM-P_P_10330760-215x300.webp
https://minnano-toreka.com/wp-content/uploads/2026/07/209-SM-P_none_10240099.webp,https://minnano-toreka.com/wp-content/uploads/2026/07/209-SM-P_none_10240099-215x300.webp
https://minnano-toreka.com/wp-content/uploads/2026/07/143-SM-P_SM-P_10239971.webp,https://minnano-toreka.com/wp-content/uploads/2026/07/143-SM-P_SM-P_10239971-215x300.webp
https://minnano-toreka.com/wp-content/uploads/2026/07/089-080-XY_UR_10341438.webp,https://minnano-toreka.com/wp-content/uploads/2026/07/089-080-XY_UR_10341438-213x300.webp
https://minnano-toreka.com/wp-content/uploads/2026/07/XY-P_P_10329441.webp,https://minnano-toreka.com/wp-content/uploads/2026/07/XY-P_P_10329441-215x300.webp
https://minnano-toreka.com/wp-content/uploads/2026/07/139-SM-P_SM-P_10239955.webp,https://minnano-toreka.com/wp-content/uploads/2026/07/139-SM-P_SM-P_10239955-215x300.webp
https://minnano-toreka.com/wp-content/uploads/2026/07/142-SM-P_P_10292095.webp,https://minnano-toreka.com/wp-content/uploads/2026/07/142-SM-P_P_10292095-215x300.webp
https://minnano-toreka.com/wp-content/uploads/2026/07/125-SM-P_P_10342065.webp,https://minnano-toreka.com/wp-content/uploads/2026/07/125-SM-P_P_10342065-215x300.webp
https://minnano-toreka.com/wp-content/uploads/2026/07/212-XY-P_P_10338247.webp,https://minnano-toreka.com/wp-content/uploads/2026/07/212-XY-P_P_10338247-215x300.webp
https://minnano-toreka.com/wp-content/uploads/2026/07/282-SM-P_P_10346692.webp,https://minnano-toreka.com/wp-content/uploads/2026/07/282-SM-P_P_10346692-215x300.webp
https://minnano-toreka.com/wp-content/uploads/2026/07/055-053_SR_10341758.webp,https://minnano-toreka.com/wp-content/uploads/2026/07/055-053_SR_10341758-211x300.webp
https://minnano-toreka.com/wp-content/uploads/2026/07/061-SM-P_P_10289445.webp,https://minnano-toreka.com/wp-content/uploads/2026/07/061-SM-P_P_10289445-215x300.webp
https://minnano-toreka.com/wp-content/uploads/2026/07/055-053_SR_10345274.webp,https://minnano-toreka.com/wp-content/uploads/2026/07/055-053_SR_10345274-218x300.webp
https://minnano-toreka.com/wp-content/uploads/2026/07/091-069_HR_10240215.webp,https://minnano-toreka.com/wp-content/uploads/2026/07/091-069_HR_10240215-218x300.webp
https://minnano-toreka.com/wp-content/uploads/2026/07/070-066_SR_10240076.webp,https://minnano-toreka.com/wp-content/uploads/2026/07/070-066_SR_10240076-215x300.webp
https://minnano-toreka.com/wp-content/uploads/2026/07/190-173_SR_10240077.webp,https://minnano-toreka.com/wp-content/uploads/2026/07/190-173_SR_10240077-215x300.webp
https://minnano-toreka.com/wp-content/uploads/2026/07/287-SM-P_P_10332042.webp,https://minnano-toreka.com/wp-content/uploads/2026/07/287-SM-P_P_10332042-215x300.webp
https://minnano-toreka.com/wp-content/uploads/2026/07/111-100_SR_10240406.webp,https://minnano-toreka.com/wp-content/uploads/2026/07/111-100_SR_10240406-215x300.webp
https://minnano-toreka.com/wp-content/uploads/2026/07/none_P_10278929.webp,https://minnano-toreka.com/wp-content/uploads/2026/07/none_P_10278929-215x300.webp
https://minnano-toreka.com/wp-content/uploads/2026/07/170-151-151C_AR_10340798.webp,https://minnano-toreka.com/wp-content/uploads/2026/07/170-151-151C_AR_10340798-215x300.webp
https://minnano-toreka.com/wp-content/uploads/2026/07/209-150_SSR_10240080.webp,https://minnano-toreka.com/wp-content/uploads/2026/07/209-150_SSR_10240080-215x300.webp
https://minnano-toreka.com/wp-content/uploads/2026/07/187-171-XY_UR_10344801.webp,https://minnano-toreka.com/wp-content/uploads/2026/07/187-171-XY_UR_10344801-216x300.webp
https://minnano-toreka.com/wp-content/uploads/2026/07/068-SM-P_P_10330332.webp,https://minnano-toreka.com/wp-content/uploads/2026/07/068-SM-P_P_10330332-215x300.webp
https://minnano-toreka.com/wp-content/uploads/2026/07/024-020_SR_10280194.webp,https://minnano-toreka.com/wp-content/uploads/2026/07/024-020_SR_10280194-211x300.webp
https://minnano-toreka.com/wp-content/uploads/2026/07/090-S-P_P_10333636.webp,https://minnano-toreka.com/wp-content/uploads/2026/07/090-S-P_P_10333636-213x300.webp
https://minnano-toreka.com/wp-content/uploads/2026/07/093-069_HR_10311851.webp,https://minnano-toreka.com/wp-content/uploads/2026/07/093-069_HR_10311851-216x300.webp
https://minnano-toreka.com/wp-content/uploads/2026/07/171-151_AR_10334897.webp,https://minnano-toreka.com/wp-content/uploads/2026/07/171-151_AR_10334897-215x300.webp
https://minnano-toreka.com/wp-content/uploads/2026/07/101-095_SR_10240079.webp,https://minnano-toreka.com/wp-content/uploads/2026/07/101-095_SR_10240079-215x300.webp
https://minnano-toreka.com/wp-content/uploads/2026/07/015-034-CP1_RR_10346844.webp,https://minnano-toreka.com/wp-content/uploads/2026/07/015-034-CP1_RR_10346844-215x300.webp
https://minnano-toreka.com/wp-content/uploads/2026/07/051-050_SR_10346845.webp,https://minnano-toreka.com/wp-content/uploads/2026/07/051-050_SR_10346845-213x300.webp
https://minnano-toreka.com/wp-content/uploads/2026/07/090-088_SR_10299311.webp,https://minnano-toreka.com/wp-content/uploads/2026/07/090-088_SR_10299311-214x300.webp
https://minnano-toreka.com/wp-content/uploads/2026/07/055-050_SR_10331882.webp,https://minnano-toreka.com/wp-content/uploads/2026/07/055-050_SR_10331882-215x300.webp
https://minnano-toreka.com/wp-content/uploads/2026/07/144-SM-P_P_10239991.webp,https://minnano-toreka.com/wp-content/uploads/2026/07/144-SM-P_P_10239991-215x300.webp
https://minnano-toreka.com/wp-content/uploads/2026/07/103-095_SR_10311884.webp,https://minnano-toreka.com/wp-content/uploads/2026/07/103-095_SR_10311884-215x300.webp
https://minnano-toreka.com/wp-content/uploads/2026/07/286-SM-P_P_10281651.webp,https://minnano-toreka.com/wp-content/uploads/2026/07/286-SM-P_P_10281651-215x300.webp
https://minnano-toreka.com/wp-content/uploads/2026/07/120-114_SR_10297369.webp,https://minnano-toreka.com/wp-content/uploads/2026/07/120-114_SR_10297369-215x300.webp
https://minnano-toreka.com/wp-content/uploads/2026/07/195-SM-P_SM-P_10239963.webp,https://minnano-toreka.com/wp-content/uploads/2026/07/195-SM-P_SM-P_10239963-215x300.webp
https://minnano-toreka.com/wp-content/uploads/2026/07/193-SM-P_SM-P_10239949.webp,https://minnano-toreka.com/wp-content/uploads/2026/07/193-SM-P_SM-P_10239949-215x300.webp
https://minnano-toreka.com/wp-content/uploads/2026/07/105-095_SR_10240081.webp,https://minnano-toreka.com/wp-content/uploads/2026/07/105-095_SR_10240081-215x300.webp
https://minnano-toreka.com/wp-content/uploads/2026/07/none_BOX_10337690.webp,https://minnano-toreka.com/wp-content/uploads/2026/07/none_BOX_10337690-300x180.webp
https://minnano-toreka.com/wp-content/uploads/2026/07/103-S-P_P_10297370.webp,https://minnano-toreka.com/wp-content/uploads/2026/07/103-S-P_P_10297370-215x300.webp
https://minnano-toreka.com/wp-content/uploads/2026/07/104-096_SR_10285314.webp,https://minnano-toreka.com/wp-content/uploads/2026/07/104-096_SR_10285314-215x300.webp
https://minnano-toreka.com/wp-content/uploads/2026/07/401-SM-P_P_10288938.webp,https://minnano-toreka.com/wp-content/uploads/2026/07/401-SM-P_P_10288938-215x300.webp
https://minnano-toreka.com/wp-content/uploads/2026/07/029-070-030-070_none_10347620.gif,https://minnano-toreka.com/wp-content/uploads/2026/07/029-070-030-070_none_10347620-210x300.gif
https://minnano-toreka.com/wp-content/uploads/2026/07/153-SV-P_P_10335642.webp,https://minnano-toreka.com/wp-content/uploads/2026/07/153-SV-P_P_10335642-214x300.webp
https://minnano-toreka.com/wp-content/uploads/2026/07/227-S-P_P_10240129.webp,https://minnano-toreka.com/wp-content/uploads/2026/07/227-S-P_P_10240129-215x300.webp
https://minnano-toreka.com/wp-content/uploads/2026/07/010-032_RR_10289444.webp,https://minnano-toreka.com/wp-content/uploads/2026/07/010-032_RR_10289444-215x300.webp
https://minnano-toreka.com/wp-content/uploads/2026/07/400-SM-P_SM-P-SR_10341085.webp,https://minnano-toreka.com/wp-content/uploads/2026/07/400-SM-P_SM-P-SR_10341085-215x300.webp
https://minnano-toreka.com/wp-content/uploads/2026/07/083-067_HR_10288940.webp,https://minnano-toreka.com/wp-content/uploads/2026/07/083-067_HR_10288940-212x300.webp
https://minnano-toreka.com/wp-content/uploads/2026/07/095-069_HR_10288941.webp,https://minnano-toreka.com/wp-content/uploads/2026/07/095-069_HR_10288941-218x300.webp
https://minnano-toreka.com/wp-content/uploads/2026/07/181-171_none_10288939.webp,https://minnano-toreka.com/wp-content/uploads/2026/07/181-171_none_10288939-215x300.webp
https://minnano-toreka.com/wp-content/uploads/2026/07/094-087_SR_10334681.webp,https://minnano-toreka.com/wp-content/uploads/2026/07/094-087_SR_10334681-215x300.webp
https://minnano-toreka.com/wp-content/uploads/2026/07/289-SM-P_P_10297368.webp,https://minnano-toreka.com/wp-content/uploads/2026/07/289-SM-P_P_10297368-215x300.webp
https://minnano-toreka.com/wp-content/uploads/2026/07/239-SM-P_P_10288942.webp,https://minnano-toreka.com/wp-content/uploads/2026/07/239-SM-P_P_10288942-215x300.webp
https://minnano-toreka.com/wp-content/uploads/2026/07/066-060_SR_10285315.webp,https://minnano-toreka.com/wp-content/uploads/2026/07/066-060_SR_10285315-215x300.webp
https://minnano-toreka.com/wp-content/uploads/2026/07/288-SM-P_P_10285316.webp,https://minnano-toreka.com/wp-content/uploads/2026/07/288-SM-P_P_10285316-215x300.webp
https://minnano-toreka.com/wp-content/uploads/2026/07/ptcard_senyo.png,https://minnano-toreka.com/wp-content/uploads/2026/07/ptcard_senyo-216x300.png
https://minnano-toreka.com/wp-content/uploads/2026/07/6a4d2560c6955_1783440736.png,https://minnano-toreka.com/wp-content/uploads/2026/07/6a4d2560c6955_1783440736-216x300.png
https://minnano-toreka.com/wp-content/uploads/2026/07/1725589877153763.jpg,https://minnano-toreka.com/wp-content/uploads/2026/07/1725589877153763-178x300.jpg
https://minnano-toreka.com/wp-content/uploads/2026/07/1725591964873822.jpg,https://minnano-toreka.com/wp-content/uploads/2026/07/1725591964873822-218x300.jpg
https://minnano-toreka.com/wp-content/uploads/2026/07/172559321630019.jpg,https://minnano-toreka.com/wp-content/uploads/2026/07/172559321630019-215x300.jpg
https://minnano-toreka.com/wp-content/uploads/2026/07/1725593634938156.jpg,https://minnano-toreka.com/wp-content/uploads/2026/07/1725593634938156-216x300.jpg
https://minnano-toreka.com/wp-content/uploads/2026/07/1725593864612848.jpg,https://minnano-toreka.com/wp-content/uploads/2026/07/1725593864612848-215x300.jpg
https://minnano-toreka.com/wp-content/uploads/2026/07/1726219845437131.jpg,https://minnano-toreka.com/wp-content/uploads/2026/07/1726219845437131-215x300.jpg
https://minnano-toreka.com/wp-content/uploads/2026/07/1726219845284824.jpg,https://minnano-toreka.com/wp-content/uploads/2026/07/1726219845284824-215x300.jpg
https://minnano-toreka.com/wp-content/uploads/2026/07/1726219925390069.jpg,https://minnano-toreka.com/wp-content/uploads/2026/07/1726219925390069-215x300.jpg
https://minnano-toreka.com/wp-content/uploads/2026/07/1726219961213377.jpg,https://minnano-toreka.com/wp-content/uploads/2026/07/1726219961213377-215x300.jpg
https://minnano-toreka.com/wp-content/uploads/2026/07/1726219962481652.jpg,https://minnano-toreka.com/wp-content/uploads/2026/07/1726219962481652-215x300.jpg
https://minnano-toreka.com/wp-content/uploads/2026/07/1726220048555738.jpg,https://minnano-toreka.com/wp-content/uploads/2026/07/1726220048555738-215x300.jpg
https://minnano-toreka.com/wp-content/uploads/2026/07/673dc099a2e90_1732100249.jpg,https://minnano-toreka.com/wp-content/uploads/2026/07/673dc099a2e90_1732100249-150x150.jpg
https://minnano-toreka.com/wp-content/uploads/2026/07/1753258889545415.jpg,https://minnano-toreka.com/wp-content/uploads/2026/07/1753258889545415-215x300.jpg
https://minnano-toreka.com/wp-content/uploads/2026/07/175325888920872.jpg,https://minnano-toreka.com/wp-content/uploads/2026/07/175325888920872-215x300.jpg
https://minnano-toreka.com/wp-content/uploads/2026/07/6a4a4919e204f_1783253273.jpg,https://minnano-toreka.com/wp-content/uploads/2026/07/6a4a4919e204f_1783253273-216x300.jpg
https://minnano-toreka.com/wp-content/uploads/2026/07/6a532cd151fb2_1783835857.png,https://minnano-toreka.com/wp-content/uploads/2026/07/6a532cd151fb2_1783835857-216x300.png
https://minnano-toreka.com/wp-content/uploads/2026/07/6a4a6dbe67db2_1783262654.jpg,https://minnano-toreka.com/wp-content/uploads/2026/07/6a4a6dbe67db2_1783262654-216x300.jpg
https://minnano-toreka.com/wp-content/uploads/2026/07/6a4a6de78af05_1783262695.jpg,https://minnano-toreka.com/wp-content/uploads/2026/07/6a4a6de78af05_1783262695-216x300.jpg
https://minnano-toreka.com/wp-content/uploads/2026/07/6a4a6e14aff3c_1783262740.jpg,https://minnano-toreka.com/wp-content/uploads/2026/07/6a4a6e14aff3c_1783262740-216x300.jpg
https://minnano-toreka.com/wp-content/uploads/2026/07/6a4a6e4117c54_1783262785.jpg,https://minnano-toreka.com/wp-content/uploads/2026/07/6a4a6e4117c54_1783262785-216x300.jpg
https://minnano-toreka.com/wp-content/uploads/2026/07/6a4a6e581c1f6_1783262808.jpg,https://minnano-toreka.com/wp-content/uploads/2026/07/6a4a6e581c1f6_1783262808-216x300.jpg
https://minnano-toreka.com/wp-content/uploads/2026/07/6a4a6e71656a2_1783262833.jpg,https://minnano-toreka.com/wp-content/uploads/2026/07/6a4a6e71656a2_1783262833-216x300.jpg
https://minnano-toreka.com/wp-content/uploads/2026/07/6a4a6e86de80e_1783262854.jpg,https://minnano-toreka.com/wp-content/uploads/2026/07/6a4a6e86de80e_1783262854-216x300.jpg
https://minnano-toreka.com/wp-content/uploads/2026/07/6a4a6e96485d1_1783262870.jpg,https://minnano-toreka.com/wp-content/uploads/2026/07/6a4a6e96485d1_1783262870-216x300.jpg
https://minnano-toreka.com/wp-content/uploads/2026/07/6a4a775e76d0a_1783265118.png,https://minnano-toreka.com/wp-content/uploads/2026/07/6a4a775e76d0a_1783265118-216x300.png
https://minnano-toreka.com/wp-content/uploads/2026/07/6a4b50f38f05d_1783320819.png,https://minnano-toreka.com/wp-content/uploads/2026/07/6a4b50f38f05d_1783320819-216x300.png
https://minnano-toreka.com/wp-content/uploads/2026/07/6a4b59132da03_1783322899.png,https://minnano-toreka.com/wp-content/uploads/2026/07/6a4b59132da03_1783322899-216x300.png
https://minnano-toreka.com/wp-content/uploads/2026/07/6a4b5c2f87abc_1783323695.png,https://minnano-toreka.com/wp-content/uploads/2026/07/6a4b5c2f87abc_1783323695-216x300.png
https://minnano-toreka.com/wp-content/uploads/2026/07/6a522dc9736a8_1783770569.png,https://minnano-toreka.com/wp-content/uploads/2026/07/6a522dc9736a8_1783770569-214x300.png
https://minnano-toreka.com/wp-content/uploads/2026/07/6a4b651d00ca9_1783325981.png,https://minnano-toreka.com/wp-content/uploads/2026/07/6a4b651d00ca9_1783325981-216x300.png
https://minnano-toreka.com/wp-content/uploads/2026/07/6a4b671e0ac15_1783326494.png,https://minnano-toreka.com/wp-content/uploads/2026/07/6a4b671e0ac15_1783326494-225x300.png
https://minnano-toreka.com/wp-content/uploads/2026/07/6a4b690881e04_1783326984.png,https://minnano-toreka.com/wp-content/uploads/2026/07/6a4b690881e04_1783326984-216x300.png
https://minnano-toreka.com/wp-content/uploads/2026/07/6a4b6a44e0e61_1783327300.png,https://minnano-toreka.com/wp-content/uploads/2026/07/6a4b6a44e0e61_1783327300-225x300.png
https://minnano-toreka.com/wp-content/uploads/2026/07/6a4b6b6e3e724_1783327598.png,https://minnano-toreka.com/wp-content/uploads/2026/07/6a4b6b6e3e724_1783327598-216x300.png
https://minnano-toreka.com/wp-content/uploads/2026/07/6a4b6c0914c36_1783327753.png,https://minnano-toreka.com/wp-content/uploads/2026/07/6a4b6c0914c36_1783327753-225x300.png
https://minnano-toreka.com/wp-content/uploads/2026/07/6a4b6dc88b16a_1783328200.png,https://minnano-toreka.com/wp-content/uploads/2026/07/6a4b6dc88b16a_1783328200-216x300.png
https://minnano-toreka.com/wp-content/uploads/2026/07/6a4b70cd02f43_1783328973.png,https://minnano-toreka.com/wp-content/uploads/2026/07/6a4b70cd02f43_1783328973-225x300.png
https://minnano-toreka.com/wp-content/uploads/2026/07/6a4b724d5649c_1783329357.png,https://minnano-toreka.com/wp-content/uploads/2026/07/6a4b724d5649c_1783329357-300x300.png
https://minnano-toreka.com/wp-content/uploads/2026/07/6a4bb59cbe167_1783346588.png,https://minnano-toreka.com/wp-content/uploads/2026/07/6a4bb59cbe167_1783346588-216x300.png
https://minnano-toreka.com/wp-content/uploads/2026/07/6a4bb6e009ef1_1783346912.png,https://minnano-toreka.com/wp-content/uploads/2026/07/6a4bb6e009ef1_1783346912-216x300.png
https://minnano-toreka.com/wp-content/uploads/2026/07/6a4bb808a9bf2_1783347208.png,https://minnano-toreka.com/wp-content/uploads/2026/07/6a4bb808a9bf2_1783347208-216x300.png
https://minnano-toreka.com/wp-content/uploads/2026/07/6a4bb9e4cb4c4_1783347684.png,https://minnano-toreka.com/wp-content/uploads/2026/07/6a4bb9e4cb4c4_1783347684-216x300.png
https://minnano-toreka.com/wp-content/uploads/2026/07/6a4bba7d2b678_1783347837.png,https://minnano-toreka.com/wp-content/uploads/2026/07/6a4bba7d2b678_1783347837-216x300.png
https://minnano-toreka.com/wp-content/uploads/2026/07/6a4bbcacd4c4e_1783348396.png,https://minnano-toreka.com/wp-content/uploads/2026/07/6a4bbcacd4c4e_1783348396-216x300.png
https://minnano-toreka.com/wp-content/uploads/2026/07/6a4bc52c9f99d_1783350572.png,https://minnano-toreka.com/wp-content/uploads/2026/07/6a4bc52c9f99d_1783350572-216x300.png
https://minnano-toreka.com/wp-content/uploads/2026/07/6a4bccf0db925_1783352560.png,https://minnano-toreka.com/wp-content/uploads/2026/07/6a4bccf0db925_1783352560-216x300.png
https://minnano-toreka.com/wp-content/uploads/2026/07/6a4bd19c1aca0_1783353756.png,https://minnano-toreka.com/wp-content/uploads/2026/07/6a4bd19c1aca0_1783353756-216x300.png
https://minnano-toreka.com/wp-content/uploads/2026/07/6a4bd48603d48_1783354502.png,https://minnano-toreka.com/wp-content/uploads/2026/07/6a4bd48603d48_1783354502-216x300.png
https://minnano-toreka.com/wp-content/uploads/2026/07/6a4bd66863e9a_1783354984.png,https://minnano-toreka.com/wp-content/uploads/2026/07/6a4bd66863e9a_1783354984-216x300.png
https://minnano-toreka.com/wp-content/uploads/2026/07/6a4bd75fb0dde_1783355231.png,https://minnano-toreka.com/wp-content/uploads/2026/07/6a4bd75fb0dde_1783355231-216x300.png
https://minnano-toreka.com/wp-content/uploads/2026/07/6a4bd86b75fe4_1783355499.png,https://minnano-toreka.com/wp-content/uploads/2026/07/6a4bd86b75fe4_1783355499-216x300.png
https://minnano-toreka.com/wp-content/uploads/2026/07/6a4bd939965dc_1783355705.png,https://minnano-toreka.com/wp-content/uploads/2026/07/6a4bd939965dc_1783355705-216x300.png
https://minnano-toreka.com/wp-content/uploads/2026/07/6a4bdc8a9bdec_1783356554.png,https://minnano-toreka.com/wp-content/uploads/2026/07/6a4bdc8a9bdec_1783356554-216x300.png
https://minnano-toreka.com/wp-content/uploads/2026/07/6a4bddab719aa_1783356843.png,https://minnano-toreka.com/wp-content/uploads/2026/07/6a4bddab719aa_1783356843-216x300.png
https://minnano-toreka.com/wp-content/uploads/2026/07/6a4be92c7d0db_1783359788.png,https://minnano-toreka.com/wp-content/uploads/2026/07/6a4be92c7d0db_1783359788-216x300.png
https://minnano-toreka.com/wp-content/uploads/2026/07/6a4be9e4bcc01_1783359972.png,https://minnano-toreka.com/wp-content/uploads/2026/07/6a4be9e4bcc01_1783359972-216x300.png
https://minnano-toreka.com/wp-content/uploads/2026/07/6a4bea7c60b2d_1783360124.png,https://minnano-toreka.com/wp-content/uploads/2026/07/6a4bea7c60b2d_1783360124-216x300.png
https://minnano-toreka.com/wp-content/uploads/2026/07/6a4beb305d186_1783360304.png,https://minnano-toreka.com/wp-content/uploads/2026/07/6a4beb305d186_1783360304-216x300.png
https://minnano-toreka.com/wp-content/uploads/2026/07/6a4bebec430a9_1783360492.png,https://minnano-toreka.com/wp-content/uploads/2026/07/6a4bebec430a9_1783360492-216x300.png
https://minnano-toreka.com/wp-content/uploads/2026/07/6a4bec6218d93_1783360610.png,https://minnano-toreka.com/wp-content/uploads/2026/07/6a4bec6218d93_1783360610-216x300.png
https://minnano-toreka.com/wp-content/uploads/2026/07/6a4becbb41eb1_1783360699.png,https://minnano-toreka.com/wp-content/uploads/2026/07/6a4becbb41eb1_1783360699-216x300.png
https://minnano-toreka.com/wp-content/uploads/2026/07/6a4bed8014631_1783360896.png,https://minnano-toreka.com/wp-content/uploads/2026/07/6a4bed8014631_1783360896-216x300.png
https://minnano-toreka.com/wp-content/uploads/2026/07/6a4c8c69f1f57_1783401577.png,https://minnano-toreka.com/wp-content/uploads/2026/07/6a4c8c69f1f57_1783401577-300x300.png
https://minnano-toreka.com/wp-content/uploads/2026/07/6a4c9a7471d27_1783405172.png,https://minnano-toreka.com/wp-content/uploads/2026/07/6a4c9a7471d27_1783405172-216x300.png
https://minnano-toreka.com/wp-content/uploads/2026/07/6a4ca78d163dc_1783408525.png,https://minnano-toreka.com/wp-content/uploads/2026/07/6a4ca78d163dc_1783408525-216x300.png
https://minnano-toreka.com/wp-content/uploads/2026/07/6a4ca9bd91e01_1783409085.png,https://minnano-toreka.com/wp-content/uploads/2026/07/6a4ca9bd91e01_1783409085-216x300.png
https://minnano-toreka.com/wp-content/uploads/2026/07/6a4ca9d372301_1783409107.png,https://minnano-toreka.com/wp-content/uploads/2026/07/6a4ca9d372301_1783409107-216x300.png
https://minnano-toreka.com/wp-content/uploads/2026/07/6a4cb1b49647b_1783411124.png,https://minnano-toreka.com/wp-content/uploads/2026/07/6a4cb1b49647b_1783411124-216x300.png
https://minnano-toreka.com/wp-content/uploads/2026/07/6a4cb2420ddf1_1783411266.png,https://minnano-toreka.com/wp-content/uploads/2026/07/6a4cb2420ddf1_1783411266-225x300.png
https://minnano-toreka.com/wp-content/uploads/2026/07/6a4d21d89e424_1783439832.png,https://minnano-toreka.com/wp-content/uploads/2026/07/6a4d21d89e424_1783439832-300x300.png
https://minnano-toreka.com/wp-content/uploads/2026/07/6a4d230b95e8e_1783440139.png,https://minnano-toreka.com/wp-content/uploads/2026/07/6a4d230b95e8e_1783440139-216x300.png
https://minnano-toreka.com/wp-content/uploads/2026/07/6a4d242f41c3f_1783440431.png,https://minnano-toreka.com/wp-content/uploads/2026/07/6a4d242f41c3f_1783440431-216x300.png
https://minnano-toreka.com/wp-content/uploads/2026/07/6a4d26a0a7dc0_1783441056.png,https://minnano-toreka.com/wp-content/uploads/2026/07/6a4d26a0a7dc0_1783441056-216x300.png
https://minnano-toreka.com/wp-content/uploads/2026/07/6a4d28f713c28_1783441655.png,https://minnano-toreka.com/wp-content/uploads/2026/07/6a4d28f713c28_1783441655-216x300.png
https://minnano-toreka.com/wp-content/uploads/2026/07/6a4d2aa2a2966_1783442082.png,https://minnano-toreka.com/wp-content/uploads/2026/07/6a4d2aa2a2966_1783442082-216x300.png
https://minnano-toreka.com/wp-content/uploads/2026/07/6a4d2b20cb528_1783442208.png,https://minnano-toreka.com/wp-content/uploads/2026/07/6a4d2b20cb528_1783442208-300x300.png
https://minnano-toreka.com/wp-content/uploads/2026/07/6a4d2b5c8b8f2_1783442268.png,https://minnano-toreka.com/wp-content/uploads/2026/07/6a4d2b5c8b8f2_1783442268-216x300.png
https://minnano-toreka.com/wp-content/uploads/2026/07/6a4d2c530c712_1783442515.png,https://minnano-toreka.com/wp-content/uploads/2026/07/6a4d2c530c712_1783442515-216x300.png
https://minnano-toreka.com/wp-content/uploads/2026/07/6a4d2cfeae1ff_1783442686.png,https://minnano-toreka.com/wp-content/uploads/2026/07/6a4d2cfeae1ff_1783442686-216x300.png
https://minnano-toreka.com/wp-content/uploads/2026/07/6a4d2da49f4d2_1783442852.png,https://minnano-toreka.com/wp-content/uploads/2026/07/6a4d2da49f4d2_1783442852-216x300.png
https://minnano-toreka.com/wp-content/uploads/2026/07/6a4d2ee8c7cd9_1783443176.png,https://minnano-toreka.com/wp-content/uploads/2026/07/6a4d2ee8c7cd9_1783443176-216x300.png
https://minnano-toreka.com/wp-content/uploads/2026/07/6a4d2f6c81366_1783443308.png,https://minnano-toreka.com/wp-content/uploads/2026/07/6a4d2f6c81366_1783443308-216x300.png
https://minnano-toreka.com/wp-content/uploads/2026/07/6a4d3014839d7_1783443476.png,https://minnano-toreka.com/wp-content/uploads/2026/07/6a4d3014839d7_1783443476-216x300.png
https://minnano-toreka.com/wp-content/uploads/2026/07/6a4d31244f003_1783443748.png,https://minnano-toreka.com/wp-content/uploads/2026/07/6a4d31244f003_1783443748-225x300.png
https://minnano-toreka.com/wp-content/uploads/2026/07/6a4d31eae7eb8_1783443946.png,https://minnano-toreka.com/wp-content/uploads/2026/07/6a4d31eae7eb8_1783443946-300x300.png
https://minnano-toreka.com/wp-content/uploads/2026/07/6a4d3475f0839_1783444597.png,https://minnano-toreka.com/wp-content/uploads/2026/07/6a4d3475f0839_1783444597-225x300.png
https://minnano-toreka.com/wp-content/uploads/2026/07/6a4f5adbc1e12_1783585499.png,https://minnano-toreka.com/wp-content/uploads/2026/07/6a4f5adbc1e12_1783585499-216x300.png
https://minnano-toreka.com/wp-content/uploads/2026/07/6a4f5d0b4230f_1783586059.png,https://minnano-toreka.com/wp-content/uploads/2026/07/6a4f5d0b4230f_1783586059-216x300.png
https://minnano-toreka.com/wp-content/uploads/2026/07/6a4f5e35c59ed_1783586357.png,https://minnano-toreka.com/wp-content/uploads/2026/07/6a4f5e35c59ed_1783586357-216x300.png
https://minnano-toreka.com/wp-content/uploads/2026/07/6a4f67c175127_1783588801.png,https://minnano-toreka.com/wp-content/uploads/2026/07/6a4f67c175127_1783588801-214x300.png
https://minnano-toreka.com/wp-content/uploads/2026/07/6a4f693dcc1fb_1783589181.png,https://minnano-toreka.com/wp-content/uploads/2026/07/6a4f693dcc1fb_1783589181-300x300.png
https://minnano-toreka.com/wp-content/uploads/2026/07/6a4f697995064_1783589241.png,https://minnano-toreka.com/wp-content/uploads/2026/07/6a4f697995064_1783589241-300x300.png
https://minnano-toreka.com/wp-content/uploads/2026/07/6a4f6b737f7df_1783589747.png,https://minnano-toreka.com/wp-content/uploads/2026/07/6a4f6b737f7df_1783589747-216x300.png
https://minnano-toreka.com/wp-content/uploads/2026/07/6a4f6bd479b7e_1783589844.png,https://minnano-toreka.com/wp-content/uploads/2026/07/6a4f6bd479b7e_1783589844-225x300.png
https://minnano-toreka.com/wp-content/uploads/2026/07/6a5031fc3fb74_1783640572.png,https://minnano-toreka.com/wp-content/uploads/2026/07/6a5031fc3fb74_1783640572-216x300.png
https://minnano-toreka.com/wp-content/uploads/2026/07/6a50324b56087_1783640651.png,https://minnano-toreka.com/wp-content/uploads/2026/07/6a50324b56087_1783640651-216x300.png
https://minnano-toreka.com/wp-content/uploads/2026/07/6a5034336a764_1783641139.png,https://minnano-toreka.com/wp-content/uploads/2026/07/6a5034336a764_1783641139-225x300.png
https://minnano-toreka.com/wp-content/uploads/2026/07/6a5036555a184_1783641685.png,https://minnano-toreka.com/wp-content/uploads/2026/07/6a5036555a184_1783641685-300x300.png
https://minnano-toreka.com/wp-content/uploads/2026/07/6a50370212965_1783641858.png,https://minnano-toreka.com/wp-content/uploads/2026/07/6a50370212965_1783641858-300x300.png
https://minnano-toreka.com/wp-content/uploads/2026/07/6a503750d8ff7_1783641936.png,https://minnano-toreka.com/wp-content/uploads/2026/07/6a503750d8ff7_1783641936-225x300.png
https://minnano-toreka.com/wp-content/uploads/2026/07/6a50422978b27_1783644713.png,https://minnano-toreka.com/wp-content/uploads/2026/07/6a50422978b27_1783644713-216x300.png
https://minnano-toreka.com/wp-content/uploads/2026/07/6a504513a66d8_1783645459.png,https://minnano-toreka.com/wp-content/uploads/2026/07/6a504513a66d8_1783645459-225x300.png
https://minnano-toreka.com/wp-content/uploads/2026/07/6a5045dc2a7fb_1783645660.png,https://minnano-toreka.com/wp-content/uploads/2026/07/6a5045dc2a7fb_1783645660-300x300.png
https://minnano-toreka.com/wp-content/uploads/2026/07/6a50469fbea96_1783645855.png,https://minnano-toreka.com/wp-content/uploads/2026/07/6a50469fbea96_1783645855-216x300.png
https://minnano-toreka.com/wp-content/uploads/2026/07/6a504707281cc_1783645959.png,https://minnano-toreka.com/wp-content/uploads/2026/07/6a504707281cc_1783645959-225x300.png
https://minnano-toreka.com/wp-content/uploads/2026/07/6a504addf35c4_1783646941.png,https://minnano-toreka.com/wp-content/uploads/2026/07/6a504addf35c4_1783646941-216x300.png
https://minnano-toreka.com/wp-content/uploads/2026/07/6a504b108ccce_1783646992.png,https://minnano-toreka.com/wp-content/uploads/2026/07/6a504b108ccce_1783646992-216x300.png
https://minnano-toreka.com/wp-content/uploads/2026/07/6a504b71082e1_1783647089.png,https://minnano-toreka.com/wp-content/uploads/2026/07/6a504b71082e1_1783647089-225x300.png
https://minnano-toreka.com/wp-content/uploads/2026/07/6a504c229607f_1783647266.png,https://minnano-toreka.com/wp-content/uploads/2026/07/6a504c229607f_1783647266-300x300.png
https://minnano-toreka.com/wp-content/uploads/2026/07/6a504cbc99fa8_1783647420.png,https://minnano-toreka.com/wp-content/uploads/2026/07/6a504cbc99fa8_1783647420-216x300.png
https://minnano-toreka.com/wp-content/uploads/2026/07/6a504d08d552b_1783647496.png,https://minnano-toreka.com/wp-content/uploads/2026/07/6a504d08d552b_1783647496-225x300.png
https://minnano-toreka.com/wp-content/uploads/2026/07/6a504df87d1b9_1783647736.png,https://minnano-toreka.com/wp-content/uploads/2026/07/6a504df87d1b9_1783647736-216x300.png
https://minnano-toreka.com/wp-content/uploads/2026/07/6a504f19d1d36_1783648025.png,https://minnano-toreka.com/wp-content/uploads/2026/07/6a504f19d1d36_1783648025-215x300.png
https://minnano-toreka.com/wp-content/uploads/2026/07/6a50504e05e4f_1783648334.png,https://minnano-toreka.com/wp-content/uploads/2026/07/6a50504e05e4f_1783648334-200x300.png
https://minnano-toreka.com/wp-content/uploads/2026/07/6a5050db91114_1783648475.png,https://minnano-toreka.com/wp-content/uploads/2026/07/6a5050db91114_1783648475-300x300.png
https://minnano-toreka.com/wp-content/uploads/2026/07/6a505152c45bb_1783648594.png,https://minnano-toreka.com/wp-content/uploads/2026/07/6a505152c45bb_1783648594-214x300.png
https://minnano-toreka.com/wp-content/uploads/2026/07/6a5051b1991f3_1783648689.png,https://minnano-toreka.com/wp-content/uploads/2026/07/6a5051b1991f3_1783648689-200x300.png
https://minnano-toreka.com/wp-content/uploads/2026/07/6a5052e1ab05a_1783648993.png,https://minnano-toreka.com/wp-content/uploads/2026/07/6a5052e1ab05a_1783648993-216x300.png
https://minnano-toreka.com/wp-content/uploads/2026/07/6a50541fc9af6_1783649311.png,https://minnano-toreka.com/wp-content/uploads/2026/07/6a50541fc9af6_1783649311-214x300.png
https://minnano-toreka.com/wp-content/uploads/2026/07/6a5056104bbc0_1783649808.png,https://minnano-toreka.com/wp-content/uploads/2026/07/6a5056104bbc0_1783649808-200x300.png
https://minnano-toreka.com/wp-content/uploads/2026/07/6a5056f8d523d_1783650040.png,https://minnano-toreka.com/wp-content/uploads/2026/07/6a5056f8d523d_1783650040-300x300.png
https://minnano-toreka.com/wp-content/uploads/2026/07/6a505786b5e5e_1783650182.png,https://minnano-toreka.com/wp-content/uploads/2026/07/6a505786b5e5e_1783650182-214x300.png
https://minnano-toreka.com/wp-content/uploads/2026/07/6a5057c8d0dee_1783650248.png,https://minnano-toreka.com/wp-content/uploads/2026/07/6a5057c8d0dee_1783650248-200x300.png
https://minnano-toreka.com/wp-content/uploads/2026/07/6a5059557a495_1783650645.png,https://minnano-toreka.com/wp-content/uploads/2026/07/6a5059557a495_1783650645-216x300.png
https://minnano-toreka.com/wp-content/uploads/2026/07/6a5059967f145_1783650710.png,https://minnano-toreka.com/wp-content/uploads/2026/07/6a5059967f145_1783650710-214x300.png
https://minnano-toreka.com/wp-content/uploads/2026/07/6a5059e68dd42_1783650790.png,https://minnano-toreka.com/wp-content/uploads/2026/07/6a5059e68dd42_1783650790-200x300.png
https://minnano-toreka.com/wp-content/uploads/2026/07/6a505a595507d_1783650905.png,https://minnano-toreka.com/wp-content/uploads/2026/07/6a505a595507d_1783650905-300x300.png
https://minnano-toreka.com/wp-content/uploads/2026/07/6a505aca86eeb_1783651018.png,https://minnano-toreka.com/wp-content/uploads/2026/07/6a505aca86eeb_1783651018-300x300.png
https://minnano-toreka.com/wp-content/uploads/2026/07/6a505b0647fa0_1783651078.png,https://minnano-toreka.com/wp-content/uploads/2026/07/6a505b0647fa0_1783651078-200x300.png
https://minnano-toreka.com/wp-content/uploads/2026/07/6a505c34b11e4_1783651380.png,https://minnano-toreka.com/wp-content/uploads/2026/07/6a505c34b11e4_1783651380-216x300.png
https://minnano-toreka.com/wp-content/uploads/2026/07/6a505c65bc426_1783651429.png,https://minnano-toreka.com/wp-content/uploads/2026/07/6a505c65bc426_1783651429-214x300.png
https://minnano-toreka.com/wp-content/uploads/2026/07/6a505caac1031_1783651498.png,https://minnano-toreka.com/wp-content/uploads/2026/07/6a505caac1031_1783651498-200x300.png
https://minnano-toreka.com/wp-content/uploads/2026/07/6a505d23166cb_1783651619.png,https://minnano-toreka.com/wp-content/uploads/2026/07/6a505d23166cb_1783651619-300x300.png
https://minnano-toreka.com/wp-content/uploads/2026/07/6a505db41d1b7_1783651764.png,https://minnano-toreka.com/wp-content/uploads/2026/07/6a505db41d1b7_1783651764-214x300.png
https://minnano-toreka.com/wp-content/uploads/2026/07/6a505df0e1aae_1783651824.png,https://minnano-toreka.com/wp-content/uploads/2026/07/6a505df0e1aae_1783651824-200x300.png
https://minnano-toreka.com/wp-content/uploads/2026/07/6a505f02e9224_1783652098.png,https://minnano-toreka.com/wp-content/uploads/2026/07/6a505f02e9224_1783652098-216x300.png
https://minnano-toreka.com/wp-content/uploads/2026/07/6a505f26991ab_1783652134.png,https://minnano-toreka.com/wp-content/uploads/2026/07/6a505f26991ab_1783652134-214x300.png
https://minnano-toreka.com/wp-content/uploads/2026/07/6a505f68e0745_1783652200.png,https://minnano-toreka.com/wp-content/uploads/2026/07/6a505f68e0745_1783652200-200x300.png
https://minnano-toreka.com/wp-content/uploads/2026/07/6a505fdf8f784_1783652319.png,https://minnano-toreka.com/wp-content/uploads/2026/07/6a505fdf8f784_1783652319-300x300.png
https://minnano-toreka.com/wp-content/uploads/2026/07/6a5060673c0eb_1783652455.png,https://minnano-toreka.com/wp-content/uploads/2026/07/6a5060673c0eb_1783652455-214x300.png
https://minnano-toreka.com/wp-content/uploads/2026/07/6a5060a8a4665_1783652520.png,https://minnano-toreka.com/wp-content/uploads/2026/07/6a5060a8a4665_1783652520-200x300.png
https://minnano-toreka.com/wp-content/uploads/2026/07/6a506175817e5_1783652725.png,https://minnano-toreka.com/wp-content/uploads/2026/07/6a506175817e5_1783652725-216x300.png
https://minnano-toreka.com/wp-content/uploads/2026/07/6a50624e84313_1783652942.png,https://minnano-toreka.com/wp-content/uploads/2026/07/6a50624e84313_1783652942-215x300.png
https://minnano-toreka.com/wp-content/uploads/2026/07/6a50634c4147a_1783653196.png,https://minnano-toreka.com/wp-content/uploads/2026/07/6a50634c4147a_1783653196-225x300.png
https://minnano-toreka.com/wp-content/uploads/2026/07/6a5063d50e24a_1783653333.png,https://minnano-toreka.com/wp-content/uploads/2026/07/6a5063d50e24a_1783653333-300x300.png
https://minnano-toreka.com/wp-content/uploads/2026/07/6a5064916c261_1783653521.png,https://minnano-toreka.com/wp-content/uploads/2026/07/6a5064916c261_1783653521-215x300.png
https://minnano-toreka.com/wp-content/uploads/2026/07/6a5064d3174da_1783653587.png,https://minnano-toreka.com/wp-content/uploads/2026/07/6a5064d3174da_1783653587-225x300.png
https://minnano-toreka.com/wp-content/uploads/2026/07/6a506622a2dfc_1783653922.png,https://minnano-toreka.com/wp-content/uploads/2026/07/6a506622a2dfc_1783653922-216x300.png
https://minnano-toreka.com/wp-content/uploads/2026/07/6a50664cef1f2_1783653964.png,https://minnano-toreka.com/wp-content/uploads/2026/07/6a50664cef1f2_1783653964-215x300.png
https://minnano-toreka.com/wp-content/uploads/2026/07/6a5066956e32f_1783654037.png,https://minnano-toreka.com/wp-content/uploads/2026/07/6a5066956e32f_1783654037-225x300.png
https://minnano-toreka.com/wp-content/uploads/2026/07/6a5320c675cf0_1783832774.png,https://minnano-toreka.com/wp-content/uploads/2026/07/6a5320c675cf0_1783832774-216x300.png
https://minnano-toreka.com/wp-content/uploads/2026/07/6a549eaef228c_1783930542.png,https://minnano-toreka.com/wp-content/uploads/2026/07/6a549eaef228c_1783930542-216x300.png
https://minnano-toreka.com/wp-content/uploads/2026/07/288_SM_P.webp,https://minnano-toreka.com/wp-content/uploads/2026/07/288_SM_P-215x300.webp
https://minnano-toreka.com/wp-content/uploads/2026/07/056_064.webp,https://minnano-toreka.com/wp-content/uploads/2026/07/056_064-215x300.webp
