元の表記,状態,みんトレ表記,apparel_id,出どころ,件数,候補,理由
PT交換専用カード,対象外,,,管理画面,1048,,ポイント交換・演出（発送しない）
2pt交換専用,対象外,,,管理画面,135,,ポイント交換・演出（発送しない）
1pt交換専用,対象外,,,管理画面,121,,ポイント交換・演出（発送しない）
Nintendo Switch2(日本語・国内専用),確定,Nintendo Switch2(日本語・国内専用),,仕入れ管理シート・商品ごとの不足数・在庫管理・管理画面,107,,スニダン外の商品（mintore_non_snkr.csv）
メガブレイブ(1BOX),確定,ポケモンカードゲームMEGA 拡張パック「メガブレイブ」ボックス,628146,仕入れ管理シート・商品ごとの不足数・管理画面,102,628146:ポケモンカードゲームMEGA 拡張パック「メガブレイブ」ボックス(3) || 658648:【シュリンクなし】ポケモンカードゲームMEGA 拡張パック「メガブレイブ」ボックス(1) || 628147:ポケモンカードゲームMEGA 拡張パック「メガブレイブ」パック(0) || 628198:ポケモンカードゲームMEGA ポケモンセンターセット「メガブレイブ」(-2),型番なし・名前で一致
メガシンフォニア(1BOX),確定,ポケモンカードゲームMEGA 拡張パック「メガシンフォニア」ボックス,628148,仕入れ管理シート・商品ごとの不足数・管理画面,90,628148:ポケモンカードゲームMEGA 拡張パック「メガシンフォニア」ボックス(3) || 658649:【シュリンクなし】ポケモンカードゲームMEGA 拡張パック「メガシンフォニア」ボックス(1) || 628149:ポケモンカードゲームMEGA 拡張パック「メガシンフォニア」パック(0) || 628199:ポケモンカードゲームMEGA ポケモンセンターセット「メガシンフォニア」(-2),型番なし・名前で一致
バトルパートナーズ(1BOX),確定,ポケモンカードゲーム スカーレット&バイオレット 拡張パック「バトルパートナーズ」ボックス,484952,仕入れ管理シートF列・管理画面,89,484952:ポケモンカードゲーム スカーレット&バイオレット 拡張パック「バトルパートナーズ」ボックス(3) || 485656:ポケモンカードゲーム デッキビルドBOX 「バトルパートナーズ」(1) || 567448:【シュリンクなし】 ポケモンカードゲーム スカーレット&バイオレット 拡張パック「バトルパートナーズ」ボックス(1) || 484953:ポケモンカードゲーム スカーレット&バイオレット 拡張パック「バトルパートナーズ」パック(0),型番なし・名前で一致
「決戦の刻」1BOX,確定,ワンピースカードゲーム ブースターパック「決戦の刻」ボックス,816932,仕入れ管理シート・商品ごとの不足数・管理画面,78,816932:ワンピースカードゲーム ブースターパック「決戦の刻」ボックス(3) || 818890:ドン!!カード (2026 vol.1): 参加記念品(プロモーションカード「決戦の刻【OP-16】発売記念イベント」)(0) || 822614:ドン!!カード: 金ドン(ブースターパック「決戦の刻」)(0) || 828208:ドン!!カード(ブースターパック「決戦の刻」)(0),型番なし・名前で一致
アビスアイ(1BOX),確定,ポケモンカードゲームMEGA 拡張パック「アビスアイ」ボックス,806644,仕入れ管理シート・仕入れ管理シートF列・商品ごとの不足数・管理画面,78,806644:ポケモンカードゲームMEGA 拡張パック「アビスアイ」ボックス(3) || 806646:【シュリンクなし】ポケモンカードゲームMEGA 拡張パック「アビスアイ」ボックス(1) || 806645:ポケモンカードゲームMEGA 拡張パック「アビスアイ」パック(0),型番なし・名前で一致
ムニキスゼロ(1BOX),確定,ポケモンカードゲームMEGA 拡張パック「ムニキスゼロ」ボックス,743533,仕入れ管理シート・商品ごとの不足数・管理画面,68,743533:ポケモンカードゲームMEGA 拡張パック「ムニキスゼロ」ボックス(3) || 743535:【シュリンクなし】ポケモンカードゲームMEGA 拡張パック「ムニキスゼロ」ボックス(1) || 743534:ポケモンカードゲームMEGA 拡張パック「ムニキスゼロ」パック(0),型番なし・名前で一致
ストームエメラルダ(1BOX),確定,ポケモンカードゲームMEGA 拡張パック「ストームエメラルダ」ボックス,846048,仕入れ管理シート・商品ごとの不足数・管理画面,65,846048:ポケモンカードゲームMEGA 拡張パック「ストームエメラルダ」ボックス(3) || 846050:【シュリンクなし】ポケモンカードゲームMEGA 拡張パック「ストームエメラルダ」ボックス(1) || 846049:ポケモンカードゲームMEGA 拡張パック「ストームエメラルダ」パック(0),型番なし・名前で一致
クリムゾンヘイズ(1BOX),確定,ポケモンカードゲーム スカーレット&バイオレット 強化拡張パック「クリムゾンヘイズ」ボックス,204134,仕入れ管理シート・管理画面,61,204134:ポケモンカードゲーム スカーレット&バイオレット 強化拡張パック「クリムゾンヘイズ」ボックス(3) || 567441:【シュリンクなし】 ポケモンカードゲーム スカーレット&バイオレット 強化拡張パック「クリムゾンヘイズ」ボックス(1) || 204135:ポケモンカードゲーム スカーレット&バイオレット 強化拡張パック「クリムゾンヘイズ」パック(0),型番なし・名前で一致
MEGAドリームex(1BOX),確定,ポケモンカードゲームMEGA ハイクラスパック「MEGAドリームex」ボックス,721913,仕入れ管理シート・仕入れ管理シートF列・商品ごとの不足数・管理画面,59,721913:ポケモンカードゲームMEGA ハイクラスパック「MEGAドリームex」ボックス(3) || 721915:【シュリンクなし】ポケモンカードゲームMEGA ハイクラスパック「MEGAドリームex」ボックス(1) || 721914:ポケモンカードゲームMEGA ハイクラスパック「MEGAドリームex」パック(0),型番なし・名前で一致
ニンジャスピナー(1BOX),確定,ポケモンカードゲームMEGA 拡張パック「ニンジャスピナー」 ボックス,762693,仕入れ管理シート・商品ごとの不足数・在庫管理・管理画面,58,762693:ポケモンカードゲームMEGA 拡張パック「ニンジャスピナー」 ボックス(3) || 762695:【シュリンクなし】ポケモンカードゲームMEGA 拡張パック「ニンジャスピナー」 ボックス(1) || 762694:ポケモンカードゲームMEGA 拡張パック「ニンジャスピナー」 パック(0),型番なし・名前で一致
受け継がれる意志(1BOX),確定,ワンピースカードゲーム ブースターパック「受け継がれる意志」ボックス,548909,仕入れ管理シート・商品ごとの不足数・管理画面,56,548909:ワンピースカードゲーム ブースターパック「受け継がれる意志」ボックス(3) || 681023:ドン!!カード: ゴール・D・ロジャー (ブースターパック「受け継がれる意志」)(0) || 681024:ドン!!カード: ゴール・D・ロジャー スーパーパラレル (ブースターパック「受け継がれる意志」)(0) || 548910:ワンピースカードゲーム ブースターパック「受け継がれる意志」パック(0),型番なし・名前で一致
VSTARユニバース(1BOX),確定,ポケモンカードゲーム ソード&シールド ハイクラスパック VSTARユニバース ボックス (Vユニ),101885,仕入れ管理シートF列・管理画面,54,101885:ポケモンカードゲーム ソード&シールド ハイクラスパック VSTARユニバース ボックス (Vユニ)(3) || 101886:ポケモンカードゲーム ソード&シールド ハイクラスパック VSTARユニバース パック (Vユニ)(0) || 407023:ハイクラスパック VSTARユニバース AR9枚セット(-2),型番なし・名前で一致
イーブイヒーローズ(1BOX),確定,ポケモンカードゲーム ソード & シールド 強化拡張パック イーブイヒーローズ ボックス,12883,仕入れ管理シート・管理画面,54,12883:ポケモンカードゲーム ソード & シールド 強化拡張パック イーブイヒーローズ ボックス(3) || 88177:ポケモンカードゲーム ソード & シールド 強化拡張パック イーブイヒーローズ パック(0) || 12884:ポケモンカードゲーム ソード & シールド 強化拡張パック イーブイヒーローズ イーブイズセット (イーブイセット)(-2) || 12882:ポケモンカードゲーム ソード & シールド VMAX スペシャルセット イーブイヒーローズ(-4),型番なし・名前で一致
pt交換専用,対象外,,,管理画面,48,,ポイント交換・演出（発送しない）
VMAXクライマックス(1BOX),確定,ポケモンカードゲーム ソード&シールド ハイクラスパック VMAXクライマックス ボックス,15573,仕入れ管理シート・商品ごとの不足数・在庫管理・管理画面,45,15573:ポケモンカードゲーム ソード&シールド ハイクラスパック VMAXクライマックス ボックス(3) || 88194:ポケモンカードゲーム ソード&シールド ハイクラスパック VMAXクライマックス パック(0),型番なし・名前で一致
超電ブレイカー(1BOX),確定,ポケモンカードゲーム スカーレット&バイオレット 拡張パック「超電ブレイカー」ボックス,395189,仕入れ管理シート・管理画面,45,395189:ポケモンカードゲーム スカーレット&バイオレット 拡張パック「超電ブレイカー」ボックス(3) || 567446:【シュリンクなし】 ポケモンカードゲーム スカーレット&バイオレット 拡張パック「超電ブレイカー」ボックス(1) || 401037:pkmn-tcg-SV8-019(拡張パック「超電ブレイカー」)(0) || 395190:ポケモンカードゲーム スカーレット&バイオレット 拡張パック「超電ブレイカー」パック(0),型番なし・名前で一致
テラスタルフェスex(1BOX),確定,ポケモンカードゲーム スカーレット&バイオレット ハイクラスパック「テラスタルフェスex」ボックス,424297,仕入れ管理シート・仕入れ管理シートF列・商品ごとの不足数・管理画面,44,424297:ポケモンカードゲーム スカーレット&バイオレット ハイクラスパック「テラスタルフェスex」ボックス(3) || 567447:【シュリンクなし】 ポケモンカードゲーム スカーレット&バイオレット ハイクラスパック「テラスタルフェスex」ボックス(1) || 424298:ポケモンカードゲーム スカーレット&バイオレット ハイクラスパック「テラスタルフェスex」パック(0),型番なし・名前で一致
フュージョンアーツ(1BOX),確定,ポケモンカードゲーム ソード&シールド 拡張パック フュージョンアーツ ボックス,14024,仕入れ管理シート・商品ごとの不足数・在庫管理・管理画面,41,14024:ポケモンカードゲーム ソード&シールド 拡張パック フュージョンアーツ ボックス(3) || 88168:ポケモンカードゲーム ソード&シールド 拡張パック フュージョンアーツ パック(0),型番なし・名前で一致
スペシャルBOX「ポケモンセンタートウホク」(1BOX),確定,ポケモンカードゲーム スカーレット&バイオレット スペシャルBOX「ポケモンセンタートウホク」,618442,仕入れ管理シート・商品ごとの不足数・管理画面,37,618442:ポケモンカードゲーム スカーレット&バイオレット スペシャルBOX「ポケモンセンタートウホク」(5),型番なし・当たる商品が1つだけ
ステラミラクル(1BOX),確定,ポケモンカードゲーム スカーレット&バイオレット 拡張パック「ステラミラクル」ボックス,283206,仕入れ管理シート・商品ごとの不足数・管理画面,36,283206:ポケモンカードゲーム スカーレット&バイオレット 拡張パック「ステラミラクル」ボックス(3) || 283208:ポケモンカードゲーム スカーレット&バイオレット デッキビルドBOX「ステラミラクル」(1) || 567444:【シュリンクなし】 ポケモンカードゲーム スカーレット&バイオレット 拡張パック「ステラミラクル」ボックス(1) || 283207:ポケモンカードゲーム スカーレット&バイオレット 拡張パック「ステラミラクル」パック(0),型番なし・名前で一致
25th アニバーサリーコレクション(1BOX),確定,ポケモンカードゲーム ソード&シールド 拡張パック 25th アニバーサリー コレクション ボックス,14025,管理画面,35,14025:ポケモンカードゲーム ソード&シールド 拡張パック 25th アニバーサリー コレクション ボックス(3) || 88176:ポケモンカードゲーム ソード&シールド 拡張パック 25th アニバーサリー コレクション パック(0) || 14026:ポケモンカードゲーム ソード&シールド 25th アニバーサリー コレクション スペシャルセット(-4),型番なし・名前で一致
PlayStation 5 デジタル・エディション 日本語専用,確定,PlayStation 5 デジタル・エディション 日本語専用,,仕入れ管理シート・商品ごとの不足数・在庫管理・管理画面,35,,スニダン外の商品（mintore_non_snkr.csv）
シャイニースターV(1BOX),確定,ポケモンカードゲーム ソード & シールド ハイクラスパック シャイニースターV ボックス,12875,管理画面,35,12875:ポケモンカードゲーム ソード & シールド ハイクラスパック シャイニースターV ボックス(3) || 88181:ポケモンカードゲーム ソード & シールド ハイクラスパック シャイニースターV パック(0) || 38019:ポケモンカードゲーム ソード&シールド ハイクラスパック シャイニースターV ルリナセット(-2),型番なし・名前で一致
ロケット団の栄光(1BOX),確定,ポケモンカードゲーム スカーレット&バイオレット 拡張パック「ロケット団の栄光」ボックス,550896,仕入れ管理シート・商品ごとの不足数・在庫管理・管理画面,35,550896:ポケモンカードゲーム スカーレット&バイオレット 拡張パック「ロケット団の栄光」ボックス(3) || 567450:【シュリンクなし】 ポケモンカードゲーム スカーレット&バイオレット 拡張パック「ロケット団の栄光」ボックス(1) || 550897:ポケモンカードゲーム スカーレット&バイオレット 拡張パック「ロケット団の栄光」パック(0) || 550898:ポケモンカードゲーム スカーレット&バイオレット ロケット団の栄光 アタッシュケースセット(-2),型番なし・名前で一致
スペシャルBOX「ポケモンセンターヒロシマ」(1BOX),確定,ポケモンカードゲーム スカーレット&バイオレット スペシャルBOX「ポケモンセンターヒロシマ」,618443,仕入れ管理シート・商品ごとの不足数・在庫管理・管理画面,34,618443:ポケモンカードゲーム スカーレット&バイオレット スペシャルBOX「ポケモンセンターヒロシマ」(5),型番なし・当たる商品が1つだけ
スペシャルBOX「ポケモンセンターフクオカ」(1BOX),確定,ポケモンカードゲーム スカーレット&バイオレット スペシャルBOX「ポケモンセンターフクオカ」,618444,仕入れ管理シート・管理画面,34,618444:ポケモンカードゲーム スカーレット&バイオレット スペシャルBOX「ポケモンセンターフクオカ」(5),型番なし・当たる商品が1つだけ
黒炎の支配者(1BOX),確定,ポケモンカードゲーム スカーレット&バイオレット 拡張パック 「黒炎の支配者」 ボックス,127743,仕入れ管理シート・商品ごとの不足数・管理画面,34,127743:ポケモンカードゲーム スカーレット&バイオレット 拡張パック 「黒炎の支配者」 ボックス(3) || 131057:ポケモンカードゲーム スカーレット&バイオレット デッキビルドBOX 黒炎の支配者(1) || 567434:【シュリンクなし】 ポケモンカードゲーム スカーレット&バイオレット 拡張パック 「黒炎の支配者」 ボックス(1) || 127742:ポケモンカードゲーム スカーレット&バイオレット 拡張パック 「黒炎の支配者」 パック(0),型番なし・名前で一致
バイオレットex(1BOX),確定,ポケモンカードゲーム スカーレット&バイオレット 拡張パック「バイオレットex」ボックス,106864,仕入れ管理シート・商品ごとの不足数・管理画面,33,106864:ポケモンカードゲーム スカーレット&バイオレット 拡張パック「バイオレットex」ボックス(3) || 567429:【シュリンクなし】 ポケモンカードゲーム スカーレット&バイオレット 拡張パック「バイオレットex」ボックス(1) || 108337:ポケモンカードゲーム スカーレット&バイオレット 拡張パック 「バイオレットex」パック(0) || 123750:ポケモンカードゲームスカーレット&バイオレット exスタートデッキ 草 ジュナイパー(0),型番なし・名前で一致
AirPods Pro 3,確定,AirPods Pro 3,,仕入れ管理シート・商品ごとの不足数・在庫管理・管理画面,31,,スニダン外の商品（mintore_non_snkr.csv）
インフェルノX(1BOX),確定,ポケモンカードゲームMEGA 拡張パック「インフェルノX」ボックス,687430,仕入れ管理シートF列・管理画面,31,687430:ポケモンカードゲームMEGA 拡張パック「インフェルノX」ボックス(3) || 703025:【シュリンクなし】ポケモンカードゲームMEGA 拡張パック「インフェルノX」ボックス(1) || 687431:ポケモンカードゲームMEGA 拡張パック「インフェルノX」パック(0),型番なし・名前で一致
熱風のアリーナ(1BOX),確定,ポケモンカードゲーム スカーレット&バイオレット 強化拡張パック「熱風のアリーナ」ボックス,518728,仕入れ管理シート・仕入れ管理シートF列・商品ごとの不足数・管理画面,31,518728:ポケモンカードゲーム スカーレット&バイオレット 強化拡張パック「熱風のアリーナ」ボックス(3) || 567449:【シュリンクなし】 ポケモンカードゲーム スカーレット&バイオレット 強化拡張パック「熱風のアリーナ」ボックス(1) || 518729:ポケモンカードゲーム スカーレット&バイオレット 強化拡張パック「熱風のアリーナ」パック(0),型番なし・名前で一致
クレイバースト(1BOX),確定,ポケモンカードゲーム スカーレット&バイオレット 拡張パック 「クレイバースト (クレバ) 」 ボックス(スノーハザード&クレイバースト),116901,仕入れ管理シート・管理画面,29,,人が選んだ（overrides）
なにかのPSA10,確定,なにかのPSA10,,仕入れ管理シート・商品ごとの不足数・在庫管理・管理画面,28,,なにかの〜・福袋（書き方の決まりで揃えた）
パラダイムトリガー(1BOX),確定,ポケモンカードゲーム ソード&シールド 拡張パック「パラダイムトリガー」ボックス (パラトリ),97143,仕入れ管理シート・管理画面,26,97143:ポケモンカードゲーム ソード&シールド 拡張パック「パラダイムトリガー」ボックス (パラトリ)(3) || 97142:ポケモンカードゲーム ソード&シールド 拡張パック パラダイムトリガー パック(0) || 100771:ポケモンカードゲーム ソード&シールド プロモパック パラダイムトリガー「ルギアゲットチャレンジ」(0) || 100772:ポケモンカードゲーム ソード&シールド プロモパック パラダイムトリガー「ルギアゲットチャレンジ」ポケモンセンター Ver.(0),型番なし・名前で一致
ロストアビス(1BOX),確定,ポケモンカードゲーム ソード&シールド 拡張パック ロストアビス ボックス,86213,管理画面,26,86213:ポケモンカードゲーム ソード&シールド 拡張パック ロストアビス ボックス(3) || 88046:ポケモンカードゲーム ソード&シールド 拡張パック ロストアビス パック(0) || 87387:ポケモンカードゲーム ソード&シールド ロストアビス VSTARスペシャルセット(-4),型番なし・名前で一致
なにかのカード,確定,なにかのカード,,管理画面,24,,なにかの〜・福袋（書き方の決まりで揃えた）
ブラックボルト(1BOX),確定,ポケモンカードゲーム スカーレット&バイオレット 拡張パック「ブラックボルト」ボックス,584770,仕入れ管理シート・商品ごとの不足数・管理画面,24,584770:ポケモンカードゲーム スカーレット&バイオレット 拡張パック「ブラックボルト」ボックス(3) || 584774:ポケモンカードゲーム スカーレット&バイオレット 拡張パックデラックス「ブラックボルト」ボックス(1) || 586840:【シュリンクなし】 ポケモンカードゲーム スカーレット&バイオレット 拡張パック「ブラックボルト」ボックス(1) || 584771:ポケモンカードゲーム スカーレット&バイオレット 拡張パック「ブラックボルト」パック(0),型番なし・名前で一致
クロスフォース(1BOX),確定,ドラゴンボールスーパーカードゲーム フュージョンワールド ブースターパック「クロスフォース」ボックス,825169,管理画面,21,825169:ドラゴンボールスーパーカードゲーム フュージョンワールド ブースターパック「クロスフォース」ボックス(3) || 825170:ドラゴンボールスーパーカードゲーム フュージョンワールド ブースターパック「クロスフォース」パック(0),型番なし・名前で一致
シャイニートレジャー(1BOX),確定,ポケモンカードゲーム スカーレット&バイオレット ハイクラスパック 「シャイニートレジャーex」 ボックス,151755,仕入れ管理シート・商品ごとの不足数・管理画面,21,151755:ポケモンカードゲーム スカーレット&バイオレット ハイクラスパック 「シャイニートレジャーex」 ボックス(3) || 567438:【シュリンクなし】 ポケモンカードゲーム スカーレット&バイオレット ハイクラスパック 「シャイニートレジャーex」 ボックス(1) || 151754:ポケモンカードゲーム スカーレット&バイオレット ハイクラスパック 「シャイニートレジャーex」 パック(0),型番なし・名前で一致
スタートデッキ100バトルコレクション×3,確定,ポケモンカードゲームMEGA スタートデッキ100「バトルコレクション」 ×3,724998,仕入れ管理シート・商品ごとの不足数・在庫管理・管理画面,21,,人が選んだ（overrides）
神の島の冒険(1BOX),確定,ワンピースカードゲーム ブースターパック「神の島の冒険」ボックス,755998,管理画面,21,755998:ワンピースカードゲーム ブースターパック「神の島の冒険」ボックス(3) || 767049:ドン!!カード (ブースターパック「神の島の冒険」)(0) || 767050:ドン!!カード スーパーパラレル (ブースターパック「神の島の冒険」)(0) || 755999:ワンピースカードゲーム ブースターパック「神の島の冒険」パック(0),型番なし・名前で一致
30th CELEBRATION,確定,ポケモンカードゲームMEGA 拡張パック「30th CELEBRATION」ボックス,881421,仕入れ管理シート・商品ごとの不足数・在庫管理・管理画面,18,,人が選んだ（overrides）
シャイニートレジャーex(1BOX),確定,ポケモンカードゲーム スカーレット&バイオレット ハイクラスパック 「シャイニートレジャーex」 ボックス,151755,在庫管理・管理画面,18,151755:ポケモンカードゲーム スカーレット&バイオレット ハイクラスパック 「シャイニートレジャーex」 ボックス(3) || 567438:【シュリンクなし】 ポケモンカードゲーム スカーレット&バイオレット ハイクラスパック 「シャイニートレジャーex」 ボックス(1) || 151754:ポケモンカードゲーム スカーレット&バイオレット ハイクラスパック 「シャイニートレジャーex」 パック(0),型番なし・名前で一致
蒼空ストリーム(1BOX),確定,ポケモンカードゲーム ソード & シールド 拡張パック 蒼空ストリーム ボックス (蒼空),12889,仕入れ管理シート・仕入れ管理シートF列・商品ごとの不足数・在庫管理・管理画面,18,12889:ポケモンカードゲーム ソード & シールド 拡張パック 蒼空ストリーム ボックス (蒼空)(3) || 88175:ポケモンカードゲーム ソード & シールド 拡張パック 蒼空ストリーム パック(0),型番なし・名前で一致
ソルガレオ&ルナアーラGX 063/049,確定,ソルガレオ&ルナアーラGX (リーリエ) SR: SA (ソルルナGX) [SM11b 063/049],91279,仕入れ管理シートF列・管理画面,16,91279:ソルガレオ&ルナアーラGX (リーリエ) SR: SA (ソルルナGX) [SM11b 063/049](2) || 93108:ダークライGX HR [SM2+ 063/049](-4),
レイジングサーフ(1BOX),確定,ポケモンカードゲーム スカーレット&バイオレット 強化拡張パック 「レイジングサーフ」 ボックス,134104,仕入れ管理シート・商品ごとの不足数・管理画面,16,134104:ポケモンカードゲーム スカーレット&バイオレット 強化拡張パック 「レイジングサーフ」 ボックス(3) || 567435:【シュリンクなし】 ポケモンカードゲーム スカーレット&バイオレット 強化拡張パック 「レイジングサーフ」 ボックス(1) || 133477:ポケモンカードゲーム スカーレット&バイオレット 強化拡張パック 「レイジングサーフ」 パック(0),型番なし・名前で一致
変幻の仮面(1BOX),確定,ポケモンカードゲーム スカーレット&バイオレット 拡張パック「変幻の仮面」ボックス,224649,仕入れ管理シート・商品ごとの不足数・管理画面,16,224649:ポケモンカードゲーム スカーレット&バイオレット 拡張パック「変幻の仮面」ボックス(3) || 567442:【シュリンクなし】 ポケモンカードゲーム スカーレット&バイオレット 拡張パック「変幻の仮面」ボックス(1) || 224650:ポケモンカードゲーム スカーレット&バイオレット 拡張パック「変幻の仮面」パック(0),型番なし・名前で一致
ナンジャモ 096/071,確定,ナンジャモ SAR [SV2D 096/071],120748,仕入れ管理シート・商品ごとの不足数・在庫管理・管理画面,15,120748:ナンジャモ SAR [SV2D 096/071](4) || 96641:野盗三姉妹 HR [S10a 096/071](-4) || 120842:ピーニャ SAR [SV2P 096/071](-4) || 186437:ビワ SAR [SV5K 096/071](-4),
ブラッキーV 085/069,確定,ブラッキーV SR: SA [S6a 085/069],91176,仕入れ管理シート・商品ごとの不足数・在庫管理・管理画面,15,91176:ブラッキーV SR: SA [S6a 085/069](4),
ミュウex [SV4a 347/190],確定,ミュウex SAR [SV4a 347/190],164250,管理画面,15,164250:ミュウex SAR [SV4a 347/190](6),
25thアニバーサリーゴールデンボックス(1BOX),確定,ポケモンカードゲーム 25th アニバーサリー ゴールデンボックス,15595,管理画面,14,15595:ポケモンカードゲーム 25th アニバーサリー ゴールデンボックス(3),型番なし・当たる商品が1つだけ
ONE PIECE CARD THE BEST vol.2(1BOX),確定,ワンピースカードゲーム プレミアムブースター「ONE PIECE CARD THE BEST vol.2」ボックス,548907,管理画面,14,548907:ワンピースカードゲーム プレミアムブースター「ONE PIECE CARD THE BEST vol.2」ボックス(3) || 650017:ドン!!カード: しらほし パラレル (プレミアムブースター「ONE PIECE CARD THE BEST vol.2」)(0) || 650029:ドン!!カード: ナミ パラレル (プレミアムブースター「ONE PIECE CARD THE BEST vol.2」)(0) || 650054:ドン!!カード: マルコ スーパーパラレル (プレミアムブースター「ONE PIECE CARD THE BEST vol.2」)(0),型番なし・名前で一致
ONE PIECE CARD THE BEST(1BOX),確定,ワンピースカードゲーム プレミアムブースター ワンピース カード ザ ベスト ボックス,216885,仕入れ管理シート・在庫管理・管理画面,14,,人が選んだ（overrides）
エッグヘッドクライシス(1BOX),確定,ワンピースカードゲーム エクストラブースター「エッグヘッドクライシス」ボックス,751287,管理画面,14,751287:ワンピースカードゲーム エクストラブースター「エッグヘッドクライシス」ボックス(3) || 756977:ドン!!カード: エッグヘッド (エクストラブースター「エッグヘッドクライシス」)(0) || 756978:ドン!!カード: エッグヘッド スーパーパラレル (エクストラブースター「エッグヘッドクライシス」)(0) || 751288:ワンピースカードゲーム エクストラブースター「エッグヘッドクライシス」パック(0),型番なし・名前で一致
カオス・オリジンズ(1BOX),確定,遊戯王OCG デュエルモンスターズ 基本パック「カオス・オリジンズ」日本版 ボックス,859067,仕入れ管理シート・商品ごとの不足数・在庫管理・管理画面,14,,人が選んだ（overrides）
ヒロインズエディション(1BOX),確定,ワンピースカードゲーム エクストラブースター「ワンピース ヒロインズエディション」ボックス,691521,管理画面,14,691521:ワンピースカードゲーム エクストラブースター「ワンピース ヒロインズエディション」ボックス(3) || 710442:ドン!!カード: ナミ スーパーパラレル (エクストラブースター「ワンピース ヒロインズエディション」)(0) || 710441:ドン!!カード: ナミ (エクストラブースター「ワンピース ヒロインズエディション」)(0) || 715020:ドン!!カード: ウタ スーパーパラレル (エクストラブースター「ワンピース ヒロインズエディション」)(0),型番なし・名前で一致
ビヨンド・ザ・ブレイブ(1BOX),確定,遊戯王OCG デュエルモンスターズ 基本パック「ビヨンド・ザ・ブレイブ」日本版 ボックス,855165,仕入れ管理シート・商品ごとの不足数・在庫管理・管理画面,14,855165:遊戯王OCG デュエルモンスターズ 基本パック「ビヨンド・ザ・ブレイブ」日本版 ボックス(3) || 855166:遊戯王OCG デュエルモンスターズ 基本パック「ビヨンド・ザ・ブレイブ」日本版 パック(0) || 855167:遊戯王OCG デュエルモンスターズ 基本パック「ビヨンド・ザ・ブレイブ +1エクスパンションパック」日本版 パック(0),型番なし・名前で一致
ブラックボルトデラックス(1BOX),確定,ポケモンカードゲーム スカーレット&バイオレット 拡張パックデラックス「ブラックボルト」ボックス,584774,管理画面,14,,人が選んだ（overrides）
ホワイトフレアデラックス(1BOX),確定,ポケモンカードゲーム スカーレット&バイオレット 拡張パックデラックス「ホワイトフレア」ボックス,584776,管理画面,14,,人が選んだ（overrides）
リミットオーバーコレクション ザ ヒーローズ(1BOX),確定,遊戯王OCG デュエルモンスターズ リミットオーバーコレクション ザ ヒーローズ 日本版 ボックス,764411,仕入れ管理シート・商品ごとの不足数・在庫管理・管理画面,14,764411:遊戯王OCG デュエルモンスターズ リミットオーバーコレクション ザ ヒーローズ 日本版 ボックス(3) || 764412:遊戯王OCG デュエルモンスターズ リミットオーバーコレクション ザ ヒーローズ 日本版 パック(0),型番なし・名前で一致
リミットオーバーコレクション ザ ライバルズ(1BOX),確定,遊戯王OCG デュエルモンスターズ リミットオーバーコレクション ザ ライバルズ 日本版 ボックス,764413,管理画面,14,764413:遊戯王OCG デュエルモンスターズ リミットオーバーコレクション ザ ライバルズ 日本版 ボックス(3) || 764414:遊戯王OCG デュエルモンスターズ リミットオーバーコレクション ザ ライバルズ 日本版 パック(0),型番なし・名前で一致
新たなる皇帝(1BOX),確定,ワンピースカードゲーム ブースターパック「新たなる皇帝」ボックス,299926,仕入れ管理シート・商品ごとの不足数・在庫管理・管理画面,14,299926:ワンピースカードゲーム ブースターパック「新たなる皇帝」ボックス(3) || 372024:ドン!!カード: シャンクス (ブースターパック「新たなる皇帝」)(0) || 299927:ワンピースカードゲーム ブースターパック「新たなる皇帝」パック(0) || 471539:ワンピースカードゲーム ブースターパック「新たなる皇帝」 英語版 ボックス(-2),型番なし・名前で一致
神速の拳(1BOX),確定,ワンピースカードゲーム ブースターパック「神速の拳」ボックス,498158,管理画面,14,498158:ワンピースカードゲーム ブースターパック「神速の拳」ボックス(3) || 498159:ワンピースカードゲーム ブースターパック「神速の拳」パック(0) || 545089:ワンピースカードゲーム 英語版 ブースターパック「神速の拳」ボックス(-2) || 545090:ワンピースカードゲーム 英語版 ブースターパック「神速の拳」パック(-5),型番なし・名前で一致
蒼海の七傑(1BOX),確定,ワンピースカードゲーム ブースターパック「蒼海の七傑」 ボックス,725356,管理画面,14,725356:ワンピースカードゲーム ブースターパック「蒼海の七傑」 ボックス(3) || 730301:ドン!!カード: ジュラキュール・ミホーク スーパーパラレル (ブースターパック「蒼海の七傑」)(0) || 730300:ドン!!カード: ジュラキュール・ミホーク (ブースターパック「蒼海の七傑」)(0) || 725357:ワンピースカードゲーム ブースターパック「蒼海の七傑」パック(0),型番なし・名前で一致
ルギアV SR:SA [s12 110/098],確定,ルギアV SR: SA [s12 110/098],100567,管理画面,13,100567:ルギアV SR: SA [s12 110/098](4) || 568317:ガルーラ AR [SV10 110/098](-7),
PT交換専用カード(ログボ),対象外,,,管理画面,12,,ポイント交換・演出（発送しない）
ジージーエンド(1BOX),確定,ポケモンカードゲーム サン&ムーン 強化拡張パック ジージーエンド ボックス,12896,仕入れ管理シート・商品ごとの不足数・在庫管理・管理画面,12,12896:ポケモンカードゲーム サン&ムーン 強化拡張パック ジージーエンド ボックス(3) || 88179:ポケモンカードゲーム サン&ムーン 強化拡張パック ジージーエンド パック(0),型番なし・名前で一致
ゼイユ 130/101,確定,ゼイユ SAR [SV6 130/101],255643,仕入れ管理シート・商品ごとの不足数・在庫管理・管理画面,12,255643:ゼイユ SAR [SV6 130/101](4),
ブラッキー: プロモ (ナガバブラッキー) [SV-P 067],確定,ブラッキー: プロモ (ナガバブラッキー) [SV-P 067],122059,管理画面,12,122059:ブラッキー: プロモ (ナガバブラッキー) [SV-P 067](5),
ホワイトフレア(1BOX),確定,ポケモンカードゲーム スカーレット&バイオレット 拡張パック「ホワイトフレア」ボックス,584772,仕入れ管理シート・商品ごとの不足数・管理画面,12,584772:ポケモンカードゲーム スカーレット&バイオレット 拡張パック「ホワイトフレア」ボックス(3) || 584776:ポケモンカードゲーム スカーレット&バイオレット 拡張パックデラックス「ホワイトフレア」ボックス(1) || 586841:【シュリンクなし】 ポケモンカードゲーム スカーレット&バイオレット 拡張パック「ホワイトフレア」ボックス(1) || 584773:ポケモンカードゲーム スカーレット&バイオレット 拡張パック「ホワイトフレア」パック(0),型番なし・名前で一致
マリィ(s4a 198/190),確定,マリィ SR (シャイニーマリィ) [S4a 198/190],91190,仕入れ管理シート・商品ごとの不足数・在庫管理・管理画面,12,91190:マリィ SR (シャイニーマリィ) [S4a 198/190](6) || 428838:マリィ SR: 25thホロ [198/190](1) || 164623:クヌギダマ S [SV4a 198/190](-7),
ゲッコウガ&ゾロアークGX(SM9a 059/055),確定,ゲッコウガ&ゾロアークGX SR: SA [SM9a 059/055],104636,仕入れ管理シート・商品ごとの不足数・在庫管理・管理画面,11,104636:ゲッコウガ&ゾロアークGX SR: SA [SM9a 059/055](6),
ピカチュウ C: マスターボールミラー (マスボピカチュウ) [SV2a 025/165],確定,ピカチュウ C: マスターボールミラー (マスボピカチュウ) [SV2a 025/165],128147,管理画面,11,128147:ピカチュウ C: マスターボールミラー (マスボピカチュウ) [SV2a 025/165](6) || 127809:ピカチュウ C: モンスターボールミラー [SV2a 025/165](0) || 127808:ピカチュウ C [SV2a 025/165](-2),
メガゲッコウガex SAR [M4 114/083],確定,メガゲッコウガex SAR [M4 114/083],776365,管理画面,11,776365:メガゲッコウガex SAR [M4 114/083](7),
強化拡張パック『ポケモンカード151』(SV2a)【未開封BOX】{-} [未開封BOX],確定,ポケモンカードゲーム スカーレット&バイオレット 強化拡張パック「ポケモンカード151」ボックス,118914,仕入れ管理シート・仕入れ管理シートF列・商品ごとの不足数・管理画面,11,118914:ポケモンカードゲーム スカーレット&バイオレット 強化拡張パック「ポケモンカード151」ボックス(3) || 567433:【シュリンクなし】 ポケモンカードゲーム スカーレット&バイオレット 強化拡張パック「ポケモンカード151」ボックス(1) || 118915:ポケモンカードゲーム スカーレット&バイオレット 強化拡張パック 「ポケモンカード151」 パック (151)(0),型番なし・名前で一致
カスミのおねがい 104/094,確定,カスミのおねがい SR [SM11 104/094],93094,仕入れ管理シート・商品ごとの不足数・在庫管理・管理画面,10,93094:カスミのおねがい SR [SM11 104/094](4) || 105368:ジガルデGX HR [SM6 104/094](-4),
グレイシアVMAX HR [S6a 091/069],確定,グレイシアVMAX HR: SA [S6a 091/069],93024,仕入れ管理シート・仕入れ管理シートF列・商品ごとの不足数・在庫管理・管理画面,10,93024:グレイシアVMAX HR: SA [S6a 091/069](5),
ニンフィアV 083/069,確定,ニンフィアV SR: SA [S6a 083/069],91177,管理画面,10,91177:ニンフィアV SR: SA [S6a 083/069](4),
ピカチュウ 205/172,確定,ピカチュウ AR [s12a 205/172],105553,管理画面,10,105553:ピカチュウ AR [s12a 205/172](4),
マリィのプライド 419/414,確定,マリィのプライド [SI 419/414],91150,管理画面,10,91150:マリィのプライド [SI 419/414](4),
ミモザ(SV1V 100/078),確定,ミモザ SR [SV1V 100/078],110910,管理画面,10,110910:ミモザ SR [SV1V 100/078](6) || 110948:ボタン SR [SV1S 100/078](-7),
メガズルズキンex(M2a 231/193),確定,メガズルズキンex MA [M2a 231/193],730953,仕入れ管理シート・商品ごとの不足数・在庫管理・管理画面,10,730953:メガズルズキンex MA [M2a 231/193](6) || 744299:メガズルズキンex MA: 中国語箔押しエラー [M2a 231/193](-3),
ロケット団のミュウツーex(m2a 237/193),確定,ロケット団のミュウツーex SAR [M2a 237/193],730958,在庫管理・管理画面,10,730958:ロケット団のミュウツーex SAR [M2a 237/193](6),
ロロノア・ゾロ R-SPC [PRB02-006],確定,ロロノア・ゾロ R-SPC [PRB02-006],751310,管理画面,10,751310:ロロノア・ゾロ R-SPC [PRB02-006](7) || 751081:ロロノア・ゾロ R-SPC [PRB02-006]【英語版】(4) || 653491:ロロノア・ゾロ R [PRB02-006](プレミアムブースター「ONE PIECE CARD THE BEST vol.2」)(1) || 656335:ロロノア・ゾロ R-P [PRB02-006](1),
Nのゾロアークex(sv9 131/100),確定,Nのゾロアークex UR [SV9 131/100],506160,管理画面,9,506160:Nのゾロアークex UR [SV9 131/100](6) || 524253:Nのゾロアークex: エラー版 UR [SV9 131/100](1),
PT交換専用カード 1PT,対象外,,,管理画面,9,,ポイント交換・演出（発送しない）
iPhone 17 Pro 256GB(カラーランダム),確定,iPhone 17 Pro 256GB(カラーランダム),,仕入れ管理シート・商品ごとの不足数・在庫管理・管理画面,9,,スニダン外の商品（mintore_non_snkr.csv）
かんこうきゃく [SM12a 192/173],確定,かんこうきゃく SR [SM12a 192/173],91269,管理画面,9,91269:かんこうきゃく SR [SM12a 192/173](6),
なにかのPSA10 29000pt,確定,"なにかのPSA10 29,000PT",,管理画面,9,,なにかの〜・福袋（書き方の決まりで揃えた）
なにかのパック×5,確定,なにかのパック×5,,仕入れ管理シート・仕入れ管理シートF列・商品ごとの不足数・管理画面,9,,なにかの〜・福袋（書き方の決まりで揃えた）
イーブイ(s8b 210/184),確定,イーブイ CHR [s8b 210/184],126673,管理画面,9,126673:イーブイ CHR [s8b 210/184](6),
シロナのガブリアスex【SAR】{087/063} [SV9a],確定,シロナのガブリアスex SAR [SV9a 087/063],538636,仕入れ管理シート・仕入れ管理シートF列・商品ごとの不足数・管理画面,9,538636:シロナのガブリアスex SAR [SV9a 087/063](7) || 657363:メガフシギバナex SAR [M1L 087/063](-6) || 657365:メガサーナイトex SAR [M1S 087/063](-6),
ピカチュウ(073/071 CHR),確定,ピカチュウ CHR [S10a 073/071],96667,管理画面,9,96667:ピカチュウ CHR [S10a 073/071](5) || 96755:ミュウツーV SR [S10b 073/071](-5) || 120730:ヒノヤコマ AR [SV2D 073/071](-5) || 120823:マリル AR [SV2P 073/071](-5),
ピカチュウVMAX(s4 031/100),確定,ピカチュウVMAX RRR [s4 031/100],144983,管理画面,9,144983:ピカチュウVMAX RRR [s4 031/100](6) || 136972:シズクモ C [S11 031/100](-7) || 139774:マナフィ U [S9 031/100](-7) || 141328:エレザード C [s8 031/100](-7),
ブラッキーVMAX(s8b 245/184),確定,ブラッキーVMAX CSR [S8b 245/184],96729,仕入れ管理シート・商品ごとの不足数・在庫管理・管理画面,9,96729:ブラッキーVMAX CSR [S8b 245/184](6),
マリィ [068/060],確定,マリィ SR [S1H 068/060],91206,在庫管理・管理画面,9,91206:マリィ SR [S1H 068/060](4) || 91369:エーフィGX HR [SM1S 068/060](-4) || 93116:ルナアーラGX HR [SM1M 068/060](-4) || 122006:ビート SR [S1W 068/060](-4),
ミュウV 106/100,確定,ミュウV SR: SA [S8 106/100],91163,管理画面,9,91163:ミュウV SR: SA [S8 106/100](4) || 93378:プテラV SR: SA [S11 106/100](-4) || 102310:ムゲンダイナV SR [S3 106/100](-4) || 139845:ライチュウV SR [S9 106/100](-4),
ミュウツーEX(s8a-P 022),確定,ミュウツーEX: プロモ [S8a-P 022/025],98532,仕入れ管理シート・商品ごとの不足数・在庫管理・管理画面,9,98532:ミュウツーEX: プロモ [S8a-P 022/025](4),
リザードンVMAX 308/190,確定,リザードンVMAX SSR [S4a 308/190],91191,在庫管理・管理画面,9,91191:リザードンVMAX SSR [S4a 308/190](4) || 164691:ドードリオ S [SV4a 308/190](-4),
リザードンex(sv3 139/108),確定,リザードンex UR [SV3 139/108],132284,在庫管理・管理画面,9,132284:リザードンex UR [SV3 139/108](6),
レシラムex【BWR】{174/086} [SV11W],確定,レシラムex BWR [SV11W 174/086],585221,管理画面,9,585221:レシラムex BWR [SV11W 174/086](7) || 585213:ゼクロムex BWR [SV11B 174/086](-6),
世界最強の戦士(1BOX),確定,ワンピースカードゲーム ブースターパック「世界最強の戦士」ボックス,864495,仕入れ管理シート・管理画面,9,,人が選んだ（overrides）
_のピカチュウ: プロモ (お誕生日ピカチュウ) [S8a-P 007/025],確定,_のピカチュウ: プロモ (お誕生日ピカチュウ) [S8a-P 007/025],93015,管理画面,8,93015:_のピカチュウ: プロモ (お誕生日ピカチュウ) [S8a-P 007/025](5) || 731192:_のピカチュウ: プロモ (お誕生日ピカチュウ) [S8a-P 007/025]【タイ語版】(2),
こくばバドレックスVMAX HR [S6K 086/070],確定,こくばバドレックスVMAX HR: SA [S6K 086/070],91182,管理画面,8,91182:こくばバドレックスVMAX HR: SA [S6K 086/070](5) || 99576:コルニの気合い HR [S5R 086/070](-6) || 141805:サダイジャVMAX HR [s6H 086/070](-6) || 144221:シバ HR [s5I 086/070](-6),
なにかのパック,確定,なにかのパック×1,,仕入れ管理シート・仕入れ管理シートF列・商品ごとの不足数・在庫管理・管理画面,8,,なにかの〜・福袋（書き方の決まりで揃えた）
なみのりピカチュウV RR[s8a 021/028],確定,なみのりピカチュウV RR [s8a 021/028],141443,管理画面,8,141443:なみのりピカチュウV RR [s8a 021/028](6) || 326943:ポケギア3.0 [SJ 021/028](-7),
エリカのおもてなし [SM12a 190/173],確定,エリカのおもてなし SR [SM12a 190/173],93089,管理画面,8,93089:エリカのおもてなし SR [SM12a 190/173](6),
エーフィVMAX: SA/ [S-P 189],確定,エーフィVMAX: SA/プロモ [S-P 189],93004,管理画面,8,93004:エーフィVMAX: SA/プロモ [S-P 189](4),
カイリューV SR [S7R 074/067],確定,カイリューV SR: SA [S7R 074/067],91166,管理画面,8,91166:カイリューV SR: SA [S7R 074/067](5) || 96740:オリジンディアルガV SR [S10D 074/067](-6) || 139585:ヒスイオオニューラV SR [s10P 074/067](-6) || 139713:ビリジオンV SR [s9a 074/067](-6),
カビゴン(sv2a 181/165),確定,カビゴン AR [SV2a 181/165],128097,管理画面,8,128097:カビゴン AR [SV2a 181/165](6),
コダック(M2a 199/193),確定,コダック AR [M2a 199/193],729387,管理画面,8,729387:コダック AR [M2a 199/193](6),
シャワーズ マスターボールミラー(SV8a 030/187),確定,シャワーズ: マスターボールミラー [SV8a 030/187],471586,管理画面,8,471586:シャワーズ: マスターボールミラー [SV8a 030/187](8) || 466308:シャワーズ: モンスターボールミラー [SV8a 030/187](0) || 434885:シャワーズ [SV8a 030/187](-2),
シャワーズV 075/069,確定,シャワーズV SR: SA [S6a 075/069],91172,管理画面,8,91172:シャワーズV SR: SA [S6a 075/069](4) || 91624:アーケオス UR: 1ED [BW4 075/069](-4),
ジュラキュール・ミホーク SEC-SP (コミパラ) [OP14-119],確定,ジュラキュール・ミホーク SEC-SP (コミパラ) [OP14-119],728159,管理画面,8,728159:ジュラキュール・ミホーク SEC-SP (コミパラ) [OP14-119](7) || 751068:ジュラキュール・ミホーク SEC-SP (コミパラ) [OP14-119]【英語版】(4) || 727673:ジュラキュール・ミホーク SEC [OP14-119](1) || 728158:ジュラキュール・ミホーク SEC-P [OP14-119](1),
ゼクロム(s8a-P 021),確定,ゼクロム: プロモ [S8a-P 021/025],98530,仕入れ管理シート・商品ごとの不足数・在庫管理・管理画面,8,98530:ゼクロム: プロモ [S8a-P 021/025](4),
ゼクロムex [SV11B 174/086],確定,ゼクロムex BWR [SV11B 174/086],585213,管理画面,8,585213:ゼクロムex BWR [SV11B 174/086](6) || 585221:レシラムex BWR [SV11W 174/086](-7),
ゼニガメ(sv2a 170/165),確定,ゼニガメ AR [SV2a 170/165],128086,管理画面,8,128086:ゼニガメ AR [SV2a 170/165](6),
トウホクのピカチュウ 260/SV-P,確定,トウホクのピカチュウ P [SV-P 260],618445,管理画面,8,618445:トウホクのピカチュウ P [SV-P 260](4),
ビクティニ [SV-P 288],確定,ビクティニ P [SV-P 288],585230,管理画面,8,585230:ビクティニ P [SV-P 288](4),
ピカチュウ RR :1ED [CP3 010/032],確定,ピカチュウ RR: 1ED [CP3 010/032],91489,仕入れ管理シート・商品ごとの不足数・在庫管理・管理画面,8,91489:ピカチュウ RR: 1ED [CP3 010/032](8) || 115272:スイクンex [CLK 010/032](-7) || 147492:イワーク [CLF 010/032](-7) || 147493:ビリリダマ [CLL 010/032](-7),
ピカチュウ(208/S-P),確定,ピカチュウ: プロモ [S-P 208],106796,管理画面,8,106796:ピカチュウ: プロモ [S-P 208](4),
ピカチュウ(SV-P 001),確定,ピカチュウ: プロモ [001/SV-P],104784,在庫管理・管理画面,8,104784:ピカチュウ: プロモ [001/SV-P](4),
ピカチュウex 001/030,確定,ピカチュウex [WCS23 001/030],131236,仕入れ管理シート・商品ごとの不足数・在庫管理・管理画面,8,131236:ピカチュウex [WCS23 001/030](4) || 325078:リザードンV [SO 001/030](-4) || 326652:チェリンボ [SK 001/030](-4),
ピカチュウex 236/187,確定,ピカチュウex UR [SV8a 236/187],469638,管理画面,8,469638:ピカチュウex UR [SV8a 236/187](4),
ピカチュウex SAR仕様 [MC 764/742],確定,ピカチュウex SAR仕様 [MC 764/742],737036,管理画面,8,737036:ピカチュウex SAR仕様 [MC 764/742](4),
ブラッキー 012/025,確定,ブラッキー☆: プロモ [S8a-P 012/025],91160,仕入れ管理シート・商品ごとの不足数・在庫管理・管理画面,8,91160:ブラッキー☆: プロモ [S8a-P 012/025](4),
ブラッキーV(s8b 244/184),確定,ブラッキーV CSR [S8b 244/184],96673,仕入れ管理シート・商品ごとの不足数・在庫管理・管理画面,8,96673:ブラッキーV CSR [S8b 244/184](6),
ポケモンカード151(1BOX),確定,ポケモンカードゲーム スカーレット&バイオレット 強化拡張パック「ポケモンカード151」ボックス,118914,仕入れ管理シートF列・管理画面,8,118914:ポケモンカードゲーム スカーレット&バイオレット 強化拡張パック「ポケモンカード151」ボックス(3) || 567433:【シュリンクなし】 ポケモンカードゲーム スカーレット&バイオレット 強化拡張パック「ポケモンカード151」ボックス(1) || 118915:ポケモンカードゲーム スカーレット&バイオレット 強化拡張パック 「ポケモンカード151」 パック (151)(0),型番なし・名前で一致
ミュウex 205/165,確定,ミュウex SAR [SV2a 205/165],128121,管理画面,8,128121:ミュウex SAR [SV2a 205/165](4),
メガカイリューex246/193,確定,メガカイリューex SAR [M2a 246/193],730964,管理画面,8,730964:メガカイリューex SAR [M2a 246/193](4),
メガゲンガーex [M2a 240/193],確定,メガゲンガーex SAR [M2a 240/193],724996,管理画面,8,724996:メガゲンガーex SAR [M2a 240/193](6),
リザードンV(s9 103/100),確定,リザードンV SR: SA [S9 103/100],91147,仕入れ管理シート・商品ごとの不足数・在庫管理・管理画面,8,91147:リザードンV SR: SA [S9 103/100](6) || 137044:ロトムV SR [S11 103/100](-7) || 141399:ケケンカニV SR [s8 103/100](-7) || 145054:ガラルヒヒダルマV SR [s4 103/100](-7),
ルチア(104/096 SR),確定,ルチア SR [SM7 104/096],91302,管理画面,8,91302:ルチア SR [SM7 104/096](5) || 145432:ダイオウドウV SR [S2 104/096](-3) || 108481:MヘラクロスEX UR: 1ED [XY3 104/096](-4) || 390404:MヘラクロスEX UR [XY3 104/096](-5),
レシラム&ゼクロムGX 064/049,確定,レシラム&ゼクロムGX (N) SR: SA [SM11b 064/049],91280,仕入れ管理シートF列・在庫管理・管理画面,8,91280:レシラム&ゼクロムGX (N) SR: SA [SM11b 064/049](2) || 93109:こだわりハチマキ UR [SM2+ 064/049](-4),
レシラム&ゼクロムGX(SM11b 064/049),確定,レシラム&ゼクロムGX (N) SR: SA [SM11b 064/049],91280,仕入れ管理シート・仕入れ管理シートF列・商品ごとの不足数・管理画面,8,91280:レシラム&ゼクロムGX (N) SR: SA [SM11b 064/049](4) || 93109:こだわりハチマキ UR [SM2+ 064/049](-7),
ロケット団のニドキングex(sv10 126/098),確定,ロケット団のニドキングex SAR [SV10 126/098],568324,管理画面,8,568324:ロケット団のニドキングex SAR [SV10 126/098](6),
ロケット団のミミッキュ AR(M2a 205/193),確定,ロケット団のミミッキュ AR [M2a 205/193],730942,管理画面,8,730942:ロケット団のミミッキュ AR [M2a 205/193](6),
iPhone 18 Pro 256GB(カラーランダム),確定,iPhone 18 Pro 256GB(カラーランダム),,管理画面,7,,スニダン外の商品（mintore_non_snkr.csv）
なにかのPSA10 87000pt,確定,"なにかのPSA10 87,000PT",,管理画面,7,,なにかの〜・福袋（書き方の決まりで揃えた）
ギラティナV SR [S11 111/100],確定,ギラティナV SR: SA [S11 111/100],93379,管理画面,7,93379:ギラティナV SR: SA [S11 111/100](5) || 91196:ルリナ SR [S4 111/100](-6) || 96572:アルセウスV SR [S9 111/100](-6) || 96578:ヨクバリスV SR: SA [S8 111/100](-8),
ゲッコウガex 090/066,確定,ゲッコウガex SAR [SV5a 090/066],224087,管理画面,7,224087:ゲッコウガex SAR [SV5a 090/066](4) || 146997:チルタリスex SAR [SV4M 090/066](拡張パック「未来の一閃」) PARADOX RIFT(-4) || 148947:トドロクツキex SAR (ツキSAR) [SV4K 090/066](拡張パック「古代の咆哮」) PARADOX RIFT(-4),
ゲンガーVMAX [020/019],確定,ゲンガーVMAX: SA [SGG 020/019],91178,管理画面,7,91178:ゲンガーVMAX: SA [SGG 020/019](4) || 509405:マリィのモルペコ [SVOM 020/019](-4) || 866312:イーブイ AR仕様 [MEE 020/019](-4) || 866332:ゾロア AR仕様 [MEZ 020/019](-4),
シブヤのピカチュウ [S-P 002],確定,シブヤのピカチュウ: プロモ [S-P 002],91127,管理画面,7,91127:シブヤのピカチュウ: プロモ [S-P 002](4),
ジュラキュール・ミホーク [OP01-070],確定,ジュラキュール・ミホーク SR [OP01-070](ブースターパックロマンスドーン),103293,管理画面,7,103293:ジュラキュール・ミホーク SR [OP01-070](ブースターパックロマンスドーン)(4) || 328417:ジュラキュール・ミホーク SR [OP01-070](プレミアムブースター「ONE PIECE CARD THE BEST」)(4) || 93515:ジュラキュール・ミホーク SR-P [OP01-070](ブースターパック ロマンスドーン)(2) || 328418:ジュラキュール・ミホーク SR-P [OP01-070](プレミアムブースター「ONE PIECE CARD THE BEST」)(2),再録と同点→初出の弾（手書きに収録の指定なし）
スカイレジェンド(1BOX),確定,ポケモンカードゲーム サン&ムーン 強化拡張パック スカイレジェンド ボックス,12895,管理画面,7,12895:ポケモンカードゲーム サン&ムーン 強化拡張パック スカイレジェンド ボックス(3) || 88198:ポケモンカードゲーム サン&ムーン 強化拡張パック スカイレジェンド パック(0),型番なし・名前で一致
ニンフィアVMAX HR [S6a 093/069],確定,ニンフィアVMAX HR: SA [S6a 093/069],93022,管理画面,7,93022:ニンフィアVMAX HR: SA [S6a 093/069](5),
ピカチュウVMAX [S8a-G 006/015],確定,ピカチュウVMAX [S8a-G 006/015],95723,管理画面,7,95723:ピカチュウVMAX [S8a-G 006/015](4) || 109953:伝承のルカリオex [PCG-MR 006/015](-4) || 409673:ヘルガー [SZD 006/015](-4) || 409689:ガバイト [GBR 006/015](-4),
ピカチュウex234/193,確定,ピカチュウex SAR [M2a 234/193],730956,仕入れ管理シート・商品ごとの不足数・在庫管理・管理画面,7,730956:ピカチュウex SAR [M2a 234/193](4),
ブラッキーex [SV8a 217/187],確定,ブラッキーex SAR [SV8a 217/187],455596,管理画面,7,455596:ブラッキーex SAR [SV8a 217/187](6) || 535519:ブラッキーex SAR [SV8aF 217/187]【中国語版】(-5),
ブースターV(073/069 SR)[SA],確定,ブースターV SR: SA [S6a 073/069],91171,管理画面,7,91171:ブースターV SR: SA [S6a 073/069](3) || 108812:トルネロスEX SR: 1ED [BW4 073/069](-4),
ポケモンセンターフクオカ(1BOX),確定,ポケモンカードゲーム スカーレット&バイオレット スペシャルBOX「ポケモンセンターフクオカ」,618444,管理画面,7,618444:ポケモンカードゲーム スカーレット&バイオレット スペシャルBOX「ポケモンセンターフクオカ」(1),型番なし・当たる商品が1つだけ
ミュウ(25th) 030/028,確定,ミュウ ふしぎなしっぽ UR [S8a 030/028],91161,在庫管理・管理画面,7,91161:ミュウ ふしぎなしっぽ UR [S8a 030/028](2) || 100083:ザマゼンタV: 色違い [SJ 030/028](-4) || 326952:ザマゼンタV [SJ 030/028](-4),
モンキー・D・ルフィ [OP09-061],確定,モンキー・D・ルフィ L [OP09-061](ブースターパック「新たなる皇帝」),349446,管理画面,7,349446:モンキー・D・ルフィ L [OP09-061](ブースターパック「新たなる皇帝」)(4) || 594480:モンキー・D・ルフィ L [OP09-061](スタートデッキ「紫黒 モンキー・D・ルフィ」)(4) || 744853:モンキー・D・ルフィ L [OP09-061](アニバーサリーセット「イングリッシュ 2nd アニバーサリーセット 日本語版」)(4) || 349447:モンキー・D・ルフィ L-P [OP09-061](2),再録と同点→初出の弾（手書きに収録の指定なし）
リザードン&テールナーGX SR [SM11a 068/064],確定,リザードン&テールナーGX SR: SA [SM11a 068/064],91281,管理画面,7,91281:リザードン&テールナーGX SR: SA [SM11a 068/064](5) || 277252:ヨマワル AR [SV6a 068/064](-8) || 380939:ハギギシリ AR [SV7a 068/064](-8),
リザードンV SR SA [S9 103/100],確定,リザードンV SR: SA [S9 103/100],91147,管理画面,7,91147:リザードンV SR: SA [S9 103/100](5) || 137044:ロトムV SR [S11 103/100](-6) || 141399:ケケンカニV SR [s8 103/100](-6) || 145054:ガラルヒヒダルマV SR [s4 103/100](-6),
リザードンVSTAR 212/172,確定,リザードンVSTAR SAR [s12a 212/172],103079,管理画面,7,103079:リザードンVSTAR SAR [s12a 212/172](2),
リザードンex 349/190,確定,リザードンex SAR [SV4a 349/190],162095,管理画面,7,162095:リザードンex SAR [SV4a 349/190](4),
リザードンex(331/190 SSR),確定,リザードンex SSR [SV4a 331/190],151753,在庫管理・管理画面,7,151753:リザードンex SSR [SV4a 331/190](5),
ルチア [SM7 104/096],確定,ルチア SR [SM7 104/096],91302,管理画面,7,91302:ルチア SR [SM7 104/096](6) || 108481:MヘラクロスEX UR: 1ED [XY3 104/096](-7) || 145432:ダイオウドウV SR [S2 104/096](-7) || 390404:MヘラクロスEX UR [XY3 104/096](-7),
レッドのピカチュウ [SM-P 270],確定,レッドのピカチュウ: プロモ [SM-P 270],107447,管理画面,7,107447:レッドのピカチュウ: プロモ [SM-P 270](4),
仰天のボルテッカー(1BOX),確定,ポケモンカードゲーム ソード & シールド 拡張パック 仰天のボルテッカー ボックス,12879,仕入れ管理シート・管理画面,7,12879:ポケモンカードゲーム ソード & シールド 拡張パック 仰天のボルテッカー ボックス(3) || 88167:ポケモンカードゲーム ソード & シールド 拡張パック 仰天のボルテッカー パック(0) || 38020:ポケモンカードゲーム ソード&シールド キョダイパックセット 仰天のボルテッカー(-2) || 38681:ポケモンカードゲーム ソード&シールド 拡張パック 仰天のボルテッカー ポケモンセンター・ポケモンストアセット(-2),型番なし・名前で一致
25th アニバーサリー コレクション ボックス(1BOX),確定,ポケモンカードゲーム ソード&シールド 拡張パック 25th アニバーサリー コレクション ボックス,14025,管理画面,6,14025:ポケモンカードゲーム ソード&シールド 拡張パック 25th アニバーサリー コレクション ボックス(3) || 88176:ポケモンカードゲーム ソード&シールド 拡張パック 25th アニバーサリー コレクション パック(0) || 14026:ポケモンカードゲーム ソード&シールド 25th アニバーサリー コレクション スペシャルセット(-4),型番なし・名前で一致
30th CELEBRATION FUTURISTIC BOX,確定,ポケモンカードゲームMEGA 特別セット「30th CELEBRATION FUTURISTIC BOX」,881424,管理画面,6,,人が選んだ（overrides）
Pokemon GO(1BOX),確定,ポケモンカードゲーム ソード&シールド 強化拡張パック ポケモン GO ボックス (ポケGO),58920,管理画面,6,,人が選んだ（overrides）
かんこうきゃく(192/173 SR),確定,かんこうきゃく SR [SM12a 192/173],91269,管理画面,6,91269:かんこうきゃく SR [SM12a 192/173](5),
なにかのPSA10 145000pt,確定,"なにかのPSA10 145,000PT",,管理画面,6,,なにかの〜・福袋（書き方の決まりで揃えた）
なみのりピカチュウVMAX(022/028),確定,なみのりピカチュウVMAX RRR [s8a 022/028],141444,管理画面,6,141444:なみのりピカチュウVMAX RRR [s8a 022/028](4) || 326944:ポケモンいれかえ [SJ 022/028](-4),
アルセウスVSTAR 262/172,確定,アルセウスVSTAR UR [s12a 262/172],105530,管理画面,6,105530:アルセウスVSTAR UR [s12a 262/172](2),
イーブイ(210/184 CHR),確定,イーブイ CHR [s8b 210/184],126673,管理画面,6,126673:イーブイ CHR [s8b 210/184](5),
ウタ SEC-SP (コミパラ) [EB03-061],確定,ウタ SEC-SP (コミパラ) [EB03-061],714426,管理画面,6,714426:ウタ SEC-SP (コミパラ) [EB03-061](7) || 767897:ウタ SEC-SP (コミパラ) [EB03-061]【英語版】(4) || 713725:ウタ SEC [EB03-061](1) || 714427:ウタ SEC-P [EB03-061](1),
ウルトラサン(1BOX),確定,ポケモンカードゲーム サン&ムーン 拡張パック ウルトラサン ボックス,15437,仕入れ管理シート・商品ごとの不足数・在庫管理・管理画面,6,,人が選んだ（overrides）
エリカのおもてなし SR [190/173],確定,エリカのおもてなし SR [SM12a 190/173],93089,管理画面,6,93089:エリカのおもてなし SR [SM12a 190/173](5),
エーフィ(マスターボールミラー)【-】{062/187} [SV8a],確定,エーフィ: マスターボールミラー [SV8a 062/187],471609,管理画面,6,,人が選んだ（overrides）
エーフィVMAX S-P 189,確定,エーフィVMAX: SA/プロモ [S-P 189],93004,仕入れ管理シート・商品ごとの不足数・在庫管理・管理画面,6,93004:エーフィVMAX: SA/プロモ [S-P 189](2),
オルタージェネシス(1BOX),確定,ポケモンカードゲーム サン&ムーン 拡張パック オルタージェネシス ボックス,12900,管理画面,6,12900:ポケモンカードゲーム サン&ムーン 拡張パック オルタージェネシス ボックス(3) || 88183:ポケモンカードゲーム サン&ムーン 拡張パック オルタージェネシス パック(0) || 39877:ポケモンカードゲーム サン&ムーン 拡張パック オルタージェネシス ポケモンセンター限定セット(-2),型番なし・名前で一致
ゲンガー&ミミッキュGX(103/095 SR)[SA],確定,ゲンガー&ミミッキュGX SR: SA [SM9 103/095],93096,管理画面,6,93096:ゲンガー&ミミッキュGX SR: SA [SM9 103/095](3) || 335166:ザオボー SR [SM8 103/095](-3) || 339685:メガミミロップ&プリンGX SR [SM12 103/095](-3) || 393045:エルフーンGX SR [SM10 103/095](-3),
サボ SEC-SP (コミパラ) [OP13-120],確定,サボ SEC-SP (コミパラ) [OP13-120],676006,管理画面,6,676006:サボ SEC-SP (コミパラ) [OP13-120](7) || 718402:サボ SEC-SP (コミパラ) [OP13-120]【英語版】(4) || 676026:サボ SEC-P [OP13-120](1) || 676007:サボ SEC-RSP (レッドコミパラ) [OP13-120](1),
シャンクス SEC-SP (コミパラ) [OP01-120],確定,シャンクス SEC-SP (コミパラ) [OP01-120](ブースターパック「ロマンスドーン」),93520,管理画面,6,93520:シャンクス SEC-SP (コミパラ) [OP01-120](ブースターパック「ロマンスドーン」)(7) || 332159:シャンクス SEC-SP (コミパラ) [OP01-120](プレミアムブースター「ONE PIECE CARD THE BEST」)(7) || 197947:シャンクス SEC-SP (コミパラ) [OP01-120]【英語版】(ブースターパック「ロマンスドーン」)(4) || 441060:シャンクス SEC-SP (コミパラ) [OP01-120]【英語版】(プレミアムブースター「ONE PIECE CARD THE BEST」)(4),再録と同点→初出の弾（手書きに収録の指定なし）
シルバーズ･レイリー SEC-SP (コミパラ) [OP08-118],確定,シルバーズ･レイリー SEC-SP (コミパラ) [OP08-118],265745,管理画面,6,265745:シルバーズ･レイリー SEC-SP (コミパラ) [OP08-118](7) || 385082:シルバーズ･レイリー SEC-SP (コミパラ) [OP08-118]【英語版】(4) || 265744:シルバーズ･レイリー SEC-P [OP08-118](1) || 265743:シルバーズ･レイリー SEC [OP08-118](1),
シロナ 153/150,確定,シロナ SR [SM8b 153/150],91296,管理画面,6,91296:シロナ SR [SM8b 153/150](4),
シロナ [SM5M 070/066],確定,シロナ SR [SM5M 070/066],91317,管理画面,6,91317:シロナ SR [SM5M 070/066](6) || 91319:ナタネ SR [SM5S 070/066](-7) || 91638:ビクティニ SR: 1ED [BW2 070/066](-7) || 105352:ジュペッタGX SR [SM6b 070/066](-7),
シロナのガブリアス ex 087/063,確定,シロナのガブリアスex SAR [SV9a 087/063],538636,仕入れ管理シートF列・在庫管理・管理画面,6,538636:シロナのガブリアスex SAR [SV9a 087/063](4) || 657363:メガフシギバナex SAR [M1L 087/063](-4) || 657365:メガサーナイトex SAR [M1S 087/063](-4),
スノーハザード(1BOX),確定,ポケモンカードゲーム スカーレット&バイオレット 拡張パック 「スノーハザード」 ボックス(スノーハザード&クレイバースト),116897,仕入れ管理シート・商品ごとの不足数・在庫管理・管理画面,6,,人が選んだ（overrides）
ソルガレオ&ルナアーラGX[SA](063/049 SR),確定,ソルガレオ&ルナアーラGX (リーリエ) SR: SA (ソルルナGX) [SM11b 063/049],91279,仕入れ管理シート・仕入れ管理シートF列・商品ごとの不足数・在庫管理・管理画面,6,91279:ソルガレオ&ルナアーラGX (リーリエ) SR: SA (ソルルナGX) [SM11b 063/049](2) || 93108:ダークライGX HR [SM2+ 063/049](-5),
タッグオールスターズ(1BOX),確定,ポケモンカードゲーム サン&ムーン ハイクラスパック タッグチームGX タッグオールスターズ ボックス,12894,仕入れ管理シート・商品ごとの不足数・管理画面,6,12894:ポケモンカードゲーム サン&ムーン ハイクラスパック タッグチームGX タッグオールスターズ ボックス(3) || 88180:ポケモンカードゲーム サン&ムーン ハイクラスパック タッグチームGX タッグオールスターズ パック(0),型番なし・名前で一致
トウホクのピカチュウ P [SV-P 260],確定,トウホクのピカチュウ P [SV-P 260],618445,管理画面,6,618445:トウホクのピカチュウ P [SV-P 260](5),
トラファルガー・ロー SEC-SP (コミパラ) [OP10-119],確定,トラファルガー・ロー SEC-SP (コミパラ) [OP10-119],442287,管理画面,6,442287:トラファルガー・ロー SEC-SP (コミパラ) [OP10-119](7) || 563133:トラファルガー・ロー SEC-SP (コミパラ) [OP10-119]【英語版】(4) || 428670:トラファルガー・ロー SEC [OP10-119](1) || 442286:トラファルガー・ロー SEC-P [OP10-119](1),
ニンフィアex 212/187,確定,ニンフィアex SAR [SV8a 212/187],455595,在庫管理・管理画面,6,455595:ニンフィアex SAR [SV8a 212/187](4),
ピカチュウ [S-P 227],確定,ピカチュウ: プロモ [S-P 227],91118,管理画面,6,91118:ピカチュウ: プロモ [S-P 227](4),
ピカチュウ(マクドナルド)020/M-P,確定,ピカチュウ P [M-P 020],671486,管理画面,6,671486:ピカチュウ P [M-P 020](4),
ピカチュウV 001/015,確定,ピカチュウV ビニールなし [S8a-G 001/015],91155,管理画面,6,91155:ピカチュウV ビニールなし [S8a-G 001/015](2) || 95803:ピカチュウV ビニール未開封 [S8a-G 001/015](-1) || 409668:ロゼリア [SZD 001/015](-4) || 409684:コイキング [GBR 001/015](-4),
ピカチュウVMAX（バンザイピカチュウ）,確定,ピカチュウVMAX(バンザイピカチュウ): プロモ [S-P 123],91130,在庫管理・管理画面,6,91130:ピカチュウVMAX(バンザイピカチュウ): プロモ [S-P 123](3),型番なし・当たる商品が1つだけ
ブラッキーV 244/184,確定,ブラッキーV CSR [S8b 244/184],96673,管理画面,6,96673:ブラッキーV CSR [S8b 244/184](4),
ブラッキーVMAX 095/069,確定,ブラッキーVMAX HR: SA [S6a 095/069],93021,管理画面,6,93021:ブラッキーVMAX HR: SA [S6a 095/069](4),
ブルーの探索 061/054,確定,ブルーの探索 SR [SM9b 061/054],91288,管理画面,6,91288:ブルーの探索 SR [SM9b 061/054](4) || 393120:ギーマ SR [SM10a 061/054](-4) || 393178:かいじゅうマニア SR [SM10b 061/054](-4),
ボア・ハンコック SR-SPC [OP01-078],確定,ボア・ハンコック SR-SPC [OP01-078],126178,管理画面,6,126178:ボア・ハンコック SR-SPC [OP01-078](7) || 198483:ボア・ハンコック SR-SPC [OP01-078]【英語版】(4) || 93516:ボア・ハンコック SR-P [OP01-078](ブースターパック ロマンスドーン)(1) || 94889:ボア・ハンコック SR [OP01-078](ブースターパック ロマンスドーン)(1),
ポケモン151(1BOX),確定,ポケモンカードゲーム スカーレット&バイオレット 強化拡張パック「ポケモンカード151」ボックス,118914,仕入れ管理シートF列・管理画面,6,,人が選んだ（overrides）
ポケモンカードゲーム 25th アニバーサリー ゴールデンボックス,確定,ポケモンカードゲーム 25th アニバーサリー ゴールデンボックス,15595,管理画面,6,15595:ポケモンカードゲーム 25th アニバーサリー ゴールデンボックス(3),型番なし・当たる商品が1つだけ
ミス・オールサンデー SR-SPC [OP14-084],確定,ミス・オールサンデー SR-SPC [OP14-084],822582,管理画面,6,822582:ミス・オールサンデー SR-SPC [OP14-084](7) || 836399:ミス・オールサンデー SR-SPC [OP14-084]【英語版】(4) || 727638:ミス・オールサンデー SR [OP14-084](1) || 728149:ミス・オールサンデー SR-P [OP14-084](1),
ムサシとコジロウ 062/054,確定,ムサシとコジロウ SR [SM10b 062/054],104603,管理画面,6,104603:ムサシとコジロウ SR [SM10b 062/054](4) || 104616:コーチトレーナー SR [SM10a 062/054](-4) || 393299:マーレイン SR [SM9b 062/054](-4),
メイ [SM11b 067/049],確定,メイ SR [SM11b 067/049],91278,管理画面,6,91278:メイ SR [SM11b 067/049](6),
メガゲッコウガex [M4 120/083],確定,メガゲッコウガex MUR [M4 120/083],776371,管理画面,6,776371:メガゲッコウガex MUR [M4 120/083](6),
メガリザードンXex [M2 110/080],確定,メガリザードンXex SAR [M2 110/080],704401,管理画面,6,704401:メガリザードンXex SAR [M2 110/080](6) || 753317:ミアレシティ SR [M3 110/080](-7),
メガルカリオex [M1L 092/063],確定,メガルカリオex MUR [M1L 092/063],663638,管理画面,6,663638:メガルカリオex MUR [M1L 092/063](6) || 546120:ハッコウシティ UR [SV9a 092/063](-7) || 663661:メガサーナイトex MUR [M1S 092/063](-7),
モンキー・D・ルフィ SEC-SPC [OP09-119],確定,モンキー・D・ルフィ SEC-SPC [OP09-119],676017,管理画面,6,676017:モンキー・D・ルフィ SEC-SPC [OP09-119](7) || 718237:モンキー・D・ルフィ SEC-SPC [OP09-119]【英語版】(4) || 349474:モンキー・D・ルフィ SEC-P [OP09-119](1) || 349475:モンキー・D・ルフィ SEC-SP (コミパラ) [OP09-119](1),
リザードン R :1ED [CP6 011/087],確定,リザードン R: 1ED [CP6 011/087],91467,管理画面,6,91467:リザードン R: 1ED [CP6 011/087](8) || 91870:ウツボット ★: 1ED [e3 011/087](-5) || 91872:ウツボット ★ [e3 011/087](-7),
リーフィア(068/SV-P),確定,リーフィア: プロモ [SV-P 068],122060,管理画面,6,122060:リーフィア: プロモ [SV-P 068](4),
リーリエのピッピex 765/742,確定,リーリエのピッピex SAR仕様 [MC 765/742],742429,管理画面,6,742429:リーリエのピッピex SAR仕様 [MC 765/742](2),
リーリエの決心【SAR】{091/063} [M1L],確定,リーリエの決心 SAR [M1L 091/063],663637,管理画面,6,663637:リーリエの決心 SAR [M1L 091/063](7) || 664124:ミツルの思いやり SAR [M1S 091/063](-6) || 546119:シロナのガブリアスex UR [SV9a 091/063](-8),
レシラムex [SV11W 174/086],確定,レシラムex BWR [SV11W 174/086],585221,管理画面,6,585221:レシラムex BWR [SV11W 174/086](6) || 585213:ゼクロムex BWR [SV11B 174/086](-7),
レックウザV SR [S7R 076/067],確定,レックウザV SR: SA [S7R 076/067],91167,在庫管理・管理画面,6,91167:レックウザV SR: SA [S7R 076/067](5) || 139512:アヤシシV SR [s10D 076/067](-6) || 139586:ヤレユータンV SR [s10P 076/067](-6) || 139715:ヒスイバクフーンV SR [s9a 076/067](-6),
ワイルドフォース(1BOX),確定,ポケモンカードゲーム スカーレット&バイオレット 拡張パック 「ワイルドフォース」 ボックス (ワイルド),171882,仕入れ管理シート・商品ごとの不足数・在庫管理・管理画面,6,171882:ポケモンカードゲーム スカーレット&バイオレット 拡張パック 「ワイルドフォース」 ボックス (ワイルド)(3) || 567439:【シュリンクなし】 ポケモンカードゲーム スカーレット&バイオレット 拡張パック 「ワイルドフォース」 ボックス (ワイルド)(1) || 171883:ポケモンカードゲーム スカーレット&バイオレット 拡張パック 「ワイルドフォース」 パック(0),型番なし・名前で一致
双璧のファイター(1BOX),確定,ポケモンカードゲーム ソード & シールド 強化拡張パック 双璧のファイター ボックス,12878,仕入れ管理シート・商品ごとの不足数・在庫管理・管理画面,6,12878:ポケモンカードゲーム ソード & シールド 強化拡張パック 双璧のファイター ボックス(3) || 88195:ポケモンカードゲーム ソード & シールド 強化拡張パック 双璧のファイター パック(0) || 32860:ポケモンカードゲーム ソード&シールド 強化拡張パック 双璧のファイター クララ&セイボリーセット(-2),型番なし・名前で一致
名探偵ピカチュウ SV-P 098,確定,名探偵ピカチュウ: プロモ [SV-P 098],135232,仕入れ管理シート・商品ごとの不足数・在庫管理・管理画面,6,135232:名探偵ピカチュウ: プロモ [SV-P 098](4),
名探偵ピカチュウ(1BOX),確定,ポケモンカードゲーム サン&ムーン ムービースペシャルパック 名探偵ピカチュウ ボックス,15555,仕入れ管理シート・商品ごとの不足数・管理画面,6,,人が選んだ（overrides）
海で遊ぶピカチュウ [SM-P 392],確定,海で遊ぶピカチュウ: プロモ [SM-P 392],107448,管理画面,6,107448:海で遊ぶピカチュウ: プロモ [SM-P 392](4),
禁断の光(1BOX),確定,ポケモンカードゲーム サン&ムーン 拡張パック 禁断の光 ボックス,15439,仕入れ管理シート・商品ごとの不足数・在庫管理・管理画面,6,15439:ポケモンカードゲーム サン&ムーン 拡張パック 禁断の光 ボックス(3) || 88264:ポケモンカードゲーム サン&ムーン 拡張パック 禁断の光 パック(0) || 44059:ポケモンカードゲーム サン&ムーン 拡張パック 禁断の光 ポケモンセンター限定セット(-2),型番なし・名前で一致
超爆インパクト(1BOX),確定,ポケモンカードゲーム サン&ムーン 拡張パック 超爆インパクト ボックス,15535,管理画面,6,15535:ポケモンカードゲーム サン&ムーン 拡張パック 超爆インパクト ボックス(3) || 335170:ポケモンカードゲーム サン&ムーン 拡張パック「超爆インパクト」パック(0) || 44055:ポケモンカードゲーム サン&ムーン 拡張パック 超爆インパクト ポケモンセンター限定セット(-2),型番なし・名前で一致
PT交換専用カード(トレキング ・ユウキ・レインボー),対象外,,,管理画面,5,,ポイント交換・演出（発送しない）
PT交換専用カード(トレキング・トレニャン・レインボー),対象外,,,管理画面,5,,ポイント交換・演出（発送しない）
PT交換専用カード(ユウキ・トレニャン・レインボー）,対象外,,,管理画面,5,,ポイント交換・演出（発送しない）
PT交換専用カード(ユウキ・トレニャン・レインボー),対象外,,,管理画面,5,,ポイント交換・演出（発送しない）
pt交換専用1pt,対象外,,,管理画面,5,,ポイント交換・演出（発送しない）
pt交換専用2pt,対象外,,,管理画面,5,,ポイント交換・演出（発送しない）
おじょうさま 100/094,確定,おじょうさま SR [SM6 100/094],91312,管理画面,5,91312:おじょうさま SR [SM6 100/094](4) || 321610:おじょうさま: エラー SR [SM6 100/094](-1) || 321604:プテラGX SR [SM11 100/094](-4),
そらをとぶピカチュウVMAX(024/028),確定,そらをとぶピカチュウVMAX RRR [s8a 024/028],141446,管理画面,5,141446:そらをとぶピカチュウVMAX RRR [s8a 024/028](4) || 326946:博士の研究(マグノリア博士) [SJ 024/028](-4),
はくばバドレックスVMAX 085/070,確定,はくばバドレックスVMAX HR: SA [S6H 085/070],93029,仕入れ管理シート・商品ごとの不足数・在庫管理・管理画面,5,93029:はくばバドレックスVMAX HR: SA [S6H 085/070](4) || 91205:大きなおまもり UR [S1a 085/070](-4) || 93034:いちげきウーラオスVMAX HR: SA [S5I 085/070](-4) || 96645:こくばバドレックスVMAX HR [S6K 085/070](-4),
ひかるコイキング(25th) 010/025,確定,ひかるコイキング: プロモ [S8a-P 010/025],91159,管理画面,5,91159:ひかるコイキング: プロモ [S8a-P 010/025](4),
アルセウス&ディアルガ&パルキアGX SR: SA (三神) [SM12 100/095],確定,アルセウス&ディアルガ&パルキアGX SR: SA (三神) [SM12 100/095],91274,管理画面,5,91274:アルセウス&ディアルガ&パルキアGX SR: SA (三神) [SM12 100/095](4) || 104644:ルギアGX SR [SM8 100/095](-7) || 129023:ピカチュウ&ゼクロムGX SR [SM9 100/095](-7) || 393043:マーシャドー&カイリキーGX SR [SM10 100/095](-7),
インフェルノx(1BOX),確定,ポケモンカードゲームMEGA 拡張パック「インフェルノX」ボックス,687430,仕入れ管理シート・仕入れ管理シートF列・商品ごとの不足数・在庫管理・管理画面,5,687430:ポケモンカードゲームMEGA 拡張パック「インフェルノX」ボックス(3) || 703025:【シュリンクなし】ポケモンカードゲームMEGA 拡張パック「インフェルノX」ボックス(1) || 687431:ポケモンカードゲームMEGA 拡張パック「インフェルノX」パック(0),型番なし・名前で一致
イーブイGX SR [SM12a 188/173],確定,イーブイGX SR: SA [SM12a 188/173],93085,管理画面,5,93085:イーブイGX SR: SA [SM12a 188/173](5),
エーフィV 081/069,確定,エーフィV SR: SA [S6a 081/069],91175,仕入れ管理シート・商品ごとの不足数・在庫管理・管理画面,5,91175:エーフィV SR: SA [S6a 081/069](4),
オリジンディアルガV 075/067,確定,オリジンディアルガV SR: SA [S10D 075/067],91140,管理画面,5,91140:オリジンディアルガV SR: SA [S10D 075/067](4) || 96562:レックウザV SR [S7R 075/067](-4) || 96646:ヒスイオオニューラV SR: SA [S10P 075/067](-4) || 139714:スターミーV SR [s9a 075/067](-4),
カイリューV 074/067,確定,カイリューV SR: SA [S7R 074/067],91166,仕入れ管理シート・商品ごとの不足数・在庫管理・管理画面,5,91166:カイリューV SR: SA [S7R 074/067](4) || 96740:オリジンディアルガV SR [S10D 074/067](-4) || 98649:オンバーンV SR: SA [S7D 074/067](-4) || 139585:ヒスイオオニューラV SR [s10P 074/067](-4),
カナザワのピカチュウ S-P 144,確定,カナザワのピカチュウ: プロモ (マークあり) [S-P 144],120250,仕入れ管理シート・商品ごとの不足数・在庫管理・管理画面,5,120250:カナザワのピカチュウ: プロモ (マークあり) [S-P 144](4),
カミツレのきらめき(246/172 SR),確定,カミツレのきらめき SR [s12a 246/172],105534,在庫管理・管理画面,5,105534:カミツレのきらめき SR [s12a 246/172](5),
ギラティナV(111/100),確定,ギラティナV SR: SA [S11 111/100],93379,管理画面,5,93379:ギラティナV SR: SA [S11 111/100](4) || 91196:ルリナ SR [S4 111/100](-4) || 96572:アルセウスV SR [S9 111/100](-4) || 96578:ヨクバリスV SR: SA [S8 111/100](-4),
グレイシアV(077/069 SR)[SA],確定,グレイシアV SR: SA [S6a 077/069],91173,仕入れ管理シート・商品ごとの不足数・在庫管理・管理画面,5,91173:グレイシアV SR: SA [S6a 077/069](3),
ゲンシグラードンEX SR :1ED [074/070],確定,ゲンシグラードンEX SR: 1ED [XY5-G 074/070],91535,管理画面,5,91535:ゲンシグラードンEX SR: 1ED [XY5-G 074/070](6) || 381644:ゲンシグラードンEX SR [XY5 074/070](5) || 107430:サメハダーEX SR: 1ED [XY5-T 074/070](-2) || 406357:ルギアEX SR: 1ED [BW7 074/070](-2),
コイキング(080/073 AR),確定,コイキング AR [SV1a 080/073],116069,管理画面,5,116069:コイキング AR [SV1a 080/073](5) || 491788:妖しいカンヅメ HR [080/073]【英語版】(-8),
サイバージャッジ(1BOX),確定,ポケモンカードゲーム スカーレット&バイオレット 拡張パック 「サイバージャッジ」 ボックス,171884,管理画面,5,171884:ポケモンカードゲーム スカーレット&バイオレット 拡張パック 「サイバージャッジ」 ボックス(3) || 567440:【シュリンクなし】 ポケモンカードゲーム スカーレット&バイオレット 拡張パック 「サイバージャッジ」 ボックス(1) || 171885:ポケモンカードゲーム スカーレット&バイオレット 拡張パック 「サイバージャッジ」 パック(0),型番なし・名前で一致
サンジ SEC-SP (コミパラ) [OP06-119],確定,サンジ SEC-SP (コミパラ) [OP06-119],653291,管理画面,5,653291:サンジ SEC-SP (コミパラ) [OP06-119](7) || 158398:サンジ SEC [OP06-119](1) || 159665:サンジ SEC-P [OP06-119](1) || 520533:サンジ SEC-SPC [OP06-119](1),
サンダースV 079/069,確定,サンダースV SR: SA [S6a 079/069],91174,仕入れ管理シート・商品ごとの不足数・在庫管理・管理画面,5,91174:サンダースV SR: SA [S6a 079/069](4),
シャイニースター(1BOX),確定,ポケモンカードゲーム ソード & シールド ハイクラスパック シャイニースターV ボックス,12875,管理画面,5,12875:ポケモンカードゲーム ソード & シールド ハイクラスパック シャイニースターV ボックス(3) || 88181:ポケモンカードゲーム ソード & シールド ハイクラスパック シャイニースターV パック(0) || 38019:ポケモンカードゲーム ソード&シールド ハイクラスパック シャイニースターV ルリナセット(-2),型番なし・名前で一致
スカーレット(1BOX),確定,ポケモンカードゲーム スカーレット&バイオレット 拡張パック「スカーレットex」ボックス (スカーレット),106863,仕入れ管理シート・管理画面,5,,人が選んだ（overrides）
スペースジャグラー(1BOX),確定,ポケモンカードゲーム ソード&シールド 拡張パック スペースジャグラー ボックス,66739,仕入れ管理シート・管理画面,5,66739:ポケモンカードゲーム ソード&シールド 拡張パック スペースジャグラー ボックス(3) || 88197:ポケモンカードゲーム ソード&シールド 拡張パック スペースジャグラー パック(0),型番なし・名前で一致
ゼクロム(195/184 CHR),確定,ゼクロム (N) CHR [s8b 195/184],126667,在庫管理・管理画面,5,126667:ゼクロム (N) CHR [s8b 195/184](3),
ソニア 077/070,確定,ソニア SR [S1a 077/070],91203,管理画面,5,91203:ソニア SR [S1a 077/070](4) || 91189:バンギラスV SR: SA [S5I 077/070](-4) || 91533:センパイとコウハイ SR: 1ED [XY5-G 077/070](-4) || 91598:リザードン UR: 1ED [BW7 077/070](-4),
ゾロ十郎 R-SPC [OP05-067],確定,ゾロ十郎 R-SPC [OP05-067],349481,管理画面,5,349481:ゾロ十郎 R-SPC [OP05-067](7) || 471529:ゾロ十郎 R-SPC [OP05-067]【英語版】(4) || 135421:ゾロ十郎 R-P [OP05-067](1) || 135587:ゾロ十郎 R [OP05-067](ブースターパック 新時代の主役)(1),
ダークファンタズマ(1BOX),確定,ポケモンカードゲーム ソード&シールド 強化拡張パック ダークファンタズマ ボックス,74242,仕入れ管理シート・管理画面,5,74242:ポケモンカードゲーム ソード&シールド 強化拡張パック ダークファンタズマ ボックス(3) || 88200:ポケモンカードゲーム ソード&シールド 強化拡張パック ダークファンタズマ パック(0),型番なし・名前で一致
トラファルガー・ロー SR-SP (コミパラ) [OP05-069],確定,トラファルガー・ロー SR-SP (コミパラ) [OP05-069](ブースターパック「新時代の主役」),135449,管理画面,5,135449:トラファルガー・ロー SR-SP (コミパラ) [OP05-069](ブースターパック「新時代の主役」)(7) || 332166:トラファルガー・ロー SR-SP (コミパラ) [OP05-069](プレミアムブースター「ONE PIECE CARD THE BEST」)(7) || 198637:トラファルガー・ロー SR-SP (コミパラ) [OP05-069]【英語版】(ブースターパック「新時代の主役」)(4) || 441067:トラファルガー・ロー SR-SP (コミパラ) [OP05-069]【英語版】(プレミアムブースター「ONE PIECE CARD THE BEST」)(4),再録と同点→初出の弾（手書きに収録の指定なし）
ナイトワンダラー(1BOX),確定,ポケモンカードゲーム スカーレット&バイオレット 強化拡張パック 「ナイトワンダラー」 ボックス,261657,仕入れ管理シート・商品ごとの不足数・管理画面,5,261657:ポケモンカードゲーム スカーレット&バイオレット 強化拡張パック 「ナイトワンダラー」 ボックス(3) || 567443:【シュリンクなし】 ポケモンカードゲーム スカーレット&バイオレット 強化拡張パック 「ナイトワンダラー」 ボックス(1) || 261658:ポケモンカードゲーム スカーレット&バイオレット 強化拡張パック 「ナイトワンダラー」 パック(0),型番なし・名前で一致
ナミ SR-SPC [EB03-053],確定,ナミ SR-SPC [EB03-053],710436,管理画面,5,710436:ナミ SR-SPC [EB03-053](7) || 767907:ナミ SR-SPC [EB03-053]【英語版】(4) || 713717:ナミ SR [EB03-053](1) || 714423:ナミ SR-P [EB03-053](1),
ナンジャモ(091/071 SR),確定,ナンジャモ SR [SV2D 091/071],120745,管理画面,5,120745:ナンジャモ SR [SV2D 091/071](5) || 120839:ピーニャ SR [SV2P 091/071](-3) || 183378:ビワ SR [SV5K 091/071](-3) || 186452:セイジ SR [SV5M 091/071](-3),
ナンジャモのカイデン【P】{232/SV-P} [SV-P],確定,ナンジャモのカイデン P [SV-P 232],485638,管理画面,5,485638:ナンジャモのカイデン P [SV-P 232](5),
バトルリージョン(1BOX),確定,ポケモンカードゲーム ソード&シールド 強化拡張パック バトルリージョン ボックス,55866,仕入れ管理シート・商品ごとの不足数・管理画面,5,55866:ポケモンカードゲーム ソード&シールド 強化拡張パック バトルリージョン ボックス(3) || 88199:ポケモンカードゲーム ソード&シールド 強化拡張パック バトルリージョン パック(0),型番なし・名前で一致
バンギラスV 077/070,確定,バンギラスV SR: SA [S5I 077/070],91189,管理画面,5,91189:バンギラスV SR: SA [S5I 077/070](4) || 91203:ソニア SR [S1a 077/070](-4) || 91533:センパイとコウハイ SR: 1ED [XY5-G 077/070](-4) || 91598:リザードン UR: 1ED [BW7 077/070](-4),
ヒガナ 059/053,確定,ヒガナ SR [SM6a 059/053],91309,仕入れ管理シート・商品ごとの不足数・在庫管理・管理画面,5,91309:ヒガナ SR [SM6a 059/053](4),
ピカチュウ 001/SV-P,確定,ピカチュウ: プロモ [001/SV-P],104784,管理画面,5,104784:ピカチュウ: プロモ [001/SV-P](4),
ピカチュウ 008/032,確定,ピカチュウ [CLL 008/032],115274,管理画面,5,115274:ピカチュウ [CLL 008/032](4) || 147487:サンド [CLF 008/032](-4) || 147488:ラプラス [CLK 008/032](-4) || 385656:ユキワラシ C: 1ED [CP3 008/032](-4),
ピカチュウ 073/071,確定,ピカチュウ CHR [S10a 073/071],96667,在庫管理・管理画面,5,96667:ピカチュウ CHR [S10a 073/071](4) || 96755:ミュウツーV SR [S10b 073/071](-4) || 120730:ヒノヤコマ AR [SV2D 073/071](-4) || 120823:マリル AR [SV2P 073/071](-4),
ピカチュウ&ゼクロムGX SR [SM9 101/095],確定,ピカチュウ&ゼクロムGX SR: SA [SM9 101/095],91290,管理画面,5,91290:ピカチュウ&ゼクロムGX SR: SA [SM9 101/095](5) || 104687:アカネ SR [SM8 101/095](-6) || 339684:アーゴヨン&アクジキングGX SR [SM12 101/095](-6) || 104622:マーシャドー&カイリキーGX SR: SA [SM10 101/095](-8),
ピカチュウEX 094/087,確定,ピカチュウEX SR: 1ED [CP6 094/087],91461,管理画面,5,,人が選んだ（overrides）
ピカチュウP 218/SV-P,確定,ピカチュウ P [SV-P 218],332798,管理画面,5,332798:ピカチュウ P [SV-P 218](4),
ピカチュウVMAX 223/184,確定,ピカチュウVMAX CSR [s8b 223/184],138599,管理画面,5,138599:ピカチュウVMAX CSR [s8b 223/184](4),
ピカチュウex 136/106,確定,ピカチュウex UR [SV8 136/106],418755,管理画面,5,418755:ピカチュウex UR [SV8 136/106](4),
ピカチュウex [WCS23 001/030],確定,ピカチュウex [WCS23 001/030],131236,管理画面,5,131236:ピカチュウex [WCS23 001/030](4) || 325078:リザードンV [SO 001/030](-4) || 326652:チェリンボ [SK 001/030](-4),
フェアリーライズ(1BOX),確定,ポケモンカードゲーム サン&ムーン 強化拡張パック フェアリーライズ ボックス,12897,仕入れ管理シート・商品ごとの不足数・在庫管理・管理画面,5,12897:ポケモンカードゲーム サン&ムーン 強化拡張パック フェアリーライズ ボックス(3) || 88163:ポケモンカードゲーム サン&ムーン 強化拡張パック フェアリーライズ パック(0),型番なし・名前で一致
フクオカのピカチュウ 289/SV-P,確定,フクオカのピカチュウ P [SV-P 289],618447,管理画面,5,618447:フクオカのピカチュウ P [SV-P 289](4),
フクオカのピカチュウ SV-P 289,確定,フクオカのピカチュウ P [SV-P 289],618447,管理画面,5,618447:フクオカのピカチュウ P [SV-P 289](4),
ブラッキー 092/187,確定,ブラッキー [SV8a 092/187],434897,管理画面,5,434897:ブラッキー [SV8a 092/187](4) || 466388:ブラッキー: モンスターボールミラー [SV8a 092/187](-1) || 471633:ブラッキー: マスターボールミラー [SV8a 092/187](-1),
ブラッキー&ダークライGX 181/173,確定,ブラッキー&ダークライGX SR [SM12a 181/173],104534,管理画面,5,104534:ブラッキー&ダークライGX SR [SM12a 181/173](4),
ブラッキー&ダークライGX(010/031),確定,ブラッキー&ダークライGX [SMM 010/031],392852,管理画面,5,392852:ブラッキー&ダークライGX [SMM 010/031](4) || 392882:ゴローニャ [SMK 010/031](-4),
ブラッキーVMAX HR [S6a 095/069],確定,ブラッキーVMAX HR: SA [S6a 095/069],93021,管理画面,5,93021:ブラッキーVMAX HR: SA [S6a 095/069](5),
ブラックボルト デラックス(1BOX),確定,ポケモンカードゲーム スカーレット&バイオレット 拡張パックデラックス「ブラックボルト」ボックス,584774,仕入れ管理シート・商品ごとの不足数・管理画面,5,,人が選んだ（overrides）
ホワイトフレア デラックス(1BOX),確定,ポケモンカードゲーム スカーレット&バイオレット 拡張パックデラックス「ホワイトフレア」ボックス,584776,仕入れ管理シート・商品ごとの不足数・管理画面,5,,人が選んだ（overrides）
ポンチョを着たピカチュウ [038/SM-P],確定,ポンチョを着たピカチュウ: 開封済 プロモ [038/SM-P],91224,管理画面,5,91224:ポンチョを着たピカチュウ: 開封済 プロモ [038/SM-P](4),
ポートガス・D・エース SR-SP (コミパラ) [OP02-013],確定,ポートガス・D・エース SR-SP (コミパラ) [OP02-013](ブースターパック「頂上決戦」),102434,管理画面,5,102434:ポートガス・D・エース SR-SP (コミパラ) [OP02-013](ブースターパック「頂上決戦」)(7) || 332160:ポートガス・D・エース SR-SP (コミパラ) [OP02-013](プレミアムブースター「ONE PIECE CARD THE BEST」)(7) || 198042:ポートガス・D・エース SR-SP (コミパラ) [OP02-013]【英語版】(ブースターパック「頂上決戦」)(4) || 441061:ポートガス・D・エース SR-SP (コミパラ) [OP02-013]【英語版】(プレミアムブースター「ONE PIECE CARD THE BEST」)(4),再録と同点→初出の弾（手書きに収録の指定なし）
マリィ(068/060 SR),確定,マリィ SR [S1H 068/060],91206,管理画面,5,91206:マリィ SR [S1H 068/060](5) || 122006:ビート SR [S1W 068/060](-3) || 91369:エーフィGX HR [SM1S 068/060](-5) || 93116:ルナアーラGX HR [SM1M 068/060](-5),
マリオピカチュウ 293/XY-P,確定,マリオピカチュウ: プロモ [XY-P 293/XY-P],91399,仕入れ管理シート・商品ごとの不足数・在庫管理・管理画面,5,91399:マリオピカチュウ: プロモ [XY-P 293/XY-P](4),
ミュウex 014/025,確定,ミュウex: プロモ [S8a-P 014/025],98531,管理画面,5,98531:ミュウex: プロモ [S8a-P 014/025](4),
ムゲンゾーン(1BOX),確定,ポケモンカードゲーム ソード&シールド 拡張パック ムゲンゾーン ボックス,14669,仕入れ管理シート・商品ごとの不足数・在庫管理・管理画面,5,14669:ポケモンカードゲーム ソード&シールド 拡張パック ムゲンゾーン ボックス(3) || 88291:ポケモンカードゲーム ソード&シールド 拡張パック ムゲンゾーン パック(0) || 38683:ポケモンカードゲーム ソード&シールド 拡張パック ムゲンゾーン ポケモンセンター限定セット(-2),型番なし・名前で一致
メガカイリューex [M2a 250/193],確定,メガカイリューex MUR [M2a 250/193],730968,管理画面,5,730968:メガカイリューex MUR [M2a 250/193](6),
メガゲンガーex 230/193,確定,メガゲンガーex MA [M2a 230/193],730952,仕入れ管理シート・商品ごとの不足数・在庫管理・管理画面,5,730952:メガゲンガーex MA [M2a 230/193](4) || 744298:メガゲンガーex MA: 中国語箔押しエラー [M2a 230/193](-5),
メガゲンガーex 240/193,確定,メガゲンガーex SAR [M2a 240/193],724996,仕入れ管理シート・商品ごとの不足数・在庫管理・管理画面,5,724996:メガゲンガーex SAR [M2a 240/193](4),
メガリザードンEX 223/193,確定,メガリザードンXex MA [M2a 223/193],722239,管理画面,5,,人が選んだ（overrides）
モンキー・D・ルフィ L-P [EB02-010],確定,モンキー・D・ルフィ L-P [EB02-010],503497,管理画面,5,503497:モンキー・D・ルフィ L-P [EB02-010](7) || 582454:モンキー・D・ルフィ L-P [EB02-010]【英語版】(4) || 503399:モンキー・D・ルフィ L [EB02-010](エクストラブースター「アニメ 25th コレクション」)(1) || 769718:モンキー・D・ルフィ L [EB02-010](「オフィシャルプレイマット リミテッドエディション vol.5」)(1),
モンキー・D・ルフィ SR-SPC [ST26-005],確定,モンキー・D・ルフィ SR-SPC [ST26-005],764639,管理画面,5,764639:モンキー・D・ルフィ SR-SPC [ST26-005](7) || 779140:モンキー・D・ルフィ SR-SPC [ST26-005]【英語版】(4) || 594491:モンキー・D・ルフィ SR [ST26-005](1) || 595007:モンキー・D・ルフィ SR [ST26-005]【英語版】(-2),
モンキー・D・ルフィ [ST13-003],要確認,,,管理画面,5,165923:モンキー・D・ルフィ L [ST13-003](アルティメットデッキ 3兄弟の絆)(4) || 351114:モンキー・D・ルフィ L [ST13-003](プロモーションカード「セブンイレブンコラボ」)(4) || 167607:モンキー・D・ルフィ L-P [ST13-003](アルティメットデッキ 3兄弟の絆 ボーナスパック)(2) || 412058:モンキー・D・ルフィ L-P [ST13-003](プレミアムカードコレクション「リーダーコレクション」)(2),候補2つが同点（版・収録違い）
モンキー・Ｄ・ルフィ SEC-SP (コミパラ) [OP13-118],確定,モンキー・D・ルフィ SEC-SP (コミパラ) [OP13-118],676002,管理画面,5,676002:モンキー・D・ルフィ SEC-SP (コミパラ) [OP13-118](7) || 718392:モンキー・D・ルフィ SEC-SP (コミパラ) [OP13-118]【英語版】(4) || 676024:モンキー・D・ルフィ SEC-P [OP13-118](1) || 676003:モンキー・D・ルフィ SEC-RSP (レッドコミパラ) [OP13-118](1),
モンキー・Ｄ・ルフィ SEC-SPC [EB02-061],確定,モンキー・D・ルフィ SEC-SPC [EB02-061],656303,管理画面,5,656303:モンキー・D・ルフィ SEC-SPC [EB02-061](7) || 503450:モンキー・D・ルフィ SEC [EB02-061](1) || 503506:モンキー・D・ルフィ SEC-P [EB02-061](1) || 503507:モンキー・D・ルフィ SEC-SP (コミパラ) [EB02-061](1),
リーフィアVMAX HR [089/069],確定,リーフィアVMAX HR: SA [S6a 089/069],93023,管理画面,5,93023:リーフィアVMAX HR: SA [S6a 089/069](3),
リーリエの全力 SR[SM11b 068/049],確定,リーリエの全力 SR [SM11b 068/049],91277,管理画面,5,91277:リーリエの全力 SR [SM11b 068/049](6),
リーリエの全力 [SM11b 068/049],確定,リーリエの全力 SR [SM11b 068/049],91277,管理画面,5,91277:リーリエの全力 SR [SM11b 068/049](6),
ルイージピカチュウ 295/XY-P,確定,ルイージピカチュウ: プロモ [XY-P 295/XY-P],91401,仕入れ管理シート・商品ごとの不足数・在庫管理・管理画面,5,91401:ルイージピカチュウ: プロモ [XY-P 295/XY-P](4),
ルザミーネ [SM4A 055/050],確定,ルザミーネ SR [SM4A 055/050],91330,管理画面,5,91330:ルザミーネ SR [SM4A 055/050](6) || 91328:グラジオ SR [SM4S 055/050](-7) || 91359:マオ SR [SM2L 055/050](-7) || 91617:ワルビアル UR: 1ED [BW5 055/050](-7),
レアコイル【AR】{112/106} [SV8],確定,レアコイル AR [SV8 112/106],418741,管理画面,5,418741:レアコイル AR [SV8 112/106](7),
レシラム&ゼクロムGX (N) SR :SA [SM11b 064/049],確定,レシラム&ゼクロムGX (N) SR: SA [SM11b 064/049],91280,管理画面,5,91280:レシラム&ゼクロムGX (N) SR: SA [SM11b 064/049](4) || 93109:こだわりハチマキ UR [SM2+ 064/049](-8),
レックウザVMAX 252/184,確定,レックウザVMAX CSR [S8b 252/184],96714,在庫管理・管理画面,5,96714:レックウザVMAX CSR [S8b 252/184](4),
ロケット団のファイヤーex 124/098,確定,ロケット団のファイヤーex SAR [SV10 124/098],568323,管理画面,5,568323:ロケット団のファイヤーex SAR [SV10 124/098](4) || 100581:葉隠れポンチョ UR [s12 124/098](-4),
ロケット団のミュウツーex 125/098,確定,ロケット団のミュウツーex SAR [SV10 125/098],568902,管理画面,5,568902:ロケット団のミュウツーex SAR [SV10 125/098](4) || 100582:大口の沼 UR [s12 125/098](-4),
ロロノア・ゾロ [ST21-015],要確認,,,管理画面,5,478779:ロロノア・ゾロ SR [ST21-015](スタートデッキEX「ギア5」)(4) || 635880:ロロノア・ゾロ SR [ST21-015](プロモーションカード「フラッグシップバトル ベスト8記念品」)(4) || 478780:ロロノア・ゾロ SR-P [ST21-015](2) || 563169:ロロノア・ゾロ SR [ST21-015]【英語版】(1),候補2つが同点（版・収録違い）
一撃マスター(1BOX),確定,ポケモンカードゲーム ソード & シールド 拡張パック 一撃マスター ボックス,12877,管理画面,5,12877:ポケモンカードゲーム ソード & シールド 拡張パック 一撃マスター ボックス(3) || 88186:ポケモンカードゲーム ソード & シールド 拡張パック 一撃マスター パック(0) || 32861:ポケモンカードゲーム ソード&シールド 拡張パック 一撃マスター&連撃マスター ポケモンセンター・ポケモンストアセット(-2),型番なし・名前で一致
古代の咆哮(1BOX),確定,ポケモンカードゲーム スカーレット&バイオレット 拡張パック 「古代の咆哮」(PARADOX RIFT) ボックス,140591,管理画面,5,140591:ポケモンカードゲーム スカーレット&バイオレット 拡張パック 「古代の咆哮」(PARADOX RIFT) ボックス(3) || 567436:【シュリンクなし】 ポケモンカードゲーム スカーレット&バイオレット 拡張パック 「古代の咆哮」(PARADOX RIFT) ボックス(1) || 140590:ポケモンカードゲーム スカーレット&バイオレット 拡張パック 「古代の咆哮」(PARADOX RIFT) パック(0),型番なし・名前で一致
名探偵ピカチュウ 339/SM-P,確定,名探偵ピカチュウ P [SM-P 339],407831,仕入れ管理シート・商品ごとの不足数・在庫管理・管理画面,5,407831:名探偵ピカチュウ P [SM-P 339](4),
未来の一閃(1BOX),確定,ポケモンカードゲーム スカーレット&バイオレット 拡張パック 「未来の一閃」(PARADOX RIFT) ボックス (未来),140593,仕入れ管理シートF列・管理画面,5,140593:ポケモンカードゲーム スカーレット&バイオレット 拡張パック 「未来の一閃」(PARADOX RIFT) ボックス (未来)(3) || 567437:【シュリンクなし】 ポケモンカードゲーム スカーレット&バイオレット 拡張パック 「未来の一閃」(PARADOX RIFT) ボックス (未来)(1) || 140592:ポケモンカードゲーム スカーレット&バイオレット 拡張パック 「未来の一閃」(PARADOX RIFT) パック(0),型番なし・名前で一致
楽園ドラゴーナ(1BOX),確定,ポケモンカードゲーム スカーレット&バイオレット 強化拡張パック「楽園ドラゴーナ」ボックス,342761,管理画面,5,342761:ポケモンカードゲーム スカーレット&バイオレット 強化拡張パック「楽園ドラゴーナ」ボックス(3) || 567445:【シュリンクなし】 ポケモンカードゲーム スカーレット&バイオレット 強化拡張パック「楽園ドラゴーナ」ボックス(1) || 342762:ポケモンカードゲーム スカーレット&バイオレット 強化拡張パック「楽園ドラゴーナ」パック(0),型番なし・名前で一致
漆黒のガイスト(1BOX),確定,ポケモンカードゲーム ソード & シールド 拡張パック 漆黒のガイスト ボックス,12881,仕入れ管理シート・管理画面,5,12881:ポケモンカードゲーム ソード & シールド 拡張パック 漆黒のガイスト ボックス(3) || 88166:ポケモンカードゲーム ソード & シールド 拡張パック 漆黒のガイスト パック(0) || 32858:ポケモンカードゲーム ソード&シールド ジャンボパックセット 白銀のランス&漆黒のガイスト(-2) || 32859:ポケモンカードゲーム ソード&シールド 拡張パック 白銀のランス&漆黒のガイスト ポケモンセンター・ポケモンストアセット(-2),型番なし・名前で一致
白熱のアルカナ(1BOX),確定,ポケモンカードゲーム ソード&シールド 強化拡張パック「白熱のアルカナ」ボックス,89881,仕入れ管理シート・商品ごとの不足数・管理画面,5,89881:ポケモンカードゲーム ソード&シールド 強化拡張パック「白熱のアルカナ」ボックス(3) || 89882:ポケモンカードゲーム ソード&シールド 強化拡張パック 白熱のアルカナ パック(0),型番なし・名前で一致
Nのレシラム【AR】{109/100} [SV9],確定,Nのレシラム AR [SV9 109/100],485654,管理画面,4,485654:Nのレシラム AR [SV9 109/100](7) || 91195:サイトウ SR [S4 109/100](-8) || 96577:ゲノセクトV SR: SA [S8 109/100](-8) || 96624:ガラルニャイキングV SR: SA [S11 109/100](-8),
"PT交換カード200,000PT",対象外,,,管理画面,4,,ポイント交換・演出（発送しない）
"PT交換カード220,000PT",対象外,,,管理画面,4,,ポイント交換・演出（発送しない）
PT交換専用カード(トレキング・トレニャン ・ユウキ）,対象外,,,管理画面,4,,ポイント交換・演出（発送しない）
PT交換専用カード 30PT,対象外,,,管理画面,4,,ポイント交換・演出（発送しない）
PT変換専用カード100PT,対象外,,,管理画面,4,,ポイント交換・演出（発送しない）
_のピカチュウ(007/025)[25th],確定,_のピカチュウ: プロモ (お誕生日ピカチュウ) [S8a-P 007/025],93015,仕入れ管理シート・商品ごとの不足数・在庫管理・管理画面,4,93015:_のピカチュウ: プロモ (お誕生日ピカチュウ) [S8a-P 007/025](4) || 731192:_のピカチュウ: プロモ (お誕生日ピカチュウ) [S8a-P 007/025]【タイ語版】(1),
_のピカチュウ: プロモ (お誕生日ピカチュウ) [007/025],確定,_のピカチュウ: プロモ (お誕生日ピカチュウ) [S8a-P 007/025],93015,管理画面,4,93015:_のピカチュウ: プロモ (お誕生日ピカチュウ) [S8a-P 007/025](5) || 731192:_のピカチュウ: プロモ (お誕生日ピカチュウ) [S8a-P 007/025]【タイ語版】(2),
いちげきウーラオスVMAX(085/070 HR)[SA],確定,いちげきウーラオスVMAX HR: SA [S5I 085/070],93034,管理画面,4,93034:いちげきウーラオスVMAX HR: SA [S5I 085/070](3) || 96645:こくばバドレックスVMAX HR [S6K 085/070](-3) || 99567:バシャーモVMAX HR [S5a 085/070](-3) || 144125:アーマーガアVMAX HR [s5R 085/070](-3),
お茶会ごっこピカチュウ [SM-P 325],確定,お茶会ごっこピカチュウ: プロモ [SM-P 325],91260,管理画面,4,91260:お茶会ごっこピカチュウ: プロモ [SM-P 325](4),
こわいおねえさん [184/171],確定,こわいおねえさん [XY-BEST 184/171],91453,管理画面,4,91453:こわいおねえさん [XY-BEST 184/171](4),
そげキング SEC-SP (コミパラ) [OP03-122],確定,そげキング SEC-SP (コミパラ) [OP03-122](ブースターパック「強大な敵」),112979,管理画面,4,112979:そげキング SEC-SP (コミパラ) [OP03-122](ブースターパック「強大な敵」)(7) || 332162:そげキング SEC-SP (コミパラ) [OP03-122](プレミアムブースター「ONE PIECE CARD THE BEST」)(7) || 198325:そげキング SEC-SP (コミパラ) [OP03-122]【英語版】(ブースターパック「強大な敵」)(4) || 441063:そげキング SEC-SP (コミパラ) [OP03-122]【英語版】(プレミアムブースター「ONE PIECE CARD THE BEST」)(4),再録と同点→初出の弾（手書きに収録の指定なし）
ひかるコイキング [S8a-P 010/025],確定,ひかるコイキング: プロモ [S8a-P 010/025],91159,管理画面,4,91159:ひかるコイキング: プロモ [S8a-P 010/025](4),
アルセウス&ディアルガ&パルキアGX SR:SA [100/095],確定,アルセウス&ディアルガ&パルキアGX SR: SA (三神) [SM12 100/095],91274,管理画面,4,91274:アルセウス&ディアルガ&パルキアGX SR: SA (三神) [SM12 100/095](2) || 104644:ルギアGX SR [SM8 100/095](-4) || 129023:ピカチュウ&ゼクロムGX SR [SM9 100/095](-4) || 393043:マーシャドー&カイリキーGX SR [SM10 100/095](-4),
アルセウスV(112/100 SR)[SA],確定,アルセウスV SR: SA [S9 112/100],91145,管理画面,4,91145:アルセウスV SR: SA [S9 112/100](3) || 126518:カゲツ SR [s8 112/100](-3) || 137048:ピジョットV SR [S11 112/100](-3) || 102312:ムゲンダイナVMAX HR [S3 112/100](-5),
ウッウ S-P 226,確定,ウッウ: プロモ [S-P 226],91119,管理画面,4,91119:ウッウ: プロモ [S-P 226](4),
ガラルファイヤーV SR [S5a 078/070],確定,ガラルファイヤーV SR: SA [S5a 078/070],91185,管理画面,4,91185:ガラルファイヤーV SR: SA [S5a 078/070](5) || 102284:ポケモンブリーダーの育成 SR [S2a 078/070](-6) || 126506:ヤロー SR [S1a 078/070](-6) || 141804:トルネロスV SR [s6H 078/070](-6),
シャワーズV(075/069 SR)[SA],確定,シャワーズV SR: SA [S6a 075/069],91172,管理画面,4,91172:シャワーズV SR: SA [S6a 075/069](3) || 91624:アーケオス UR: 1ED [BW4 075/069](-4),
シロナ(153/150 SR),確定,シロナ SR [SM8b 153/150],91296,管理画面,4,91296:シロナ SR [SM8b 153/150](5),
スカル団ごっこピカチュウ SM-P 013,確定,スカル団ごっこピカチュウ: プロモ [SM-P 013],91218,管理画面,4,91218:スカル団ごっこピカチュウ: プロモ [SM-P 013](4),
ゼクロム(021/025)[25th],確定,ゼクロム: プロモ [S8a-P 021/025],98530,管理画面,4,98530:ゼクロム: プロモ [S8a-P 021/025](4),
ソニア(077/070 SR),確定,ソニア SR [S1a 077/070],91203,管理画面,4,91203:ソニア SR [S1a 077/070](5) || 98704:ガラルファイヤーV SR [S5a 077/070](-3) || 102276:カブ SR [S2a 077/070](-3) || 141803:レパルダスV SR [s6H 077/070](-3),
チルタリス(074/068 CHR),確定,チルタリス CHR [s11a 074/068],95122,仕入れ管理シート・商品ごとの不足数・在庫管理・管理画面,4,95122:チルタリス CHR [s11a 074/068](5),
ナタネの活気(078/067 SR),確定,ナタネの活気 SR [S10D 078/067],91138,管理画面,4,91138:ナタネの活気 SR [S10D 078/067](5) || 98669:スクールガール SR [S7D 078/067](-3) || 113259:スクールボーイ SR [S7R 078/067](-3) || 126539:ザクロ SR [s10P 078/067](-3),
ナンジャモ [SV2D 096/071],確定,ナンジャモ SAR [SV2D 096/071],120748,管理画面,4,120748:ナンジャモ SAR [SV2D 096/071](6) || 96641:野盗三姉妹 HR [S10a 096/071](-7) || 120842:ピーニャ SAR [SV2P 096/071](-7) || 186437:ビワ SAR [SV5K 096/071](-7),
ニンフィア(070/SV-P),確定,ニンフィア: プロモ [SV-P 070],122062,仕入れ管理シート・商品ごとの不足数・在庫管理・管理画面,4,122062:ニンフィア: プロモ [SV-P 070](4),
ニンフィアVMAX 093/069,確定,ニンフィアVMAX HR: SA [S6a 093/069],93022,仕入れ管理シート・商品ごとの不足数・在庫管理・管理画面,4,93022:ニンフィアVMAX HR: SA [S6a 093/069](4),
ヒカリ【SAR】{115/080} [M2],確定,ヒカリ SAR [M2 115/080],704406,管理画面,4,704406:ヒカリ SAR [M2 115/080](7) || 753274:メイのはげまし SAR [M3 115/080](-6),
ヒロシマのピカチュウ SV-P 261,確定,ヒロシマのピカチュウ P [SV-P 261],618446,管理画面,4,618446:ヒロシマのピカチュウ P [SV-P 261](4),
ピカチュウ P [SV-P 218],確定,ピカチュウ P [SV-P 218],332798,管理画面,4,332798:ピカチュウ P [SV-P 218](5),
ピカチュウ(001/028),確定,ピカチュウ [s8a 001/028],141410,管理画面,4,141410:ピカチュウ [s8a 001/028](4) || 141411:ピカチュウ: ミラー [s8a 001/028](-1) || 326923:リオル [SJ 001/028](-4),
ピカチュウ(236/190 S),確定,ピカチュウ S [SV4a 236/190],160129,管理画面,4,160129:ピカチュウ S [SV4a 236/190](5) || 144700:ウオチルドン S [s4a 236/190](-3),
ピカチュウ(M-P 020),確定,ピカチュウ P [M-P 020],671486,管理画面,4,671486:ピカチュウ P [M-P 020](4),
ピカチュウ: バトルフェスタ2014プロモ [090/XY-P],確定,ピカチュウ: バトルフェスタ2014プロモ [XY-P 090/XY-P],91407,管理画面,4,91407:ピカチュウ: バトルフェスタ2014プロモ [XY-P 090/XY-P](4),
ピカチュウVMAX,要確認,,,管理画面,4,91154:ピカチュウVMAX UR [S8b 279/184](5) || 91197:ピカチュウVMAX HR [S4 114/100](5) || 95723:ピカチュウVMAX [S8a-G 006/015](5) || 138599:ピカチュウVMAX CSR [s8b 223/184](5),型番なし・候補が複数
ピカチュウex 234/193,確定,ピカチュウex SAR [M2a 234/193],730956,管理画面,4,730956:ピカチュウex SAR [M2a 234/193](4),
ピッピ (リーリエ),確定,ピッピ (リーリエ): プロモ [SM-P 381],93048,管理画面,4,93048:ピッピ (リーリエ): プロモ [SM-P 381](3),型番なし・当たる商品が1つだけ
フウロ [076/070],確定,フウロ SR [BW7 076/070],91599,管理画面,4,91599:フウロ SR [BW7 076/070](4) || 158884:フウロ SR: 1ED [BW7 076/070](2) || 91183:ガラルサンダーV SR: SA [S5a 076/070](-4) || 91529:MサーナイトEX SR: 1ED [XY5-T 076/070](-4),
ブースター(188/184 CHR),確定,ブースター CHR [s8b 188/184],126670,管理画面,4,126670:ブースター CHR [s8b 188/184](5),
ブースターVMAX(186/S-P)[SA],確定,ブースターVMAX 夏ポケカ: プロモ [S-P 186],91106,管理画面,4,91106:ブースターVMAX 夏ポケカ: プロモ [S-P 186](2),
ブースターex 202/187,確定,ブースターex SAR [SV8a 202/187],459531,管理画面,4,459531:ブースターex SAR [SV8a 202/187](4),
ボア・ハンコック SR-SP (コミパラ) [OP07-051],確定,ボア・ハンコック SR-SP (コミパラ) [OP07-051],198723,管理画面,4,198723:ボア・ハンコック SR-SP (コミパラ) [OP07-051](7) || 304204:ボア・ハンコック SR-SP (コミパラ) [OP07-051]【英語版】(4) || 185177:ボア・ハンコック SR [OP07-051](ブースターパック 500年後の未来)(1) || 202924:ボア・ハンコック SR-P [OP07-051](ブースターパック 500年後の未来)(1),
ボア・ハンコック SR-SPC :和柄アート [OP14-112],確定,ボア・ハンコック SR-SPC: 和柄アート [OP14-112],728156,管理画面,4,728156:ボア・ハンコック SR-SPC: 和柄アート [OP14-112](7) || 751080:ボア・ハンコック SR-SPC: 和柄アート [OP14-112]【英語版】(4) || 727666:ボア・ハンコック SR [OP14-112](1) || 728155:ボア・ハンコック SR-P [OP14-112](1),
ボア・ハンコック SR-SPC [EB03-026],確定,ボア・ハンコック SR-SPC [EB03-026],710430,管理画面,4,710430:ボア・ハンコック SR-SPC [EB03-026](7) || 767903:ボア・ハンコック SR-SPC [EB03-026]【英語版】(4) || 713690:ボア・ハンコック SR [EB03-026](1) || 714615:ボア・ハンコック SR-P [EB03-026](1),
ボスごっこピカチュウ ロケット団 [191],確定,ボスごっこピカチュウ ロケット団: プロモ [SM-P 191],91226,管理画面,4,91226:ボスごっこピカチュウ ロケット団: プロモ [SM-P 191](5),型番なし・当たる商品が1つだけ
ポンチョを着たピカチュウ(230/XY-P),確定,ポンチョを着たピカチュウ: プロモ [XY-P 230/XY-P],91396,管理画面,4,91396:ポンチョを着たピカチュウ: プロモ [XY-P 230/XY-P](4) || 332106:ポンチョを着たピカチュウ: プロモ [XY-P 230/XY-P](プロモーションカード「XY-P」) 未開封パック(-2),
ポンチョを着たピカチュウ(231/XY-P),確定,ポンチョを着たピカチュウ: プロモ [XY-P 231/XY-P],91397,管理画面,4,91397:ポンチョを着たピカチュウ: プロモ [XY-P 231/XY-P](4),
ポートガス・Ｄ・エース SEC-SP (コミパラ) [OP13-119],確定,ポートガス・D・エース SEC-SP (コミパラ) [OP13-119],676004,管理画面,4,676004:ポートガス・D・エース SEC-SP (コミパラ) [OP13-119](7) || 718397:ポートガス・D・エース SEC-SP (コミパラ) [OP13-119]【英語版】(4) || 676005:ポートガス・D・エース SEC-RSP (レッドコミパラ) [OP13-119](1) || 676025:ポートガス・D・エース SEC-P [OP13-119](1),
マリィのプライド(419/414),確定,マリィのプライド [SI 419/414],91150,管理画面,4,91150:マリィのプライド [SI 419/414](4),
ミカン(058/052 SR),確定,ミカン SR [SM8a 058/052],91300,在庫管理・管理画面,4,91300:ミカン SR [SM8a 058/052](5),
ミミッキュVMAX(234/184 CSR),確定,ミミッキュVMAX (アセロラ) CSR [S8b 234/184],96731,管理画面,4,96731:ミミッキュVMAX (アセロラ) CSR [S8b 234/184](3),
ミモザ(100/078 SR),確定,ミモザ SR [SV1V 100/078],110910,管理画面,4,110910:ミモザ SR [SV1V 100/078](5) || 110948:ボタン SR [SV1S 100/078](-3),
ミモザ(105/078 SAR),確定,ミモザ SAR [SV1V 105/078],110938,管理画面,4,110938:ミモザ SAR [SV1V 105/078](5) || 110950:ボタン SAR [SV1S 105/078](-3),
ミュウツー&ミュウGX SR,確定,ミュウツー&ミュウGX SR: SA [SM11 098/094],91282,管理画面,4,91282:ミュウツー&ミュウGX SR: SA [SM11 098/094](5),型番なし・当たる商品が1つだけ
ミュウツー&ミュウGX SR [SM11 098/094],確定,ミュウツー&ミュウGX SR: SA [SM11 098/094],91282,管理画面,4,91282:ミュウツー&ミュウGX SR: SA [SM11 098/094](5) || 334656:ゼルネアスGX SR [SM6 098/094](-6),
メガカイリューex 250/193,確定,メガカイリューex MUR [M2a 250/193],730968,仕入れ管理シート・商品ごとの不足数・在庫管理・管理画面,4,730968:メガカイリューex MUR [M2a 250/193](4),
メガカイリューex MA [M2a 232/193],確定,メガカイリューex MA [M2a 232/193],730954,管理画面,4,730954:メガカイリューex MA [M2a 232/193](7) || 744300:メガカイリューex MA: 中国語箔押しエラー [M2a 232/193](-3),
メガゲンガーex240/193,確定,メガゲンガーex SAR [M2a 240/193],724996,管理画面,4,724996:メガゲンガーex SAR [M2a 240/193](4),
メガシンフォニア 1パック,確定,ポケモンカードゲームMEGA 拡張パック「メガシンフォニア」パック,628149,仕入れ管理シート・商品ごとの不足数・在庫管理・管理画面,4,628149:ポケモンカードゲームMEGA 拡張パック「メガシンフォニア」パック(3) || 628148:ポケモンカードゲームMEGA 拡張パック「メガシンフォニア」ボックス(0) || 628199:ポケモンカードゲームMEGA ポケモンセンターセット「メガシンフォニア」(-2) || 658649:【シュリンクなし】ポケモンカードゲームMEGA 拡張パック「メガシンフォニア」ボックス(-2),型番なし・名前で一致
メガリザードンXex MUR [116/080],確定,メガリザードンXex MUR [M2 116/080],704407,管理画面,4,704407:メガリザードンXex MUR [M2 116/080](5) || 753275:ユカリ SAR [M3 116/080](-5),
メガリザードンXex【SR】{094/080} [M2],確定,メガリザードンXex SR [M2 094/080],704385,管理画面,4,704385:メガリザードンXex SR [M2 094/080](7) || 753311:エンニュートex SR [M3 094/080](-6),
モンキー・D・ルフィ SEC-SP (コミパラ) [OP11-118],確定,モンキー・D・ルフィ SEC-SP (コミパラ) [OP11-118],519929,仕入れ管理シート・商品ごとの不足数・在庫管理・管理画面,4,519929:モンキー・D・ルフィ SEC-SP (コミパラ) [OP11-118](7) || 520555:モンキー・D・ルフィ SEC-P [OP11-118](1) || 531958:モンキー・D・ルフィ SEC [OP11-118](1),
モンキー・D・ルフィ [ST10-006],確定,モンキー・D・ルフィ SR [ST10-006](プロモーションカード「ONE PIECE DAY'24 来場者特典」),315324,管理画面,4,,人が選んだ（overrides）
モンキー・D・ルフィ [ST21-014],要確認,,,管理画面,4,478777:モンキー・D・ルフィ SR [ST21-014](スタートデッキEX「ギア5」)(4) || 605546:モンキー・D・ルフィ SR [ST21-014](プロモーションカード「フラッグシップバトル 優勝記念品」)(4) || 663314:モンキー・D・ルフィ SR [ST21-014](プロモーションカード「フラッグシップバトル 」) For Asia(4) || 706813:モンキー・D・ルフィ SR [ST21-014](プロモーションカード「ワンピースマガジン 特集 週刊少年ジャンプとワンピース 020」)(4),候補6つが同点（版・収録違い）
モンキー・D・ルフィ：手配書 SEC-SPC [OP13-118],確定,モンキー・D・ルフィ: 手配書 SEC-SPC [OP13-118],676009,管理画面,4,676009:モンキー・D・ルフィ: 手配書 SEC-SPC [OP13-118](7) || 718394:モンキー・D・ルフィ: 手配書 SEC-SPC [OP13-118]【英語版】(4) || 676024:モンキー・D・ルフィ SEC-P [OP13-118](-7) || 676002:モンキー・D・ルフィ SEC-SP (コミパラ) [OP13-118](-7),
リザードンEX [075/XY-P],確定,リザードンEX: プロモ [XY-P 075/XY-P],91421,管理画面,4,91421:リザードンEX: プロモ [XY-P 075/XY-P](4),
リザードンEX(276/XY-P),確定,リザードンEX: プロモ(アートコレクション) [XY-P 276/XY-P],91400,管理画面,4,91400:リザードンEX: プロモ(アートコレクション) [XY-P 276/XY-P](2),
リザードンV 103/100,確定,リザードンV SR: SA [S9 103/100],91147,管理画面,4,91147:リザードンV SR: SA [S9 103/100](4) || 137044:ロトムV SR [S11 103/100](-4) || 141399:ケケンカニV SR [s8 103/100](-4) || 145054:ガラルヒヒダルマV SR [s4 103/100](-4),
リザードンVSTAR(212/172 SAR),確定,リザードンVSTAR SAR [s12a 212/172],103079,管理画面,4,103079:リザードンVSTAR SAR [s12a 212/172](3),
リザードンex [SV3 134/108],確定,リザードンex SAR [SV3 134/108],132279,管理画面,4,132279:リザードンex SAR [SV3 134/108](6),
リザードンex(185/165 SR),確定,リザードンex SR [SV2a 185/165],128101,仕入れ管理シート・商品ごとの不足数・在庫管理・管理画面,4,128101:リザードンex SR [SV2a 185/165](5),
リーリエ 119/114,確定,リーリエ(がんばリーリエ) SR [SM4+ 119/114],91323,管理画面,4,91323:リーリエ(がんばリーリエ) SR [SM4+ 119/114](2),
リーリエのアブリボン【AR】{105/100} [SV9],確定,リーリエのアブリボン AR [SV9 105/100],505952,管理画面,4,505952:リーリエのアブリボン AR [SV9 105/100](7) || 96567:ネオラントV: SA SR [S9 105/100](-8) || 96582:ミュウV SR [S8 105/100](-8) || 102308:クロバットV SR [S3 105/100](-8),
リーリエの決心 091/063,確定,リーリエの決心 SAR [M1L 091/063],663637,管理画面,4,663637:リーリエの決心 SAR [M1L 091/063](4) || 546119:シロナのガブリアスex UR [SV9a 091/063](-4) || 664124:ミツルの思いやり SAR [M1S 091/063](-4),
ルザミーネ(055/050 SR),確定,ルザミーネ SR [SM4A 055/050],91330,管理画面,4,91330:ルザミーネ SR [SM4A 055/050](5) || 91328:グラジオ SR [SM4S 055/050](-3) || 91359:マオ SR [SM2L 055/050](-3) || 105312:マツバ SR [SM7b 055/050](-3),
レシラム&リザードンGX SR [SM10 097/095],確定,レシラム&リザードンGX SR: SA [SM10 097/095],91286,管理画面,4,91286:レシラム&リザードンGX SR: SA [SM10 097/095](5) || 335164:ズガドーンGX SR [SM8 097/095](-6) || 339682:オドリドリGX SR [SM12 097/095](-6) || 127727:セレビィ&フシギバナGX SR: SA [SM9 097/095](-8),
レックウザGX [SM8b 240/150],確定,レックウザGX SSR [SM8b 240/150],91295,管理画面,4,91295:レックウザGX SSR [SM8b 240/150](6),
レックウザVMAX(083/067),確定,レックウザVMAX HR: SA [S7R 083/067],93017,管理画面,4,93017:レックウザVMAX HR: SA [S7R 083/067](4) || 93019:ジュラルドンVMAX HR: SA [S7D 083/067](-4) || 96585:スターミーV CSR [S9a 083/067](-4) || 96610:カイ HR [S10P 083/067](-4),
ロケット団のニドキングex【SAR】{126/098} [SV10],確定,ロケット団のニドキングex SAR [SV10 126/098],568324,管理画面,4,568324:ロケット団のニドキングex SAR [SV10 126/098](7),
拡張パック『サイバージャッジ』(SV5M)【未開封BOX】{-} [未開封BOX],確定,ポケモンカードゲーム スカーレット&バイオレット 拡張パック 「サイバージャッジ」 ボックス,171884,仕入れ管理シート・商品ごとの不足数・管理画面,4,171884:ポケモンカードゲーム スカーレット&バイオレット 拡張パック 「サイバージャッジ」 ボックス(3) || 567440:【シュリンクなし】 ポケモンカードゲーム スカーレット&バイオレット 拡張パック 「サイバージャッジ」 ボックス(1) || 171885:ポケモンカードゲーム スカーレット&バイオレット 拡張パック 「サイバージャッジ」 パック(0),型番なし・名前で一致
拡張パック『スターバース』(S9)【未開封BOX】{-} [未開封BOX],確定,ポケモンカードゲーム ソード&シールド 拡張パック スターバース ボックス (スタバ),32870,仕入れ管理シート・管理画面,4,32870:ポケモンカードゲーム ソード&シールド 拡張パック スターバース ボックス (スタバ)(3) || 88565:ポケモンカードゲーム ソード&シールド 拡張パック スターバース パック(0),型番なし・名前で一致
拡張パック『パラダイムトリガー』(S12)【未開封BOX】{-} [未開封BOX],確定,ポケモンカードゲーム ソード&シールド 拡張パック「パラダイムトリガー」ボックス (パラトリ),97143,管理画面,4,97143:ポケモンカードゲーム ソード&シールド 拡張パック「パラダイムトリガー」ボックス (パラトリ)(3) || 97142:ポケモンカードゲーム ソード&シールド 拡張パック パラダイムトリガー パック(0) || 100771:ポケモンカードゲーム ソード&シールド プロモパック パラダイムトリガー「ルギアゲットチャレンジ」(0) || 100772:ポケモンカードゲーム ソード&シールド プロモパック パラダイムトリガー「ルギアゲットチャレンジ」ポケモンセンター Ver.(0),型番なし・名前で一致
漫才ごっこピカチュウ,確定,漫才ごっこピカチュウ: プロモ [SM-P 407],127035,管理画面,4,127035:漫才ごっこピカチュウ: プロモ [SM-P 407](5),型番なし・当たる商品が1つだけ
AirPods Max 2 ブルー,確定,AirPods Max 2 ブルー,,管理画面,3,,スニダン外の商品（mintore_non_snkr.csv）
Apple Watch SE 3 GPSモデル 40mm,確定,Apple Watch SE 3 GPSモデル 40mm,,管理画面,3,,スニダン外の商品（mintore_non_snkr.csv）
MEGAドリームex BOX,確定,ポケモンカードゲームMEGA ハイクラスパック「MEGAドリームex」ボックス,721913,仕入れ管理シートF列・管理画面,3,721913:ポケモンカードゲームMEGA ハイクラスパック「MEGAドリームex」ボックス(3) || 721915:【シュリンクなし】ポケモンカードゲームMEGA ハイクラスパック「MEGAドリームex」ボックス(1) || 721914:ポケモンカードゲームMEGA ハイクラスパック「MEGAドリームex」パック(0),型番なし・名前で一致
MacBook Air (M5) 13インチ,確定,MacBook Air (M5) 13インチ,,管理画面,3,,スニダン外の商品（mintore_non_snkr.csv）
MリザードンEX RR :1ED 055/080,確定,MリザードンEX RR: 1ED [XY2 055/080],108500,仕入れ管理シート・商品ごとの不足数・在庫管理・管理画面,3,108500:MリザードンEX RR: 1ED [XY2 055/080](6) || 380746:MリザードンEX RR [XY2 055/080](5) || 390839:ダークライEX RR: 1ED [XY9 055/080](-2) || 431361:プテラex ☆: 1ED [ADVEX 055/080](-2),
MレックウザEX(024/025)[25th],確定,MレックウザEX: プロモ [S8a-P 024/025],98534,管理画面,3,98534:MレックウザEX: プロモ [S8a-P 024/025](4) || 489498:博士の研究(オーキド博士) UR [024/025]【英語版】(-7),
Nのゾロア【AR】{108/100} [SV9],確定,Nのゾロア AR [SV9 108/100],506148,管理画面,3,506148:Nのゾロア AR [SV9 108/100](7) || 96579:ゲノセクトV SR [S8 108/100](-8) || 137047:ガラルニャイキングV SR [S11 108/100](-8) || 139847:ドンカラスV SR [S9 108/100](-8),
Nのゾロアークex【SAR】{127/100} [SV9],確定,Nのゾロアークex SAR [SV9 127/100],506159,仕入れ管理シート・商品ごとの不足数・在庫管理・管理画面,3,506159:Nのゾロアークex SAR [SV9 127/100](7) || 96560:崩れたスタジアム UR [S11 127/100](-8) || 96574:マグマの滝壺 UR [S9 127/100](-8) || 96633:トレーニングコート UR [S8 127/100](-8),
Nの筋書き【SAR】{173/086} [SV11B],確定,Nの筋書き SAR [SV11B 173/086],606907,管理画面,3,606907:Nの筋書き SAR [SV11B 173/086](7) || 607941:トウコ SAR [SV11W 173/086](-6),
PT交換専用カード(トレキング・トレニャン ・ユウキ・レインボー),対象外,,,管理画面,3,,ポイント交換・演出（発送しない）
"PT交換専用カード 1,080PT",対象外,,,管理画面,3,,ポイント交換・演出（発送しない）
PT交換専用カード 100PT,対象外,,,管理画面,3,,ポイント交換・演出（発送しない）
pt交換専用カード,対象外,,,管理画面,3,,ポイント交換・演出（発送しない）
〔※状態難/PSA10鑑定済〕N【SR】{071/066} [※状態難/鑑定済カード],確定,【PSA10】【状態難】N SR: 1ED [BW2 071/066],91636,管理画面,3,91636:N SR: 1ED [BW2 071/066](4) || 105351:ハッサムGX SR [SM6b 071/066](-3) || 105394:デンジ SR [SM5M 071/066](-3) || 105410:ポケモンだいすきクラブ SR [SM5S 071/066](-3),
いちげきウーラオスVMAX 085/070,確定,いちげきウーラオスVMAX HR: SA [S5I 085/070],93034,管理画面,3,93034:いちげきウーラオスVMAX HR: SA [S5I 085/070](4) || 91205:大きなおまもり UR [S1a 085/070](-4) || 93029:はくばバドレックスVMAX HR: SA [S6H 085/070](-4) || 96645:こくばバドレックスVMAX HR [S6K 085/070](-4),
かがやくリザードン(011/071 K),確定,かがやくリザードン K [S10b 011/071],91134,管理画面,3,91134:かがやくリザードン K [S10b 011/071](5) || 120671:バクーダ U [SV2D 011/071](-5) || 120765:アノクサ C [SV2P 011/071](-5) || 139327:フィオネ U [s10a 011/071](-5),
なにかのパック×2,確定,なにかのパック×2,,在庫管理・管理画面,3,,なにかの〜・福袋（書き方の決まりで揃えた）
はくばバドレックスVMAX HR,確定,はくばバドレックスVMAX HR: SA [S6H 085/070],93029,管理画面,3,93029:はくばバドレックスVMAX HR: SA [S6H 085/070](5),型番なし・当たる商品が1つだけ
わるいギャラドス(25th) 005/025,確定,わるいギャラドス: プロモ [S8a-P 005/025],98533,管理画面,3,98533:わるいギャラドス: プロモ [S8a-P 005/025](4),
アセロラのいたずら 090/063,確定,アセロラのいたずら SAR [M1S 090/063],663641,管理画面,3,663641:アセロラのいたずら SAR [M1S 090/063](4) || 546118:ヒビキのホウオウex UR [SV9a 090/063](-4) || 664110:マチスの取引 SAR [M1L 090/063](-4),
アセロラのいたずら【SR】{084/063} [M1S],確定,アセロラのいたずら SR [M1S 084/063],664122,管理画面,3,664122:アセロラのいたずら SR [M1S 084/063](7) || 546114:ヒビキの冒険 SR [SV9a 084/063](-6) || 664108:ふうせん SR [M1L 084/063](-6),
アセロラの予感 255/184,確定,アセロラの予感 SR [S8b 255/184],91151,管理画面,3,91151:アセロラの予感 SR [S8b 255/184](4),
アビスアイ,確定,ポケモンカードゲームMEGA 拡張パック「アビスアイ」パック,806645,仕入れ管理シートF列・在庫管理・管理画面,3,,人が選んだ（overrides）
アルセウスV(267/S-P),確定,アルセウスV: プロモ [S-P 267],128518,管理画面,3,128518:アルセウスV: プロモ [S-P 267](4),
イーブイ(133/165)(ミラー/マスターボール),確定,イーブイ C: マスターボールミラー [SV2a 133/165],128249,管理画面,3,,人が選んだ（overrides）
イーブイex 224/187,確定,イーブイex SAR [SV8a 224/187],469630,管理画面,3,469630:イーブイex SAR [SV8a 224/187](4),
エテボース【AR】{092/080} [M2],確定,エテボース AR [M2 092/080],702702,管理画面,3,702702:エテボース AR [M2 092/080](7) || 753260:ラッタ AR [M3 092/080](-6),
エリカのおもてなし 190/173,確定,エリカのおもてなし SR [SM12a 190/173],93089,管理画面,3,93089:エリカのおもてなし SR [SM12a 190/173](4),
エリカのおもてなし [190/173],確定,エリカのおもてなし SR [SM12a 190/173],93089,管理画面,3,93089:エリカのおもてなし SR [SM12a 190/173](4),
エーフィ&デオキシスGX SR [177/173],確定,エーフィ&デオキシスGX SR: SA [SM12a 177/173],91271,仕入れ管理シート・商品ごとの不足数・在庫管理・管理画面,3,91271:エーフィ&デオキシスGX SR: SA [SM12a 177/173](3),
カイ(077/067 SR),確定,カイ SR [S10P 077/067],91142,管理画面,3,91142:カイ SR [S10P 077/067](5) || 91168:サナ SR [S7R 077/067](-3) || 96736:セキ SR [S10D 077/067](-3) || 98651:キバナ SR [S7D 077/067](-3),
カエデ(097/078 SR),確定,カエデ SR [SV1V 097/078],110933,管理画面,3,110933:カエデ SR [SV1V 097/078](5) || 110945:ジニア SR [SV1S 097/078](-3),
カメックス(003/025)[25th],確定,カメックス: プロモ [S8a-P 003/025],91158,仕入れ管理シート・商品ごとの不足数・在庫管理・管理画面,3,91158:カメックス: プロモ [S8a-P 003/025](4),
カメックスex(202/165 SAR),確定,カメックスex SAR [SV2a 202/165],128118,管理画面,3,128118:カメックスex SAR [SV2a 202/165](5),
ガラルファイヤーV SR,確定,ガラルファイヤーV SR: SA [S5a 078/070],91185,管理画面,3,91185:ガラルファイヤーV SR: SA [S5a 078/070](5),型番なし・当たる商品が1つだけ
グレイシア(マスターボールミラー)【-】{040/187} [SV8a],確定,グレイシア: マスターボールミラー [SV8a 040/187],471594,仕入れ管理シート・商品ごとの不足数・在庫管理・管理画面,3,,人が選んだ（overrides）
グレイシアVMAX 091/069,確定,グレイシアVMAX HR: SA [S6a 091/069],93024,仕入れ管理シートF列・管理画面,3,93024:グレイシアVMAX HR: SA [S6a 091/069](4),
ゲンガー R: マスターボールミラー [SV2a 094/165],確定,ゲンガー R: マスターボールミラー [SV2a 094/165],128212,管理画面,3,128212:ゲンガー R: マスターボールミラー [SV2a 094/165](8) || 127943:ゲンガー R: モンスターボールミラー [SV2a 094/165](0) || 127942:ゲンガー R [SV2a 094/165](-2),
ゲンガー&ミミッキュGX RR [SM9 038/095],確定,ゲンガー&ミミッキュGX RR [SM9 038/095],387059,管理画面,3,387059:ゲンガー&ミミッキュGX RR [SM9 038/095](7) || 335105:ネイティ C [SM8 038/095](-8) || 339623:コスモウム C [SM12 038/095](-8) || 392984:ムウマ C [SM10 038/095](-8),
ゲンガー&ミミッキュGX SR [SM9 103/095],確定,ゲンガー&ミミッキュGX SR: SA [SM9 103/095],93096,管理画面,3,93096:ゲンガー&ミミッキュGX SR: SA [SM9 103/095](5) || 335166:ザオボー SR [SM8 103/095](-6) || 339685:メガミミロップ&プリンGX SR [SM12 103/095](-6) || 393045:エルフーンGX SR [SM10 103/095](-6),
コイキングごっこピカチュウ(150/XY-P),確定,コイキングごっこピカチュウ: プロモ [XY-P 150/XY-P],91395,管理画面,3,91395:コイキングごっこピカチュウ: プロモ [XY-P 150/XY-P](4),
サボ SR-SP (コミパラ) [OP04-083],確定,サボ SR-SP (コミパラ) [OP04-083](ブースターパック「謀略の王国」),126134,管理画面,3,126134:サボ SR-SP (コミパラ) [OP04-083](ブースターパック「謀略の王国」)(7) || 332161:サボ SR-SP (コミパラ) [OP04-083](プレミアムブースター「ONE PIECE CARD THE BEST」)(7) || 198439:サボ SR-SP (コミパラ) [OP04-083]【英語版】(ブースターパック「謀略の王国」)(4) || 441062:サボ SR-SP (コミパラ) [OP04-083]【英語版】(プレミアムブースター「ONE PIECE CARD THE BEST」)(4),再録と同点→初出の弾（手書きに収録の指定なし）
サンダースV(079/069 SR)[SA],確定,サンダースV SR: SA [S6a 079/069],91174,管理画面,3,91174:サンダースV SR: SA [S6a 079/069](3),
サンダースex【SAR】{209/187} [SV8a],確定,サンダースex SAR [SV8a 209/187],458562,管理画面,3,458562:サンダースex SAR [SV8a 209/187](7),
サーナイト(196/184 CHR),確定,サーナイト CHR [s8b 196/184],126681,管理画面,3,126681:サーナイト CHR [s8b 196/184](5),
シロナ&カトレア(106/095 SR),確定,シロナ&カトレア SR [SM12 106/095],91276,管理画面,3,91276:シロナ&カトレア SR [SM12 106/095](5) || 104624:溶接工 SR [SM10 106/095](-3) || 396402:イーブイ&カビゴンGX SR [SM9 106/095](-3) || 93101:スイクンGX HR [SM8 106/095](-5),
スイクンV(215/172 SAR),確定,スイクンV SAR [s12a 215/172],103068,仕入れ管理シート・商品ごとの不足数・在庫管理・管理画面,3,103068:スイクンV SAR [s12a 215/172](5),
スカル団ごっこピカチュウ(013/SM-P),確定,スカル団ごっこピカチュウ: プロモ [SM-P 013],91218,管理画面,3,91218:スカル団ごっこピカチュウ: プロモ [SM-P 013](4),
トウホクのピカチュウ,確定,トウホクのピカチュウ P [SV-P 260],618445,管理画面,3,,人が選んだ（overrides）
ニャースex114/080,確定,ニャースex SAR [M3 114/080],753242,管理画面,3,753242:ニャースex SAR [M3 114/080](4) || 704405:メガミミロップex SAR [M2 114/080](-4),
ニンジャスピナー 1パック,確定,ポケモンカードゲームMEGA 拡張パック「ニンジャスピナー」 パック,762694,仕入れ管理シート・商品ごとの不足数・在庫管理・管理画面,3,762694:ポケモンカードゲームMEGA 拡張パック「ニンジャスピナー」 パック(3) || 762693:ポケモンカードゲームMEGA 拡張パック「ニンジャスピナー」 ボックス(0) || 762695:【シュリンクなし】ポケモンカードゲームMEGA 拡張パック「ニンジャスピナー」 ボックス(-2),型番なし・名前で一致
ニンフィア 068/187,確定,ニンフィア [SV8a 068/187],434895,管理画面,3,434895:ニンフィア [SV8a 068/187](4) || 466352:ニンフィア: モンスターボールミラー [SV8a 068/187](-1) || 471614:ニンフィア: マスターボールミラー [SV8a 068/187](-1),
ニンフィアVMAX(093/069 HR)[SA],確定,ニンフィアVMAX HR: SA [S6a 093/069],93022,管理画面,3,93022:ニンフィアVMAX HR: SA [S6a 093/069](3),
ニンフィアex【SAR】{212/187} [SV8a],確定,ニンフィアex SAR [SV8a 212/187],455595,管理画面,3,455595:ニンフィアex SAR [SV8a 212/187](7),
バトルパートナーズ,確定,ポケモンカードゲーム スカーレット&バイオレット 拡張パック「バトルパートナーズ」ボックス,484952,仕入れ管理シート・仕入れ管理シートF列・商品ごとの不足数・在庫管理・管理画面,3,,人が選んだ（overrides）
ヒガナ(059/053 SR),確定,ヒガナ SR [SM6a 059/053],91309,管理画面,3,91309:ヒガナ SR [SM6a 059/053](5),
ピカチュウ SV-P 218,確定,ピカチュウ P [SV-P 218],332798,管理画面,3,332798:ピカチュウ P [SV-P 218](4),
ピカチュウ セブンイレブン [S-P 001],確定,ピカチュウ セブンイレブン: プロモ [S-P 001],93381,管理画面,3,93381:ピカチュウ セブンイレブン: プロモ [S-P 001](4) || 503315:ピカチュウ セブンイレブン: プロモ [S-P 001](プロモーションカード「S-P」) 未開封パック(-2),
ピカチュウ(227/S-P),確定,ピカチュウ: プロモ [S-P 227],91118,管理画面,3,91118:ピカチュウ: プロモ [S-P 227](4),
ピカチュウ(291/SM-P),確定,ピカチュウ: プロモ [SM-P 291],93081,仕入れ管理シート・商品ごとの不足数・在庫管理・管理画面,3,93081:ピカチュウ: プロモ [SM-P 291](4),
ピカチュウ(323/S-P),確定,ピカチュウ: プロモ [323 S-P],104514,管理画面,3,,人が選んだ（overrides）
ピカチュウV(001/024),確定,ピカチュウV [SN 001/024],100081,仕入れ管理シート・商品ごとの不足数・在庫管理・管理画面,3,100081:ピカチュウV [SN 001/024](4) || 331525:ディグダ [SA-FG 001/024](-4) || 377598:ピカチュウ [SA 001/024](-4) || 379487:エネルギー回収 [SB 001/024](-4),
ピカチュウV-UNION(025～028)[4枚セット],確定,ピカチュウV-UNION RRR [s8a 025-028/028],141447,管理画面,3,,人が選んだ（overrides）
ピカチュウVMAX [S4 114/100],確定,ピカチュウVMAX HR [S4 114/100],91197,管理画面,3,91197:ピカチュウVMAX HR [S4 114/100](6) || 93374:おじょうさま SR [S11 114/100](-7) || 96568:シロナの覇気 SR [S9 114/100](-7) || 102323:ボーマンダVMAX HR [S3 114/100](-7),
ピカチュウex【UR】{236/187} [SV8a],確定,ピカチュウex UR [SV8a 236/187],469638,管理画面,3,469638:ピカチュウex UR [SV8a 236/187](7),
フシギソウ(002/032),確定,フシギソウ [CLF 002/032],147473,管理画面,3,147473:フシギソウ [CLF 002/032](4) || 147474:リザード [CLL 002/032](-4) || 147475:カメール [CLK 002/032](-4) || 385655:キノココ C: 1ED [CP3 002/032](-4),
フーディン【AR】{071/063} [M1S],確定,フーディン AR [M1S 071/063],645380,管理画面,3,645380:フーディン AR [M1S 071/063](7) || 543243:カスミのコダック AR [SV9a 071/063](-6) || 663632:ミカルゲ AR [M1L 071/063](-6),
ブラッキー&ダークライGX SR [SM12a 182/173],確定,ブラッキー&ダークライGX SR: SA [SM12a 182/173],93082,管理画面,3,93082:ブラッキー&ダークライGX SR: SA [SM12a 182/173](5),
ブラッキーGX [SM8b 229/150],確定,ブラッキーGX SSR [SM8b 229/150],91299,管理画面,3,91299:ブラッキーGX SSR [SM8b 229/150](6),
ブラッキーVMAX(095/069 HR)[SA],確定,ブラッキーVMAX HR: SA [S6a 095/069],93021,管理画面,3,93021:ブラッキーVMAX HR: SA [S6a 095/069](3),
ブラッキー☆(012/025)[25th],確定,ブラッキー☆: プロモ [S8a-P 012/025],91160,管理画面,3,91160:ブラッキー☆: プロモ [S8a-P 012/025](4),
ブースター(065/SV-P),確定,ブースター: プロモ [SV-P 065],122057,管理画面,3,122057:ブースター: プロモ [SV-P 065](4),
ブースター: プロモ [SV-P 065],確定,ブースター: プロモ [SV-P 065],122057,管理画面,3,122057:ブースター: プロモ [SV-P 065](5),
プクリン 091/080,確定,プクリン AR [M2 091/080],704383,管理画面,3,704383:プクリン AR [M2 091/080](4) || 753259:ニダンギル AR [M3 091/080](-4),
ベル(020/020),確定,ベル [BGS 020/020],409804,管理画面,3,409804:ベル [BGS 020/020](4) || 409817:ベル [BGS 020/020](4) || 108767:カミツレ C: 1ED [SC 020/020](-4) || 136232:ボスの指令(ゲーチス) [SVEM 020/020](-4),
ボア・ハンコック SR-SPC [OP07-051],確定,ボア・ハンコック SR-SPC [OP07-051],349478,管理画面,3,349478:ボア・ハンコック SR-SPC [OP07-051](7) || 471533:ボア・ハンコック SR-SPC [OP07-051]【英語版】(4) || 185177:ボア・ハンコック SR [OP07-051](ブースターパック 500年後の未来)(1) || 198723:ボア・ハンコック SR-SP (コミパラ) [OP07-051](1),
ボア・ハンコック SR-SPC [OP12-014],確定,ボア・ハンコック SR-SPC [OP12-014],764614,管理画面,3,764614:ボア・ハンコック SR-SPC [OP12-014](7) || 779135:ボア・ハンコック SR-SPC [OP12-014]【英語版】(4) || 588837:ボア・ハンコック SR-P [OP12-014](1) || 599084:ボア・ハンコック SR [OP12-014](1),
ポケモンカードゲーム スカーレット&バイオレット スペシャルBOX「ポケモンセンターヒロシマ」,確定,ポケモンカードゲーム スカーレット&バイオレット スペシャルBOX「ポケモンセンターヒロシマ」,618443,管理画面,3,618443:ポケモンカードゲーム スカーレット&バイオレット スペシャルBOX「ポケモンセンターヒロシマ」(5),型番なし・当たる商品が1つだけ
マリィのプライド(sI 419/414),確定,マリィのプライド [SI 419/414],91150,在庫管理・管理画面,3,91150:マリィのプライド [SI 419/414](4),
マーシャドー【AR】{069/063} [M1L],確定,マーシャドー AR [M1L 069/063],664098,管理画面,3,664098:マーシャドー AR [M1L 069/063](7) || 535465:ギャロップ AR [SV9a 069/063](-6) || 662218:インテレオン AR [M1S 069/063](-6),
ミュウex [SV2a 205/165],確定,ミュウex SAR [SV2a 205/165],128121,管理画面,3,128121:ミュウex SAR [SV2a 205/165](6),
ミュウex(205/165 SAR),確定,ミュウex SAR [SV2a 205/165],128121,管理画面,3,128121:ミュウex SAR [SV2a 205/165](5),
ミュウツー&ミュウGX 098/094,確定,ミュウツー&ミュウGX SR: SA [SM11 098/094],91282,仕入れ管理シート・商品ごとの不足数・在庫管理・管理画面,3,91282:ミュウツー&ミュウGX SR: SA [SM11 098/094](4) || 334656:ゼルネアスGX SR [SM6 098/094](-4),
ミュウツー(183/165 AR),確定,ミュウツー AR [SV2a 183/165],128099,管理画面,3,128099:ミュウツー AR [SV2a 183/165](5),
ミュウツーEX(022/025)[25th],確定,ミュウツーEX: プロモ [S8a-P 022/025],98532,管理画面,3,98532:ミュウツーEX: プロモ [S8a-P 022/025](4),
ミュウツーVSTAR 221/172,確定,ミュウツーVSTAR SAR [s12a 221/172],103080,管理画面,3,103080:ミュウツーVSTAR SAR [s12a 221/172](2),
ミュウツーVSTAR(221/172 SAR),確定,ミュウツーVSTAR SAR [s12a 221/172],103080,管理画面,3,103080:ミュウツーVSTAR SAR [s12a 221/172](3),
ミロカロスex 131/106,確定,ミロカロスex SAR [SV8 131/106],408331,管理画面,3,408331:ミロカロスex SAR [SV8 131/106](4),
メガガルーラex【SAR】{089/063} [M1S],確定,メガガルーラex SAR [M1S 089/063],657366,管理画面,3,657366:メガガルーラex SAR [M1S 089/063](7) || 546117:ヒビキの冒険 SAR [SV9a 089/063](-6) || 664109:メガアブソルex SAR [M1L 089/063](-6),
メガサーナイトex MUR [M1S 092/063],確定,メガサーナイトex MUR [M1S 092/063],663661,仕入れ管理シート・商品ごとの不足数・在庫管理・管理画面,3,663661:メガサーナイトex MUR [M1S 092/063](7) || 663638:メガルカリオex MUR [M1L 092/063](-6) || 546120:ハッコウシティ UR [SV9a 092/063](-8),
メガサーナイトex [M1S 092/063],確定,メガサーナイトex MUR [M1S 092/063],663661,管理画面,3,663661:メガサーナイトex MUR [M1S 092/063](6) || 546120:ハッコウシティ UR [SV9a 092/063](-7) || 663638:メガルカリオex MUR [M1L 092/063](-7),
メガユキメノコex MA 224/193,確定,メガユキメノコex MA [M2a 224/193],730948,管理画面,3,730948:メガユキメノコex MA [M2a 224/193](5) || 744292:メガユキメノコex MA: 中国語箔押しエラー [M2a 224/193](-5),
メガルカリオex 092/063,確定,メガルカリオex MUR [M1L 092/063],663638,管理画面,3,663638:メガルカリオex MUR [M1L 092/063](4) || 546120:ハッコウシティ UR [SV9a 092/063](-4) || 663661:メガサーナイトex MUR [M1S 092/063](-4),
モンキー・D・ルフィ SEC-SP (コミパラ) [OP09-119],確定,モンキー・D・ルフィ SEC-SP (コミパラ) [OP09-119],349475,管理画面,3,349475:モンキー・D・ルフィ SEC-SP (コミパラ) [OP09-119](7) || 471527:モンキー・D・ルフィ SEC-SP (コミパラ) [OP09-119]【英語版】(4) || 349474:モンキー・D・ルフィ SEC-P [OP09-119](1) || 349473:モンキー・D・ルフィ SEC [OP09-119](ブースターパック「新たなる皇帝」)(1),
モンキー・D・ルフィ [OP09-119],確定,モンキー・D・ルフィ SEC [OP09-119](ブースターパック「新たなる皇帝」),349473,管理画面,3,349473:モンキー・D・ルフィ SEC [OP09-119](ブースターパック「新たなる皇帝」)(4) || 744321:モンキー・D・ルフィ SEC [OP09-119](プロモーションカード「3rd アニバーサリーセット」)(4) || 349474:モンキー・D・ルフィ SEC-P [OP09-119](2) || 349475:モンキー・D・ルフィ SEC-SP (コミパラ) [OP09-119](2),再録と同点→初出の弾（手書きに収録の指定なし）
モンキー・D・ルフィ：手配書 SEC-SPC [OP05-119],確定,モンキー・D・ルフィ: 手配書 SEC-SPC [OP05-119],349476,管理画面,3,349476:モンキー・D・ルフィ: 手配書 SEC-SPC [OP05-119](7) || 471531:モンキー・D・ルフィ: 手配書 SEC-SPC [OP05-119]【英語版】(4) || 515454:モンキー・D・ルフィ SEC-SPC: 3周年スペシャルカード(銀背景) [OP05-119](-1) || 515455:モンキー・D・ルフィ SEC-SPC: 3周年スペシャルカード(金背景) [OP05-119](-1),
ユースタス・キッド SR-SP (コミパラ) [OP05-074],確定,ユースタス・キッド SR-SP (コミパラ) [OP05-074](ブースターパック「新時代の主役」),135425,管理画面,3,135425:ユースタス・キッド SR-SP (コミパラ) [OP05-074](ブースターパック「新時代の主役」)(7) || 332164:ユースタス・キッド SR-SP (コミパラ) [OP05-074](プレミアムブースター「ONE PIECE CARD THE BEST」)(7) || 198644:ユースタス・キッド SR-SP (コミパラ) [OP05-074]【英語版】(ブースターパック「新時代の主役」)(4) || 441065:ユースタス・キッド SR-SP (コミパラ) [OP05-074]【英語版】(プレミアムブースター「ONE PIECE CARD THE BEST」)(4),再録と同点→初出の弾（手書きに収録の指定なし）
リザード(002/032),確定,リザード [CLL 002/032],147474,仕入れ管理シート・商品ごとの不足数・在庫管理・管理画面,3,147474:リザード [CLL 002/032](4) || 147473:フシギソウ [CLF 002/032](-4) || 147475:カメール [CLK 002/032](-4) || 385655:キノココ C: 1ED [CP3 002/032](-4),
リザードン 001/025,確定,リザードン: プロモ [S8a-P 001/025],91156,仕入れ管理シート・商品ごとの不足数・在庫管理・管理画面,3,91156:リザードン: プロモ [S8a-P 001/025](4),
リザードン(001/025)[25th],確定,リザードン: プロモ [S8a-P 001/025],91156,管理画面,3,91156:リザードン: プロモ [S8a-P 001/025](4),
リザードンGX [SM8b 209/150],確定,リザードンGX SSR [SM8b 209/150],91293,管理画面,3,91293:リザードンGX SSR [SM8b 209/150](6),
リザードンV(307/190 SSR),確定,リザードンV SSR [S4a 307/190],91192,管理画面,3,91192:リザードンV SSR [S4a 307/190](5) || 164690:ドードー S [SV4a 307/190](-5),
リザードンex 201/165,確定,リザードンex SAR [SV2a 201/165],128117,仕入れ管理シート・商品ごとの不足数・在庫管理・管理画面,3,128117:リザードンex SAR [SV2a 201/165](4),
リザードンex SR[SV2a 185/165],確定,リザードンex SR [SV2a 185/165],128101,管理画面,3,128101:リザードンex SR [SV2a 185/165](6),
リザードンex [SV4a 349/190],確定,リザードンex SAR [SV4a 349/190],162095,管理画面,3,162095:リザードンex SAR [SV4a 349/190](6),
リーフィアV(071/069 SR)[SA],確定,リーフィアV SR: SA [S6a 071/069],91170,管理画面,3,91170:リーフィアV SR: SA [S6a 071/069](3) || 91622:ライコウEX SR: 1ED [BW4 071/069](-4),
リーリエのピッピex 126/100,確定,リーリエのピッピex SAR [SV9 126/100],505956,管理画面,3,505956:リーリエのピッピex SAR [SV9 126/100](4) || 535520:リーリエのピッピex SAR [SV9F 126/100]【中国語版】(-2) || 91148:ハイパーボール UR [S9 126/100](-4) || 93376:ロストスイーパー UR [S11 126/100](-4),
リーリエのピッピex【SAR】{126/100} [SV9],確定,リーリエのピッピex SAR [SV9 126/100],505956,管理画面,3,505956:リーリエのピッピex SAR [SV9 126/100](7) || 535520:リーリエのピッピex SAR [SV9F 126/100]【中国語版】(-4) || 91148:ハイパーボール UR [S9 126/100](-8) || 93376:ロストスイーパー UR [S11 126/100](-8),
リーリエの決心【SR】{086/063} [M1L],確定,リーリエの決心 SR [M1L 086/063],663636,管理画面,3,663636:リーリエの決心 SR [M1L 086/063](7) || 663640:ミステリーガーデン SR [M1S 086/063](-6) || 525751:ヒビキのホウオウex SAR [SV9a 086/063](-8),
ルギアV(110/098 SR)[SA],確定,ルギアV SR: SA [s12 110/098],100567,管理画面,3,100567:ルギアV SR: SA [s12 110/098](2) || 568317:ガルーラ AR [SV10 110/098](-5),
ルチアのアピール【SAR】{091/064} [SV7a],確定,ルチアのアピール SAR [SV7a 091/064],382399,管理画面,3,382399:ルチアのアピール SAR [SV7a 091/064](7) || 283815:カシオペア SAR [SV6a 091/064](-6),
ルリナ 277/184,確定,ルリナ SR [S8b 277/184],96715,管理画面,3,96715:ルリナ SR [S8b 277/184](4),
レシラム(25th) 020/025,確定,レシラム: プロモ [S8a-P 020/025],98529,管理画面,3,98529:レシラム: プロモ [S8a-P 020/025](4),
レックウザEX 122/XY-P,確定,レックウザEX P [XY-P 122],411766,管理画面,3,411766:レックウザEX P [XY-P 122](4),
レックウザEX XY-P 122,確定,レックウザEX P [XY-P 122],411766,管理画面,3,411766:レックウザEX P [XY-P 122](4),
ロケット団のソーナンス 103/098,確定,ロケット団のソーナンス AR [SV10 103/098],554341,管理画面,3,554341:ロケット団のソーナンス AR [SV10 103/098](4) || 100560:アンノーンV SR: SA [s12 103/098](-4),
ロケット団のヘルガー【AR】{100/098} [SV10],確定,ロケット団のヘルガー AR [SV10 100/098],568315,管理画面,3,568315:ロケット団のヘルガー AR [SV10 100/098](7) || 100557:オムスターV SR [s12 100/098](-8),
ロケット団のミミッキュ 205/193,確定,ロケット団のミミッキュ AR [M2a 205/193],730942,管理画面,3,730942:ロケット団のミミッキュ AR [M2a 205/193](4),
ロロノア・ゾロ L-P [OP01-001],確定,ロロノア・ゾロ L-P [OP01-001],104428,管理画面,3,104428:ロロノア・ゾロ L-P [OP01-001](7) || 197797:ロロノア・ゾロ L-P [OP01-001]【英語版】(4) || 94915:ロロノア・ゾロ L パラレル [OP01-001](1) || 142584:ロロノア・ゾロ L [OP01-001](ブースターパック ロマンスドーン)(1),
最低保証1pt,対象外,,,管理画面,3,,ポイント交換・演出（発送しない）
漫才ごっこピカチュウ [SM-P 407],確定,漫才ごっこピカチュウ: プロモ [SM-P 407],127035,仕入れ管理シート・商品ごとの不足数・在庫管理・管理画面,3,127035:漫才ごっこピカチュウ: プロモ [SM-P 407](4),
MEGAドリームex 1パック,確定,ポケモンカードゲームMEGA ハイクラスパック「MEGAドリームex」パック,721914,管理画面,2,721914:ポケモンカードゲームMEGA ハイクラスパック「MEGAドリームex」パック(3) || 721913:ポケモンカードゲームMEGA ハイクラスパック「MEGAドリームex」ボックス(0) || 721915:【シュリンクなし】ポケモンカードゲームMEGA ハイクラスパック「MEGAドリームex」ボックス(-2),型番なし・名前で一致
MリザードンEX,確定,MリザードンEX RR [XY2 055/080],380746,管理画面,2,,人が選んだ（overrides）
PT交換専用カード(トレキング・トレニャン ・ユウキ),対象外,,,管理画面,2,,ポイント交換・演出（発送しない）
PT交換専用カード(ユウキ・トレニャン),対象外,,,管理画面,2,,ポイント交換・演出（発送しない）
"PT交換専用カード 1,100PT",対象外,,,管理画面,2,,ポイント交換・演出（発送しない）
"PT交換専用カード 1,900PT",対象外,,,管理画面,2,,ポイント交換・演出（発送しない）
"PT交換専用カード 120,000PT",対象外,,,管理画面,2,,ポイント交換・演出（発送しない）
PT交換専用カード 120PT,対象外,,,管理画面,2,,ポイント交換・演出（発送しない）
"PT交換専用カード 148,000PT",対象外,,,管理画面,2,,ポイント交換・演出（発送しない）
"PT交換専用カード 200,000PT",対象外,,,管理画面,2,,ポイント交換・演出（発送しない）
PT交換専用カード 200PT,対象外,,,管理画面,2,,ポイント交換・演出（発送しない）
"PT交換専用カード 250,000PT",対象外,,,管理画面,2,,ポイント交換・演出（発送しない）
"PT交換専用カード 3,000PT",対象外,,,管理画面,2,,ポイント交換・演出（発送しない）
"PT交換専用カード 33,000PT",対象外,,,管理画面,2,,ポイント交換・演出（発送しない）
PT交換専用カード 354PT,対象外,,,管理画面,2,,ポイント交換・演出（発送しない）
PT交換専用カード 450PT,対象外,,,管理画面,2,,ポイント交換・演出（発送しない）
PT交換専用カード 549PT,対象外,,,管理画面,2,,ポイント交換・演出（発送しない）
PT交換専用カード 600PT,対象外,,,管理画面,2,,ポイント交換・演出（発送しない）
PT交換専用カード 968PT,対象外,,,管理画面,2,,ポイント交換・演出（発送しない）
PT変換専用カード 100PT,対象外,,,管理画面,2,,ポイント交換・演出（発送しない）
PT変換専用カード30PT,対象外,,,管理画面,2,,ポイント交換・演出（発送しない）
Pikachu with Grey Felt Hat 085/SV-P (ゴッホピカチュウ),確定,ピカチュウ: プロモ [SVP EN 085](「ゴッホ展」 プロモーションカード「SVP EN」) 【英語版】,146897,管理画面,2,,人が選んだ（overrides）
おじょうさま(114/100 SR),確定,おじょうさま SR [S11 114/100],93374,管理画面,2,93374:おじょうさま SR [S11 114/100](5) || 96568:シロナの覇気 SR [S9 114/100](-3) || 126519:ダンサー SR [s8 114/100](-3) || 506151:ナンジャモのハラバリーex SR [SV9 114/100](-3),
お茶会ごっこピカチュウ SM-P 325,確定,お茶会ごっこピカチュウ: プロモ [SM-P 325],91260,仕入れ管理シート・商品ごとの不足数・在庫管理・管理画面,2,91260:お茶会ごっこピカチュウ: プロモ [SM-P 325](4),
こくばバドレックスVMAX(086/070 HR)[SA],確定,こくばバドレックスVMAX HR: SA [S6K 086/070],91182,管理画面,2,91182:こくばバドレックスVMAX HR: SA [S6K 086/070](3) || 99576:コルニの気合い HR [S5R 086/070](-3) || 141805:サダイジャVMAX HR [s6H 086/070](-3) || 144221:シバ HR [s5I 086/070](-3),
"なにかのPSA10 70,000PT",確定,"なにかのPSA10 70,000PT",,管理画面,2,,なにかの〜・福袋（書き方の決まりで揃えた）
なにかのパック×1,確定,なにかのパック×1,,仕入れ管理シートF列・管理画面,2,,なにかの〜・福袋（書き方の決まりで揃えた）
ひかるコイキング(010/025)[25th],確定,ひかるコイキング: プロモ [S8a-P 010/025],91159,仕入れ管理シート・商品ごとの不足数・在庫管理・管理画面,2,91159:ひかるコイキング: プロモ [S8a-P 010/025](4),
ひかるレックウザ(057/072),確定,ひかるレックウザ H [SM3+ 057/072],91334,管理画面,2,91334:ひかるレックウザ H [SM3+ 057/072](4) || 381479:ふしぎなアメ [20th 057/072](-4),
れんげきウーラオスVMAX(084/070 HR)[SA],確定,れんげきウーラオスVMAX HR: SA [S5R 084/070],91188,在庫管理・管理画面,2,91188:れんげきウーラオスVMAX HR: SA [S5R 084/070](3) || 96647:セレビィVMAX HR [S6K 084/070](-3) || 96728:はくばバドレックスVMAX HR [S6H 084/070](-3) || 99572:いちげきウーラオスVMAX HR [S5I 084/070](-3),
わるいギャラドス(005/025)[25th],確定,わるいギャラドス: プロモ [S8a-P 005/025],98533,管理画面,2,98533:わるいギャラドス: プロモ [S8a-P 005/025](4),
アビスアイ 5パック,確定,ポケモンカードゲームMEGA 拡張パック「アビスアイ」パック ×5,806645,仕入れ管理シート・商品ごとの不足数・在庫管理・管理画面,2,806645:ポケモンカードゲームMEGA 拡張パック「アビスアイ」パック(3) || 806644:ポケモンカードゲームMEGA 拡張パック「アビスアイ」ボックス(0) || 806646:【シュリンクなし】ポケモンカードゲームMEGA 拡張パック「アビスアイ」ボックス(-2),型番なし・名前で一致
アルセウスV,確定,アルセウスV: プロモ [S-P 267],128518,管理画面,2,,人が選んだ（overrides）
アルセウス＆ディアルガ＆パルキアGX,確定,アルセウス&ディアルガ&パルキアGX SR: SA (三神) [SM12 100/095],91274,仕入れ管理シート・商品ごとの不足数・在庫管理・管理画面,2,,人が選んだ（overrides）
アロマなおねえさん(086/069 SR),確定,アロマなおねえさん SR [S6a 086/069],95318,管理画面,2,95318:アロマなおねえさん SR [S6a 086/069](5),
アローラの仲間たち: プロモ[SM-P 401],確定,アローラの仲間たち: プロモ [SM-P 401],93046,管理画面,2,93046:アローラの仲間たち: プロモ [SM-P 401](4),
インフェルノX 1パック,確定,ポケモンカードゲームMEGA 拡張パック「インフェルノX」パック,687431,管理画面,2,687431:ポケモンカードゲームMEGA 拡張パック「インフェルノX」パック(3) || 687430:ポケモンカードゲームMEGA 拡張パック「インフェルノX」ボックス(0) || 703025:【シュリンクなし】ポケモンカードゲームMEGA 拡張パック「インフェルノX」ボックス(-2),型番なし・名前で一致
イーブイ&カビゴンGX [SM-P 297],確定,イーブイ&カビゴンGX: プロモ [SM-P 297],107497,在庫管理・管理画面,2,107497:イーブイ&カビゴンGX: プロモ [SM-P 297](4),
イーブイ&カビゴンGX(297/SM-P)[SA],確定,イーブイ&カビゴンGX: プロモ [SM-P 297],107497,管理画面,2,107497:イーブイ&カビゴンGX: プロモ [SM-P 297](4),
イーブイ&カビゴンGX: プロモ [SM-P 297],確定,イーブイ&カビゴンGX: プロモ [SM-P 297],107497,管理画面,2,107497:イーブイ&カビゴンGX: プロモ [SM-P 297](5),
イーブイ(AR仕様)755/742,確定,イーブイ AR仕様 [MC 755/742],737035,仕入れ管理シート・商品ごとの不足数・在庫管理・管理画面,2,737035:イーブイ AR仕様 [MC 755/742](2),
エネル SEC-SP (コミパラ) [OP15-118],確定,エネル SEC-SP (コミパラ) [OP15-118],764635,管理画面,2,764635:エネル SEC-SP (コミパラ) [OP15-118](7) || 779129:エネル SEC-SP (コミパラ) [OP15-118]【英語版】(4) || 764636:エネル SEC-P [OP15-118](1) || 767168:エネル SEC [OP15-118](1),
エリカのおもてなし,確定,エリカのおもてなし SR [SM12a 190/173],93089,管理画面,2,,人が選んだ（overrides）
エンテイV(213/172 SAR),確定,エンテイV SAR [s12a 213/172],103066,仕入れ管理シート・商品ごとの不足数・在庫管理・管理画面,2,103066:エンテイV SAR [s12a 213/172](5),
エーフィGX(220/150 SSR),確定,エーフィGX SSR [SM8b 220/150],91298,管理画面,2,91298:エーフィGX SSR [SM8b 220/150](5),
エーフィVMAX(189/S-P)[SA],確定,エーフィVMAX: SA/プロモ [S-P 189],93004,管理画面,2,93004:エーフィVMAX: SA/プロモ [S-P 189](2),
カイリューV SR,確定,カイリューV SR: SA [S7R 074/067],91166,管理画面,2,91166:カイリューV SR: SA [S7R 074/067](5),型番なし・当たる商品が1つだけ
カスミのやる気(099/087 SR),確定,カスミのやる気 SR: 1ED [CP6 099/087],91460,管理画面,2,91460:カスミのやる気 SR: 1ED [CP6 099/087](4),
カスミのコダック,確定,カスミのコダック AR [SV9a 071/063],543243,管理画面,2,,人が選んだ（overrides）
カナザワのピカチュウ: プロモ [144],確定,カナザワのピカチュウ: プロモ (マークあり) [S-P 144],120250,管理画面,2,,人が選んだ（overrides）
カメックス,確定,カメックス: プロモ [S8a-P 003/025],91158,管理画面,2,,人が選んだ（overrides）
カメックスex,確定,カメックスex SAR [SV2a 202/165],128118,管理画面,2,,人が選んだ（overrides）
カメール,確定,カメール [CLK 002/032],147475,管理画面,2,,人が選んだ（overrides）
キチキギスex SAR [M2a 244/193],確定,キチキギスex SAR [M2a 244/193],730962,管理画面,2,730962:キチキギスex SAR [M2a 244/193](7),
キハダ,確定,キハダ SR [SV1a 092/073],115237,管理画面,2,,人が選んだ（overrides）
ギア2 R-P [OP11-080],確定,ギア2 R-P [OP11-080],520548,管理画面,2,520548:ギア2 R-P [OP11-080](7) || 531920:ギア2 R [OP11-080](1),
グレイシアVMAX,確定,グレイシアVMAX HR: SA [S6a 091/069],93024,管理画面,2,,人が選んだ（overrides）
ケルディオex,確定,ケルディオex SAR [SV11W 169/086],607939,管理画面,2,,人が選んだ（overrides）
ゲッコウガ&ゾロアークGX(059/055 SR)[SA],確定,ゲッコウガ&ゾロアークGX SR: SA [SM9a 059/055],104636,管理画面,2,104636:ゲッコウガ&ゾロアークGX SR: SA [SM9a 059/055](3),
ゲンガーEX(090/088 SR),確定,ゲンガーEX SR [XY4 090/088],752785,管理画面,2,752785:ゲンガーEX SR [XY4 090/088](5) || 91537:ゲンガーEX SR: 1ED [XY4 090/088](4) || 91932:カブトプス ☆: 1ED [e4 090/088](-4) || 91933:カブトプス ☆ [e4 090/088](-4),
ゲンガーVMAX(020/019)[SA],確定,ゲンガーVMAX: SA [SGG 020/019],91178,管理画面,2,91178:ゲンガーVMAX: SA [SGG 020/019](4) || 509405:マリィのモルペコ [SVOM 020/019](-4) || 866312:イーブイ AR仕様 [MEE 020/019](-4) || 866332:ゾロア AR仕様 [MEZ 020/019](-4),
ゲンガー＆ミミッキュGX,確定,ゲンガー&ミミッキュGX SR [SM9 102/095],149334,管理画面,2,,人が選んだ（overrides）
コイキングごっこピカチュウ プロモ,確定,コイキングごっこピカチュウ: プロモ [XY-P 150/XY-P],91395,管理画面,2,,人が選んだ（overrides）
コダック199/193,確定,コダック AR [M2a 199/193],729387,管理画面,2,729387:コダック AR [M2a 199/193](4),
コルニの気合い,確定,コルニの気合い SR [S5R 079/070],91186,管理画面,2,,人が選んだ（overrides）
サンダーex SAR,確定,サンダーex SAR [SV2a 204/165],128120,管理画面,2,,人が選んだ（overrides）
サンダースV SR [079/069],確定,サンダースV SR: SA [S6a 079/069],91174,管理画面,2,91174:サンダースV SR: SA [S6a 079/069](3),
サーナイト&ニンフィアGX SR [SM9a 061/055],確定,サーナイト&ニンフィアGX SR: SA [SM9a 061/055],91289,管理画面,2,91289:サーナイト&ニンフィアGX SR: SA [SM9a 061/055](5),
サーナイトex SAR(101/SV1S),確定,サーナイトex SAR [SV1S 101/078],109865,管理画面,2,,人が選んだ（overrides）
シロナ 070/066,確定,シロナ SR [SM5M 070/066],91317,管理画面,2,91317:シロナ SR [SM5M 070/066](4) || 91319:ナタネ SR [SM5S 070/066](-4) || 91638:ビクティニ SR: 1ED [BW2 070/066](-4) || 105352:ジュペッタGX SR [SM6b 070/066](-4),
シロナのミカルゲ【AR】{208/193},確定,シロナのミカルゲ AR [M2a 208/193],730281,管理画面,2,730281:シロナのミカルゲ AR [M2a 208/193](5),
ジャローダV CSR 084/068,確定,ジャローダV CSR [s11a 084/068],95123,管理画面,2,95123:ジャローダV CSR [s11a 084/068](5),
スイレン(118/114 SR),確定,スイレン SR [SM4+ 118/114],91324,管理画面,2,91324:スイレン SR [SM4+ 118/114](5),
スズナ(113/098 SR),確定,スズナ SR [s12 113/098],100570,管理画面,2,100570:スズナ SR [s12 113/098](5) || 568318:ハルクジラex SR [SV10 113/098](-3),
スターミーV(083/067 CSR),確定,スターミーV CSR [S9a 083/067],96585,管理画面,2,96585:スターミーV CSR [S9a 083/067](5) || 93017:レックウザVMAX HR: SA [S7R 083/067](-5) || 93019:ジュラルドンVMAX HR: SA [S7D 083/067](-5) || 96610:カイ HR [S10P 083/067](-5),
ステラミラクル 1パック,確定,ポケモンカードゲーム スカーレット&バイオレット 拡張パック「ステラミラクル」パック,283207,管理画面,2,283207:ポケモンカードゲーム スカーレット&バイオレット 拡張パック「ステラミラクル」パック(3) || 283206:ポケモンカードゲーム スカーレット&バイオレット 拡張パック「ステラミラクル」ボックス(0) || 283208:ポケモンカードゲーム スカーレット&バイオレット デッキビルドBOX「ステラミラクル」(-2) || 567444:【シュリンクなし】 ポケモンカードゲーム スカーレット&バイオレット 拡張パック「ステラミラクル」ボックス(-2),型番なし・名前で一致
セレナ(081/068 SR),確定,セレナ SR [s11a 081/068],95124,管理画面,2,95124:セレナ SR [s11a 081/068](5),
セレビィ&フシギバナGX SR,確定,セレビィ&フシギバナGX SR: SA [SM9 097/095],127727,管理画面,2,127727:セレビィ&フシギバナGX SR: SA [SM9 097/095](5),型番なし・当たる商品が1つだけ
セレビィ&フシギバナGX(097/095 SR)[SA],確定,セレビィ&フシギバナGX SR: SA [SM9 097/095],127727,管理画面,2,127727:セレビィ&フシギバナGX SR: SA [SM9 097/095](3) || 335164:ズガドーンGX SR [SM8 097/095](-3) || 339682:オドリドリGX SR [SM12 097/095](-3) || 91286:レシラム&リザードンGX SR: SA [SM10 097/095](-5),
ゼクロムex【BWR】{174/086} [SV11B],確定,ゼクロムex BWR [SV11B 174/086],585213,仕入れ管理シート・商品ごとの不足数・在庫管理・管理画面,2,585213:ゼクロムex BWR [SV11B 174/086](7) || 585221:レシラムex BWR [SV11W 174/086](-6),
ゼニガメ 170/165,確定,ゼニガメ AR [SV2a 170/165],128086,管理画面,2,128086:ゼニガメ AR [SV2a 170/165](4),
ソニア SR,確定,ソニア SR [S1a 077/070],91203,管理画面,2,,人が選んだ（overrides）
ダークライVSTAR(228/172 SAR),確定,ダークライVSTAR SAR [s12a 228/172],105543,管理画面,2,105543:ダークライVSTAR SAR [s12a 228/172](3),
テラスタルフェス(1BOX),確定,ポケモンカードゲーム スカーレット&バイオレット ハイクラスパック「テラスタルフェスex」ボックス,424297,仕入れ管理シートF列・管理画面,2,424297:ポケモンカードゲーム スカーレット&バイオレット ハイクラスパック「テラスタルフェスex」ボックス(3) || 567447:【シュリンクなし】 ポケモンカードゲーム スカーレット&バイオレット ハイクラスパック「テラスタルフェスex」ボックス(1) || 424298:ポケモンカードゲーム スカーレット&バイオレット ハイクラスパック「テラスタルフェスex」パック(0),型番なし・名前で一致
テラパゴスex【SAR】{130/102} [SV7],確定,テラパゴスex SAR [SV7 130/102],307293,管理画面,2,307293:テラパゴスex SAR [SV7 130/102](7),
デオキシスVMAX,確定,デオキシスVMAX SAR [s12a 222/172],103796,管理画面,2,,人が選んだ（overrides）
デデンネGX(175/173 SR)[SA],確定,デデンネGX SR [SM12a 175/173],396155,管理画面,2,396155:デデンネGX SR [SM12a 175/173](5),
トウコ【SR】{166/086} [SV11W],確定,トウコ SR [SV11W 166/086],608603,管理画面,2,608603:トウコ SR [SV11W 166/086](7) || 608532:マコモ SR [SV11B 166/086](-6),
ナンジャモ 350/190,確定,ナンジャモ SAR [SV4a 350/190],164251,管理画面,2,164251:ナンジャモ SAR [SV4a 350/190](4),
ナンジャモ(350/190 SAR),確定,ナンジャモ SAR [SV4a 350/190],164251,管理画面,2,164251:ナンジャモ SAR [SV4a 350/190](5),
ニコ・ロビン SR-SPC [EB03-055],確定,ニコ・ロビン SR-SPC [EB03-055],710437,管理画面,2,710437:ニコ・ロビン SR-SPC [EB03-055](7) || 767908:ニコ・ロビン SR-SPC [EB03-055]【英語版】(4) || 713719:ニコ・ロビン SR [EB03-055](1) || 714619:ニコ・ロビン SR-P [EB03-055](1),
ニンフィア(マスターボールミラー)【-】{068/187} [SV8a],要確認,,,管理画面,2,434895:ニンフィア [SV8a 068/187](6) || 466352:ニンフィア: モンスターボールミラー [SV8a 068/187](6) || 471614:ニンフィア: マスターボールミラー [SV8a 068/187](6),候補3つが同点（版・収録違い）
ニンフィアGX [SM1+ 057/051],確定,ニンフィアGX SR [SM1+ 057/051],91362,管理画面,2,91362:ニンフィアGX SR [SM1+ 057/051](6) || 91344:ビッケ SR [SM3N 057/051](-7) || 91351:プルメリ SR [SM3H 057/051](-7) || 91589:ガブリアス UR [BW8-K 057/051](-7),
ニンフィアV,確定,ニンフィアV CSR [S8b 231/184],96676,管理画面,2,,人が選んだ（overrides）
ハイクラスパック『シャイニースターV』(S4a)【未開封BOX】{-} [未開封BOX],確定,ポケモンカードゲーム ソード & シールド ハイクラスパック シャイニースターV ボックス,12875,仕入れ管理シート・商品ごとの不足数・管理画面,2,12875:ポケモンカードゲーム ソード & シールド ハイクラスパック シャイニースターV ボックス(3) || 88181:ポケモンカードゲーム ソード & シールド ハイクラスパック シャイニースターV パック(0) || 38019:ポケモンカードゲーム ソード&シールド ハイクラスパック シャイニースターV ルリナセット(-2),型番なし・名前で一致
バトルパートナーズ 1パック,確定,ポケモンカードゲーム スカーレット&バイオレット 拡張パック「バトルパートナーズ」パック,484953,管理画面,2,484953:ポケモンカードゲーム スカーレット&バイオレット 拡張パック「バトルパートナーズ」パック(3) || 484952:ポケモンカードゲーム スカーレット&バイオレット 拡張パック「バトルパートナーズ」ボックス(0) || 485656:ポケモンカードゲーム デッキビルドBOX 「バトルパートナーズ」(-2) || 567448:【シュリンクなし】 ポケモンカードゲーム スカーレット&バイオレット 拡張パック「バトルパートナーズ」ボックス(-2),型番なし・名前で一致
ヒガナ [059/053],確定,ヒガナ SR [SM6a 059/053],91309,管理画面,2,91309:ヒガナ SR [SM6a 059/053](4),
ヒトカゲ(051/049),確定,ヒトカゲ: フルイラスト [SVG 051/049],151714,管理画面,2,151714:ヒトカゲ: フルイラスト [SVG 051/049](2) || 106125:エンニュートGX SR [SM2+ 051/049](-4) || 126672:マニューラ CHR [sm11b 051/049](-4),
ヒトカゲ(168/165 AR),確定,ヒトカゲ AR [SV2a 168/165],128084,管理画面,2,128084:ヒトカゲ AR [SV2a 168/165](5),
ヒナツ【SR】{086/071} [S10a],確定,ヒナツ SR [S10a 086/071],91135,管理画面,2,91135:ヒナツ SR [S10a 086/071](7) || 120740:ハラバリーex SR [SV2D 086/071](-6) || 120834:ヤドキングex SR [SV2P 086/071](-6) || 186432:ウネルミナモex SR [SV5K 086/071](-6),
ヒビキのホウオウex【SAR】{086/063} [SV9a],確定,ヒビキのホウオウex SAR [SV9a 086/063],525751,管理画面,2,525751:ヒビキのホウオウex SAR [SV9a 086/063](7) || 663640:ミステリーガーデン SR [M1S 086/063](-8) || 663636:リーリエの決心 SR [M1L 086/063](-8),
ヒロシマのピカチュウ [261],確定,ヒロシマのピカチュウ P [SV-P 261],618446,管理画面,2,618446:ヒロシマのピカチュウ P [SV-P 261](5),型番なし・当たる商品が1つだけ
ビクティニ P [SV-P 288],確定,ビクティニ P [SV-P 288],585230,管理画面,2,585230:ビクティニ P [SV-P 288](5),
ピカチュウ 323 S-P,確定,ピカチュウ: プロモ [323 S-P],104514,在庫管理・管理画面,2,,人が選んだ（overrides）
ピカチュウ [s12a 205/172],確定,ピカチュウ AR [s12a 205/172],105553,在庫管理・管理画面,2,105553:ピカチュウ AR [s12a 205/172](6),
ピカチュウ&ゼクロムGX 101/095,確定,ピカチュウ&ゼクロムGX SR: SA [SM9 101/095],91290,管理画面,2,91290:ピカチュウ&ゼクロムGX SR: SA [SM9 101/095](4) || 104622:マーシャドー&カイリキーGX SR: SA [SM10 101/095](-4) || 104687:アカネ SR [SM8 101/095](-4) || 339684:アーゴヨン&アクジキングGX SR [SM12 101/095](-4),
ピカチュウ(001/SV-P),確定,ピカチュウ: プロモ [001/SV-P],104784,管理画面,2,104784:ピカチュウ: プロモ [001/SV-P](4),
ピカチュウ(008/032),確定,ピカチュウ [CLL 008/032],115274,仕入れ管理シート・商品ごとの不足数・在庫管理・管理画面,2,115274:ピカチュウ [CLL 008/032](4) || 147487:サンド [CLF 008/032](-4) || 147488:ラプラス [CLK 008/032](-4) || 385656:ユキワラシ C: 1ED [CP3 008/032](-4),
ピカチュウ(120/SV-P),確定,ピカチュウ: プロモ [SV-P 120],134393,管理画面,2,134393:ピカチュウ: プロモ [SV-P 120](4),
ピカチュウ(173/165 AR),確定,ピカチュウ AR [SV2a 173/165],128089,管理画面,2,128089:ピカチュウ AR [SV2a 173/165](5),
ピカチュウEX RR :1ED [CP2 008/027],確定,ピカチュウEX RR: 1ED [CP2 008/027],107388,管理画面,2,107388:ピカチュウEX RR: 1ED [CP2 008/027](8),
ピカチュウEX SR :1ED,確定,ピカチュウEX SR: 1ED [CP6 094/087],91461,管理画面,2,91461:ピカチュウEX SR: 1ED [CP6 094/087](5),型番なし・当たる商品が1つだけ
ピカチュウVMAX(279/184 UR),確定,ピカチュウVMAX UR [S8b 279/184],91154,管理画面,2,91154:ピカチュウVMAX UR [S8b 279/184](5),
ピカチュウ[eM 010/018](マクドナルドオリジナル「ミニマム★パック」),確定,ピカチュウ [eM 010/018],92010,管理画面,2,92010:ピカチュウ [eM 010/018](6) || 110734:水の都のピジョン [eVS 010/018](-4) || 380903:ポケモンいれかえ [XYB 010/018](-4) || 381016:ポケモンいれかえ [XYD 010/018](-4),
ピカチュウex,確定,ピカチュウex SAR [SV8 132/106],408333,仕入れ管理シート・商品ごとの不足数・在庫管理・管理画面,2,,人が選んだ（overrides）
ピカチュウex UR [SV8 136/106],確定,ピカチュウex UR [SV8 136/106],418755,管理画面,2,418755:ピカチュウex UR [SV8 136/106](7),
ピカチュウex(001/030),確定,ピカチュウex [WCS23 001/030],131236,管理画面,2,131236:ピカチュウex [WCS23 001/030](4) || 325078:リザードンV [SO 001/030](-4) || 326652:チェリンボ [SK 001/030](-4),
ピカチュウ【-】{018/051},確定,ピカチュウ [SML 018/051],397418,管理画面,2,397418:ピカチュウ [SML 018/051](4) || 397419:ピカチュウ (15) [SML 018/051](2) || 334715:ハブネーク U [SM3N 018/051](-4) || 335000:キングドラ R [SM3H 018/051](-4),
ピッピ（381/SM-P)[CHR仕様],確定,ピッピ (リーリエ): プロモ [SM-P 381],93048,管理画面,2,93048:ピッピ (リーリエ): プロモ [SM-P 381](2),
ファイヤー&サンダー&フリーザーGX SR: SA (三鳥) [SM10b 060/054],確定,ファイヤー&サンダー&フリーザーGX SR: SA (三鳥) [SM10b 060/054],91283,管理画面,2,91283:ファイヤー&サンダー&フリーザーGX SR: SA (三鳥) [SM10b 060/054](4) || 91285:ガブリアス&ギラティナGX SR: SA [SM10a 060/054](-7) || 393298:テッカグヤGX SR [SM9b 060/054](-7),
フクオカのピカチュウ,確定,フクオカのピカチュウ P [SV-P 289],618447,管理画面,2,618447:フクオカのピカチュウ P [SV-P 289](5),型番なし・当たる商品が1つだけ
フクオカのピカチュウ289/SV-P,確定,フクオカのピカチュウ P [SV-P 289],618447,管理画面,2,618447:フクオカのピカチュウ P [SV-P 289](4),
フシギバナ(002/025)[25th],確定,フシギバナ: プロモ [S8a-P 002/025],91157,管理画面,2,91157:フシギバナ: プロモ [S8a-P 002/025](4),
フリーザー【AR】{102/100} [SV9],確定,フリーザー AR [SV9 102/100],502986,管理画面,2,502986:フリーザー AR [SV9 102/100](7) || 96570:リザードンV SR [S9 102/100](-8) || 101673:ファイアローV SR [S4 102/100](-8) || 137043:キュレムV SR [S11 102/100](-8),
フーディンex(203/165 SAR),確定,フーディンex SAR [SV2a 203/165],128119,管理画面,2,128119:フーディンex SAR [SV2a 203/165](5),
ブラッキーGX(229/150 SSR),確定,ブラッキーGX SSR [SM8b 229/150],91299,管理画面,2,91299:ブラッキーGX SSR [SM8b 229/150](5),
ブラッキーVMAX HR,確定,ブラッキーVMAX HR: SA [S6a 095/069],93021,管理画面,2,93021:ブラッキーVMAX HR: SA [S6a 095/069](5),型番なし・当たる商品が1つだけ
ブラッキーex 217/187,確定,ブラッキーex SAR [SV8a 217/187],455596,管理画面,2,455596:ブラッキーex SAR [SV8a 217/187](4) || 535519:ブラッキーex SAR [SV8aF 217/187]【中国語版】(-2),
ブラッキー【-】{092/187} [SV8a],確定,ブラッキー [SV8a 092/187],434897,管理画面,2,434897:ブラッキー [SV8a 092/187](6) || 466388:ブラッキー: モンスターボールミラー [SV8a 092/187](1) || 471633:ブラッキー: マスターボールミラー [SV8a 092/187](1),
ブースター(マスターボールミラー)【-】{021/187} [SV8a],要確認,,,管理画面,2,434884:ブースター [SV8a 021/187](6) || 466298:ブースター: モンスターボールミラー [SV8a 021/187](6) || 471580:ブースター: マスターボールミラー [SV8a 021/187](6),候補3つが同点（版・収録違い）
ブースターEX(006/032 RR),確定,ブースターEX RR: 1ED [CP3 006/032],91495,管理画面,2,91495:ブースターEX RR: 1ED [CP3 006/032](4) || 147482:ストライク [CLF 006/032](-4) || 147483:ブーバー [CLL 006/032](-4) || 147484:コイキング [CLK 006/032](-4),
ベルのまごころ(097/071 SAR),確定,ベルのまごころ SAR [SV5M 097/071],184144,管理画面,2,184144:ベルのまごころ SAR [SV5M 097/071](5) || 184103:マツバの確信 SAR [SV5K 097/071](-3) || 91136:ヒスイゾロアークVSTAR UR [S10a 097/071](-5) || 120749:ディンルーex UR [SV2D 097/071](-5),
ホエルオー【AR】{103/100} [SV9],確定,ホエルオー AR [SV9 103/100],497652,管理画面,2,497652:ホエルオー AR [SV9 103/100](7) || 91147:リザードンV SR: SA [S9 103/100](-8) || 137044:ロトムV SR [S11 103/100](-8) || 141399:ケケンカニV SR [s8 103/100](-8),
ボスごっこピカチュウ ギンガ団 SM-P 194,確定,ボスごっこピカチュウ ギンガ団: プロモ [SM-P 194],91215,仕入れ管理シート・商品ごとの不足数・在庫管理・管理画面,2,91215:ボスごっこピカチュウ ギンガ団: プロモ [SM-P 194](4),
ポケモンセンターのお姉さん(069/S-P)(SR仕様),確定,ポケモンセンターのお姉さん: プロモ [S-P 069],91128,管理画面,2,91128:ポケモンセンターのお姉さん: プロモ [S-P 069](4),
ポッチャマ(052/049 CHR),確定,ポッチャマ CHR [sm11b 052/049],126663,管理画面,2,126663:ポッチャマ CHR [sm11b 052/049](5) || 151715:ゼニガメ: フルイラスト [SVG 052/049](-4) || 106121:カプ・レヒレGX SR [SM2+ 052/049](-5),
ポッチャマ【AR】{085/080} [M2],確定,ポッチャマ AR [M2 085/080],704380,管理画面,2,704380:ポッチャマ AR [M2 085/080](7) || 753258:デデンネ AR [M3 085/080](-6) || 91500:ダークライEX SR: 1ED [XY9 085/080](-7) || 91544:フラダリ SR: 1ED [XY2 085/080](-7),
ポンチョを着たピカチュウ,確定,ポンチョを着たピカチュウ: プロモ [XY-P 230/XY-P],91396,管理画面,2,,人が選んだ（overrides）
ポンチョを着たピカチュウ SM-P 038,確定,ポンチョを着たピカチュウ: 開封済 プロモ [038/SM-P],91224,仕入れ管理シート・商品ごとの不足数・在庫管理・管理画面,2,91224:ポンチョを着たピカチュウ: 開封済 プロモ [038/SM-P](4),
ポンチョを着たピカチュウ(208/XY-P),確定,ポンチョを着たピカチュウ: プロモ [XY-P 208/XY-P],126338,仕入れ管理シート・商品ごとの不足数・在庫管理・管理画面,2,126338:ポンチョを着たピカチュウ: プロモ [XY-P 208/XY-P](4) || 475940:ポンチョを着たピカチュウ: プロモ [XY-P 208/XY-P](BREAK スペシャルBOX「メガリザードンYのポンチョを着たピカチュウ」) 未開封パック(-2),
ポートガス・D・エース [ST15-005],確定,ポートガス・D・エース SR [ST15-005](プロモーションカード「3rd アニバーサリーセット」),744320,管理画面,2,,人が選んだ（overrides）
マリィのプライド,確定,マリィのプライド [SI 419/414],91150,管理画面,2,,人が選んだ（overrides）
マリオピカチュウ(294/XY-P),確定,マリオピカチュウ: プロモ [XY-P 294/XY-P],91385,管理画面,2,91385:マリオピカチュウ: プロモ [XY-P 294/XY-P](4),
ミミッキュ(058/049 CHR),確定,ミミッキュ (アセロラ) CHR [SM11b 058/049],123606,管理画面,2,123606:ミミッキュ (アセロラ) CHR [SM11b 058/049](3) || 106115:カプ・ブルルGX HR [SM2+ 058/049](-5),
ミミッキュVMAX 234/184,確定,ミミッキュVMAX (アセロラ) CSR [S8b 234/184],96731,管理画面,2,96731:ミミッキュVMAX (アセロラ) CSR [S8b 234/184](2),
ミミッキュV【CSR】{233/184} [S8b],確定,ミミッキュV (アセロラ) CSR [s8b 233/184],126327,管理画面,2,126327:ミミッキュV (アセロラ) CSR [s8b 233/184](5),
ミモザ 100/078,確定,ミモザ SR [SV1V 100/078],110910,管理画面,2,110910:ミモザ SR [SV1V 100/078](4) || 110948:ボタン SR [SV1S 100/078](-4),
ミュウ ふしぎなしっぽ,確定,ミュウ ふしぎなしっぽ UR [S8a 030/028],91161,管理画面,2,91161:ミュウ ふしぎなしっぽ UR [S8a 030/028](5),型番なし・当たる商品が1つだけ
ミュウ(183/172 AR),確定,ミュウ AR [s12a 183/172],103085,管理画面,2,103085:ミュウ AR [s12a 183/172](5) || 488360:ガラルファイヤーV HR [183/172]【英語版】(-8),
ミュウVMAX HR [S8 119/100],確定,ミュウVMAX HR: SA [S8 119/100],93016,管理画面,2,93016:ミュウVMAX HR: SA [S8 119/100](5) || 137050:ドラピオンVSTAR HR [S11 119/100](-6) || 139851:エルフーンVSTAR HR [S9 119/100](-6) || 91198:キャプチャーエネルギー UR [S3 119/100](-8),
ミュウVMAX UR,確定,ミュウVMAX UR [S8b 280/184],96733,管理画面,2,,人が選んだ（overrides）
ミュウVMAX(280/184 UR),確定,ミュウVMAX UR [S8b 280/184],96733,管理画面,2,96733:ミュウVMAX UR [S8b 280/184](5),
ミュウex,確定,ミュウex SAR [SV4a 347/190],164250,管理画面,2,,人が選んだ（overrides）
ミュウツー&ミュウGX(052/173 RR),確定,ミュウツー&ミュウGX RR [SM12a 052/173],396034,管理画面,2,396034:ミュウツー&ミュウGX RR [SM12a 052/173](5),
ミュウツーGX(082/072)[SA仕様],確定,ミュウツーGX ☆ [SM3+ 082/072],91342,管理画面,2,91342:ミュウツーGX ☆ [SM3+ 082/072](4),
ミュウツーV(074/071 SR)[SA],確定,ミュウツーV SR: SA [S10b 074/071],91133,管理画面,2,91133:ミュウツーV SR: SA [S10b 074/071](3) || 117191:ライチュウ AR [SV2D 074/071](-5) || 120824:コオリッポ AR [SV2P 074/071](-5) || 126676:ゲンガー CHR [s10a 074/071](-5),
ミライドンex(102/078 SAR),確定,ミライドンex SAR [SV1V 102/078],110935,管理画面,2,110935:ミライドンex SAR [SV1V 102/078](5) || 110898:イダイナキバex SAR [SV1S 102/078](-3),
ムニキスゼロ 1パック,確定,ポケモンカードゲームMEGA 拡張パック「ムニキスゼロ」パック,743534,管理画面,2,743534:ポケモンカードゲームMEGA 拡張パック「ムニキスゼロ」パック(3) || 743533:ポケモンカードゲームMEGA 拡張パック「ムニキスゼロ」ボックス(0) || 743535:【シュリンクなし】ポケモンカードゲームMEGA 拡張パック「ムニキスゼロ」ボックス(-2),型番なし・名前で一致
メガカイリューex [250/193],確定,メガカイリューex MUR [M2a 250/193],730968,管理画面,2,730968:メガカイリューex MUR [M2a 250/193](4),
メガサーナイトex【MUR】{092/063} [M1S],確定,メガサーナイトex MUR [M1S 092/063],663661,管理画面,2,663661:メガサーナイトex MUR [M1S 092/063](7) || 663638:メガルカリオex MUR [M1L 092/063](-6) || 546120:ハッコウシティ UR [SV9a 092/063](-8),
メガシンフォニア,確定,ポケモンカードゲームMEGA 拡張パック「メガシンフォニア」ボックス,628148,在庫管理・管理画面,2,,人が選んだ（overrides）
メガスターミーex111/080,確定,メガスターミーex SAR [M3 111/080],753272,管理画面,2,753272:メガスターミーex SAR [M3 111/080](4) || 704402:オドリドリex SAR [M2 111/080](-4),
メガダークライex 118/081,確定,メガダークライex MUR [M5 118/081],826556,管理画面,2,826556:メガダークライex MUR [M5 118/081](4),
メガダークライex [M5 118/081],確定,メガダークライex MUR [M5 118/081],826556,管理画面,2,826556:メガダークライex MUR [M5 118/081](6),
メガダークライex【SAR】{114/081,確定,メガダークライex SAR [M5 114/081],826553,管理画面,2,826553:メガダークライex SAR [M5 114/081](5),
メガドリームex 5パック,確定,ポケモンカードゲームMEGA ハイクラスパック「MEGAドリームex」パック ×5,721914,仕入れ管理シート・商品ごとの不足数・在庫管理・管理画面,2,,人が選んだ（overrides）
メガフシギバナex,確定,メガフシギバナex SAR [M1L 087/063],657363,管理画面,2,,人が選んだ（overrides）
メガブレイブ 1パック,確定,ポケモンカードゲームMEGA 拡張パック「メガブレイブ」パック,628147,仕入れ管理シート・商品ごとの不足数・在庫管理・管理画面,2,628147:ポケモンカードゲームMEGA 拡張パック「メガブレイブ」パック(3) || 628146:ポケモンカードゲームMEGA 拡張パック「メガブレイブ」ボックス(0) || 628198:ポケモンカードゲームMEGA ポケモンセンターセット「メガブレイブ」(-2) || 658648:【シュリンクなし】ポケモンカードゲームMEGA 拡張パック「メガブレイブ」ボックス(-2),型番なし・名前で一致
メガリザードンXex 110/080,確定,メガリザードンXex SAR [M2 110/080],704401,在庫管理・管理画面,2,704401:メガリザードンXex SAR [M2 110/080](4) || 753317:ミアレシティ SR [M3 110/080](-4),
メガリザードンXex [M2 116/080],確定,メガリザードンXex MUR [M2 116/080],704407,管理画面,2,704407:メガリザードンXex MUR [M2 116/080](6) || 753275:ユカリ SAR [M3 116/080](-7),
メガリザードンXex【SAR】{110/080} [M2],確定,メガリザードンXex SAR [M2 110/080],704401,仕入れ管理シート・商品ごとの不足数・管理画面,2,704401:メガリザードンXex SAR [M2 110/080](7) || 753317:ミアレシティ SR [M3 110/080](-8),
メガルカリオex【MUR】{092/063} [M1L],確定,メガルカリオex MUR [M1L 092/063],663638,仕入れ管理シート・商品ごとの不足数・在庫管理・管理画面,2,663638:メガルカリオex MUR [M1L 092/063](7) || 663661:メガサーナイトex MUR [M1S 092/063](-6) || 546120:ハッコウシティ UR [SV9a 092/063](-8),
モンキー・D・ルフィ L-P [OP01-003],確定,モンキー・D・ルフィ L-P [OP01-003],93519,管理画面,2,93519:モンキー・D・ルフィ L-P [OP01-003](7) || 197801:モンキー・D・ルフィ L-P [OP01-003]【英語版】(4) || 142586:モンキー・D・ルフィ L [OP01-003](1) || 197800:モンキー・D・ルフィ L [OP01-003]【英語版】(-2),
モンキー・D・ルフィ SEC-SP (コミパラ) [EB02-061],確定,モンキー・D・ルフィ SEC-SP (コミパラ) [EB02-061],503507,管理画面,2,503507:モンキー・D・ルフィ SEC-SP (コミパラ) [EB02-061](7) || 582520:モンキー・D・ルフィ SEC-SP (コミパラ) [EB02-061]【英語版】(4) || 503450:モンキー・D・ルフィ SEC [EB02-061](1) || 503506:モンキー・D・ルフィ SEC-P [EB02-061](1),
モンキー・D・ルフィ SR-P (サインルフィ) [ST01-012],確定,モンキー・D・ルフィ SR-P (サインルフィ) [ST01-012],135441,管理画面,2,135441:モンキー・D・ルフィ SR-P (サインルフィ) [ST01-012](7) || 198701:モンキー・D・ルフィ SR-P [ST01-012]【英語版】(4) || 119371:モンキー・D・ルフィ SR [ST01-012](スタートデッキ 麦わらの一味)(1) || 135440:モンキー・D・ルフィ SR [ST01-012](ブースターパック 新時代の主役)(1),
モンキー・D・ルフィ [P-001],要確認,,,管理画面,2,,型番 P-001 がスニダン一覧に無い
ライコウV(218/172 SAR),確定,ライコウV SAR [s12a 218/172],103070,管理画面,2,103070:ライコウV SAR [s12a 218/172](5),
ラティアス&ラティオスGX SR: SA (ラティラティGX) [SM9 105/095],確定,ラティアス&ラティオスGX SR: SA (ラティラティGX) [SM9 105/095],93097,管理画面,2,93097:ラティアス&ラティオスGX SR: SA (ラティラティGX) [SM9 105/095](4) || 104562:グズマ&ハラ SR [SM12 105/095](-7) || 128523:サカキの追放 SR [SM10 105/095](-7) || 335167:ズガドーンGX HR [SM8 105/095](-7),
ラティアスex【SAR】{087/064} [SV7a],確定,ラティアスex SAR [SV7a 087/064],358115,管理画面,2,358115:ラティアスex SAR [SV7a 087/064](7) || 284960:イイネイヌex SAR [SV6a 087/064](-6),
リザードン&テールナーGX SR,確定,リザードン&テールナーGX SR: SA [SM11a 068/064],91281,管理画面,2,91281:リザードン&テールナーGX SR: SA [SM11a 068/064](5),型番なし・当たる商品が1つだけ
リザードン&テールナーGX SR: SA[SM11a 068/064],確定,リザードン&テールナーGX SR: SA [SM11a 068/064],91281,管理画面,2,,人が選んだ（overrides）
リザードンV SR: 争奪戦,確定,リザードンV SR: 争奪戦プロモ [S-P 103],91105,管理画面,2,91105:リザードンV SR: 争奪戦プロモ [S-P 103](5),型番なし・当たる商品が1つだけ
リザードンV(211/172 SAR),確定,リザードンV SAR [s12a 211/172],105568,管理画面,2,105568:リザードンV SAR [s12a 211/172](5),
リザードンVMAX(308/190 SSR),確定,リザードンVMAX SSR [S4a 308/190],91191,管理画面,2,91191:リザードンVMAX SSR [S4a 308/190](5) || 164691:ドードリオ S [SV4a 308/190](-5),
リザードンex(349/190 SAR),確定,リザードンex SAR [SV4a 349/190],162095,管理画面,2,162095:リザードンex SAR [SV4a 349/190](5),
リーフィアVMAX 089/069,確定,リーフィアVMAX HR: SA [S6a 089/069],93023,仕入れ管理シート・仕入れ管理シートF列・商品ごとの不足数・在庫管理・管理画面,2,93023:リーフィアVMAX HR: SA [S6a 089/069](4),
リーフィアex 200/187,確定,リーフィアex SAR [SV8a 200/187],469625,管理画面,2,469625:リーフィアex SAR [SV8a 200/187](4),
リーフィアex{200/187},確定,リーフィアex SAR [SV8a 200/187],469625,管理画面,2,469625:リーフィアex SAR [SV8a 200/187](4),
リーリエのピッピex【SR】{115/100} [SV9],確定,リーリエのピッピex SR [SV9 115/100],505953,管理画面,2,505953:リーリエのピッピex SR [SV9 115/100](7) || 126520:ポッドとデントとコーン SR [s8 115/100](-6) || 126534:チェレンの気くばり SR [s9 115/100](-6) || 126544:ネジキ SR [s11 115/100](-6),
リーリエ（帽子リーリエ）SR,確定,リーリエ(帽子リーリエ)SR [SM1M 066/060],123526,管理画面,2,123526:リーリエ(帽子リーリエ)SR [SM1M 066/060](3),型番なし・当たる商品が1つだけ
リーリエ（帽子リーリエ）SR [SM1M 066/060],確定,リーリエ(帽子リーリエ)SR [SM1M 066/060],123526,管理画面,2,123526:リーリエ(帽子リーリエ)SR [SM1M 066/060](4) || 106188:ククイ博士 SR [SM1S 066/060](-7) || 112821:ジャッジマン SR [SM7a 066/060](-7) || 113243:カビゴンV SR [S1H 066/060](-7),
ルフィ＆エース L-P [ST30-001],確定,ルフィ&エース L-P [ST30-001],793190,管理画面,2,793190:ルフィ&エース L-P [ST30-001](7) || 836456:ルフィ&エース L-P [ST30-001]【英語版】(4) || 793173:ルフィ&エース L [ST30-001](1) || 836455:ルフィ&エース L [ST30-001]【英語版】(-2),
レシラム&ゼクロムGX[SA](064/049 SR),確定,レシラム&ゼクロムGX (N) SR: SA [SM11b 064/049],91280,管理画面,2,91280:レシラム&ゼクロムGX (N) SR: SA [SM11b 064/049](2) || 93109:こだわりハチマキ UR [SM2+ 064/049](-5),
レックウザ 127/193,確定,レックウザ [M2a 127/193],730169,管理画面,2,730169:レックウザ [M2a 127/193](4) || 732803:レックウザ: エネルギーマークミラー [M2a 127/193](-1) || 732802:レックウザ: モンスターボール/オシャボミラー [M2a 127/193](-1),
レックウザV 076/067,確定,レックウザV SR: SA [S7R 076/067],91167,管理画面,2,91167:レックウザV SR: SA [S7R 076/067](4) || 91169:ジュラルドンV SR: SA [S7D 076/067](-4) || 139512:アヤシシV SR [s10D 076/067](-4) || 139586:ヤレユータンV SR [s10P 076/067](-4),
レックウザVMAX,確定,レックウザVMAX HR [S7R 082/067],96630,管理画面,2,,人が選んだ（overrides）
レックウザVMAX HR [S7R 083/067],確定,レックウザVMAX HR: SA [S7R 083/067],93017,管理画面,2,93017:レックウザVMAX HR: SA [S7R 083/067](5) || 96610:カイ HR [S10P 083/067](-6) || 96734:セキ HR [S10D 083/067](-6) || 93019:ジュラルドンVMAX HR: SA [S7D 083/067](-8),
レッドのピカチュウ,確定,レッドのピカチュウ: プロモ [SM-P 270],107447,管理画面,2,107447:レッドのピカチュウ: プロモ [SM-P 270](5),型番なし・当たる商品が1つだけ
ロケット団のダグトリオ【AR】{206/193},確定,ロケット団のダグトリオ AR [M2a 206/193],730943,管理画面,2,730943:ロケット団のダグトリオ AR [M2a 206/193](5),
ロケット団のニドキングex 126/098,確定,ロケット団のニドキングex SAR [SV10 126/098],568324,管理画面,2,568324:ロケット団のニドキングex SAR [SV10 126/098](4),
ロケット団のミミッキュ AR [M2a 205/193],確定,ロケット団のミミッキュ AR [M2a 205/193],730942,管理画面,2,730942:ロケット団のミミッキュ AR [M2a 205/193](7),
ロケット団のヤミカラス 106/098,確定,ロケット団のヤミカラス AR [SV10 106/098],568316,管理画面,2,568316:ロケット団のヤミカラス AR [SV10 106/098](4) || 100563:スカタンクV SR: SA [s12 106/098](-4),
ロロノア・ゾロ SEC-SP (コミパラ) [OP06-118],確定,ロロノア・ゾロ SEC-SP (コミパラ) [OP06-118](ブースターパック「双璧の覇者」),159664,管理画面,2,159664:ロロノア・ゾロ SEC-SP (コミパラ) [OP06-118](ブースターパック「双璧の覇者」)(7) || 332163:ロロノア・ゾロ SEC-SP (コミパラ) [OP06-118](プレミアムブースター「ONE PIECE CARD THE BEST」)(7) || 221365:ロロノア・ゾロ SEC-SP (コミパラ) [OP06-118]【英語版】(ブースターパック「双璧の覇者」)(4) || 441064:ロロノア・ゾロ SEC-SP (コミパラ) [OP06-118]【英語版】(プレミアムブースター「ONE PIECE CARD THE BEST」)(4),再録と同点→初出の弾（手書きに収録の指定なし）
名探偵ピカチュウ,確定,名探偵ピカチュウ: プロモ [SV-P 098],135232,在庫管理・管理画面,2,,人が選んだ（overrides）
拡張パック「ホワイトフレア」ボックス,確定,ポケモンカードゲーム スカーレット&バイオレット 拡張パック「ホワイトフレア」ボックス,584772,管理画面,2,584772:ポケモンカードゲーム スカーレット&バイオレット 拡張パック「ホワイトフレア」ボックス(3) || 584776:ポケモンカードゲーム スカーレット&バイオレット 拡張パックデラックス「ホワイトフレア」ボックス(1) || 586841:【シュリンクなし】 ポケモンカードゲーム スカーレット&バイオレット 拡張パック「ホワイトフレア」ボックス(1) || 584773:ポケモンカードゲーム スカーレット&バイオレット 拡張パック「ホワイトフレア」パック(0),型番なし・名前で一致
拡張パック『スペースジャグラー』(S10P)【未開封BOX】{-} [未開封BOX],確定,ポケモンカードゲーム ソード&シールド 拡張パック スペースジャグラー ボックス,66739,管理画面,2,66739:ポケモンカードゲーム ソード&シールド 拡張パック スペースジャグラー ボックス(3) || 88197:ポケモンカードゲーム ソード&シールド 拡張パック スペースジャグラー パック(0),型番なし・名前で一致
拡張パック『タイムゲイザー』(S10D)【未開封BOX】{-} [未開封BOX],確定,ポケモンカードゲーム ソード&シールド 拡張パック タイムゲイザー ボックス,66738,管理画面,2,66738:ポケモンカードゲーム ソード&シールド 拡張パック タイムゲイザー ボックス(3) || 88196:ポケモンカードゲーム ソード&シールド 拡張パック タイムゲイザー パック(0),型番なし・名前で一致
拡張パック『古代の咆哮』(SV4K)【未開封BOX】{-} [未開封BOX],確定,ポケモンカードゲーム スカーレット&バイオレット 拡張パック 「古代の咆哮」(PARADOX RIFT) ボックス,140591,管理画面,2,140591:ポケモンカードゲーム スカーレット&バイオレット 拡張パック 「古代の咆哮」(PARADOX RIFT) ボックス(3) || 567436:【シュリンクなし】 ポケモンカードゲーム スカーレット&バイオレット 拡張パック 「古代の咆哮」(PARADOX RIFT) ボックス(1) || 140590:ポケモンカードゲーム スカーレット&バイオレット 拡張パック 「古代の咆哮」(PARADOX RIFT) パック(0),型番なし・名前で一致
拡張パック『未来の一閃』(SV4M)【未開封BOX】{-} [未開封BOX],確定,ポケモンカードゲーム スカーレット&バイオレット 拡張パック 「未来の一閃」(PARADOX RIFT) ボックス (未来),140593,仕入れ管理シート・仕入れ管理シートF列・商品ごとの不足数・在庫管理・管理画面,2,140593:ポケモンカードゲーム スカーレット&バイオレット 拡張パック 「未来の一閃」(PARADOX RIFT) ボックス (未来)(3) || 567437:【シュリンクなし】 ポケモンカードゲーム スカーレット&バイオレット 拡張パック 「未来の一閃」(PARADOX RIFT) ボックス (未来)(1) || 140592:ポケモンカードゲーム スカーレット&バイオレット 拡張パック 「未来の一閃」(PARADOX RIFT) パック(0),型番なし・名前で一致
拡張パック『白銀のランス』(S6H)【未開封BOX】{-} [未開封BOX],確定,ポケモンカードゲーム ソード & シールド 拡張パック 白銀のランス ボックス,12880,管理画面,2,12880:ポケモンカードゲーム ソード & シールド 拡張パック 白銀のランス ボックス(3) || 88165:ポケモンカードゲーム ソード & シールド 拡張パック 白銀のランス パック(0) || 32858:ポケモンカードゲーム ソード&シールド ジャンボパックセット 白銀のランス&漆黒のガイスト(-2) || 32859:ポケモンカードゲーム ソード&シールド 拡張パック 白銀のランス&漆黒のガイスト ポケモンセンター・ポケモンストアセット(-2),型番なし・名前で一致
新時代の主役(1BOX),確定,ワンピースカードゲーム ブースターパック 新時代の主役 ボックス,136035,仕入れ管理シート・商品ごとの不足数・在庫管理・管理画面,2,136035:ワンピースカードゲーム ブースターパック 新時代の主役 ボックス(3) || 135633:ドン!!カード: カイドウ vs ルフィ (ブースターパック「新時代の主役」)(0) || 123775:ワンピースカードゲーム ブースターパック 新時代の主役 パック(0) || 193472:ワンピースカードゲーム ブースターパック 新時代の主役 英語版 ボックス(-2),型番なし・名前で一致
最低保証,対象外,,,管理画面,2,,ポイント交換・演出（発送しない）
漫才ごっこピカチュウ(407/SM-P),確定,漫才ごっこピカチュウ: プロモ [SM-P 407],127035,管理画面,2,127035:漫才ごっこピカチュウ: プロモ [SM-P 407](4),
Ｎのゼクロム 210/193,確定,Nのゼクロム AR [M2a 210/193],727387,管理画面,2,727387:Nのゼクロム AR [M2a 210/193](4),
AirPods Pro（最新）,確定,AirPods Pro 3,,仕入れ管理シート・商品ごとの不足数・在庫管理・管理画面,1,,スニダン外の商品（mintore_non_snkr.csv）
MミュウツーEX(043/171),確定,MミュウツーEX [XY 043/171],385897,管理画面,1,385897:MミュウツーEX [XY 043/171](4),
MリザードンEX(011/072),確定,MリザードンEX [XY-20th 011/072],91488,管理画面,1,91488:MリザードンEX [XY-20th 011/072](4) || 390919:エンテイGX RR [SM3+ 011/072](-4),
MリザードンEX(055/080 RR),確定,MリザードンEX RR [XY2 055/080],380746,管理画面,1,380746:MリザードンEX RR [XY2 055/080](5) || 108500:MリザードンEX RR: 1ED [XY2 055/080](4) || 390840:ダークライEX RR [XY9 055/080](-3) || 110613:プテラex ☆ [ADVEX 055/080](-4),
MレックウザEX 024/025,確定,MレックウザEX: プロモ [S8a-P 024/025],98534,管理画面,1,98534:MレックウザEX: プロモ [S8a-P 024/025](4) || 489498:博士の研究(オーキド博士) UR [024/025]【英語版】(-7),
MレックウザEX(095/081 UR),確定,MレックウザEX UR [XY7 095/081],385534,管理画面,1,385534:MレックウザEX UR [XY7 095/081](5) || 91515:MレックウザEX UR: 1ED [XY7 095/081](4) || 826536:ホエルオーex SR [M5 095/081](-5),
Nintendo Switch 2,確定,Nintendo Switch2(日本語・国内専用),,管理画面,1,,スニダン外の商品（mintore_non_snkr.csv）
Nのゼクロム 210/193,確定,Nのゼクロム AR [M2a 210/193],727387,管理画面,1,727387:Nのゼクロム AR [M2a 210/193](4),
Nのゾロアークex 131/100,確定,Nのゾロアークex UR [SV9 131/100],506160,管理画面,1,506160:Nのゾロアークex UR [SV9 131/100](4) || 524253:Nのゾロアークex: エラー版 UR [SV9 131/100](-1),
Nのゾロアークex242/193,確定,Nのゾロアークex SAR [M2a 242/193],730961,管理画面,1,730961:Nのゾロアークex SAR [M2a 242/193](4),
Nのゾロアークex【UR】{131/100} [SV9],確定,Nのゾロアークex UR [SV9 131/100],506160,管理画面,1,506160:Nのゾロアークex UR [SV9 131/100](7) || 524253:Nのゾロアークex: エラー版 UR [SV9 131/100](2),
"ONE PIECE Card Game Premium Booster ""ONE PIECE CARD THE BEST vol.2"" Box",確定,ワンピースカードゲーム プレミアムブースター「ONE PIECE CARD THE BEST vol.2」ボックス,548907,管理画面,1,,人が選んだ（overrides）
"PT交換カード11,000PT",対象外,,,管理画面,1,,ポイント交換・演出（発送しない）
PT交換専用カード(トレキング・ユウキ),対象外,,,管理画面,1,,ポイント交換・演出（発送しない）
"PT交換専用カード 1,000PT",対象外,,,管理画面,1,,ポイント交換・演出（発送しない）
"PT交換専用カード 1,200PT",対象外,,,管理画面,1,,ポイント交換・演出（発送しない）
"PT交換専用カード 1,300PT",対象外,,,管理画面,1,,ポイント交換・演出（発送しない）
"PT交換専用カード 1,320PT",対象外,,,管理画面,1,,ポイント交換・演出（発送しない）
"PT交換専用カード 10,350PT",対象外,,,管理画面,1,,ポイント交換・演出（発送しない）
"PT交換専用カード 158,000PT",対象外,,,管理画面,1,,ポイント交換・演出（発送しない）
"PT交換専用カード 17,500PT",対象外,,,管理画面,1,,ポイント交換・演出（発送しない）
"PT交換専用カード 195,000PT",対象外,,,管理画面,1,,ポイント交換・演出（発送しない）
"PT交換専用カード 215,000PT",対象外,,,管理画面,1,,ポイント交換・演出（発送しない）
"PT交換専用カード 220,000PT",対象外,,,管理画面,1,,ポイント交換・演出（発送しない）
"PT交換専用カード 225,000PT",対象外,,,管理画面,1,,ポイント交換・演出（発送しない）
PT交換専用カード 2PT,対象外,,,管理画面,1,,ポイント交換・演出（発送しない）
PT交換専用カード 380PT,対象外,,,管理画面,1,,ポイント交換・演出（発送しない）
"PT交換専用カード 40,000PT",対象外,,,管理画面,1,,ポイント交換・演出（発送しない）
"PT交換専用カード 45,000PT",対象外,,,管理画面,1,,ポイント交換・演出（発送しない）
PT交換専用カード 50PT,対象外,,,管理画面,1,,ポイント交換・演出（発送しない）
"PT交換専用カード 52,000PT",対象外,,,管理画面,1,,ポイント交換・演出（発送しない）
PT交換専用カード 700PT,対象外,,,管理画面,1,,ポイント交換・演出（発送しない）
"PT交換専用カード 73,000PT",対象外,,,管理画面,1,,ポイント交換・演出（発送しない）
"PT交換専用カード 8,800PT",対象外,,,管理画面,1,,ポイント交換・演出（発送しない）
PlayStation 5,要確認,PlayStation 5,,管理画面,1,,スニダン外の商品（mintore_non_snkr.csv）
[1BOX] ワンピースカードゲーム ブースターパック「蒼海の七傑」,確定,ワンピースカードゲーム ブースターパック「蒼海の七傑」 ボックス,725356,管理画面,1,725356:ワンピースカードゲーム ブースターパック「蒼海の七傑」 ボックス(3) || 730301:ドン!!カード: ジュラキュール・ミホーク スーパーパラレル (ブースターパック「蒼海の七傑」)(0) || 730300:ドン!!カード: ジュラキュール・ミホーク (ブースターパック「蒼海の七傑」)(0) || 725357:ワンピースカードゲーム ブースターパック「蒼海の七傑」パック(0),型番なし・名前で一致
[1BOX] ワンピースカードゲーム プレミアムブースター「ONE PIECE CARD THE BEST vol.2」,確定,ワンピースカードゲーム プレミアムブースター「ONE PIECE CARD THE BEST vol.2」ボックス,548907,管理画面,1,548907:ワンピースカードゲーム プレミアムブースター「ONE PIECE CARD THE BEST vol.2」ボックス(3) || 650017:ドン!!カード: しらほし パラレル (プレミアムブースター「ONE PIECE CARD THE BEST vol.2」)(0) || 650029:ドン!!カード: ナミ パラレル (プレミアムブースター「ONE PIECE CARD THE BEST vol.2」)(0) || 650054:ドン!!カード: マルコ スーパーパラレル (プレミアムブースター「ONE PIECE CARD THE BEST vol.2」)(0),型番なし・名前で一致
_のピカチュウ25th,確定,_のピカチュウ: プロモ (お誕生日ピカチュウ) [S8a-P 007/025],93015,管理画面,1,,人が選んだ（overrides）
_のピカチュウ: プロモ (お誕生日ピカチュウ),確定,_のピカチュウ: プロモ (お誕生日ピカチュウ) [S8a-P 007/025],93015,在庫管理・管理画面,1,93015:_のピカチュウ: プロモ (お誕生日ピカチュウ) [S8a-P 007/025](7) || 731192:_のピカチュウ: プロモ (お誕生日ピカチュウ) [S8a-P 007/025]【タイ語版】(4),型番なし・同名カードが1種類だけ
〔PSA10鑑定済〕ナギ【SR】{088/078} [その他],確定,【PSA10】ナギ SR [XY6 088/078],333628,管理画面,1,333628:ナギ SR [XY6 088/078](5) || 91519:ナギ SR: 1ED [XY6 088/078](4) || 91484:フーディンEX UR: 1ED [XY10 088/078](-4) || 110904:ガケガニ AR [SV1S 088/078](-5),
〔PSA10鑑定済〕リーリエ(SR仕様)【P】{397/SM-P} [その他],確定,【PSA10】リーリエ エクストラバトルの日2019年: プロモ [SM-P 397],93051,管理画面,1,93051:リーリエ エクストラバトルの日2019年: プロモ [SM-P 397](3),
〔※状態難/PSA10鑑定済〕アララギ博士【SR】{055/051} [※状態難/鑑定済カード],確定,【PSA10】【状態難】アララギ博士 SR [BW8-K 055/051],91590,管理画面,1,91590:アララギ博士 SR [BW8-K 055/051](5) || 368753:アララギ博士 SR: 1ED [BW8-K 055/051](4) || 105488:サーナイトGX SR [SM3N 055/051](-3) || 335034:オンバーンGX SR [SM3H 055/051](-3),
おいわいファンファーレ P [SV-P 174],確定,おいわいファンファーレ P [SV-P 174],342779,管理画面,1,342779:おいわいファンファーレ P [SV-P 174](5),
おいわいファンファーレ(306/S-P),確定,おいわいファンファーレ: プロモ P [S-P 306],289441,管理画面,1,289441:おいわいファンファーレ: プロモ P [S-P 306](4),
おナミ R [OP06-101](プロモーションカード「ONE PIECE CARD GAME 2nd ANNIVERSARY COMPLETE GUIDE」),確定,おナミ R [OP06-101](プロモーションカード「ONE PIECE CARD GAME 2nd ANNIVERSARY COMPLETE GUIDE」),297575,管理画面,1,297575:おナミ R [OP06-101](プロモーションカード「ONE PIECE CARD GAME 2nd ANNIVERSARY COMPLETE GUIDE」)(7) || 158386:おナミ R [OP06-101](ブースターパック 双璧の覇者)(5) || 158945:おナミ R-P [OP06-101](2) || 198742:おナミ R-SPC [OP06-101](2),
おナミ R-SPC [OP06-101],確定,おナミ R-SPC [OP06-101],198742,管理画面,1,198742:おナミ R-SPC [OP06-101](7) || 158386:おナミ R [OP06-101](ブースターパック 双璧の覇者)(1) || 158945:おナミ R-P [OP06-101](1) || 297575:おナミ R [OP06-101](プロモーションカード「ONE PIECE CARD GAME 2nd ANNIVERSARY COMPLETE GUIDE」)(1),
お茶会ごっこピカチュウ,確定,お茶会ごっこピカチュウ: プロモ [SM-P 325],91260,在庫管理・管理画面,1,91260:お茶会ごっこピカチュウ: プロモ [SM-P 325](5),型番なし・当たる商品が1つだけ
お茶会ごっこピカチュウ(325/SM-P),確定,お茶会ごっこピカチュウ: プロモ [SM-P 325],91260,管理画面,1,91260:お茶会ごっこピカチュウ: プロモ [SM-P 325](4),
かんこうきゃく,確定,かんこうきゃく SR [SM12a 192/173],91269,管理画面,1,,人が選んだ（overrides）
かんこうきゃく [192/173],確定,かんこうきゃく SR [SM12a 192/173],91269,管理画面,1,91269:かんこうきゃく SR [SM12a 192/173](4),
こくばバドレックスVMAX HR,確定,こくばバドレックスVMAX HR: SA [S6K 086/070],91182,仕入れ管理シート・商品ごとの不足数・在庫管理・管理画面,1,91182:こくばバドレックスVMAX HR: SA [S6K 086/070](5),型番なし・当たる商品が1つだけ
しらほし SR-SPC [EB01-057],確定,しらほし SR-SPC [EB01-057],520532,管理画面,1,520532:しらほし SR-SPC [EB01-057](7) || 178710:しらほし SR [EB01-057](1) || 184356:しらほし SR-P [EB01-057](1) || 250219:しらほし SR [EB01-057]【英語版】(-2),
しらほし SR-SPC [EB01-057](ブースターパック「神速の拳」),確定,しらほし SR-SPC [EB01-057],520532,管理画面,1,520532:しらほし SR-SPC [EB01-057](9) || 178710:しらほし SR [EB01-057](1) || 184356:しらほし SR-P [EB01-057](1) || 250219:しらほし SR [EB01-057]【英語版】(-2),
そらをとぶピカチュウV(023/028),確定,そらをとぶピカチュウV RR [s8a 023/028],141445,管理画面,1,141445:そらをとぶピカチュウV RR [s8a 023/028](4) || 326945:メタルソーサー [SJ 023/028](-4),
たしぎ SR-SPC [EB03-018](エクストラブースター「ワンピース ヒロインズエディション」),確定,たしぎ SR-SPC [EB03-018],710428,管理画面,1,710428:たしぎ SR-SPC [EB03-018](9) || 767901:たしぎ SR-SPC [EB03-018]【英語版】(4) || 713682:たしぎ SR [EB03-018](3) || 714613:たしぎ SR-P [EB03-018](3),
なにかのAR.HR,確定,なにかのAR.HR,,仕入れ管理シート・商品ごとの不足数・在庫管理・管理画面,1,,なにかの〜・福袋（書き方の決まりで揃えた）
"なにかのPSA10 11,000PT",確定,"なにかのPSA10 11,000PT",,管理画面,1,,なにかの〜・福袋（書き方の決まりで揃えた）
"なにかのPSA10 30,000PT",確定,"なにかのPSA10 30,000PT",,管理画面,1,,なにかの〜・福袋（書き方の決まりで揃えた）
"なにかのPSA10 35,000PT",確定,"なにかのPSA10 35,000PT",,管理画面,1,,なにかの〜・福袋（書き方の決まりで揃えた）
"なにかのPSA10 5,500PT",確定,"なにかのPSA10 5,500PT",,管理画面,1,,なにかの〜・福袋（書き方の決まりで揃えた）
なにかのパック×3,確定,なにかのパック×3,,仕入れ管理シート・商品ごとの不足数・在庫管理・管理画面,1,,なにかの〜・福袋（書き方の決まりで揃えた）
なみのりピカチュウV(021/028),確定,なみのりピカチュウV RR [s8a 021/028],141443,管理画面,1,141443:なみのりピカチュウV RR [s8a 021/028](4) || 326943:ポケギア3.0 [SJ 021/028](-4),
はくばバドレックスVMAX(084/070 HR),確定,はくばバドレックスVMAX HR [S6H 084/070],96728,管理画面,1,96728:はくばバドレックスVMAX HR [S6H 084/070](5) || 96647:セレビィVMAX HR [S6K 084/070](-3) || 99572:いちげきウーラオスVMAX HR [S5I 084/070](-3) || 91188:れんげきウーラオスVMAX HR: SA [S5R 084/070](-5),
ひかるレックウザ,確定,ひかるレックウザ H [SM3+ 057/072],91334,管理画面,1,91334:ひかるレックウザ H [SM3+ 057/072](5),型番なし・当たる商品が1つだけ
わるいギャラドス005/025,確定,わるいギャラドス: プロモ [S8a-P 005/025],98533,管理画面,1,98533:わるいギャラドス: プロモ [S8a-P 005/025](4),
わるいサンダースNo.135旧裏,確定,わるいサンダース ◆: 旧裏 [PMCG4 No.135],456657,管理画面,1,,人が選んだ（overrides）
アイリス [082/076],要確認,,,管理画面,1,91575:アイリス SR [BW9 082/076](4) || 406760:アイリス SR: 1ED [BW9 082/076](4) || 145139:トゲキッスV SR [s3a 082/076](-4) || 868592:バチンウニ AR [M6 082/076](-4),候補2つが同点（版・収録違い）
アカネ(101/095 SR),確定,アカネ SR [SM8 101/095],104687,管理画面,1,104687:アカネ SR [SM8 101/095](5) || 339684:アーゴヨン&アクジキングGX SR [SM12 101/095](-3) || 91290:ピカチュウ&ゼクロムGX SR: SA [SM9 101/095](-5) || 104622:マーシャドー&カイリキーGX SR: SA [SM10 101/095](-5),
アセロラ SR[SM2+ 056/049],確定,アセロラ SR [SM2+ 056/049],91354,管理画面,1,91354:アセロラ SR [SM2+ 056/049](6) || 104566:ドガース CHR [SM11b 056/049](-7),
アセロラ(395/SM-P)[SR仕様],確定,アセロラ エクストラバトルの日2019年: プロモ [SM-P 395],93053,管理画面,1,93053:アセロラ エクストラバトルの日2019年: プロモ [SM-P 395](2),
アセロラのいたずら【SAR】{090/063} [M1S],確定,アセロラのいたずら SAR [M1S 090/063],663641,管理画面,1,663641:アセロラのいたずら SAR [M1S 090/063](7) || 664110:マチスの取引 SAR [M1L 090/063](-6) || 546118:ヒビキのホウオウex UR [SV9a 090/063](-8),
アルセウス&ディアルガ&パルキアGX SR: SA (三神) [100/095],確定,アルセウス&ディアルガ&パルキアGX SR: SA (三神) [SM12 100/095],91274,管理画面,1,91274:アルセウス&ディアルガ&パルキアGX SR: SA (三神) [SM12 100/095](2) || 104644:ルギアGX SR [SM8 100/095](-4) || 129023:ピカチュウ&ゼクロムGX SR [SM9 100/095](-4) || 393043:マーシャドー&カイリキーGX SR [SM10 100/095](-4),
アルセウス&ディアルガ&パルキアGX(099/095 SR),確定,アルセウス&ディアルガ&パルキアGX SR [SM12 099/095],104561,管理画面,1,104561:アルセウス&ディアルガ&パルキアGX SR [SM12 099/095](5) || 124585:バンギラスGX SR [SM8 099/095](-3) || 335165:バンギラスGX SR [SM8 099/095](-3) || 91292:コイキング&ホエルオーGX SR [SM9 099/095](-5),
アルセウスVSTAR(262/172 UR),確定,アルセウスVSTAR UR [s12a 262/172],105530,管理画面,1,105530:アルセウスVSTAR UR [s12a 262/172](3),
アローラの仲間たち [401],確定,アローラの仲間たち: プロモ [SM-P 401],93046,管理画面,1,93046:アローラの仲間たち: プロモ [SM-P 401](5),型番なし・当たる商品が1つだけ
アーマードミュウツー(365/SM-P),確定,アーマードミュウツー: プロモ (開封済) [SM-P 365],107574,管理画面,1,107574:アーマードミュウツー: プロモ (開封済) [SM-P 365](4),
イッカネズミ(081/071 AR),確定,イッカネズミ AR [SV2D 081/071],117192,管理画面,1,117192:イッカネズミ AR [SV2D 081/071](5) || 120830:ミミズズ AR [SV2P 081/071](-3) || 186429:ペラップ AR [SV5K 081/071](-3) || 186444:メルタン AR [SV5M 081/071](-3),
イルカマンex【SAR】{207/187} [SV8a],確定,イルカマンex SAR [SV8a 207/187],469031,管理画面,1,469031:イルカマンex SAR [SV8a 207/187](7),
インフェルノX,確定,ポケモンカードゲームMEGA 拡張パック「インフェルノX」ボックス,687430,仕入れ管理シートF列・管理画面,1,,人が選んだ（overrides）
イーブイ 210/184,確定,イーブイ CHR [s8b 210/184],126673,管理画面,1,126673:イーブイ CHR [s8b 210/184](4),
イーブイ&カビゴンGX(106/095 SR),確定,イーブイ&カビゴンGX SR [SM9 106/095],396402,管理画面,1,396402:イーブイ&カビゴンGX SR [SM9 106/095](5) || 91276:シロナ&カトレア SR [SM12 106/095](-3) || 104624:溶接工 SR [SM10 106/095](-3) || 93101:スイクンGX HR [SM8 106/095](-5),
イーブイ(062/SV-P),確定,イーブイ: プロモ [SV-P 062],122054,管理画面,1,122054:イーブイ: プロモ [SV-P 062](4),
イーブイ(078/066 AR),確定,イーブイ AR [SV5a 078/066],224086,管理画面,1,224086:イーブイ AR [SV5a 078/066](5) || 148933:テツノコウベ AR [SV4M 078/066](拡張パック「未来の一閃」) PARADOX RIFT(-3) || 152781:ドゴーム AR [SV4K 078/066](拡張パック「古代の咆哮」) PARADOX RIFT(-3) || 91306:フリーザーGX HR [SM6b 078/066](-5),
イーブイ(287/SM-P),確定,イーブイ ムンク展: プロモ [SM-P 287],100093,管理画面,1,100093:イーブイ ムンク展: プロモ [SM-P 287](2),
イーブイ(399/SM-P),確定,イーブイ P [SM-P 399],407876,管理画面,1,407876:イーブイ P [SM-P 399](4),
イーブイex SAR 224/187,確定,イーブイex SAR [SV8a 224/187],469630,管理画面,1,469630:イーブイex SAR [SV8a 224/187](5),
イーブイズセット【未開封BOX】{-} [未開封BOX],確定,ポケモンカードゲーム ソード & シールド 強化拡張パック イーブイヒーローズ イーブイズセット (イーブイセット),12884,管理画面,1,12884:ポケモンカードゲーム ソード & シールド 強化拡張パック イーブイヒーローズ イーブイズセット (イーブイセット)(2),型番なし・当たる商品が1つだけ
ウソップ R-P [OP01-004] (チャンピオンシップ ベスト32),確定,ウソップ R-P [OP01-004],102904,管理画面,1,102904:ウソップ R-P [OP01-004](7) || 562937:ウソップ R-P [OP01-004]【英語版】(4) || 142587:ウソップ R [OP01-004](ブースターパック ロマンスドーン)(1) || 255832:ウソップ R-P [OP01-004]【中国語版】(1),
ウタ R [OP09-002](プロモーションカード「フラッグシップバトル 優勝記念品」),確定,ウタ R [OP09-002](プロモーションカード「フラッグシップバトル 優勝記念品」),372848,管理画面,1,372848:ウタ R [OP09-002](プロモーションカード「フラッグシップバトル 優勝記念品」)(7) || 353100:ウタ R [OP09-002](ブースターパック「新たなる皇帝」)(5) || 406437:ウタ R [OP09-002](プロモーションカード「フラッグシップバトル 優勝記念品」) for Asia(4) || 353101:ウタ R-P [OP09-002](2),
ウタ SEC-SPC (和柄ウタ) [OP02-120],確定,ウタ SEC-SPC (和柄ウタ) [OP02-120],135445,管理画面,1,135445:ウタ SEC-SPC (和柄ウタ) [OP02-120](7) || 198704:ウタ SEC-SPC [OP02-120]【英語版】(4) || 102424:ウタ SEC [OP02-120](ブースターパック頂上決戦)(1) || 102449:ウタ SEC-P [OP02-120](1),
ウタ SEC-SPC (和柄ウタ) [OP02-120] (ブースターパック 新時代の主役),確定,ウタ SEC-SPC (和柄ウタ) [OP02-120],135445,管理画面,1,135445:ウタ SEC-SPC (和柄ウタ) [OP02-120](7) || 198704:ウタ SEC-SPC [OP02-120]【英語版】(4) || 102424:ウタ SEC [OP02-120](ブースターパック頂上決戦)(1) || 102449:ウタ SEC-P [OP02-120](1),
ウタ SR-SPC [EB03-003](エクストラブースター「ワンピース ヒロインズエディション」),確定,ウタ SR-SPC [EB03-003],710426,管理画面,1,710426:ウタ SR-SPC [EB03-003](9) || 767900:ウタ SR-SPC [EB03-003]【英語版】(4) || 713667:ウタ SR [EB03-003](3) || 714628:ウタ SR-P [EB03-003](3),
ウッウ,確定,ウッウ: プロモ [S-P 226],91119,仕入れ管理シート・商品ごとの不足数・在庫管理・管理画面,1,,人が選んだ（overrides）
エリカの招待(206/165 SAR),確定,エリカの招待 SAR [SV2a 206/165],128122,管理画面,1,128122:エリカの招待 SAR [SV2a 206/165](5),
エーフィ ★ :1ED [046/092],確定,エーフィ ★: 1ED [e2 046/092],91777,管理画面,1,91777:エーフィ ★: 1ED [e2 046/092](6) || 91778:エーフィ ★ [e2 046/092](-4) || 449063:ドーミラー ●: 1ED [DP6 046/092](-5) || 449064:ドーミラー ● [DP6 046/092](-7),
エーフィ&デオキシスGX SR [SM12a 177/173],確定,エーフィ&デオキシスGX SR: SA [SM12a 177/173],91271,管理画面,1,91271:エーフィ&デオキシスGX SR: SA [SM12a 177/173](5),
エーフィ: プロモ [SV-P 066],確定,エーフィ: プロモ [SV-P 066],122058,管理画面,1,122058:エーフィ: プロモ [SV-P 066](5),
エーフィGX(124/SM-P),確定,エーフィGX: プロモ [SM-P 124],91221,管理画面,1,91221:エーフィGX: プロモ [SM-P 124](4),
エーフィVMAX: SA/,確定,エーフィVMAX: SA/プロモ [S-P 189],93004,管理画面,1,93004:エーフィVMAX: SA/プロモ [S-P 189](5),型番なし・当たる商品が1つだけ
エーフィVMAX: SA/ [189],確定,エーフィVMAX: SA/プロモ [S-P 189],93004,管理画面,1,93004:エーフィVMAX: SA/プロモ [S-P 189](5),型番なし・当たる商品が1つだけ
エーフィex【SAR】{211/187} [SV8a],確定,エーフィex SAR [SV8a 211/187],469628,管理画面,1,469628:エーフィex SAR [SV8a 211/187](7),
カイ 077/067,確定,カイ SR [S10P 077/067],91142,管理画面,1,91142:カイ SR [S10P 077/067](4) || 91168:サナ SR [S7R 077/067](-4) || 96736:セキ SR [S10D 077/067](-4) || 98651:キバナ SR [S7D 077/067](-4),
カイドウ [OP01-094],確定,カイドウ SR [OP01-094](ブースターパックロマンスドーン),103292,管理画面,1,103292:カイドウ SR [OP01-094](ブースターパックロマンスドーン)(4) || 138425:カイドウ SR [OP01-094](フラッグシップバトル 10月 優勝記念品)(4) || 94890:カイドウ SR-P [OP01-094](2) || 197914:カイドウ SR [OP01-094]【英語版】(ブースターパック「ロマンスドーン」)(1),再録と同点→初出の弾（手書きに収録の指定なし）
カイリキーV 073/067,確定,カイリキーV SR: SA [S10D 073/067],96744,管理画面,1,96744:カイリキーV SR: SA [S10D 073/067](4) || 96563:カイリューV SR [S7R 073/067](-4) || 126692:ホーホー CHR [s9a 073/067](-4) || 139584:バサギリV SR [s10P 073/067](-4),
カイリューEX(134/SV-P),確定,カイリューEX P [SV-P 134],172043,管理画面,1,172043:カイリューEX P [SV-P 134](4),
カイリューGX(062/053 HR),確定,カイリューGX HR [SM6a 062/053],91310,管理画面,1,91310:カイリューGX HR [SM6a 062/053](5),
カスミのおねがい,確定,カスミのおねがい SR [SM11 104/094],93094,管理画面,1,,人が選んだ（overrides）
カスミのラプラス【AR】{072/063} [SV9a],確定,カスミのラプラス AR [SV9a 072/063],546106,管理画面,1,546106:カスミのラプラス AR [SV9a 072/063](7) || 664116:ヌケニン AR [M1S 072/063](-6) || 664100:シルシュルー AR [M1L 072/063](-6),
カツラのリザードン R: 旧裏 [PMCG-G2 No.006],確定,カツラのリザードン R: 旧裏 [PMCG-G2 No.006],92141,管理画面,1,92141:カツラのリザードン R: 旧裏 [PMCG-G2 No.006](5),型番なし・当たる商品が1つだけ
カツラのリザードン R: 旧裏[PMCG-G2 No.006],確定,カツラのリザードン R: 旧裏 [PMCG-G2 No.006],92141,管理画面,1,92141:カツラのリザードン R: 旧裏 [PMCG-G2 No.006](5),型番なし・当たる商品が1つだけ
カトレア(080/070 SR),確定,カトレア SR [S6K 080/070],91181,管理画面,1,91181:カトレア SR [S6K 080/070](5) || 96710:アスナ SR [S6H 080/070](-3) || 98666:フヨウ SR [S5I 080/070](-3) || 122004:マスタード れんげきのかた SR [S5R 080/070](-3),
カナザワのピカチュウ: プロモ (マークなし) [147],確定,カナザワのピカチュウ: プロモ (マークなし) [S-P 147],91113,管理画面,1,91113:カナザワのピカチュウ: プロモ (マークなし) [S-P 147](7) || 364569:ポケモンカードゲーム カナザワのピカチュウ: プロモ (マークなし) ミロカロス&メッソン (プロモーションカード [S-P 147/ 145/S-P/146/S-P])未開封パック(0),型番なし・同名カードが1種類だけ
カヒリ 065/060,確定,カヒリ SR [SM7a 065/060],100077,管理画面,1,100077:カヒリ SR [SM7a 065/060](4) || 91364:スカル団のしたっぱ SR [SM1M 065/060](-4) || 106189:イリマ SR [SM1S 065/060](-4) || 113242:ザマゼンタV SR [S1H 065/060](-4),
カビゴン 181/165,確定,カビゴン AR [SV2a 181/165],128097,管理画面,1,128097:カビゴン AR [SV2a 181/165](4),
カビゴン(076/095 R),確定,カビゴン R [SM10 076/095],393022,管理画面,1,393022:カビゴン R [SM10 076/095](5) || 335143:ドデカバシ U [SM8 076/095](-5) || 339661:エテボース U [SM12 076/095](-5) || 396378:プテラ U [SM9 076/095](-5),
カプ・テテフGX: プロモ [S8a-P 025],確定,カプ・テテフGX: プロモ [S8a-P 025],286970,管理画面,1,286970:カプ・テテフGX: プロモ [S8a-P 025](5),
ガラルファイヤーV(078/070 SR),確定,ガラルファイヤーV SR: SA [S5a 078/070],91185,管理画面,1,91185:ガラルファイヤーV SR: SA [S5a 078/070](3) || 102284:ポケモンブリーダーの育成 SR [S2a 078/070](-3) || 126506:ヤロー SR [S1a 078/070](-3) || 141804:トルネロスV SR [s6H 078/070](-3),
キハダ(099/073 SAR),確定,キハダ SAR [SV1a 099/073],115238,管理画面,1,115238:キハダ SAR [SV1a 099/073](5),
キルリア(084/078 AR),確定,キルリア AR [SV1S 084/078],109866,管理画面,1,109866:キルリア AR [SV1S 084/078](5) || 109862:パチリス AR [SV1V 084/078](-3) || 91518:サザンドラEX SR: 1ED [XY6 084/078](-4) || 106709:MチルタリスEX SR: 1ED [XY10 084/078](-4),
ギャラドスごっこピカチュウ(151/XY-P),確定,ギャラドスごっこピカチュウ: プロモ [XY-P 151/XY-P],91391,管理画面,1,91391:ギャラドスごっこピカチュウ: プロモ [XY-P 151/XY-P](4),
ギラティナEX(057/081 RR),確定,ギラティナEX RR [XY7 057/081],385472,管理画面,1,385472:ギラティナEX RR [XY7 057/081](5) || 385471:ギラティナEX RR: 1ED [XY7 057/081](4) || 824234:イーユイ R [M5 057/081](-5),
ギラティナEX(091/131),確定,ギラティナEX [CP4 091/131],391113,管理画面,1,391113:ギラティナEX [CP4 091/131](4) || 401374:ゼルネアスGX [SMH 091/131](-4),
ギラティナV SR [111/100],確定,ギラティナV SR: SA [S11 111/100],93379,管理画面,1,93379:ギラティナV SR: SA [S11 111/100](3) || 91196:ルリナ SR [S4 111/100](-3) || 96572:アルセウスV SR [S9 111/100](-3) || 96578:ヨクバリスV SR: SA [S8 111/100](-5),
ギラティナVSTAR(261/172 UR),確定,ギラティナVSTAR UR [s12a 261/172],105536,管理画面,1,105536:ギラティナVSTAR UR [s12a 261/172](3),
クザン R-SP (コミパラ) [OP16-063],確定,クザン R-SP (コミパラ) [OP16-063],822600,管理画面,1,822600:クザン R-SP (コミパラ) [OP16-063](7) || 836325:クザン R-SP (コミパラ) [OP16-063]【英語版】(4) || 822599:クザン R-P [OP16-063](1) || 828132:クザン R [OP16-063](1),
クレイバースト(3パック),確定,ポケモンカードゲーム 拡張パック クレイバースト (クレバ) パック(スノーハザード&クレイバースト) ×3,116899,管理画面,1,,人が選んだ（overrides）
クワッス P M-P 019,確定,クワッス P [M-P 019],671485,管理画面,1,671485:クワッス P [M-P 019](5),
グレイシア 040/187,確定,グレイシア [SV8a 040/187],434887,管理画面,1,434887:グレイシア [SV8a 040/187](4) || 466318:グレイシア: モンスターボールミラー [SV8a 040/187](-1) || 471594:グレイシア: マスターボールミラー [SV8a 040/187](-1),
グレイシア [185/BW-P],確定,グレイシア P [BW-P 185/BW-P],91565,管理画面,1,91565:グレイシア P [BW-P 185/BW-P](4),
グレイシア(069/SV-P),確定,グレイシア: プロモ [SV-P 069],122061,管理画面,1,122061:グレイシア: プロモ [SV-P 069](4),
グレイシアGX（269/SM-P),確定,グレイシアGX: プロモ [SM-P 269],93049,管理画面,1,93049:グレイシアGX: プロモ [SM-P 269](4),
グレイシアVMAX HR [091/069],確定,グレイシアVMAX HR: SA [S6a 091/069],93024,管理画面,1,93024:グレイシアVMAX HR: SA [S6a 091/069](3),
グレイシアVMAX(091/069 HR)[SA],確定,グレイシアVMAX HR: SA [S6a 091/069],93024,管理画面,1,93024:グレイシアVMAX HR: SA [S6a 091/069](3),
グレイシアVSTAR(217/172 SAR),確定,グレイシアVSTAR SAR [s12a 217/172],103795,管理画面,1,103795:グレイシアVSTAR SAR [s12a 217/172](3),
グレイシアex【SAR】{206/187} [SV8a],確定,グレイシアex SAR [SV8a 206/187],455594,管理画面,1,455594:グレイシアex SAR [SV8a 206/187](7),
ゲッコウガ&ゾロアークGX SR,確定,ゲッコウガ&ゾロアークGX SR: SA [SM9a 059/055],104636,仕入れ管理シート・商品ごとの不足数・在庫管理・管理画面,1,104636:ゲッコウガ&ゾロアークGX SR: SA [SM9a 059/055](5),型番なし・当たる商品が1つだけ
ゲッコウガ&ゾロアークGX(025/055 RR),確定,ゲッコウガ&ゾロアークGX RR [SM9a 025/055],393207,管理画面,1,393207:ゲッコウガ&ゾロアークGX RR [SM9a 025/055](5) || 431766:ライボルト ★: 1ED [ADV1 025/055](-4) || 431767:ライボルト ★ [ADV1 025/055](-4),
ゲンガー&ミミッキュGX(038/095 RR),確定,ゲンガー&ミミッキュGX RR [SM9 038/095],387059,管理画面,1,387059:ゲンガー&ミミッキュGX RR [SM9 038/095](5) || 335105:ネイティ C [SM8 038/095](-5) || 339623:コスモウム C [SM12 038/095](-5) || 392984:ムウマ C [SM10 038/095](-5),
ゲンガーVMAX [SGG 020/019],確定,ゲンガーVMAX: SA [SGG 020/019],91178,管理画面,1,91178:ゲンガーVMAX: SA [SGG 020/019](4) || 509405:マリィのモルペコ [SVOM 020/019](-4) || 866312:イーブイ AR仕様 [MEE 020/019](-4) || 866332:ゾロア AR仕様 [MEZ 020/019](-4),
ゲンガーVMAX(002/019),確定,ゲンガーVMAX [SGG 002/019],292565,管理画面,1,292565:ゲンガーVMAX [SGG 002/019](4) || 381349:ヨーギラス [XYG 002/019](-4) || 431222:ファウンスのキノガッサ [VS 002/019](-4) || 431505:ヤジロン: 1ED [ADV 002/019](-4),
コイキング(006/032),確定,コイキング [CLK 006/032],147484,管理画面,1,147484:コイキング [CLK 006/032](4) || 91495:ブースターEX RR: 1ED [CP3 006/032](-4) || 147482:ストライク [CLF 006/032](-4) || 147483:ブーバー [CLL 006/032](-4),
コイキングごっこピカチュウ [150/XY-P],確定,コイキングごっこピカチュウ: プロモ [XY-P 150/XY-P],91395,管理画面,1,91395:コイキングごっこピカチュウ: プロモ [XY-P 150/XY-P](4),
ココガラ(082/071 AR),確定,ココガラ AR [SV2P 082/071],120831,管理画面,1,120831:ココガラ AR [SV2P 082/071](5) || 117828:カラミンゴ AR [SV2D 082/071](-3) || 184101:チラーミィ AR [SV5K 082/071](-3) || 186445:ベロリンガ AR [SV5M 082/071](-3),
コダック 199/193,確定,コダック AR [M2a 199/193],729387,管理画面,1,729387:コダック AR [M2a 199/193](4),
コダック ムンク展: プロモ[286 SM-P],確定,コダック ムンク展: プロモ [286 SM-P],100091,管理画面,1,,人が選んだ（overrides）
コダック(175/165 AR),確定,コダック AR [SV2a 175/165],128091,管理画面,1,128091:コダック AR [SV2a 175/165](5),
コビー SR-SP (コミパラ) [EB04-044],確定,コビー SR-SP (コミパラ) [EB04-044],751303,管理画面,1,751303:コビー SR-SP (コミパラ) [EB04-044](7) || 778963:コビー SR-SP (コミパラ) [EB04-044]【英語版】(4) || 751304:コビー SR-P [EB04-044](1) || 755016:コビー SR [EB04-044](1),
コライドンex 103/078,確定,コライドンex SAR [SV1S 103/078],110953,管理画面,1,110953:コライドンex SAR [SV1S 103/078](4) || 110936:テツノワダチex SAR [SV1V 103/078](-4),
コライドンex(103/078 SAR),確定,コライドンex SAR [SV1S 103/078],110953,管理画面,1,110953:コライドンex SAR [SV1S 103/078](5) || 110936:テツノワダチex SAR [SV1V 103/078](-3),
ゴムゴムの巨人 R-P [OP09-078],確定,ゴムゴムの巨人 R-P [OP09-078],656322,管理画面,1,656322:ゴムゴムの巨人 R-P [OP09-078](7) || 364074:ゴムゴムの巨人 R [OP09-078](ブースターパック「新たなる皇帝」)(1) || 594485:ゴムゴムの巨人 R [OP09-078](スタートデッキ「紫黒 モンキー・D・ルフィ」)(1) || 471476:ゴムゴムの巨人 R [OP09-078]【英語版】(ブースターパック「新たなる皇帝」)(-2),
ゴース(092/165)(ミラー/マスターボール),確定,ゴース C: マスターボールミラー [SV2a 092/165],128210,管理画面,1,,人が選んだ（overrides）
ゴール・D・ロジャー：手配書 SEC-SPC [OP09-118],確定,ゴール・D・ロジャー: 手配書 SEC-SPC [OP09-118],676008,管理画面,1,676008:ゴール・D・ロジャー: 手配書 SEC-SPC [OP09-118](7) || 718236:ゴール・D・ロジャー: 手配書 SEC-SPC [OP09-118]【英語版】(4) || 349470:ゴール・D・ロジャー SEC [OP09-118](-7) || 349472:ゴール・D・ロジャー SEC-GSP [OP09-118](-7),
サカキのギャラドス R: 旧裏[PMCG-G2 No.130](ジム拡張第2弾 「闇からの挑戦」),確定,サカキのギャラドス R: 旧裏 [PMCG-G2 No.130],92140,管理画面,1,,人が選んだ（overrides）
サッポロのピカチュウ [005],確定,サッポロのピカチュウ: プロモ [SM-P 005],91243,管理画面,1,91243:サッポロのピカチュウ: プロモ [SM-P 005](5),型番なし・当たる商品が1つだけ
サトシゲッコウガEX [218],確定,サトシゲッコウガEX: プロモ [XY-P 218](次世代ワールドホビーフェア'16 Winter 来場者 配布品),169062,管理画面,1,,人が選んだ（overrides）
サナ [185/171],確定,サナ [XY-BEST 185/171],91450,管理画面,1,91450:サナ [XY-BEST 185/171](4),
サナ(077/067 SR),確定,サナ SR [S7R 077/067],91168,管理画面,1,91168:サナ SR [S7R 077/067](5) || 91142:カイ SR [S10P 077/067](-3) || 96736:セキ SR [S10D 077/067](-3) || 98651:キバナ SR [S7D 077/067](-3),
サボ SEC-SP (コミパラ) [OP13-120](ブースターパック「受け継がれる意志」),確定,サボ SEC-SP (コミパラ) [OP13-120],676006,管理画面,1,676006:サボ SEC-SP (コミパラ) [OP13-120](9) || 718402:サボ SEC-SP (コミパラ) [OP13-120]【英語版】(6) || 676026:サボ SEC-P [OP13-120](3) || 676007:サボ SEC-RSP (レッドコミパラ) [OP13-120](3),
サボ(SR★/スーパーパラレル)(OP04-083),確定,サボ SR [OP04-083](ブースターパック 謀略の王国),126132,管理画面,1,126132:サボ SR [OP04-083](ブースターパック 謀略の王国)(4) || 129621:サボ SR [OP04-083]( 8パックバトル優勝記念品)(4) || 300062:サボ SR [OP04-083](スペシャルグッズセット「2nd ANNIVERSARY SET」)(4) || 880406:サボ SR [OP04-083](4),再録と同点→初出の弾（手書きに収録の指定なし）
サボ：手配書 SEC-SPC [OP13-120],確定,サボ: 手配書 SEC-SPC [OP13-120],676011,管理画面,1,676011:サボ: 手配書 SEC-SPC [OP13-120](7) || 718404:サボ: 手配書 SEC-SPC [OP13-120]【英語版】(4) || 676026:サボ SEC-P [OP13-120](-7) || 676006:サボ SEC-SP (コミパラ) [OP13-120](-7),
サンダーex(204/165 SAR),確定,サンダーex SAR [SV2a 204/165],128120,管理画面,1,128120:サンダーex SAR [SV2a 204/165](5),
サンダース [186/BW-P],確定,サンダース P [BW-P 186/BW-P],91566,管理画面,1,91566:サンダース P [BW-P 186/BW-P](4),
サンダース(マスターボールミラー)【-】{051/187} [SV8a],要確認,,,管理画面,1,434890:サンダース [SV8a 051/187](6) || 466331:サンダース: モンスターボールミラー [SV8a 051/187](6) || 471601:サンダース: マスターボールミラー [SV8a 051/187](6),候補3つが同点（版・収録違い）
サンダースV【SR】{078/069} [S6a],確定,サンダースV SR [S6a 078/069],96551,管理画面,1,96551:サンダースV SR [S6a 078/069](7),
サーナイトGX(237/150 SSR),確定,サーナイトGX SSR [SM8b 237/150],112800,管理画面,1,112800:サーナイトGX SSR [SM8b 237/150](5),
サーナイトex-デルタ種(015/025)[25th],確定,サーナイトex δ-デルタ種 P [S8a-P 015/025],230981,管理画面,1,,人が選んだ（overrides）
サーファー SAR [M2a 249/193],確定,サーファー SAR [M2a 249/193],730967,管理画面,1,730967:サーファー SAR [M2a 249/193](7),
ザシアン【AR】{087/080} [M2],確定,ザシアン AR [M2 087/080],693513,管理画面,1,693513:ザシアン AR [M2 087/080](7) || 752788:ニャスパー AR [M3 087/080](-6) || 91547:ポケモンだいすきクラブ SR: 1ED [XY2 087/080](-7) || 107347:MハッサムEX SR: 1ED [XY9 087/080](-7),
ザマゼンタ【AR】{107/098} [SV10],確定,ザマゼンタ AR [SV10 107/098],555474,管理画面,1,555474:ザマゼンタ AR [SV10 107/098](7) || 100564:レジドラゴV SR [s12 107/098](-8),
ザルードV(108/S-P),確定,ザルードV ガリガリ君: プロモ [S-P 108],91129,管理画面,1,91129:ザルードV ガリガリ君: プロモ [S-P 108](2),
シャワーズ ★ :1ED [027/088],確定,シャワーズ ★: 1ED [e4 027/088],91905,管理画面,1,91905:シャワーズ ★: 1ED [e4 027/088](6) || 390534:デンチュラ U: 1ED [XY4 027/088](-2) || 430565:ギャラドス ★: 1ED [e5 027/088](-2) || 91902:ギャラドス ★ [e5 027/088](-4),
シャワーズ マスターボールミラー 030/187,確定,シャワーズ: マスターボールミラー [SV8a 030/187],471586,管理画面,1,471586:シャワーズ: マスターボールミラー [SV8a 030/187](6) || 466308:シャワーズ: モンスターボールミラー [SV8a 030/187](-2) || 434885:シャワーズ [SV8a 030/187](-4),
シャワーズEX(194/XY-P),確定,シャワーズEX: プロモ [XY-P 194],127033,管理画面,1,127033:シャワーズEX: プロモ [XY-P 194](4),
シャワーズVMAX(187/S-P)[SA],確定,シャワーズVMAX 夏ポケカ: プロモ [S-P 187],93332,管理画面,1,93332:シャワーズVMAX 夏ポケカ: プロモ [S-P 187](2),
シャワーズex 205/187,確定,シャワーズex SAR [SV8a 205/187],456933,管理画面,1,456933:シャワーズex SAR [SV8a 205/187](4),
シャワーズv 075/069,確定,シャワーズV SR: SA [S6a 075/069],91172,管理画面,1,91172:シャワーズV SR: SA [S6a 075/069](4) || 91624:アーケオス UR: 1ED [BW4 075/069](-4),
シャンクス SR-SP (コミパラ) [OP09-004],確定,シャンクス SR-SP (コミパラ) [OP09-004],349418,管理画面,1,349418:シャンクス SR-SP (コミパラ) [OP09-004](7) || 471384:シャンクス SR-SP (コミパラ) [OP09-004]【英語版】(4) || 349416:シャンクス SR [OP09-004](ブースターパック「新たなる皇帝」)(1) || 349417:シャンクス SR-P [OP09-004](1),
シャーロット・カタクリ SEC [OP03-123](プロモーションカード「チャンピオンシップ2024 記念品」),確定,シャーロット・カタクリ SEC [OP03-123](プロモーションカード「チャンピオンシップ2024 記念品」),237290,管理画面,1,237290:シャーロット・カタクリ SEC [OP03-123](プロモーションカード「チャンピオンシップ2024 記念品」)(7) || 112980:シャーロット・カタクリ SEC [OP03-123](ブースターパック強大な敵)(5) || 328494:シャーロット・カタクリ SEC [OP03-123](プレミアムブースター「ONE PIECE CARD THE BEST」)(5) || 112981:シャーロット・カタクリ SEC-P [OP03-123](ブースターパック強大な敵)(2),
シャーロット・プリン L-P [OP08-058](ブースターパック「二つの伝説」),確定,シャーロット・プリン L-P [OP08-058],265703,管理画面,1,265703:シャーロット・プリン L-P [OP08-058](9) || 385009:シャーロット・プリン L-P [OP08-058]【英語版】(6) || 265702:シャーロット・プリン L [OP08-058](3) || 503472:シャーロット・プリン L-SPC [OP08-058](1),
シャーロット・プリン R [OP08-067](プロモーションカード「フラッグシップバトル ベスト8記念品」),要確認,,,管理画面,1,467306:シャーロット・プリン R [OP08-067](プロモーションカード「フラッグシップバトル ベスト8記念品」)(7) || 510338:シャーロット・プリン R [OP08-067](プロモーションカード「フラッグシップバトル ベスト8記念品」) For Asia(7) || 265706:シャーロット・プリン R [OP08-067](ブースターパック「二つの伝説」)(5) || 265707:シャーロット・プリン R-P [OP08-067](2),候補2つが同点（版・収録違い）
シャーロット・プリン [OP08-067],確定,シャーロット・プリン R [OP08-067](ブースターパック「二つの伝説」),265706,管理画面,1,265706:シャーロット・プリン R [OP08-067](ブースターパック「二つの伝説」)(4) || 467306:シャーロット・プリン R [OP08-067](プロモーションカード「フラッグシップバトル ベスト8記念品」)(4) || 510338:シャーロット・プリン R [OP08-067](プロモーションカード「フラッグシップバトル ベスト8記念品」) For Asia(4) || 265707:シャーロット・プリン R-P [OP08-067](2),再録と同点→初出の弾（手書きに収録の指定なし）
シロナの覇気(114/100 SR),確定,シロナの覇気 SR [S9 114/100],96568,管理画面,1,96568:シロナの覇気 SR [S9 114/100](5) || 93374:おじょうさま SR [S11 114/100](-3) || 126519:ダンサー SR [s8 114/100](-3) || 506151:ナンジャモのハラバリーex SR [SV9 114/100](-3),
シロナの覇気【SR】{114/100} [S9],確定,シロナの覇気 SR [S9 114/100],96568,管理画面,1,96568:シロナの覇気 SR [S9 114/100](7) || 93374:おじょうさま SR [S11 114/100](-6) || 126519:ダンサー SR [s8 114/100](-6) || 506151:ナンジャモのハラバリーex SR [SV9 114/100](-6),
ジェイガルシア・サターン聖 R-RP [OP13-083](ブースターパック「受け継がれる意志」),確定,ジェイガルシア・サターン聖 R-RP [OP13-083],676062,管理画面,1,,人が選んだ（overrides）
ジャローダV(084/068 CSR),確定,ジャローダV CSR [s11a 084/068],95123,管理画面,1,95123:ジャローダV CSR [s11a 084/068](5),
ジュエリー・ボニー SEC-SP (コミパラ) [OP12-118],確定,ジュエリー・ボニー SEC-SP (コミパラ) [OP12-118],588855,管理画面,1,588855:ジュエリー・ボニー SEC-SP (コミパラ) [OP12-118](7) || 666985:ジュエリー・ボニー SEC-SP (コミパラ) [OP12-118]【英語版】(4) || 583602:ジュエリー・ボニー SEC [OP12-118](1) || 588854:ジュエリー・ボニー SEC-P [OP12-118](1),
ジュエリー・ボニー SEC-SP (コミパラ) [OP12-118](ブースターパック「師弟の絆」),確定,ジュエリー・ボニー SEC-SP (コミパラ) [OP12-118],588855,管理画面,1,588855:ジュエリー・ボニー SEC-SP (コミパラ) [OP12-118](9) || 666985:ジュエリー・ボニー SEC-SP (コミパラ) [OP12-118]【英語版】(6) || 583602:ジュエリー・ボニー SEC [OP12-118](3) || 588854:ジュエリー・ボニー SEC-P [OP12-118](3),
スイクン ★ :1ED [031/092],確定,スイクン ★: 1ED [e2 031/092],91767,管理画面,1,91767:スイクン ★: 1ED [e2 031/092](6) || 449039:ゴースト ◆: 1ED [DP6 031/092](-2) || 91768:スイクン ★ [e2 031/092](-4) || 449040:ゴースト ◆ [DP6 031/092](-4),
スイクンGX(098/095 SR),確定,スイクンGX SR [SM8 098/095],104690,管理画面,1,104690:スイクンGX SR [SM8 098/095](5) || 339683:フライゴンGX SR [SM12 098/095](-3) || 393042:ベトベトン&アローラベトベトンGX SR [SM10 098/095](-3) || 396399:コイキング&ホエルオーGX SR [SM9 098/095](-3),
ステラミラクル(3パック),確定,ポケモンカードゲーム スカーレット&バイオレット 拡張パック「ステラミラクル」パック ×3,283207,管理画面,1,283207:ポケモンカードゲーム スカーレット&バイオレット 拡張パック「ステラミラクル」パック(3) || 283206:ポケモンカードゲーム スカーレット&バイオレット 拡張パック「ステラミラクル」ボックス(0) || 283208:ポケモンカードゲーム スカーレット&バイオレット デッキビルドBOX「ステラミラクル」(-2) || 567444:【シュリンクなし】 ポケモンカードゲーム スカーレット&バイオレット 拡張パック「ステラミラクル」ボックス(-2),型番なし・名前で一致
ストームエメラルダ,確定,ポケモンカードゲームMEGA 拡張パック「ストームエメラルダ」パック,846049,在庫管理・管理画面,1,,人が選んだ（overrides）
スペシャルBOX『ルイージピカチュウ』【未開封BOX】{-} [未開封BOX],確定,ポケモンカードゲーム XY ブレイク ルイージピカチュウスペシャル ボックス,46005,管理画面,1,46005:ポケモンカードゲーム XY ブレイク ルイージピカチュウスペシャル ボックス(5),型番なし・当たる商品が1つだけ
セレビィVMAX(084/070 HR),確定,セレビィVMAX HR [S6K 084/070],96647,管理画面,1,96647:セレビィVMAX HR [S6K 084/070](5) || 96728:はくばバドレックスVMAX HR [S6H 084/070](-3) || 99572:いちげきウーラオスVMAX HR [S5I 084/070](-3) || 91188:れんげきウーラオスVMAX HR: SA [S5R 084/070](-5),
ゼイユ,確定,ゼイユ SAR [SV6 130/101],255643,管理画面,1,,人が選んだ（overrides）
ゼウス R-SPC [OP11-106](エクストラブースター「エッグヘッドクライシス」),確定,ゼウス R-SPC [OP11-106],751309,管理画面,1,751309:ゼウス R-SPC [OP11-106](9) || 779134:ゼウス R-SPC [OP11-106]【英語版】(4) || 498160:ゼウス R [OP11-106](プロモーションカード「バンダイカードゲームズフェス 24-25 Edition」)(1) || 520553:ゼウス R-P [OP11-106](1),
ゼクロム 021/025,確定,ゼクロム: プロモ [S8a-P 021/025],98530,管理画面,1,98530:ゼクロム: プロモ [S8a-P 021/025](4),
ゼクロムex【SAR】{169/086} [SV11B],確定,ゼクロムex SAR [SV11B 169/086],607934,管理画面,1,607934:ゼクロムex SAR [SV11B 169/086](7) || 607939:ケルディオex SAR [SV11W 169/086](-6),
ゼニガメ(170/165 AR),確定,ゼニガメ AR [SV2a 170/165],128086,管理画面,1,128086:ゼニガメ AR [SV2a 170/165](5),
ゼラオラVMAX(219/172 SAR),確定,ゼラオラVMAX SAR [s12a 219/172],103840,管理画面,1,103840:ゼラオラVMAX SAR [s12a 219/172](5),
ゼルネアスBREAK(097/171),確定,ゼルネアスBREAK [XY 097/171],385949,管理画面,1,385949:ゼルネアスBREAK [XY 097/171](2),
ソルガレオ&ルナーラGX 063/049,確定,ソルガレオ&ルナアーラGX (リーリエ) SR: SA (ソルルナGX) [SM11b 063/049],91279,管理画面,1,,人が選んだ（overrides）
ソルガレオGX(125/114 UR),確定,ソルガレオGX UR [SM4+ 125/114],91327,管理画面,1,91327:ソルガレオGX UR [SM4+ 125/114](5),
ダークライGX(063/049 HR),確定,ダークライGX HR [SM2+ 063/049],93108,管理画面,1,93108:ダークライGX HR [SM2+ 063/049](5) || 91279:ソルガレオ&ルナアーラGX (リーリエ) SR: SA (ソルルナGX) [SM11b 063/049](-4),
テツノカシラex(094/071 SAR),確定,テツノカシラex SAR [SV5M 094/071],180202,管理画面,1,180202:テツノカシラex SAR [SV5M 094/071](5) || 118631:ディンルーex SAR [SV2D 094/071](-3) || 120840:イキリンコex SAR [SV2P 094/071](-3) || 180179:ウネルミナモex SAR [SV5K 094/071](-3),
テールナー(069/068 CHR),確定,テールナー CHR [s11a 069/068],95119,管理画面,1,95119:テールナー CHR [s11a 069/068](5) || 492502:ファイヤー&サンダー&フリーザーGX RR [069/068]【英語版】(-8),
ディアルガGX(054/050 SR),確定,ディアルガGX SR [SM5+ 054/050],105382,管理画面,1,105382:ディアルガGX SR [SM5+ 054/050](5) || 105311:ミミッキュGX SR [SM7b 054/050](-3) || 105446:アローラナッシーGX SR [SM4A 054/050](-3) || 334523:シルヴァディGX SR [SM4S 054/050](-3),
デデンネ 085/080,確定,デデンネ AR [M3 085/080],753258,管理画面,1,753258:デデンネ AR [M3 085/080](4) || 91500:ダークライEX SR: 1ED [XY9 085/080](-4) || 91544:フラダリ SR: 1ED [XY2 085/080](-4) || 380800:フラダリ SR [XY2 085/080](-4),
デデンネ(200/184 CHR),確定,デデンネ CHR [s8b 200/184],126671,管理画面,1,126671:デデンネ CHR [s8b 200/184](5),
トウコ(sv11W 166/086) PSA10,確定,【PSA10】トウコ SR [SV11W 166/086],608603,管理画面,1,608603:トウコ SR [SV11W 166/086](6) || 608532:マコモ SR [SV11B 166/086](-7),
トウホクのピカチュウ [088],確定,トウホクのピカチュウ: プロモ [SM-P 088],91246,管理画面,1,,人が選んだ（overrides）
トゲピー&ピィ&ププリンGX(185/173 SR),確定,トゲピー&ピィ&ププリンGX SR [SM12a 185/173],104549,管理画面,1,104549:トゲピー&ピィ&ププリンGX SR [SM12a 185/173](5),
トニートニー・チョッパー C パラレル (フラシチョッパー) [ST01-006],確定,トニートニー・チョッパー C パラレル (フラシチョッパー) [ST01-006],102651,管理画面,1,,人が選んだ（overrides）
トラファルガー・ロー L-P [OP01-002],確定,トラファルガー・ロー L-P [OP01-002],93522,管理画面,1,93522:トラファルガー・ロー L-P [OP01-002](7) || 197799:トラファルガー・ロー L-P [OP01-002]【英語版】(4) || 142585:トラファルガー・ロー L [OP01-002](1) || 197798:トラファルガー・ロー L [OP01-002]【英語版】(-2),
トラファルガー・ロー SEC-SP (コミパラ) [OP10-119](ブースターパック「王族の血統」),確定,トラファルガー・ロー SEC-SP (コミパラ) [OP10-119],442287,管理画面,1,442287:トラファルガー・ロー SEC-SP (コミパラ) [OP10-119](9) || 563133:トラファルガー・ロー SEC-SP (コミパラ) [OP10-119]【英語版】(6) || 428670:トラファルガー・ロー SEC [OP10-119](3) || 442286:トラファルガー・ロー SEC-P [OP10-119](3),
ドーブル U [SM8 070/095],確定,ドーブル U [SM8 070/095],335137,管理画面,1,335137:ドーブル U [SM8 070/095](7) || 396372:ピジョット U [SM9 070/095](-6) || 339655:ジャランゴ C [SM12 070/095](-8) || 393016:ドードー C [SM10 070/095](-8),
ナイトワンダーラ 1パック,確定,ポケモンカードゲーム スカーレット&バイオレット 強化拡張パック 「ナイトワンダラー」 パック,261658,管理画面,1,,人が選んだ（overrides）
ナタネの活気【SAR】{243/172} [S12a],確定,ナタネの活気 SAR [s12a 243/172],103060,管理画面,1,103060:ナタネの活気 SAR [s12a 243/172](7),
ナミ R-P [OP01-016] (プレミアムカードコレクション25周年エディション),確定,ナミ R-P [OP01-016](ブースターパック ロマンスドーン),93521,管理画面,1,93521:ナミ R-P [OP01-016](ブースターパック ロマンスドーン)(7) || 94918:ナミ R-P [OP01-016](プレミアムカードコレクション25周年エディション)(7) || 197817:ナミ R-P [OP01-016]【英語版】(4) || 129616:ナミ R [OP01-016](プロモーションカードセット1)(1),再録と同点→初出の弾（手書きに収録の指定なし）
ナミ R-SP (コミパラ) [OP01-016],確定,ナミ R-SP (コミパラ) [OP01-016],310224,管理画面,1,310224:ナミ R-SP (コミパラ) [OP01-016](7) || 440754:ナミ R-SP (コミパラ) [OP01-016]【英語版】(4) || 93521:ナミ R-P [OP01-016](ブースターパック ロマンスドーン)(1) || 94918:ナミ R-P [OP01-016](プレミアムカードコレクション25周年エディション)(1),
ナミ SR-SPC [OP08-106],確定,ナミ SR-SPC [OP08-106],349482,管理画面,1,349482:ナミ SR-SPC [OP08-106](7) || 471534:ナミ SR-SPC [OP08-106]【英語版】(4) || 265733:ナミ SR [OP08-106](ブースターパック「二つの伝説」)(1) || 265734:ナミ SR-P [OP08-106](1),
ナミ [OP11-054],確定,ナミ SR [OP11-054](ブースターパック「神速の拳」),531894,管理画面,1,531894:ナミ SR [OP11-054](ブースターパック「神速の拳」)(4) || 744313:ナミ SR [OP11-054](プロモーションカード「3rd アニバーサリーセット」)(4) || 887435:ナミ SR [OP11-054](4) || 520544:ナミ SR-P [OP11-054](2),再録と同点→初出の弾（手書きに収録の指定なし）
ナミ [ST01-007],要確認,,,管理画面,1,105467:ナミ [ST01-007](4) || 105466:ナミ P [ST01-007](4) || 110715:ナミ C [ST01-007](ONE PIECE FILM RED フィナーレ セット)(4) || 119366:ナミ C [ST01-007](スタートデッキ 麦わらの一味)(4),候補6つが同点（版・収録違い）
ナミ(OP03-040),確定,ナミ L [OP03-040],143334,管理画面,1,143334:ナミ L [OP03-040](4) || 112952:ナミ L-P [OP03-040](2) || 198224:ナミ L [OP03-040]【英語版】(1) || 198225:ナミ L-P [OP03-040]【英語版】(-1),
ナミ{ST01-007},要確認,,,管理画面,1,105467:ナミ [ST01-007](4) || 105466:ナミ P [ST01-007](4) || 110715:ナミ C [ST01-007](ONE PIECE FILM RED フィナーレ セット)(4) || 119366:ナミ C [ST01-007](スタートデッキ 麦わらの一味)(4),候補6つが同点（版・収録違い）
ナンジャモ(096/071 SAR),確定,ナンジャモ SAR [SV2D 096/071],120748,管理画面,1,120748:ナンジャモ SAR [SV2D 096/071](5) || 120842:ピーニャ SAR [SV2P 096/071](-3) || 186437:ビワ SAR [SV5K 096/071](-3) || 186453:セイジ SAR [SV5M 096/071](-3),
ナンジャモのタイカイデン【AR】{104/100} [SV9],確定,ナンジャモのタイカイデン AR [SV9 104/100],489823,管理画面,1,489823:ナンジャモのタイカイデン AR [SV9 104/100](7) || 93375:ロトムV SR: SA [S11 104/100](-8) || 96575:ネオラントV SR [S9 104/100](-8) || 101654:ピカチュウV SR [S4 104/100](-8),
ナンジャモのハラバリーex【SAR】{125/100} [SV9],確定,ナンジャモのハラバリーex SAR [SV9 125/100],485655,管理画面,1,485655:ナンジャモのハラバリーex SAR [SV9 125/100](7) || 93014:アルセウスVSTAR UR [S9 125/100](-8) || 93380:ギラティナVSTAR UR [S11 125/100](-8) || 141408:モココ UR [s8 125/100](-8),
ナンジャモのハラバリーex【SR】{114/100} [SV9],確定,ナンジャモのハラバリーex SR [SV9 114/100],506151,管理画面,1,506151:ナンジャモのハラバリーex SR [SV9 114/100](7) || 93374:おじょうさま SR [S11 114/100](-6) || 96568:シロナの覇気 SR [S9 114/100](-6) || 126519:ダンサー SR [s8 114/100](-6),
ニコ・ロビン SR-SPC [EB03-055](エクストラブースター「ワンピース ヒロインズエディション」),確定,ニコ・ロビン SR-SPC [EB03-055],710437,管理画面,1,710437:ニコ・ロビン SR-SPC [EB03-055](9) || 767908:ニコ・ロビン SR-SPC [EB03-055]【英語版】(4) || 713719:ニコ・ロビン SR [EB03-055](3) || 714619:ニコ・ロビン SR-P [EB03-055](3),
ニャオハ M-P 017,確定,ニャオハ P [M-P 017],671483,管理画面,1,671483:ニャオハ P [M-P 017](4),
ニャオハ(075/073 AR),確定,ニャオハ AR [SV1a 075/073],113063,管理画面,1,113063:ニャオハ AR [SV1a 075/073](5) || 491783:カジリガメVMAX RR [075/073]【英語版】(-8) || 493011:ライチュウGX RR [075/073]【英語版】(-8),
ニャース P [SV-P 192],確定,ニャース P [SV-P 192],441212,管理画面,1,441212:ニャース P [SV-P 192](5) || 503314:ニャース P [SV-P 192](スタートデッキ Generations「スペシャルバトルセット」) 未開封パック(-1),
ニャース(052/165)(ミラー/マスターボール),確定,ニャース C: マスターボールミラー [SV2a 052/165],128172,管理画面,1,,人が選んだ（overrides）
ニンフィアV(083/069 SR)[SA],確定,ニンフィアV SR: SA [S6a 083/069],91177,在庫管理・管理画面,1,91177:ニンフィアV SR: SA [S6a 083/069](3),
ニンフィアVMAX HR [093/069],確定,ニンフィアVMAX HR: SA [S6a 093/069],93022,管理画面,1,93022:ニンフィアVMAX HR: SA [S6a 093/069](3),
ネフェルタリ・ビビ SR-SPC [EB03-024](エクストラブースター「ワンピース ヒロインズエディション」),確定,ネフェルタリ・ビビ SR-SPC [EB03-024],710429,管理画面,1,710429:ネフェルタリ・ビビ SR-SPC [EB03-024](9) || 767902:ネフェルタリ・ビビ SR-SPC [EB03-024]【英語版】(4) || 713688:ネフェルタリ・ビビ SR [EB03-024](3) || 714424:ネフェルタリ・ビビ SR-P [EB03-024](3),
ハイクラスパック 『VSTARユニバース』(S12a),確定,ポケモンカードゲーム ソード&シールド ハイクラスパック VSTARユニバース ボックス (Vユニ),101885,仕入れ管理シート・仕入れ管理シートF列・商品ごとの不足数・管理画面,1,,人が選んだ（overrides）
ハイクラスパック『GXウルトラシャイニー』(SM8b)【未開封BOX】{-} [未開封BOX],確定,ポケモンカードゲーム サン&ムーン ハイクラスパック GXウルトラシャイニー ボックス,12893,管理画面,1,12893:ポケモンカードゲーム サン&ムーン ハイクラスパック GXウルトラシャイニー ボックス(3) || 88162:ポケモンカードゲーム サン&ムーン ハイクラスパック GXウルトラシャイニー パック(0),型番なし・名前で一致
ハクリュー(182/165 AR),確定,ハクリュー AR [SV2a 182/165],128098,管理画面,1,128098:ハクリュー AR [SV2a 182/165](5),
バオッキーVSTAR(214/172 SAR),確定,バオッキーVSTAR SAR [s12a 214/172],103771,管理画面,1,103771:バオッキーVSTAR SAR [s12a 214/172](3),
バギー [OP09-042],確定,バギー L [OP09-042](ブースターパック「新たなる皇帝」),349436,管理画面,1,349436:バギー L [OP09-042](ブースターパック「新たなる皇帝」)(4) || 599904:バギー L [OP09-042](スタートデッキ「青 バギー」)(4) || 744851:バギー L [OP09-042](アニバーサリーセット「イングリッシュ 2nd アニバーサリーセット 日本語版」)(4) || 349437:バギー L-P [OP09-042](2),再録と同点→初出の弾（手書きに収録の指定なし）
パオジアンex(093/071 SAR),確定,パオジアンex SAR [SV2P 093/071],118634,管理画面,1,118634:パオジアンex SAR [SV2P 093/071](5) || 120746:デカヌチャンex SAR [SV2D 093/071](-3) || 180178:ウガツホムラex SAR [SV5K 093/071](-3) || 180201:テツノイサハex SAR [SV5M 093/071]](-3),
パラソルおねえさん 089/062,確定,パラソルおねえさん SAR [SV3a 089/062],140105,管理画面,1,140105:パラソルおねえさん SAR [SV3a 089/062](4),
パラダイムトリガー 1パック,確定,ポケモンカードゲーム ソード&シールド 拡張パック パラダイムトリガー パック,97142,管理画面,1,,人が選んだ（overrides）
ヒガナの決意 079/067,確定,ヒガナの決意 SR [S7R 079/067],91165,管理画面,1,91165:ヒガナの決意 SR [S7R 079/067](4) || 98675:モノマネむすめ SR [S7D 079/067](-4) || 126538:ペリーラ SR [s10D 079/067](-4) || 126540:タイサイ SR [s10P 079/067](-4),
ヒスイゾロアークVSTAR(234/172 SAR),確定,ヒスイゾロアークVSTAR SAR [s12a 234/172],103078,管理画面,1,103078:ヒスイゾロアークVSTAR SAR [s12a 234/172](3),
ヒスイダイケンキV(229/172 SAR),確定,ヒスイダイケンキV SAR [s12a 229/172],105554,管理画面,1,105554:ヒスイダイケンキV SAR [s12a 229/172](5),
ヒトモシ(マスターボールミラー)【C】{015/086} [SV11B],確定,ヒトモシ C: マスターボールミラー [SV11B 015/086],609623,管理画面,1,,人が選んだ（overrides）
ヒロシマのピカチュウ,確定,ヒロシマのピカチュウ P [SV-P 261],618446,管理画面,1,618446:ヒロシマのピカチュウ P [SV-P 261](5),型番なし・当たる商品が1つだけ
ビクティニ SV-P 288,確定,ビクティニ P [SV-P 288],585230,管理画面,1,585230:ビクティニ P [SV-P 288](4),
ビクティニ [288],確定,ビクティニ P [SV-P 288],585230,管理画面,1,,人が選んだ（overrides）
ピカチュウ 242/SV-P,確定,ピカチュウ [SV-P 242],518774,管理画面,1,518774:ピカチュウ [SV-P 242](4),
"ピカチュウ AR [151 C 171/151]【中国語版】(スカーレット&バイオレット ""ポケモンカード151"")",確定,ピカチュウ AR [151 C 171/151]【中国語版】,607471,管理画面,1,,人が選んだ（overrides）
ピカチュウ C: マスターボールミラー (マスボピカチュウ),確定,ピカチュウ C: マスターボールミラー (マスボピカチュウ) [SV2a 025/165],128147,管理画面,1,128147:ピカチュウ C: マスターボールミラー (マスボピカチュウ) [SV2a 025/165](3),型番なし・当たる商品が1つだけ
ピカチュウ C: マスターボールミラー[SV2a 025/165],確定,ピカチュウ C: マスターボールミラー (マスボピカチュウ) [SV2a 025/165],128147,管理画面,1,128147:ピカチュウ C: マスターボールミラー (マスボピカチュウ) [SV2a 025/165](6) || 127809:ピカチュウ C: モンスターボールミラー [SV2a 025/165](0) || 127808:ピカチュウ C [SV2a 025/165](-2),
ピカチュウ CHR[S10a 073/071],確定,ピカチュウ CHR [S10a 073/071],96667,管理画面,1,96667:ピカチュウ CHR [S10a 073/071](6) || 96755:ミュウツーV SR [S10b 073/071](-7) || 120730:ヒノヤコマ AR [SV2D 073/071](-7) || 120823:マリル AR [SV2P 073/071](-7),
ピカチュウ&ゼクロムGX(112/095 HR),確定,ピカチュウ&ゼクロムGX HR [SM9 112/095],93098,管理画面,1,93098:ピカチュウ&ゼクロムGX HR [SM9 112/095](5) || 104556:アルセウス&ディアルガ&パルキアGX HR [SM12 112/095](-3) || 393050:エルフーンGX HR [SM10 112/095](-3),
ピカチュウ(061/SM-P),確定,ピカチュウ: プロモ [SM-P 061],91220,管理画面,1,91220:ピカチュウ: プロモ [SM-P 061](4),
ピカチュウ(090/XY-P),確定,ピカチュウ: バトルフェスタ2014プロモ [XY-P 090/XY-P],91407,管理画面,1,91407:ピカチュウ: バトルフェスタ2014プロモ [XY-P 090/XY-P](2),
ピカチュウ(200/SM-P),確定,ピカチュウ: プロモ [SM-P 200],107450,管理画面,1,107450:ピカチュウ: プロモ [SM-P 200](4),
ピカチュウ(205/172 AR),確定,ピカチュウ AR [s12a 205/172],105553,管理画面,1,105553:ピカチュウ AR [s12a 205/172](5),
ピカチュウ(206/XY-P),確定,ピカチュウ P [XY-P 206],413412,管理画面,1,413412:ピカチュウ P [XY-P 206](4),
ピカチュウ(207/SM-P),確定,ピカチュウ: プロモ [SM-P 207],107569,管理画面,1,107569:ピカチュウ: プロモ [SM-P 207](4),
ピカチュウ(214/SM-P),確定,ピカチュウ P [SM-P 214],404453,管理画面,1,404453:ピカチュウ P [SM-P 214](4),
ピカチュウ(227/SM-P),確定,ピカチュウ P [SM-P 227],404463,管理画面,1,404463:ピカチュウ P [SM-P 227](4),
ピカチュウ(242/SM-P),確定,ピカチュウ P [SM-P 242],407399,管理画面,1,407399:ピカチュウ P [SM-P 242](4),
ピカチュウ(249/SM-P),確定,ピカチュウ: プロモ [SM-P 249],107559,管理画面,1,107559:ピカチュウ: プロモ [SM-P 249](4),
ピカチュウ(272/S-P),確定,ピカチュウ: プロモ P [S-P 272],289056,管理画面,1,289056:ピカチュウ: プロモ P [S-P 272](4),
ピカチュウ(279/XY-P),確定,ピカチュウ: プロモ [279/XY-P],91372,管理画面,1,91372:ピカチュウ: プロモ [279/XY-P](4),
ピカチュウ(281/XY-P),確定,ピカチュウ: プロモ [XY-P 281/XY-P],91439,管理画面,1,91439:ピカチュウ: プロモ [XY-P 281/XY-P](4),
ピカチュウ(288/SM-P),確定,ピカチュウ ムンク展: プロモ [SM-P 288],100090,管理画面,1,100090:ピカチュウ ムンク展: プロモ [SM-P 288](2),
ピカチュウ(367/SM-P),確定,ピカチュウ P [SM-P 367],407854,管理画面,1,407854:ピカチュウ P [SM-P 367](4),
ピカチュウ(376/SM-P),確定,ピカチュウ: プロモ [SM-P 376],107449,管理画面,1,107449:ピカチュウ: プロモ [SM-P 376](4),
ピカチュウ(400/SM-P),確定,ピカチュウ: プロモ [SM-P 400],93060,管理画面,1,93060:ピカチュウ: プロモ [SM-P 400](4),
ピカチュウ(イントロパック)No.025 旧裏,要確認,,,管理画面,1,,名前で当たる商品が無い
ピカチュウ018/07220TH,確定,ピカチュウ [XY-20th 018/072],106718,管理画面,1,,人が選んだ（overrides）
ピカチュウ033/087,確定,ピカチュウ C: 1ED [CP6 033/087],386919,管理画面,1,386919:ピカチュウ C: 1ED [CP6 033/087](4) || 429906:タッツー ●: 1ED [e3 033/087](-4) || 429907:タッツー ● [e3 033/087](-4),
ピカチュウ: プロモ [SV-P 120],確定,ピカチュウ: プロモ [SV-P 120],134393,管理画面,1,134393:ピカチュウ: プロモ [SV-P 120](5),
ピカチュウ: プロモ[L-P 019/L-P](プロモーションカード「L-P」),確定,ピカチュウ: プロモ [L-P 019/L-P],91657,管理画面,1,91657:ピカチュウ: プロモ [L-P 019/L-P](6),
ピカチュウLV.15 [DP-P 048],確定,ピカチュウLV.15 [DP-P 048],453239,管理画面,1,453239:ピカチュウLV.15 [DP-P 048](4),
ピカチュウV(129/414),確定,ピカチュウV [SI 129/414],380235,管理画面,1,380235:ピカチュウV [SI 129/414](4) || 380236:ピカチュウV: ミラー [SI 129/414](-1),
ピカチュウV(ゴルピカ)001/015,確定,ピカチュウV ビニールなし [S8a-G 001/015],91155,管理画面,1,91155:ピカチュウV ビニールなし [S8a-G 001/015](2) || 95803:ピカチュウV ビニール未開封 [S8a-G 001/015](-1) || 409668:ロゼリア [SZD 001/015](-4) || 409684:コイキング [GBR 001/015](-4),
ピカチュウVMAX 031/100,確定,ピカチュウVMAX RRR [s4 031/100],144983,管理画面,1,144983:ピカチュウVMAX RRR [s4 031/100](4) || 136972:シズクモ C [S11 031/100](-4) || 139774:マナフィ U [S9 031/100](-4) || 141328:エレザード C [s8 031/100](-4),
ピカチュウVMAX(031/100 RRR),確定,ピカチュウVMAX RRR [s4 031/100],144983,管理画面,1,144983:ピカチュウVMAX RRR [s4 031/100](5) || 449285:ホエルオー ◆: 1ED [Pt3 031/100](-4) || 449286:ホエルオー ◆ [Pt3 031/100](-4) || 136972:シズクモ C [S11 031/100](-5),
ピカチュウVMAX(123/S-P),確定,ピカチュウVMAX(バンザイピカチュウ): プロモ [S-P 123],91130,仕入れ管理シート・商品ごとの不足数・在庫管理・管理画面,1,91130:ピカチュウVMAX(バンザイピカチュウ): プロモ [S-P 123](2),
ピカチュウVMAX(223/184 CSR),確定,ピカチュウVMAX CSR [s8b 223/184],138599,管理画面,1,138599:ピカチュウVMAX CSR [s8b 223/184](5),
ピカチュウVMAX(265/S-P),確定,ピカチュウVMAX: プロモ P [S-P 265],328774,管理画面,1,328774:ピカチュウVMAX: プロモ P [S-P 265](4),
ピカチュウex SAR仕様 [MC 764/742](スタートデッキ100「バトルコレクション」),確定,ピカチュウex SAR仕様 [MC 764/742],737036,管理画面,1,737036:ピカチュウex SAR仕様 [MC 764/742](6),
ピカチュウex【RR】{033/106} [SV8],確定,ピカチュウex RR [SV8 033/106],395191,管理画面,1,395191:ピカチュウex RR [SV8 033/106](7) || 438227:エレブー ★ [PCG4 033/106](-7) || 438226:エレブー ★: 1ED [PCG4 033/106](-7),
ピカチュウex【SR】{122/106} [SV8],確定,ピカチュウex SR [SV8 122/106],395201,管理画面,1,395201:ピカチュウex SR [SV8 122/106](7),
ピカチュウex【UR】{136/106} [SV8],確定,ピカチュウex UR [SV8 136/106],418755,管理画面,1,418755:ピカチュウex UR [SV8 136/106](7),
ピカチュウ（ピカチュウワールド）日本 (青)[PW],確定,ピカチュウ 日本 (青) [PW],91662,管理画面,1,,人が選んだ（overrides）
ピチュー旧裏[No.172],確定,ピチュー ★: 旧裏 [neo1 No.172],309374,管理画面,1,309374:ピチュー ★: 旧裏 [neo1 No.172](5),型番なし・当たる商品が1つだけ
ピッチのピカチュウ(シュート)(XY-P),要確認,,,管理画面,1,,名前で当たる商品が無い
ピッチのピカチュウ(ドリブル)(XY-P),要確認,,,管理画面,1,,名前で当たる商品が無い
フウロ SR: 1ED [076/070],確定,フウロ SR: 1ED [BW7 076/070],158884,管理画面,1,158884:フウロ SR: 1ED [BW7 076/070](6) || 91529:MサーナイトEX SR: 1ED [XY5-T 076/070](-2) || 108427:MボスゴドラEX SR: 1ED [XY5-G 076/070](-2) || 91183:ガラルサンダーV SR: SA [S5a 076/070](-4),
フクオカのピカチュウ [289],確定,フクオカのピカチュウ P [SV-P 289],618447,管理画面,1,618447:フクオカのピカチュウ P [SV-P 289](5),型番なし・当たる商品が1つだけ
フシギソウ【AR】{065/063} [M1L],確定,フシギソウ AR [M1L 065/063],657362,管理画面,1,657362:フシギソウ AR [M1L 065/063](7) || 526172:シロナのロズレイド AR [SV9a 065/063](-6) || 664112:テッカニン AR [M1S 065/063](-6),
フシギダネ(166/165 AR),確定,フシギダネ AR [SV2a 166/165],128082,管理画面,1,128082:フシギダネ AR [SV2a 166/165](5),
フシギバナ 002/025,確定,フシギバナ: プロモ [S8a-P 002/025],91157,管理画面,1,91157:フシギバナ: プロモ [S8a-P 002/025](4),
フシギバナ&ツタージャGX(066/064 SR)[SA],確定,フシギバナ&ツタージャGX SR: SA [SM11a 066/064],104573,管理画面,1,104573:フシギバナ&ツタージャGX SR: SA [SM11a 066/064](3) || 282193:ヘルガー AR [SV6a 066/064](-5) || 363381:マシェード AR [SV7a 066/064](-5),
フシギバナEX(088/087 SR),確定,フシギバナEX SR: 1ED [CP6 088/087],91466,管理画面,1,91466:フシギバナEX SR: 1ED [CP6 088/087](4) || 91945:ニドキング ☆: 1ED [e3 088/087](-4) || 91946:ニドキング ☆ [e3 088/087](-4),
フシギバナex(184/165 SR),確定,フシギバナ SR [SV2a 184/165],128100,管理画面,1,,人が選んだ（overrides）
フシギバナex(200/165 SAR),確定,フシギバナex SAR [SV2a 200/165],128116,管理画面,1,128116:フシギバナex SAR [SV2a 200/165](5),
フリーザー(144/165 R)(ミラー/マスターボール),確定,フリーザー R [SV2a 144/165],128040,管理画面,1,128040:フリーザー R [SV2a 144/165](5) || 128041:フリーザー R: モンスターボールミラー [SV2a 144/165](4) || 128260:フリーザー R: マスターボールミラー [SV2a 144/165](4),
フーディンex 203/165,確定,フーディンex SAR [SV2a 203/165],128119,管理画面,1,128119:フーディンex SAR [SV2a 203/165](4),
ブラッキー :マスターボールミラー [SV8a 092/187],確定,ブラッキー: マスターボールミラー [SV8a 092/187],471633,管理画面,1,471633:ブラッキー: マスターボールミラー [SV8a 092/187](8) || 466388:ブラッキー: モンスターボールミラー [SV8a 092/187](0) || 434897:ブラッキー [SV8a 092/187](-2),
ブラッキー [025],確定,ブラッキー: プロモ [eP 025/P],93283,管理画面,1,,人が選んだ（overrides）
ブラッキー(067/SV-P),確定,ブラッキー: プロモ (ナガバブラッキー) [SV-P 067],122059,在庫管理・管理画面,1,122059:ブラッキー: プロモ (ナガバブラッキー) [SV-P 067](4),
ブラッキー068/0921ED,確定,ブラッキー ★: 1ED [e2 068/092],91795,管理画面,1,,人が選んだ（overrides）
ブラッキーGX(037/060 RR),確定,ブラッキーGX RR [SM1M 037/060],106181,管理画面,1,106181:ブラッキーGX RR [SM1M 037/060](5) || 379863:イベルタルEX RR [XY1 037/060](-3) || 379741:ゾロア C: 1ED [XY1 037/060](-4) || 379862:イベルタルEX RR: 1ED [XY1 037/060](-4),
ブラッキーV(084/069 SR),確定,ブラッキーV SR [S6a 084/069],96549,管理画面,1,96549:ブラッキーV SR [S6a 084/069](5),
ブラッキーV(244/184 CSR),確定,ブラッキーV CSR [S8b 244/184],96673,管理画面,1,96673:ブラッキーV CSR [S8b 244/184](5),
ブラッキーVMAX [245/184],確定,ブラッキーVMAX CSR [S8b 245/184],96729,管理画面,1,96729:ブラッキーVMAX CSR [S8b 245/184](4),
ブラッキーVMAX(094/069 HR),確定,ブラッキーVMAX HR [S6a 094/069],96618,管理画面,1,96618:ブラッキーVMAX HR [S6a 094/069](5),
ブラックボルト,確定,ポケモンカードゲーム スカーレット&バイオレット 拡張パック「ブラックボルト」ボックス,584770,在庫管理・管理画面,1,,人が選んだ（overrides）
ブルーの探索 [SM12a 196/173],確定,ブルーの探索 SR [SM12a 196/173],93083,管理画面,1,93083:ブルーの探索 SR [SM12a 196/173](6),
ブースターex【SAR】{202/187} [SV8a],確定,ブースターex SAR [SV8a 202/187],459531,管理画面,1,459531:ブースターex SAR [SV8a 202/187](7),
プレイヤーズセレモニー(398/SM-P),確定,プレイヤーズセレモニー: プロモ [SM-P 398],91212,管理画面,1,91212:プレイヤーズセレモニー: プロモ [SM-P 398](4),
ペローナ SR-SPC :和柄アート [OP06-093],確定,ペローナ SR-SPC: 和柄アート [OP06-093],728126,管理画面,1,728126:ペローナ SR-SPC: 和柄アート [OP06-093](7) || 751074:ペローナ SR-SPC: 和柄アート [OP06-093]【英語版】(4) || 158383:ペローナ SR-P [OP06-093](1) || 158382:ペローナ SR [OP06-093](1),
ペローナ SR-SPC [EB03-045](エクストラブースター「ワンピース ヒロインズエディション」),確定,ペローナ SR-SPC [EB03-045],710435,管理画面,1,710435:ペローナ SR-SPC [EB03-045](9) || 767906:ペローナ SR-SPC [EB03-045]【英語版】(4) || 713709:ペローナ SR [EB03-045](3) || 714618:ペローナ SR-P [EB03-045](3),
ホウオウex ☆ [020/106],確定,ホウオウex ☆ [PCG4 020/106],438206,管理画面,1,438206:ホウオウex ☆ [PCG4 020/106](4) || 91787:ホウオウex ☆: 1ED [PCG4 020/106](2) || 411882:カルボウ C [SV8 020/106](-4),
ボア・ハンコック SR-SPC [EB03-026](エクストラブースター「ワンピース ヒロインズエディション」),確定,ボア・ハンコック SR-SPC [EB03-026],710430,管理画面,1,710430:ボア・ハンコック SR-SPC [EB03-026](9) || 767903:ボア・ハンコック SR-SPC [EB03-026]【英語版】(4) || 713690:ボア・ハンコック SR [EB03-026](3) || 714615:ボア・ハンコック SR-P [EB03-026](3),
ボア・ハンコック SR-SPC [OP07-051](ブースターパック「新たなる皇帝」),確定,ボア・ハンコック SR-SPC [OP07-051],349478,管理画面,1,349478:ボア・ハンコック SR-SPC [OP07-051](9) || 471533:ボア・ハンコック SR-SPC [OP07-051]【英語版】(6) || 185177:ボア・ハンコック SR [OP07-051](ブースターパック 500年後の未来)(1) || 198723:ボア・ハンコック SR-SP (コミパラ) [OP07-051](1),
ボア・ハンコック [OP13-051],確定,ボア・ハンコック R [OP13-051](ブースターパック「受け継がれる意志」),678882,管理画面,1,678882:ボア・ハンコック R [OP13-051](ブースターパック「受け継がれる意志」)(4) || 807560:ボア・ハンコック R [OP13-051](プロモーションカード「公認ジャッジプロモーションパック Vol.3」)(4) || 681360:ボア・ハンコック R-P [OP13-051](2) || 718300:ボア・ハンコック R [OP13-051]【英語版】(1),再録と同点→初出の弾（手書きに収録の指定なし）
ボア・ハンコック [P-066],要確認,,,管理画面,1,,型番 P-066 がスニダン一覧に無い
ボーマンダGX(083/066 HR),確定,ボーマンダGX HR [SM6b 083/066],105339,管理画面,1,105339:ボーマンダGX HR [SM6b 083/066](5) || 152771:チルタリスex SR [SV4M 083/066](拡張パック「未来の一閃」) PARADOX RIFT(-5) || 152785:スナノケガワex SR [SV4K 083/066](拡張パック「古代の咆哮」) PARADOX RIFT(-5) || 227633:ゲッコウガex SR [SV5a 083/066](-5),
ポイント交換カード（10000PT）,対象外,,,管理画面,1,,ポイント交換・演出（発送しない）
ポケパークのピカチュウ [PCG 004/009],確定,ポケパークのピカチュウ [PCG 004/009],433869,管理画面,1,433869:ポケパークのピカチュウ [PCG 004/009](4) || 408547:ポカブ [CS1 004/009](-4) || 433878:カイオーガ [PCG 004/009](-4) || 450657:ジバコイル [DP 004/009](-4),
ポケモンカードゲーム スカーレット&バイオレット スペシャルBOX「ポケモンセンタートウホク」,確定,ポケモンカードゲーム スカーレット&バイオレット スペシャルBOX「ポケモンセンタートウホク」,618442,管理画面,1,618442:ポケモンカードゲーム スカーレット&バイオレット スペシャルBOX「ポケモンセンタートウホク」(5),型番なし・当たる商品が1つだけ
ポケモンカードゲーム スカーレット&バイオレット スペシャルBOX「ポケモンセンターフクオカ」,確定,ポケモンカードゲーム スカーレット&バイオレット スペシャルBOX「ポケモンセンターフクオカ」,618444,管理画面,1,618444:ポケモンカードゲーム スカーレット&バイオレット スペシャルBOX「ポケモンセンターフクオカ」(5),型番なし・当たる商品が1つだけ
ポケモンセンター15周年カードプレミアムセット【未開封BOX】{-} [未開封BOX],確定,ポケモンカードゲーム ポケモンセンター15周年カードプレミアムセット,587022,管理画面,1,587022:ポケモンカードゲーム ポケモンセンター15周年カードプレミアムセット(2),型番なし・当たる商品が1つだけ
ポケモンセンターのお姉さん SR :1ED [086/080],確定,ポケモンセンターのお姉さん SR: 1ED [XY2 086/080],91543,管理画面,1,91543:ポケモンセンターのお姉さん SR: 1ED [XY2 086/080](6) || 725683:ポケモンセンターのお姉さん SR [XY2 086/080](5) || 107344:ハッサムEX SR: 1ED [XY9 086/080](-2) || 704245:ワンパチ AR [M2 086/080](-5),
ポンチョを着たイーブイ [141],確定,ポンチョを着たイーブイ: プロモ [SM-P 141],91213,管理画面,1,,人が選んだ（overrides）
ポンチョを着たピカチュウ(203/XY-P),確定,ポンチョを着たピカチュウ: プロモ (ポンチョピカチュウ) [XY-P 203/XY-P],91377,管理画面,1,91377:ポンチョを着たピカチュウ: プロモ (ポンチョピカチュウ) [XY-P 203/XY-P](4),
マーシャドー&カイリキーGX(101/095 SR)[SA],確定,マーシャドー&カイリキーGX SR: SA [SM10 101/095],104622,管理画面,1,104622:マーシャドー&カイリキーGX SR: SA [SM10 101/095](3) || 104687:アカネ SR [SM8 101/095](-3) || 339684:アーゴヨン&アクジキングGX SR [SM12 101/095](-3) || 91290:ピカチュウ&ゼクロムGX SR: SA [SM9 101/095](-5),
マーシャル・D・ティーチ：手配書 SR-SPC [OP09-093],確定,マーシャル・D・ティーチ: 手配書 SR-SPC [OP09-093],349461,管理画面,1,349461:マーシャル・D・ティーチ: 手配書 SR-SPC [OP09-093](7) || 471495:マーシャル・D・ティーチ: 手配書 SR-SPC [OP09-093]【英語版】(4) || 588864:マーシャル・D・ティーチ SR-SPC: 3周年スペシャルカード(銀背景) [OP09-093](-1) || 588863:マーシャル・D・ティーチ SR-SPC: 3周年スペシャルカード(金背景) [OP09-093](-1),
ミカルゲ【AR】{071/063} [M1L],確定,ミカルゲ AR [M1L 071/063],663632,管理画面,1,663632:ミカルゲ AR [M1L 071/063](7) || 543243:カスミのコダック AR [SV9a 071/063](-6) || 645380:フーディン AR [M1S 071/063](-6),
ミジュマル【AR】{102/086} [SV11W],確定,ミジュマル AR [SV11W 102/086],584798,管理画面,1,584798:ミジュマル AR [SV11W 102/086](7) || 596232:シャンデラ AR [SV11B 102/086](-6),
ミュウNo.151旧裏,要確認,,,管理画面,1,,名前で当たる商品が無い
ミュウVMAX(119/100 HR)[SA],確定,ミュウVMAX HR: SA [S8 119/100],93016,管理画面,1,93016:ミュウVMAX HR: SA [S8 119/100](3) || 137050:ドラピオンVSTAR HR [S11 119/100](-3) || 139851:エルフーンVSTAR HR [S9 119/100](-3) || 91198:キャプチャーエネルギー UR [S3 119/100](-5),
ミュウex(195/165 SR),確定,ミュウex SR [SV2a 195/165],128111,管理画面,1,128111:ミュウex SR [SV2a 195/165](5),
ミュウex(347/190 SAR),確定,ミュウex SAR [SV4a 347/190],164250,管理画面,1,164250:ミュウex SAR [SV4a 347/190](5),
ミュウツー&ミュウGX [222/173],確定,ミュウツー&ミュウGX UR [SM12a 222/173],91270,管理画面,1,91270:ミュウツー&ミュウGX UR [SM12a 222/173](4),
ミュウツー&ミュウGX(097/094 SR),確定,ミュウツー&ミュウGX SR [SM11 097/094],104593,管理画面,1,104593:ミュウツー&ミュウGX SR [SM11 097/094](5) || 334655:イベルタルGX SR [SM6 097/094](-3),
ミュウツー&ミュウGX(098/094 SR)[SA],確定,ミュウツー&ミュウGX SR: SA [SM11 098/094],91282,管理画面,1,91282:ミュウツー&ミュウGX SR: SA [SM11 098/094](3) || 334656:ゼルネアスGX SR [SM6 098/094](-3),
ミュウツー(049/087 R),確定,ミュウツー R: 1ED [CP6 049/087],106322,管理画面,1,106322:ミュウツー R: 1ED [CP6 049/087](4) || 91885:デンリュウ ★: 1ED [e3 049/087](-4) || 91887:デンリュウ ★ [e3 049/087](-4),
ミュウツー014/032,確定,ミュウツー [CLK 014/032],115273,管理画面,1,115273:ミュウツー [CLK 014/032](4) || 147503:ドードリオ [CLF 014/032](-4) || 147504:ピクシー [CLL 014/032](-4) || 385659:ゴクリン C: 1ED [CP3 014/032](-4),
ミュウツーEX [XY-P],要確認,,,管理画面,1,91387:ミュウツーEX: プロモ [XY-P](5) || 91635:ミュウツーEX SR [BW3-P 055/052](5) || 91832:ミュウツーex ☆ [ADV1 026/055](5) || 98532:ミュウツーEX: プロモ [S8a-P 022/025](5),型番なし・候補が複数
ミュウツーEX(095/087 SR),確定,ミュウツーEX SR: 1ED [CP6 095/087],91463,管理画面,1,91463:ミュウツーEX SR: 1ED [CP6 095/087](4),
ミライドン(048/SV-P),確定,ミライドン: プロモ [SV-P 048],111992,管理画面,1,111992:ミライドン: プロモ [SV-P 048](4),
ムサシとコジロウ,確定,ムサシとコジロウ SR [SM10b 062/054],104603,管理画面,1,,人が選んだ（overrides）
メガガルーラex 080/063,確定,メガガルーラex SR [M1S 080/063],664096,管理画面,1,664096:メガガルーラex SR [M1S 080/063](4) || 541529:シロナのガブリアスex SR [SV9a 080/063](-4) || 663633:メガクチートex SR [M1L 080/063](-4),
メガゲンガーex SAR,確定,メガゲンガーex SAR [M2a 240/193],724996,管理画面,1,,人が選んだ（overrides）
メガサーナイトex 226/193,確定,メガサーナイトex MA [M2a 226/193],722240,管理画面,1,722240:メガサーナイトex MA [M2a 226/193](4) || 744294:メガサーナイトex MA: 中国語箔押しエラー [M2a 226/193](-5),
メガジガルデex117/080,確定,メガジガルデex MUR [M3 117/080],753276,管理画面,1,753276:メガジガルデex MUR [M3 117/080](4),
メガズルズキンex MA [M2a 231/193],確定,メガズルズキンex MA [M2a 231/193],730953,管理画面,1,730953:メガズルズキンex MA [M2a 231/193](7) || 744299:メガズルズキンex MA: 中国語箔押しエラー [M2a 231/193](-3),
メガディアンシーex MA [M2a 227/193],確定,メガディアンシーex MA [M2a 227/193],730950,管理画面,1,730950:メガディアンシーex MA [M2a 227/193](7) || 744295:メガディアンシーex MA: 中国語箔押しエラー [M2a 227/193](-3),
メガピクシーex112/080,確定,メガピクシーex SAR [M3 112/080],753273,管理画面,1,753273:メガピクシーex SAR [M3 112/080](4) || 704403:ロトムex SAR [M2 112/080](-4),
メガラティアスex【SAR】{088/063} [M1S],確定,メガラティアスex SAR [M1S 088/063],664092,管理画面,1,664092:メガラティアスex SAR [M1S 088/063](7) || 546116:ペパーのマフィティフex SAR [SV9a 088/063](-6) || 657364:メガルカリオex SAR [M1L 088/063](-6),
メガリザードンXex MA [M2a 223/193],確定,メガリザードンXex MA [M2a 223/193],722239,管理画面,1,722239:メガリザードンXex MA [M2a 223/193](7) || 744291:メガリザードンXex MA: 中国語箔押しエラー [M2a 223/193](-3),
メガリザードンXex MUR [M2 116/080],確定,メガリザードンXex MUR [M2 116/080],704407,管理画面,1,704407:メガリザードンXex MUR [M2 116/080](7) || 753275:ユカリ SAR [M3 116/080](-8),
メガリザードンYex 085/742,確定,メガリザードンYex [MC 085/742],737018,管理画面,1,737018:メガリザードンYex [MC 085/742](4) || 740244:メガリザードンYex: ミラー [MC 085/742](-1),
メガリザードンYex MUR仕様 [766/742],確定,メガリザードンYex MUR仕様 [MC 766/742],742562,管理画面,1,742562:メガリザードンYex MUR仕様 [MC 766/742](4),
メガリザードンYex MUR仕様 [MC 766/742],確定,メガリザードンYex MUR仕様 [MC 766/742],742562,管理画面,1,742562:メガリザードンYex MUR仕様 [MC 766/742](4),
メガリザードンex223/193,確定,メガリザードンXex MA [M2a 223/193],722239,管理画面,1,,人が選んだ（overrides）
メガルチャブルex MA [M2a 229/193],確定,メガルチャブルex MA [M2a 229/193],730951,管理画面,1,730951:メガルチャブルex MA [M2a 229/193](7) || 744297:メガルチャブルex MA: 中国語箔押しエラー [M2a 229/193](-3),
モクロー ムンク展 [290 SM-P],確定,モクロー ムンク展: プロモ [290 SM-P],100092,管理画面,1,,人が選んだ（overrides）
モンキー・D・ルフィ L [ST21-001](スタートデッキEX「ギア5」),確定,モンキー・D・ルフィ L [ST21-001](スタートデッキEX「ギア5」),478751,管理画面,1,478751:モンキー・D・ルフィ L [ST21-001](スタートデッキEX「ギア5」)(7) || 730901:モンキー・D・ルフィ L [ST21-001](リミテッドカードコレクション「BASE SHOP vol.1」)(5) || 855339:モンキー・D・ルフィ L [ST21-001](スタートデッキ「赤 モンキー・D・ルフィ」)(5) || 478752:モンキー・D・ルフィ L-P [ST21-001](4),
モンキー・D・ルフィ SEC-P [EB04-061](エクストラブースター「エッグヘッドクライシス」),確定,モンキー・D・ルフィ SEC-P [EB04-061],751308,管理画面,1,751308:モンキー・D・ルフィ SEC-P [EB04-061](9) || 778984:モンキー・D・ルフィ SEC-P [EB04-061]【英語版】(4) || 755033:モンキー・D・ルフィ SEC [EB04-061](3) || 764510:モンキー・D・ルフィ SEC: シリアルナンバー入り: 優勝記念品: 開封済 [EB04-061](1),
モンキー・D・ルフィ SEC-SP (コミパラ) [EB02-061](エクストラブースター「アニメ 25th コレクション」),確定,モンキー・D・ルフィ SEC-SP (コミパラ) [EB02-061],503507,管理画面,1,503507:モンキー・D・ルフィ SEC-SP (コミパラ) [EB02-061](9) || 582520:モンキー・D・ルフィ SEC-SP (コミパラ) [EB02-061]【英語版】(6) || 503450:モンキー・D・ルフィ SEC [EB02-061](3) || 503506:モンキー・D・ルフィ SEC-P [EB02-061](3),
モンキー・D・ルフィ SEC-SP (コミパラ) [OP05-119],確定,モンキー・D・ルフィ SEC-SP (コミパラ) [OP05-119](ブースターパック「新時代の主役」),135439,管理画面,1,135439:モンキー・D・ルフィ SEC-SP (コミパラ) [OP05-119](ブースターパック「新時代の主役」)(7) || 332165:モンキー・D・ルフィ SEC-SP (コミパラ) [OP05-119](プレミアムブースター「ONE PIECE CARD THE BEST」)(7) || 198699:モンキー・D・ルフィ SEC-SP (コミパラ) [OP05-119]【英語版】(ブースターパック「新時代の主役」)(4) || 441066:モンキー・D・ルフィ SEC-SP (コミパラ) [OP05-119]【英語版】(プレミアムブースター「ONE PIECE CARD THE BEST」)(4),再録と同点→初出の弾（手書きに収録の指定なし）
モンキー・D・ルフィ SEC-SP (コミパラ) [OP11-118](ブースターパック「神速の拳」),確定,モンキー・D・ルフィ SEC-SP (コミパラ) [OP11-118],519929,管理画面,1,519929:モンキー・D・ルフィ SEC-SP (コミパラ) [OP11-118](9) || 520555:モンキー・D・ルフィ SEC-P [OP11-118](3) || 531958:モンキー・D・ルフィ SEC [OP11-118](3),
モンキー・D・ルフィ SR [ST10-006](プロモーションカード「ONE PIECE DAY'24 来場者特典」),確定,モンキー・D・ルフィ SR [ST10-006](プロモーションカード「ONE PIECE DAY'24 来場者特典」),315324,管理画面,1,315324:モンキー・D・ルフィ SR [ST10-006](プロモーションカード「ONE PIECE DAY'24 来場者特典」)(7) || 132562:モンキー・D・ルフィ SR [ST10-006](アルティメットデッキ “三船長”集結)(5) || 365643:モンキー・D・ルフィ SR [ST10-006](プロモーションカード「海外版 1st アニバーサリーセット (浮世絵セット) 日本語表記」)(5) || 677619:モンキー・D・ルフィ SR [ST10-006](プロモーションカード「3周年!ワンピースカードトレジャーキャンペーン」)(5),
モンキー・D・ルフィ SR-SPC [ST26-005](ブースターパック「神の島の冒険」),確定,モンキー・D・ルフィ SR-SPC [ST26-005],764639,管理画面,1,764639:モンキー・D・ルフィ SR-SPC [ST26-005](9) || 779140:モンキー・D・ルフィ SR-SPC [ST26-005]【英語版】(6) || 594491:モンキー・D・ルフィ SR [ST26-005](1) || 595007:モンキー・D・ルフィ SR [ST26-005]【英語版】(-2),
モンキー・D・ルフィ [OP05-119],確定,モンキー・D・ルフィ SEC [OP05-119](ブースターパック 新時代の主役),135437,管理画面,1,135437:モンキー・D・ルフィ SEC [OP05-119](ブースターパック 新時代の主役)(4) || 220912:モンキー・D・ルフィ SEC [OP05-119](チャンピオンシップ2023 ワールドファイナル準優勝記念品)(4) || 220911:モンキー・D・ルフィ SEC [OP05-119](チャンピオンシップ2023 ワールドファイナル優勝記念品)(4) || 220913:モンキー・D・ルフィ SEC [OP05-119](チャンピオンシップ2023 ワールドファイナル3位記念品)(4),再録と同点→初出の弾（手書きに収録の指定なし）
モンキー・D・ルフィ [P-043],確定,モンキー・D・ルフィ P [P-043],167350,管理画面,1,,人が選んだ（overrides）
モンキー・D・ルフィ [ST13-015],確定,モンキー・D・ルフィ SR [ST13-015](スペシャルグッズセット「2nd ANNIVERSARY SET」),300067,管理画面,1,,人が選んだ（overrides）
モンキー・Ｄ・ルフィ SEC-RSP (レッドコミパラ) [OP13-118],確定,モンキー・D・ルフィ SEC-RSP (レッドコミパラ) [OP13-118],676003,管理画面,1,,人が選んだ（overrides）
モンキー・Ｄ・ルフィ [ST01-001],要確認,,,管理画面,1,102650:モンキー・D・ルフィ L シリアルナンバー入り (開封済) [ST01-001](4) || 119360:モンキー・D・ルフィ L [ST01-001](スタートデッキ 麦わらの一味)(4) || 171995:モンキー・D・ルフィ L [ST01-001](週刊少年ジャンプ2023年6･7号 応募者全員サービス レカフィグ)(4) || 836444:モンキー・D・ルフィ L [ST01-001](「ファミリーデッキセット」)(4),候補4つが同点（版・収録違い）
ヤドン&コダックGX 011/094,確定,ヤドン&コダックGX RR [SM11 011/094],321522,管理画面,1,321522:ヤドン&コダックGX RR [SM11 011/094](4) || 334570:フォッコ C [SM6 011/094](-4),
ヤドン&コダックGX(096/094 SR)[SA],確定,ヤドン&コダックGX SR: SA [SM11 096/094],104592,管理画面,1,104592:ヤドン&コダックGX SR: SA [SM11 096/094](3) || 334654:ジガルデGX SR [SM6 096/094](-3),
ヤマト SEC-SPC [OP01-121],確定,ヤマト SEC-SPC [OP01-121],135443,管理画面,1,135443:ヤマト SEC-SPC [OP01-121](7) || 198703:ヤマト SEC-SPC [OP01-121]【英語版】(4) || 93511:ヤマト SEC-P [OP01-121](ブースターパック ロマンスドーン)(1) || 93517:ヤマト SEC [OP01-121](ブースターパック ロマンスドーン)(1),
ヤマト SR (フラシヤマト) [OP04-112],確定,ヤマト SR [OP04-112](ブースターパック 謀略の王国),126166,管理画面,1,126166:ヤマト SR [OP04-112](ブースターパック 謀略の王国)(5) || 328526:ヤマト SR [OP04-112](プレミアムブースター「ONE PIECE CARD THE BEST」)(5) || 282726:ヤマト SR (フラシヤマト) [OP04-112](4) || 126167:ヤマト SR-P [OP04-112](ブースターパック 謀略の王国)(2),再録と同点→初出の弾（手書きに収録の指定なし）
ヨコハマのピカチュウ [282],確定,ヨコハマのピカチュウ: プロモ [SM-P 282],93050,管理画面,1,,人が選んだ（overrides）
ライコウ 旧裏 [neo3 No.243],確定,ライコウ ★: 旧裏 [neo3 No.243],112214,管理画面,1,,人が選んだ（overrides）
ライチュウ(026/165 R)(ミラー/マスターボール),確定,ライチュウ R [SV2a 026/165],127810,管理画面,1,127810:ライチュウ R [SV2a 026/165](5) || 127811:ライチュウ R: モンスターボールミラー [SV2a 026/165](4) || 128148:ライチュウ R: マスターボールミラー [SV2a 026/165](4),
ラッキー【AR】{113/101} [SV6],確定,ラッキー AR [SV6 113/101],246355,管理画面,1,246355:ラッキー AR [SV6 113/101](7),
ラティアス&ラティオスGX(105/095 SR)[SA],確定,ラティアス&ラティオスGX SR: SA (ラティラティGX) [SM9 105/095],93097,管理画面,1,93097:ラティアス&ラティオスGX SR: SA (ラティラティGX) [SM9 105/095](2) || 104562:グズマ&ハラ SR [SM12 105/095](-3) || 128523:サカキの追放 SR [SM10 105/095](-3) || 335167:ズガドーンGX HR [SM8 105/095](-5),
ラプラス(177/172 AR),確定,ラプラス AR [s12a 177/172],105566,管理画面,1,105566:ラプラス AR [s12a 177/172](5) || 488354:チェレンの気くばり RR [177/172]【英語版】(-8),
ラルトス(083/078 AR),確定,ラルトス AR [SV1S 083/078],109867,管理画面,1,109867:ラルトス AR [SV1S 083/078](5) || 110920:ウデッポウ AR [SV1V 083/078](-3) || 106714:ゲノセクトEX SR: 1ED [XY10 083/078](-4) || 107422:MラティオスEX SR: 1ED [XY6 083/078](-4),
リオル【AR】{068/063} [M1L],確定,リオル AR [M1L 068/063],641578,管理画面,1,641578:リオル AR [M1L 068/063](7) || 538766:カミツオロチ AR [SV9a 068/063](-6) || 664114:ブロスター AR [M1S 068/063](-6),
リザードン R :1ED,確定,リザードン R: 1ED [CP6 011/087],91467,管理画面,1,,人が選んだ（overrides）
リザードン(011/087 R),確定,リザードン R: 1ED [CP6 011/087],91467,管理画面,1,91467:リザードン R: 1ED [CP6 011/087](4) || 91872:ウツボット ★ [e3 011/087](-4) || 91870:ウツボット ★: 1ED [e3 011/087](-4),
リザードン(366/SM-P),確定,リザードン: プロモ [SM-P 366],93077,管理画面,1,93077:リザードン: プロモ [SM-P 366](4),
リザードンEX(081/080 SR),確定,リザードンEX SR [XY2 081/080],654883,管理画面,1,654883:リザードンEX SR [XY2 081/080](5) || 91545:リザードンEX SR: 1ED [XY2 081/080](4) || 390891:ギャラドスEX SR [XY9 081/080](-3) || 91498:ギャラドスEX SR: 1ED [XY9 081/080](-4),
リザードンGX(009/051),確定,リザードンGX [SML 009/051],104617,管理画面,1,104617:リザードンGX [SML 009/051](4) || 334706:ギャラドス R [SM3N 009/051](-4) || 334991:ヒトカゲ C [SM3H 009/051](-4) || 389174:ガオガエンGX RR [SM1+ 009/051](-4),
リザードンGX(052/051 SR),確定,リザードンGX SR [SM3H 052/051],91349,管理画面,1,91349:リザードンGX SR [SM3H 052/051](5) || 106177:ジュナイパーGX SR [SM1+ 052/051](-3) || 108773:ボルトロスEX SR [BW8-K 052/051](-3) || 334749:グソクムシャGX SR [SM3N 052/051](-3),
リザードンGX(058/051 HR),確定,リザードンGX HR [SM3H 058/051],91352,管理画面,1,91352:リザードンGX HR [SM3H 058/051](5) || 105492:グソクムシャGX HR [SM3N 058/051](-3) || 108772:まんたんのくすり UR: 1ED [BW8 058/051](-4) || 166670:ハイパーボール UR: 1ED [BW8 058/051](-4),
リザードンGX(209/150 SSR),確定,リザードンGX SSR [SM8b 209/150],91293,管理画面,1,91293:リザードンGX SSR [SM8b 209/150](5),
リザードンV(103/100 SR)[SA],確定,リザードンV SR: SA [S9 103/100],91147,管理画面,1,91147:リザードンV SR: SA [S9 103/100](3) || 137044:ロトムV SR [S11 103/100](-3) || 141399:ケケンカニV SR [s8 103/100](-3) || 145054:ガラルヒヒダルマV SR [s4 103/100](-3),
リザードンVSTAR(118/100 HR),確定,リザードンVSTAR HR [S9 118/100],91146,管理画面,1,91146:リザードンVSTAR HR [S9 118/100](3) || 96576:ミュウVMAX HR [S8 118/100](-3) || 101651:ルリナ HR [S4 118/100](-3) || 137049:プテラVSTAR HR [S11 118/100](-3),
リザードンex(125/108 SR),確定,リザードンex SR [SV3 125/108],132270,管理画面,1,132270:リザードンex SR [SV3 125/108](5),
リザードンex(134/108 SAR),確定,リザードンex SAR [SV3 134/108],132279,管理画面,1,132279:リザードンex SAR [SV3 134/108](5),
リザードンex(201/165 SAR),確定,リザードンex SAR [SV2a 201/165],128117,管理画面,1,128117:リザードンex SAR [SV2a 201/165](5),
リザードン（CP6）No.006,確定,リザードン R: 1ED [CP6 011/087],91467,管理画面,1,,人が選んだ（overrides）
リューマ [P-072],要確認,,,管理画面,1,,型番 P-072 がスニダン一覧に無い
リーフィア [182/BW-P],確定,リーフィア P [BW-P 182/BW-P],91562,管理画面,1,91562:リーフィア P [BW-P 182/BW-P](4),
リーフィアGX（268/SM-P),確定,リーフィアGX: プロモ [SM-P 268],93047,管理画面,1,93047:リーフィアGX: プロモ [SM-P 268](4),
リーフィアVMAX(089/069 HR)[SA],確定,リーフィアVMAX HR: SA [S6a 089/069],93023,仕入れ管理シートF列・管理画面,1,93023:リーフィアVMAX HR: SA [S6a 089/069](3),
リーフィアVSTAR(210/172 SAR),確定,リーフィアVSTAR SAR [s12a 210/172],103794,管理画面,1,103794:リーフィアVSTAR SAR [s12a 210/172](3),
リーリエ 066/060,確定,リーリエ(帽子リーリエ)SR [SM1M 066/060],123526,管理画面,1,123526:リーリエ(帽子リーリエ)SR [SM1M 066/060](2) || 106188:ククイ博士 SR [SM1S 066/060](-4) || 112821:ジャッジマン SR [SM7a 066/060](-4) || 113243:カビゴンV SR [S1H 066/060](-4),
リーリエ(066/060 SR),確定,リーリエ(帽子リーリエ)SR [SM1M 066/060],123526,管理画面,1,123526:リーリエ(帽子リーリエ)SR [SM1M 066/060](2) || 106188:ククイ博士 SR [SM1S 066/060](-3) || 112821:ジャッジマン SR [SM7a 066/060](-3) || 113243:カビゴンV SR [S1H 066/060](-3),
リーリエ(066/060),確定,リーリエ(帽子リーリエ)SR [SM1M 066/060],123526,管理画面,1,123526:リーリエ(帽子リーリエ)SR [SM1M 066/060](2) || 106188:ククイ博士 SR [SM1S 066/060](-4) || 112821:ジャッジマン SR [SM7a 066/060](-4) || 113243:カビゴンV SR [S1H 066/060](-4),
リーリエのピッピex SAR仕様,確定,リーリエのピッピex SAR仕様 [MC 765/742],742429,管理画面,1,742429:リーリエのピッピex SAR仕様 [MC 765/742](5),型番なし・当たる商品が1つだけ
リーリエの決心 [M1L 091/063],確定,リーリエの決心 SAR [M1L 091/063],663637,管理画面,1,663637:リーリエの決心 SAR [M1L 091/063](6) || 546119:シロナのガブリアスex UR [SV9a 091/063](-7) || 664124:ミツルの思いやり SAR [M1S 091/063](-7),
リーリエ（帽子リーリエ）SR [066/060],確定,リーリエ(帽子リーリエ)SR [SM1M 066/060],123526,管理画面,1,123526:リーリエ(帽子リーリエ)SR [SM1M 066/060](2) || 106188:ククイ博士 SR [SM1S 066/060](-4) || 112821:ジャッジマン SR [SM7a 066/060](-4) || 113243:カビゴンV SR [S1H 066/060](-4),
ルカリオ&メルメタルGX(224/173 UR),確定,ルカリオ&メルメタルGX UR [SM12a 224/173],91268,管理画面,1,91268:ルカリオ&メルメタルGX UR [SM12a 224/173](5),
ルカリオVSTAR SAR[s12a 226/172],確定,ルカリオVSTAR SAR [s12a 226/172],103073,管理画面,1,103073:ルカリオVSTAR SAR [s12a 226/172](6),
ルカリオVSTAR(226/172 SAR),確定,ルカリオVSTAR SAR [s12a 226/172],103073,管理画面,1,103073:ルカリオVSTAR SAR [s12a 226/172](3),
ルギア(102/171),確定,ルギア [XY 102/171],385954,管理画面,1,385954:ルギア [XY 102/171](4) || 386070:ルギア: ミラー [XY 102/171](-1),
ルギアLEGEND2枚セット,要確認,,,管理画面,1,,名前で当たる商品が無い
ルザミーネ [055/050],確定,ルザミーネ SR [SM4A 055/050],91330,管理画面,1,91330:ルザミーネ SR [SM4A 055/050](4) || 91328:グラジオ SR [SM4S 055/050](-4) || 91359:マオ SR [SM2L 055/050](-4) || 91617:ワルビアル UR: 1ED [BW5 055/050](-4),
ルザミーネ [SM4+ 120/114],確定,ルザミーネ SR [SM4+ 120/114],91325,管理画面,1,91325:ルザミーネ SR [SM4+ 120/114](6),
ルザミーネ(120/114 SR),確定,ルザミーネ SR [SM4+ 120/114],91325,管理画面,1,91325:ルザミーネ SR [SM4+ 120/114](5),
ルスワール(159/150 SR),確定,ルスワール SR [SM8b 159/150],100064,管理画面,1,100064:ルスワール SR [SM8b 159/150](5),
ルフィは海賊王になる男だ!!! [OP12-039],確定,ルフィは海賊王になる男だ!!! R [OP12-039](ブースターパック「師弟の絆」),599107,管理画面,1,599107:ルフィは海賊王になる男だ!!! R [OP12-039](ブースターパック「師弟の絆」)(4) || 744316:ルフィは海賊王になる男だ!!! R [OP12-039](プロモーションカード「3rd アニバーサリーセット」)(4) || 666889:ルフィは海賊王になる男だ!!! R [OP12-039]【英語版】(ブースターパック「師弟の絆」)(1) || 777025:ルフィは海賊王になる男だ!!! R [OP12-039]【英語版】(アニバーサリーセット「ジャパニーズ 3rd アニバーサリーセット 英語版」)(1),再録と同点→初出の弾（手書きに収録の指定なし）
ルフィ太郎 SR-SPC [ST18-005],確定,ルフィ太郎 SR-SPC [ST18-005],520558,管理画面,1,520558:ルフィ太郎 SR-SPC [ST18-005](7) || 311599:ルフィ太郎 SR [ST18-005](1) || 414690:ルフィ太郎 SR [ST18-005]【英語版】(-2) || 825184:ルフィ太郎 SR [ST18-005]【アジア版】(-2),
レシラム&ゼクロムGX (N) SR :SA,確定,レシラム&ゼクロムGX (N) SR: SA [SM11b 064/049],91280,仕入れ管理シートF列・在庫管理・管理画面,1,,人が選んだ（overrides）
レシラム&リザードンGX SR [097/095],確定,レシラム&リザードンGX SR: SA [SM10 097/095],91286,管理画面,1,91286:レシラム&リザードンGX SR: SA [SM10 097/095](3) || 335164:ズガドーンGX SR [SM8 097/095](-3) || 339682:オドリドリGX SR [SM12 097/095](-3) || 127727:セレビィ&フシギバナGX SR: SA [SM9 097/095](-5),
レシラム&リザードンGX(016/173 RR),確定,レシラム&リザードンGX RR [SM12a 016/173],395998,管理画面,1,395998:レシラム&リザードンGX RR [SM12a 016/173](5),
レシラムGX(211/150 SSR),確定,レシラムGX SSR [SM8b 211/150],112778,管理画面,1,112778:レシラムGX SSR [SM8b 211/150](5),
レシラムex [174/086],確定,レシラムex BWR [SV11W 174/086],585221,管理画面,1,585221:レシラムex BWR [SV11W 174/086](4) || 585213:ゼクロムex BWR [SV11B 174/086](-4),
レックウザGX [240/150],確定,レックウザGX SSR [SM8b 240/150],91295,管理画面,1,91295:レックウザGX SSR [SM8b 240/150](4),
レックウザGX(109/096 HR),確定,レックウザGX HR [SM7 109/096],91301,管理画面,1,91301:レックウザGX HR [SM7 109/096](5) || 102293:カラマネロVMAX HR [S2 109/096](-3),
レベッカ SR-SPC [OP05-091],確定,レベッカ SR-SPC [OP05-091](ブースターパック 双璧の覇者),158400,管理画面,1,158400:レベッカ SR-SPC [OP05-091](ブースターパック 双璧の覇者)(7) || 656308:レベッカ SR-SPC [OP05-091](プレミアムブースター「ONE PIECE CARD THE BEST vol.2」)(7) || 221374:レベッカ SR-SPC [OP05-091]【英語版】(4) || 135427:レベッカ SR [OP05-091](ブースターパック 新時代の主役)(1),再録と同点→初出の弾（手書きに収録の指定なし）
ロケット団のマタドガス 105/098,確定,ロケット団のマタドガス AR [SV10 105/098],568894,管理画面,1,568894:ロケット団のマタドガス AR [SV10 105/098](4) || 100562:スカタンクV SR [s12 105/098](-4),
ロケット団のマタドガス【AR】{105/098} [SV10],確定,ロケット団のマタドガス AR [SV10 105/098],568894,管理画面,1,568894:ロケット団のマタドガス AR [SV10 105/098](7) || 100562:スカタンクV SR [s12 105/098](-8),
ロケット団のミュウツーex,確定,ロケット団のミュウツーex SAR [M2a 237/193],730958,管理画面,1,,人が選んだ（overrides）
ロケット団のミュウツーex [SV10 125/098],確定,ロケット団のミュウツーex SAR [SV10 125/098],568902,管理画面,1,568902:ロケット団のミュウツーex SAR [SV10 125/098](6) || 100582:大口の沼 UR [s12 125/098](-7),
ロケット団の栄光,確定,ポケモンカードゲーム スカーレット&バイオレット 拡張パック「ロケット団の栄光」ボックス,550896,管理画面,1,,人が選んだ（overrides）
ロケット団参上！(006/025)[25th],確定,ロケット団参上!: プロモ [S8a-P 006/025],199043,管理画面,1,199043:ロケット団参上!: プロモ [S8a-P 006/025](4),
ロストアビス,確定,ポケモンカードゲーム ソード&シールド 拡張パック ロストアビス ボックス,86213,在庫管理・管理画面,1,,人が選んだ（overrides）
ロストアビス4パック,確定,ポケモンカードゲーム ソード&シールド 拡張パック ロストアビス パック ×4,88046,管理画面,1,88046:ポケモンカードゲーム ソード&シールド 拡張パック ロストアビス パック(3) || 86213:ポケモンカードゲーム ソード&シールド 拡張パック ロストアビス ボックス(0) || 87387:ポケモンカードゲーム ソード&シールド ロストアビス VSTARスペシャルセット(-4),型番なし・名前で一致
ロロノア・ゾロ [OP01-001],確定,ロロノア・ゾロ L [OP01-001](ブースターパック ロマンスドーン),142584,管理画面,1,94915:ロロノア・ゾロ L パラレル [OP01-001](4) || 142584:ロロノア・ゾロ L [OP01-001](ブースターパック ロマンスドーン)(4) || 171996:ロロノア・ゾロ L [OP01-001](週刊少年ジャンプ2024年3号 応募者全員サービス レカフィグ)(4) || 104428:ロロノア・ゾロ L-P [OP01-001](2),再録と同点→初出の弾（手書きに収録の指定なし）
ロロノア・ゾロ [OP01-025],確定,ロロノア・ゾロ SR [OP01-025](ブースターパック ロマンスドーン),94895,管理画面,1,94895:ロロノア・ゾロ SR [OP01-025](ブースターパック ロマンスドーン)(4) || 106779:ロロノア・ゾロ SR [OP01-025](フラッグシップバトル記念品)(4) || 132575:ロロノア・ゾロ SR [OP01-025](アルティメットデッキ “三船長”集結)(4) || 365644:ロロノア・ゾロ SR [OP01-025](プロモーションカード「海外版 1st アニバーサリーセット (浮世絵セット) 日本語表記」)(4),再録と同点→初出の弾（手書きに収録の指定なし）
ロロノア・ゾロ [OP06-118],確定,ロロノア・ゾロ SEC [OP06-118](ブースターパック 双璧の覇者),158397,管理画面,1,158397:ロロノア・ゾロ SEC [OP06-118](ブースターパック 双璧の覇者)(4) || 300064:ロロノア・ゾロ SEC [OP06-118](スペシャルグッズセット「2nd ANNIVERSARY SET」)(4) || 159664:ロロノア・ゾロ SEC-SP (コミパラ) [OP06-118](ブースターパック「双璧の覇者」)(2) || 159663:ロロノア・ゾロ SEC-P [OP06-118](2),再録と同点→初出の弾（手書きに収録の指定なし）
ワンピースカードゲーム ブースターパック「決戦の刻」4パック,確定,ワンピースカードゲーム ブースターパック「決戦の刻」パック ×4,816933,管理画面,1,,人が選んだ（overrides）
ヴィンスモーク・レイジュ SR-SPC [EB03-031](エクストラブースター「ワンピース ヒロインズエディション」),確定,ヴィンスモーク・レイジュ SR-SPC [EB03-031],710431,管理画面,1,710431:ヴィンスモーク・レイジュ SR-SPC [EB03-031](9) || 767904:ヴィンスモーク・レイジュ SR-SPC [EB03-031]【英語版】(4) || 713695:ヴィンスモーク・レイジュ SR [EB03-031](3) || 714616:ヴィンスモーク・レイジュ SR-P [EB03-031](3),
古代ミュウ P [SM-P 2019](プロモーションカード「映画 ミュウツーの逆襲 EVOLUTION パンフレット」),確定,古代ミュウ P [SM-P 2019],93076,管理画面,1,,人が選んだ（overrides）
名探偵ピカチュウ [099],確定,名探偵ピカチュウ: プロモ [S-P 099],91122,管理画面,1,,人が選んだ（overrides）
名探偵ピカチュウ [338],確定,名探偵ピカチュウ P [SM-P 338],93066,管理画面,1,,人が選んだ（overrides）
夏ポケカ（３枚セット）,要確認,,,管理画面,1,,名前で当たる商品が無い
強化拡張パック『イーブイヒーローズ』(S6a)【未開封BOX】{-} [未開封BOX],確定,ポケモンカードゲーム ソード & シールド 強化拡張パック イーブイヒーローズ ボックス,12883,管理画面,1,12883:ポケモンカードゲーム ソード & シールド 強化拡張パック イーブイヒーローズ ボックス(3) || 88177:ポケモンカードゲーム ソード & シールド 強化拡張パック イーブイヒーローズ パック(0) || 12884:ポケモンカードゲーム ソード & シールド 強化拡張パック イーブイヒーローズ イーブイズセット (イーブイセット)(-2) || 12882:ポケモンカードゲーム ソード & シールド VMAX スペシャルセット イーブイヒーローズ(-4),型番なし・名前で一致
強化拡張パック『クリムゾンヘイズ』(SV5a)【未開封BOX】{-} [未開封BOX],確定,ポケモンカードゲーム スカーレット&バイオレット 強化拡張パック「クリムゾンヘイズ」ボックス,204134,管理画面,1,204134:ポケモンカードゲーム スカーレット&バイオレット 強化拡張パック「クリムゾンヘイズ」ボックス(3) || 567441:【シュリンクなし】 ポケモンカードゲーム スカーレット&バイオレット 強化拡張パック「クリムゾンヘイズ」ボックス(1) || 204135:ポケモンカードゲーム スカーレット&バイオレット 強化拡張パック「クリムゾンヘイズ」パック(0),型番なし・名前で一致
強化拡張パック『サン&ムーン』(SM1+)【未開封BOX】{-} [未開封BOX],確定,ポケモンカードゲーム サン&ムーン 強化拡張パック サン&ムーン ボックス,15223,管理画面,1,,人が選んだ（overrides）
強化拡張パック『ダークオーダー』(SM8a)【未開封BOX】{-} [未開封BOX],確定,ポケモンカードゲーム サン&ムーン 強化拡張パック ダークオーダー ボックス,15540,管理画面,1,15540:ポケモンカードゲーム サン&ムーン 強化拡張パック ダークオーダー ボックス(3) || 88172:ポケモンカードゲーム サン&ムーン 強化拡張パック ダークオーダー パック(0),型番なし・名前で一致
強化拡張パック『チャンピオンロード』(SM6b)【未開封BOX】{-} [未開封BOX],確定,ポケモンカードゲーム サン&ムーン 強化拡張パック チャンピオンロード ボックス,15526,管理画面,1,15526:ポケモンカードゲーム サン&ムーン 強化拡張パック チャンピオンロード ボックス(3) || 88190:ポケモンカードゲーム サン&ムーン 強化拡張パック チャンピオンロード パック(0),型番なし・名前で一致
強化拡張パック『ドリームリーグ』(SM11b)【未開封BOX】{-} [未開封BOX],確定,ポケモンカードゲーム サン&ムーン 強化拡張パック ドリームリーグ ボックス,12898,管理画面,1,12898:ポケモンカードゲーム サン&ムーン 強化拡張パック ドリームリーグ ボックス(3) || 88182:ポケモンカードゲーム サン&ムーン 強化拡張パック ドリームリーグ パック(0),型番なし・名前で一致
強化拡張パック『ナイトユニゾン』(SM9a)【未開封BOX】{-} [未開封BOX],確定,ポケモンカードゲーム サン&ムーン 強化拡張パック ナイトユニゾン ボックス,15544,仕入れ管理シート・商品ごとの不足数・在庫管理・管理画面,1,15544:ポケモンカードゲーム サン&ムーン 強化拡張パック ナイトユニゾン ボックス(3) || 88262:ポケモンカードゲーム サン&ムーン 強化拡張パック ナイトユニゾン パック(0),型番なし・名前で一致
強化拡張パック『ナイトワンダラー』(SV6a)【未開封BOX】{-} [未開封BOX],確定,ポケモンカードゲーム スカーレット&バイオレット 強化拡張パック 「ナイトワンダラー」 ボックス,261657,管理画面,1,261657:ポケモンカードゲーム スカーレット&バイオレット 強化拡張パック 「ナイトワンダラー」 ボックス(3) || 567443:【シュリンクなし】 ポケモンカードゲーム スカーレット&バイオレット 強化拡張パック 「ナイトワンダラー」 ボックス(1) || 261658:ポケモンカードゲーム スカーレット&バイオレット 強化拡張パック 「ナイトワンダラー」 パック(0),型番なし・名前で一致
強化拡張パック『バトルリージョン』(S9a)【未開封BOX】{-} [未開封BOX],確定,ポケモンカードゲーム ソード&シールド 強化拡張パック バトルリージョン ボックス,55866,管理画面,1,55866:ポケモンカードゲーム ソード&シールド 強化拡張パック バトルリージョン ボックス(3) || 88199:ポケモンカードゲーム ソード&シールド 強化拡張パック バトルリージョン パック(0),型番なし・名前で一致
強化拡張パック『フェアリーライズ』(SM7b)【未開封BOX】{-} [未開封BOX],確定,ポケモンカードゲーム サン&ムーン 強化拡張パック フェアリーライズ ボックス,12897,管理画面,1,12897:ポケモンカードゲーム サン&ムーン 強化拡張パック フェアリーライズ ボックス(3) || 88163:ポケモンカードゲーム サン&ムーン 強化拡張パック フェアリーライズ パック(0),型番なし・名前で一致
強化拡張パック『フルメタルウォール』(SM9b)【未開封BOX】{-} [未開封BOX],確定,ポケモンカードゲーム サン&ムーン 強化拡張パック フルメタルウォール ボックス,12899,管理画面,1,12899:ポケモンカードゲーム サン&ムーン 強化拡張パック フルメタルウォール ボックス(3) || 88178:ポケモンカードゲーム サン&ムーン 強化拡張パック フルメタルウォール パック(0),型番なし・名前で一致
強化拡張パック『リミックスバウト』(SM11a)【未開封BOX】{-} [未開封BOX],確定,ポケモンカードゲーム サン&ムーン 強化拡張パック リミックスバウト ボックス,15570,仕入れ管理シート・商品ごとの不足数・管理画面,1,15570:ポケモンカードゲーム サン&ムーン 強化拡張パック リミックスバウト ボックス(3) || 88191:ポケモンカードゲーム サン&ムーン 強化拡張パック リミックスバウト パック(0),型番なし・名前で一致
強化拡張パック『伝説の鼓動』(S3a)【未開封BOX】{-} [未開封ボックス],確定,ポケモンカードゲーム ソード&シールド 強化拡張パック 伝説の鼓動 ボックス,14668,仕入れ管理シート・商品ごとの不足数・在庫管理・管理画面,1,14668:ポケモンカードゲーム ソード&シールド 強化拡張パック 伝説の鼓動 ボックス(3) || 88171:ポケモンカードゲーム ソード&シールド 強化拡張パック 伝説の鼓動 パック(0) || 38682:ポケモンカードゲーム ソード&シールド 強化拡張パック 伝説の鼓動 ポケモンカードジムセット(-2),型番なし・名前で一致
強化拡張パック『楽園ドラゴーナ』(SV7a)【未開封BOX】{-} [未開封BOX],確定,ポケモンカードゲーム スカーレット&バイオレット 強化拡張パック「楽園ドラゴーナ」ボックス,342761,管理画面,1,342761:ポケモンカードゲーム スカーレット&バイオレット 強化拡張パック「楽園ドラゴーナ」ボックス(3) || 567445:【シュリンクなし】 ポケモンカードゲーム スカーレット&バイオレット 強化拡張パック「楽園ドラゴーナ」ボックス(1) || 342762:ポケモンカードゲーム スカーレット&バイオレット 強化拡張パック「楽園ドラゴーナ」パック(0),型番なし・名前で一致
強化拡張パック『爆炎ウォーカー』(S2a)【未開封BOX】{-} [未開封BOX],確定,ポケモンカードゲーム ソード&シールド 拡張パック 爆炎ウォーカー ボックス,14670,管理画面,1,14670:ポケモンカードゲーム ソード&シールド 拡張パック 爆炎ウォーカー ボックス(3) || 88184:ポケモンカードゲーム ソード&シールド 拡張パック 爆炎ウォーカー パック(0),型番なし・名前で一致
強化拡張パック『白熱のアルカナ』(S11a)【未開封BOX】{-} [未開封BOX],確定,ポケモンカードゲーム ソード&シールド 強化拡張パック「白熱のアルカナ」ボックス,89881,管理画面,1,89881:ポケモンカードゲーム ソード&シールド 強化拡張パック「白熱のアルカナ」ボックス(3) || 89882:ポケモンカードゲーム ソード&シールド 強化拡張パック 白熱のアルカナ パック(0),型番なし・名前で一致
強化拡張パック『迅雷スパーク』(SM7a)【未開封BOX】{-} [未開封BOX],確定,ポケモンカードゲーム サン&ムーン 拡張パック 迅雷スパーク ボックス,15532,管理画面,1,15532:ポケモンカードゲーム サン&ムーン 拡張パック 迅雷スパーク ボックス(3) || 88263:ポケモンカードゲーム サン&ムーン 拡張パック 迅雷スパーク パック(0),型番なし・名前で一致
拡張パック『25th ANNIVERSARY COLLECTION BOX』(S8a)【未開封BOX】{-} [未開封BOX],確定,ポケモンカードゲーム ソード&シールド 拡張パック 25th アニバーサリー コレクション ボックス,14025,仕入れ管理シート・商品ごとの不足数・管理画面,1,,人が選んだ（overrides）
拡張パック『アローラの月光』(SM2L)【未開封BOX】{-} [未開封BOX],確定,ポケモンカードゲーム サン&ムーン 拡張パック アローラの月光 ボックス,15224,管理画面,1,15224:ポケモンカードゲーム サン&ムーン 拡張パック アローラの月光 ボックス(3) || 88273:ポケモンカードゲーム サン&ムーン 拡張パック アローラの月光 パック(0),型番なし・名前で一致
拡張パック『ウルトラムーン』(SM5M)【未開封BOX】{-} [未開封BOX],確定,ポケモンカードゲーム サン&ムーン 拡張パック ウルトラムーン ボックス,15436,管理画面,1,,人が選んだ（overrides）
拡張パック『オルタージェネシス』(SM12)【未開封BOX】{-} [未開封BOX],確定,ポケモンカードゲーム サン&ムーン 拡張パック オルタージェネシス ボックス,12900,仕入れ管理シート・商品ごとの不足数・在庫管理・管理画面,1,12900:ポケモンカードゲーム サン&ムーン 拡張パック オルタージェネシス ボックス(3) || 88183:ポケモンカードゲーム サン&ムーン 拡張パック オルタージェネシス パック(0) || 39877:ポケモンカードゲーム サン&ムーン 拡張パック オルタージェネシス ポケモンセンター限定セット(-2),型番なし・名前で一致
拡張パック『キミを待つ島々』(SM2K)【未開封BOX】{-} [未開封BOX],確定,ポケモンカードゲーム サン&ムーン 拡張パック キミを待つ島々 ボックス,15235,管理画面,1,15235:ポケモンカードゲーム サン&ムーン 拡張パック キミを待つ島々 ボックス(3) || 88274:ポケモンカードゲーム サン&ムーン 拡張パック キミを待つ島々 パック(0),型番なし・名前で一致
拡張パック『シールド』(S1H)【未開封BOX】{-} [未開封BOX],確定,ポケモンカードゲーム ソード&シールド 拡張パック シールド ボックス,14673,管理画面,1,,人が選んだ（overrides）
拡張パック『スカーレットex』(SV1S)【未開封BOX】{-} [未開封BOX],確定,ポケモンカードゲーム スカーレット&バイオレット 拡張パック「スカーレットex」ボックス (スカーレット),106863,管理画面,1,106863:ポケモンカードゲーム スカーレット&バイオレット 拡張パック「スカーレットex」ボックス (スカーレット)(3) || 567428:【シュリンクなし】 ポケモンカードゲーム スカーレット&バイオレット 拡張パック「スカーレットex」ボックス (スカーレット)(1) || 108335:ポケモンカードゲーム スカーレット&バイオレット 拡張パック 「スカーレットex」 パック(0) || 111019:ポケモンカードゲーム「スカーレットex & バイオレットex スペシャルセット」(-4),型番なし・名前で一致
拡張パック『スノーハザード』(SV2P)【未開封BOX】{-} [未開封BOX],確定,ポケモンカードゲーム スカーレット&バイオレット 拡張パック 「スノーハザード」 ボックス(スノーハザード&クレイバースト),116897,管理画面,1,,人が選んだ（overrides）
拡張パック『ソード』(S1W)【未開封BOX】{-} [未開封BOX],確定,ポケモンカードゲーム ソード&シールド 拡張パック ソード ボックス,14672,管理画面,1,,人が選んだ（overrides）
拡張パック『タッグボルト』(SM9)【未開封BOX】{-} [未開封BOX],確定,ポケモンカードゲーム サン&ムーン 拡張パック タッグボルト ボックス,20487,管理画面,1,20487:ポケモンカードゲーム サン&ムーン 拡張パック タッグボルト ボックス(3) || 88187:ポケモンカードゲーム サン&ムーン 拡張パック タッグボルト パック(0) || 43414:ポケモンカードゲーム サン&ムーン 拡張パック タッグボルト ポケモンセンター限定セット(-2),型番なし・名前で一致
拡張パック『ダブルブレイズ』(SM10)【未開封BOX】{-} [未開封BOX],確定,ポケモンカードゲーム サン&ムーン 拡張パック ダブルブレイズ ボックス,15549,仕入れ管理シート・商品ごとの不足数・在庫管理・管理画面,1,15549:ポケモンカードゲーム サン&ムーン 拡張パック ダブルブレイズ ボックス(3) || 88189:ポケモンカードゲーム サン&ムーン 拡張パック ダブルブレイズ パック(0) || 39982:ポケモンカードゲーム サン&ムーン 拡張パック ダブルブレイズ ポケモンセンター限定セット(-2),型番なし・名前で一致
拡張パック『ドラゴンストーム』(SM6a)【未開封BOX】{-} [未開封BOX],確定,ポケモンカードゲーム サン&ムーン 強化拡張パック ドラゴンストーム ボックス,15440,管理画面,1,15440:ポケモンカードゲーム サン&ムーン 強化拡張パック ドラゴンストーム ボックス(3) || 88265:ポケモンカードゲーム サン&ムーン 強化拡張パック ドラゴンストーム パック(0),型番なし・名前で一致
拡張パック『バイオレットex』(SV1V)【未開封BOX】{-} [未開封BOX],確定,ポケモンカードゲーム スカーレット&バイオレット 拡張パック「バイオレットex」ボックス,106864,管理画面,1,106864:ポケモンカードゲーム スカーレット&バイオレット 拡張パック「バイオレットex」ボックス(3) || 567429:【シュリンクなし】 ポケモンカードゲーム スカーレット&バイオレット 拡張パック「バイオレットex」ボックス(1) || 108337:ポケモンカードゲーム スカーレット&バイオレット 拡張パック 「バイオレットex」パック(0) || 123750:ポケモンカードゲームスカーレット&バイオレット exスタートデッキ 草 ジュナイパー(0),型番なし・名前で一致
拡張パック『ミラクルツイン』(SM11)【未開封BOX】{-} [未開封BOX],確定,ポケモンカードゲーム サン&ムーン 拡張パック ミラクルツイン ボックス,15568,管理画面,1,15568:ポケモンカードゲーム サン&ムーン 拡張パック ミラクルツイン ボックス(3) || 88564:ポケモンカードゲーム サン&ムーン 拡張パック ミラクルツイン パック(0) || 39879:ポケモンカードゲーム サン&ムーン 拡張パック ミラクルツイン ポケモンセンター限定セット(-2),型番なし・名前で一致
拡張パック『ムゲンゾーン』(S3)【未開封BOX】{-} [未開封BOX],確定,ポケモンカードゲーム ソード&シールド 拡張パック ムゲンゾーン ボックス,14669,管理画面,1,14669:ポケモンカードゲーム ソード&シールド 拡張パック ムゲンゾーン ボックス(3) || 88291:ポケモンカードゲーム ソード&シールド 拡張パック ムゲンゾーン パック(0) || 38683:ポケモンカードゲーム ソード&シールド 拡張パック ムゲンゾーン ポケモンセンター限定セット(-2),型番なし・名前で一致
拡張パック『ワイルドフォース』(SV5K)【未開封BOX】{-} [未開封BOX],確定,ポケモンカードゲーム スカーレット&バイオレット 拡張パック 「ワイルドフォース」 ボックス (ワイルド),171882,管理画面,1,171882:ポケモンカードゲーム スカーレット&バイオレット 拡張パック 「ワイルドフォース」 ボックス (ワイルド)(3) || 567439:【シュリンクなし】 ポケモンカードゲーム スカーレット&バイオレット 拡張パック 「ワイルドフォース」 ボックス (ワイルド)(1) || 171883:ポケモンカードゲーム スカーレット&バイオレット 拡張パック 「ワイルドフォース」 パック(0),型番なし・名前で一致
拡張パック『一撃マスター』(S5I)【未開封BOX】{-} [未開封BOX],確定,ポケモンカードゲーム ソード & シールド 拡張パック 一撃マスター ボックス,12877,管理画面,1,12877:ポケモンカードゲーム ソード & シールド 拡張パック 一撃マスター ボックス(3) || 88186:ポケモンカードゲーム ソード & シールド 拡張パック 一撃マスター パック(0) || 32861:ポケモンカードゲーム ソード&シールド 拡張パック 一撃マスター&連撃マスター ポケモンセンター・ポケモンストアセット(-2),型番なし・名前で一致
拡張パック『光を喰らう闇』(SM3N)【未開封BOX】{-} [未開封BOX],要確認,,,管理画面,1,15236:ポケモンカードゲーム サン&ムーン 拡張パック 光を喰らう闇 ボックス(3) || 525909:ポケモンカードゲーム サン&ムーン 拡張パック 光を喰らう闇 ボックス 初回製造版(3) || 88294:ポケモンカードゲーム サン&ムーン 拡張パック 光を喰らう闇 パック(0) || 600381:ポケモンカードゲーム サン&ムーン 拡張パック 光を喰らう闇 パック 初回製造版(0),型番なし・候補が複数
拡張パック『反逆クラッシュ』(S2)【未開封BOX】{-} [未開封BOX],確定,ポケモンカードゲーム ソード&シールド 拡張パック 反逆クラッシュ ボックス,12890,管理画面,1,12890:ポケモンカードゲーム ソード&シールド 拡張パック 反逆クラッシュ ボックス(3) || 88164:ポケモンカードゲーム ソード&シールド 拡張パック 反逆クラッシュ パック(0) || 38685:ポケモンカードゲーム ソード&シールド 拡張パック 反逆クラッシュ ポケモンセンター限定セット(-2) || 38684:ポケモンカードゲーム ソード&シールド Vスペシャルセット 反逆クラッシュ(-4),型番なし・名前で一致
拡張パック『摩天パーフェクト』(S7D)【未開封BOX】{-} [未開封BOX],確定,ポケモンカードゲーム ソード & シールド 拡張パック 摩天パーフェクト ボックス,12888,管理画面,1,12888:ポケモンカードゲーム ソード & シールド 拡張パック 摩天パーフェクト ボックス(3) || 88174:ポケモンカードゲーム ソード & シールド 拡張パック 摩天パーフェクト パック(0),型番なし・名前で一致
拡張パック『漆黒のガイスト』(S6K)【未開封BOX】{-} [未開封BOX],確定,ポケモンカードゲーム ソード & シールド 拡張パック 漆黒のガイスト ボックス,12881,管理画面,1,12881:ポケモンカードゲーム ソード & シールド 拡張パック 漆黒のガイスト ボックス(3) || 88166:ポケモンカードゲーム ソード & シールド 拡張パック 漆黒のガイスト パック(0) || 32858:ポケモンカードゲーム ソード&シールド ジャンボパックセット 白銀のランス&漆黒のガイスト(-2) || 32859:ポケモンカードゲーム ソード&シールド 拡張パック 白銀のランス&漆黒のガイスト ポケモンセンター・ポケモンストアセット(-2),型番なし・名前で一致
拡張パック『蒼空ストリーム』(S7R)【未開封BOX】{-} [未開封BOX],確定,ポケモンカードゲーム ソード & シールド 拡張パック 蒼空ストリーム ボックス (蒼空),12889,仕入れ管理シートF列・管理画面,1,12889:ポケモンカードゲーム ソード & シールド 拡張パック 蒼空ストリーム ボックス (蒼空)(3) || 88175:ポケモンカードゲーム ソード & シールド 拡張パック 蒼空ストリーム パック(0),型番なし・名前で一致
拡張パック『裂空のカリスマ』(SM7)【未開封BOX】{-} [未開封BOX],確定,ポケモンカードゲーム サン&ムーン 拡張パック 裂空のカリスマ ボックス,15530,仕入れ管理シート・商品ごとの不足数・在庫管理・管理画面,1,15530:ポケモンカードゲーム サン&ムーン 拡張パック 裂空のカリスマ ボックス(3) || 88188:ポケモンカードゲーム サン&ムーン 拡張パック 裂空のカリスマ パック(0),型番なし・名前で一致
拡張パック『連撃マスター』(S5R)【未開封BOX】{-} [未開封BOX],確定,ポケモンカードゲーム ソード & シールド 拡張パック 連撃マスター ボックス,12876,管理画面,1,12876:ポケモンカードゲーム ソード & シールド 拡張パック 連撃マスター ボックス(3) || 88185:ポケモンカードゲーム ソード & シールド 拡張パック 連撃マスター パック(0) || 32861:ポケモンカードゲーム ソード&シールド 拡張パック 一撃マスター&連撃マスター ポケモンセンター・ポケモンストアセット(-2),型番なし・名前で一致
拡張パック第11弾 爆熱の闘士(XY11)【未開封BOX】{-} [未開封BOX],確定,ポケモンカードゲーム XY 拡張パック 爆熱の闘士 1ED ボックス,480218,管理画面,1,,人が選んだ（overrides）
時を超えたセレビィ,確定,時を超えたセレビィ [10th],450626,管理画面,1,450626:時を超えたセレビィ [10th](5),型番なし・当たる商品が1つだけ
海で遊ぶピカチュウ（392/SM-P),確定,海で遊ぶピカチュウ: プロモ [SM-P 392],107448,管理画面,1,107448:海で遊ぶピカチュウ: プロモ [SM-P 392](4),
熱風のアリーナ,確定,ポケモンカードゲーム スカーレット&バイオレット 強化拡張パック「熱風のアリーナ」パック,518729,仕入れ管理シートF列・在庫管理・管理画面,1,,人が選んだ（overrides）
覚醒の勇者,要確認,,,管理画面,1,,名前で当たる商品が無い
超電ブレイカー 1パック,確定,ポケモンカードゲーム スカーレット&バイオレット 拡張パック「超電ブレイカー」パック,395190,管理画面,1,,人が選んだ（overrides）
"🎁みんトレ福袋（1,000,000pt・PSA10入り）",確定,"🎁みんトレ福袋(1,000,000pt・PSA10入り)",,管理画面,1,,なにかの〜・福袋（書き方の決まりで揃えた）
"🎁みんトレ福袋（150,000pt・PSA10入り）",確定,"🎁みんトレ福袋(150,000pt・PSA10入り)",,管理画面,1,,なにかの〜・福袋（書き方の決まりで揃えた）
メガゲッコウガex(m4 114/083),確定,メガゲッコウガex SAR [M4 114/083],776365,仕入れ管理シート・商品ごとの不足数・在庫管理,0,776365:メガゲッコウガex SAR [M4 114/083](6),
"🎁みんトレ福袋（5,000pt相当）",確定,"🎁みんトレ福袋(5,000pt相当)",,仕入れ管理シート・商品ごとの不足数・在庫管理,0,,なにかの〜・福袋（書き方の決まりで揃えた）
なにかのパック×2,確定,なにかのパック×2,,仕入れ管理シート・商品ごとの不足数,0,,なにかの〜・福袋（書き方の決まりで揃えた）
なにかのBOX,確定,なにかのBOX,,仕入れ管理シート・商品ごとの不足数・在庫管理,0,,なにかの〜・福袋（書き方の決まりで揃えた）
なにかのBOX（シュリンク付）,確定,なにかのBOX(シュリンク付),,仕入れ管理シート・商品ごとの不足数・在庫管理,0,,なにかの〜・福袋（書き方の決まりで揃えた）
一撃マスター,確定,ポケモンカードゲーム ソード & シールド 拡張パック 一撃マスター ボックス,12877,仕入れ管理シート・在庫管理,0,12877:ポケモンカードゲーム ソード & シールド 拡張パック 一撃マスター ボックス(3) || 88186:ポケモンカードゲーム ソード & シールド 拡張パック 一撃マスター パック(0) || 32861:ポケモンカードゲーム ソード&シールド 拡張パック 一撃マスター&連撃マスター ポケモンセンター・ポケモンストアセット(-2),在庫管理の略称をBOXとして照合
スカイレジェンド,確定,ポケモンカードゲーム サン&ムーン 強化拡張パック スカイレジェンド ボックス,12895,仕入れ管理シート・在庫管理,0,12895:ポケモンカードゲーム サン&ムーン 強化拡張パック スカイレジェンド ボックス(3) || 88198:ポケモンカードゲーム サン&ムーン 強化拡張パック スカイレジェンド パック(0),在庫管理の略称をBOXとして照合
ソードシールド,要確認,,,仕入れ管理シート・在庫管理,0,,名前で当たる商品が無い
摩天パーフェクト,確定,ポケモンカードゲーム ソード & シールド 拡張パック 摩天パーフェクト ボックス,12888,仕入れ管理シート・在庫管理,0,12888:ポケモンカードゲーム ソード & シールド 拡張パック 摩天パーフェクト ボックス(3) || 88174:ポケモンカードゲーム ソード & シールド 拡張パック 摩天パーフェクト パック(0),在庫管理の略称をBOXとして照合
トリプレットビート,確定,ポケモンカードゲーム スカーレット&バイオレット 強化拡張パック 「トリプレットビート」 ボックス,111467,仕入れ管理シート・在庫管理,0,111467:ポケモンカードゲーム スカーレット&バイオレット 強化拡張パック 「トリプレットビート」 ボックス(3) || 111466:ポケモンカードゲーム スカーレット&バイオレット 強化拡張パック「トリプレットビート」パック(0),在庫管理の略称をBOXとして照合
タイムゲイザー,確定,ポケモンカードゲーム ソード&シールド 拡張パック タイムゲイザー ボックス,66738,仕入れ管理シート・在庫管理,0,66738:ポケモンカードゲーム ソード&シールド 拡張パック タイムゲイザー ボックス(3) || 88196:ポケモンカードゲーム ソード&シールド 拡張パック タイムゲイザー パック(0),在庫管理の略称をBOXとして照合
タッグボルト,確定,ポケモンカードゲーム サン&ムーン 拡張パック タッグボルト ボックス,20487,仕入れ管理シート・在庫管理,0,20487:ポケモンカードゲーム サン&ムーン 拡張パック タッグボルト ボックス(3) || 88187:ポケモンカードゲーム サン&ムーン 拡張パック タッグボルト パック(0) || 43414:ポケモンカードゲーム サン&ムーン 拡張パック タッグボルト ポケモンセンター限定セット(-2),在庫管理の略称をBOXとして照合
なにかのパック×5,確定,なにかのパック×5,,仕入れ管理シートF列・在庫管理,0,,なにかの〜・福袋（書き方の決まりで揃えた）
イーブイヒーローズ,確定,ポケモンカードゲーム ソード & シールド 強化拡張パック イーブイヒーローズ ボックス,12883,在庫管理,0,12883:ポケモンカードゲーム ソード & シールド 強化拡張パック イーブイヒーローズ ボックス(3) || 88177:ポケモンカードゲーム ソード & シールド 強化拡張パック イーブイヒーローズ パック(0) || 12884:ポケモンカードゲーム ソード & シールド 強化拡張パック イーブイヒーローズ イーブイズセット (イーブイセット)(-2) || 12882:ポケモンカードゲーム ソード & シールド VMAX スペシャルセット イーブイヒーローズ(-4),在庫管理の略称をBOXとして照合
受け継がれる意志,確定,ワンピースカードゲーム ブースターパック「受け継がれる意志」ボックス,548909,在庫管理,0,548909:ワンピースカードゲーム ブースターパック「受け継がれる意志」ボックス(3) || 681023:ドン!!カード: ゴール・D・ロジャー (ブースターパック「受け継がれる意志」)(0) || 681024:ドン!!カード: ゴール・D・ロジャー スーパーパラレル (ブースターパック「受け継がれる意志」)(0) || 548910:ワンピースカードゲーム ブースターパック「受け継がれる意志」パック(0),在庫管理の略称をBOXとして照合
VSTARユニバース,確定,ポケモンカードゲーム ソード&シールド ハイクラスパック VSTARユニバース ボックス (Vユニ),101885,在庫管理,0,101885:ポケモンカードゲーム ソード&シールド ハイクラスパック VSTARユニバース ボックス (Vユニ)(3) || 101886:ポケモンカードゲーム ソード&シールド ハイクラスパック VSTARユニバース パック (Vユニ)(0) || 407023:ハイクラスパック VSTARユニバース AR9枚セット(-2),在庫管理の略称をBOXとして照合
神の島の冒険,確定,ワンピースカードゲーム ブースターパック「神の島の冒険」ボックス,755998,在庫管理,0,755998:ワンピースカードゲーム ブースターパック「神の島の冒険」ボックス(3) || 767049:ドン!!カード (ブースターパック「神の島の冒険」)(0) || 767050:ドン!!カード スーパーパラレル (ブースターパック「神の島の冒険」)(0) || 755999:ワンピースカードゲーム ブースターパック「神の島の冒険」パック(0),在庫管理の略称をBOXとして照合
仰天のボルテッカー,確定,ポケモンカードゲーム ソード & シールド 拡張パック 仰天のボルテッカー ボックス,12879,在庫管理,0,12879:ポケモンカードゲーム ソード & シールド 拡張パック 仰天のボルテッカー ボックス(3) || 88167:ポケモンカードゲーム ソード & シールド 拡張パック 仰天のボルテッカー パック(0) || 38020:ポケモンカードゲーム ソード&シールド キョダイパックセット 仰天のボルテッカー(-2) || 38681:ポケモンカードゲーム ソード&シールド 拡張パック 仰天のボルテッカー ポケモンセンター・ポケモンストアセット(-2),在庫管理の略称をBOXとして照合
クリムゾンベイズ,確定,ポケモンカードゲーム スカーレット&バイオレット 強化拡張パック「クリムゾンヘイズ」ボックス,204134,在庫管理,0,204134:ポケモンカードゲーム スカーレット&バイオレット 強化拡張パック「クリムゾンヘイズ」ボックス(3) || 567441:【シュリンクなし】 ポケモンカードゲーム スカーレット&バイオレット 強化拡張パック「クリムゾンヘイズ」ボックス(1) || 204135:ポケモンカードゲーム スカーレット&バイオレット 強化拡張パック「クリムゾンヘイズ」パック(0),在庫管理の略称をBOXとして照合
クレイバースト,確定,ポケモンカードゲーム スカーレット&バイオレット 拡張パック 「クレイバースト (クレバ) 」 ボックス(スノーハザード&クレイバースト),116901,在庫管理,0,,在庫管理の略称をBOXとして照合
決戦の刻,確定,ワンピースカードゲーム ブースターパック「決戦の刻」ボックス,816932,在庫管理,0,816932:ワンピースカードゲーム ブースターパック「決戦の刻」ボックス(3) || 818890:ドン!!カード (2026 vol.1): 参加記念品(プロモーションカード「決戦の刻【OP-16】発売記念イベント」)(0) || 822614:ドン!!カード: 金ドン(ブースターパック「決戦の刻」)(0) || 828208:ドン!!カード(ブースターパック「決戦の刻」)(0),在庫管理の略称をBOXとして照合
古代の咆哮,確定,ポケモンカードゲーム スカーレット&バイオレット 拡張パック 「古代の咆哮」(PARADOX RIFT) ボックス,140591,在庫管理,0,140591:ポケモンカードゲーム スカーレット&バイオレット 拡張パック 「古代の咆哮」(PARADOX RIFT) ボックス(3) || 567436:【シュリンクなし】 ポケモンカードゲーム スカーレット&バイオレット 拡張パック 「古代の咆哮」(PARADOX RIFT) ボックス(1) || 140590:ポケモンカードゲーム スカーレット&バイオレット 拡張パック 「古代の咆哮」(PARADOX RIFT) パック(0),在庫管理の略称をBOXとして照合
黒炎の支配者,確定,ポケモンカードゲーム スカーレット&バイオレット 拡張パック 「黒炎の支配者」 ボックス,127743,在庫管理,0,127743:ポケモンカードゲーム スカーレット&バイオレット 拡張パック 「黒炎の支配者」 ボックス(3) || 131057:ポケモンカードゲーム スカーレット&バイオレット デッキビルドBOX 黒炎の支配者(1) || 567434:【シュリンクなし】 ポケモンカードゲーム スカーレット&バイオレット 拡張パック 「黒炎の支配者」 ボックス(1) || 127742:ポケモンカードゲーム スカーレット&バイオレット 拡張パック 「黒炎の支配者」 パック(0),在庫管理の略称をBOXとして照合
サイバージャッジ,確定,ポケモンカードゲーム スカーレット&バイオレット 拡張パック 「サイバージャッジ」 ボックス,171884,在庫管理,0,171884:ポケモンカードゲーム スカーレット&バイオレット 拡張パック 「サイバージャッジ」 ボックス(3) || 567440:【シュリンクなし】 ポケモンカードゲーム スカーレット&バイオレット 拡張パック 「サイバージャッジ」 ボックス(1) || 171885:ポケモンカードゲーム スカーレット&バイオレット 拡張パック 「サイバージャッジ」 パック(0),在庫管理の略称をBOXとして照合
漆黒のガイスト,確定,ポケモンカードゲーム ソード & シールド 拡張パック 漆黒のガイスト ボックス,12881,在庫管理,0,12881:ポケモンカードゲーム ソード & シールド 拡張パック 漆黒のガイスト ボックス(3) || 88166:ポケモンカードゲーム ソード & シールド 拡張パック 漆黒のガイスト パック(0) || 32858:ポケモンカードゲーム ソード&シールド ジャンボパックセット 白銀のランス&漆黒のガイスト(-2) || 32859:ポケモンカードゲーム ソード&シールド 拡張パック 白銀のランス&漆黒のガイスト ポケモンセンター・ポケモンストアセット(-2),在庫管理の略称をBOXとして照合
シャイニースター,確定,ポケモンカードゲーム ソード & シールド ハイクラスパック シャイニースターV ボックス,12875,在庫管理,0,12875:ポケモンカードゲーム ソード & シールド ハイクラスパック シャイニースターV ボックス(3) || 88181:ポケモンカードゲーム ソード & シールド ハイクラスパック シャイニースターV パック(0) || 38019:ポケモンカードゲーム ソード&シールド ハイクラスパック シャイニースターV ルリナセット(-2),在庫管理の略称をBOXとして照合
スカーレット,確定,ポケモンカードゲーム スカーレット&バイオレット 拡張パック「スカーレットex」ボックス (スカーレット),106863,在庫管理,0,,在庫管理の略称をBOXとして照合
スターバース,確定,ポケモンカードゲーム ソード&シールド 拡張パック スターバース ボックス (スタバ),32870,在庫管理,0,32870:ポケモンカードゲーム ソード&シールド 拡張パック スターバース ボックス (スタバ)(3) || 88565:ポケモンカードゲーム ソード&シールド 拡張パック スターバース パック(0),在庫管理の略称をBOXとして照合
ステラミラクル,確定,ポケモンカードゲーム スカーレット&バイオレット 拡張パック「ステラミラクル」ボックス,283206,在庫管理,0,283206:ポケモンカードゲーム スカーレット&バイオレット 拡張パック「ステラミラクル」ボックス(3) || 283208:ポケモンカードゲーム スカーレット&バイオレット デッキビルドBOX「ステラミラクル」(1) || 567444:【シュリンクなし】 ポケモンカードゲーム スカーレット&バイオレット 拡張パック「ステラミラクル」ボックス(1) || 283207:ポケモンカードゲーム スカーレット&バイオレット 拡張パック「ステラミラクル」パック(0),在庫管理の略称をBOXとして照合
スペースジャグラー,確定,ポケモンカードゲーム ソード&シールド 拡張パック スペースジャグラー ボックス,66739,在庫管理,0,66739:ポケモンカードゲーム ソード&シールド 拡張パック スペースジャグラー ボックス(3) || 88197:ポケモンカードゲーム ソード&シールド 拡張パック スペースジャグラー パック(0),在庫管理の略称をBOXとして照合
世界最強の戦士,確定,ワンピースカードゲーム ブースターパック「世界最強の戦士」ボックス,864495,在庫管理,0,,在庫管理の略称をBOXとして照合
Pokémon GO,確定,ポケモンカードゲーム ソード&シールド 強化拡張パック ポケモン GO ボックス (ポケGO),58920,在庫管理,0,,在庫管理の略称をBOXとして照合
タッグオールスターズ,確定,ポケモンカードゲーム サン&ムーン ハイクラスパック タッグチームGX タッグオールスターズ ボックス,12894,在庫管理,0,12894:ポケモンカードゲーム サン&ムーン ハイクラスパック タッグチームGX タッグオールスターズ ボックス(3) || 88180:ポケモンカードゲーム サン&ムーン ハイクラスパック タッグチームGX タッグオールスターズ パック(0),在庫管理の略称をBOXとして照合
ダークファンタズマ,確定,ポケモンカードゲーム ソード&シールド 強化拡張パック ダークファンタズマ ボックス,74242,在庫管理,0,74242:ポケモンカードゲーム ソード&シールド 強化拡張パック ダークファンタズマ ボックス(3) || 88200:ポケモンカードゲーム ソード&シールド 強化拡張パック ダークファンタズマ パック(0),在庫管理の略称をBOXとして照合
超電ブレイカー,確定,ポケモンカードゲーム スカーレット&バイオレット 拡張パック「超電ブレイカー」ボックス,395189,在庫管理,0,395189:ポケモンカードゲーム スカーレット&バイオレット 拡張パック「超電ブレイカー」ボックス(3) || 567446:【シュリンクなし】 ポケモンカードゲーム スカーレット&バイオレット 拡張パック「超電ブレイカー」ボックス(1) || 401037:pkmn-tcg-SV8-019(拡張パック「超電ブレイカー」)(0) || 395190:ポケモンカードゲーム スカーレット&バイオレット 拡張パック「超電ブレイカー」パック(0),在庫管理の略称をBOXとして照合
超爆インパクト,確定,ポケモンカードゲーム サン&ムーン 拡張パック 超爆インパクト ボックス,15535,在庫管理,0,15535:ポケモンカードゲーム サン&ムーン 拡張パック 超爆インパクト ボックス(3) || 335170:ポケモンカードゲーム サン&ムーン 拡張パック「超爆インパクト」パック(0) || 44055:ポケモンカードゲーム サン&ムーン 拡張パック 超爆インパクト ポケモンセンター限定セット(-2),在庫管理の略称をBOXとして照合
トウホク,確定,ポケモンカードゲーム スカーレット&バイオレット スペシャルBOX「ポケモンセンタートウホク」,618442,在庫管理,0,618442:ポケモンカードゲーム スカーレット&バイオレット スペシャルBOX「ポケモンセンタートウホク」(5),在庫管理の略称をBOXとして照合
テラスタルフェス,確定,ポケモンカードゲーム スカーレット&バイオレット ハイクラスパック「テラスタルフェスex」ボックス,424297,在庫管理,0,424297:ポケモンカードゲーム スカーレット&バイオレット ハイクラスパック「テラスタルフェスex」ボックス(3) || 567447:【シュリンクなし】 ポケモンカードゲーム スカーレット&バイオレット ハイクラスパック「テラスタルフェスex」ボックス(1) || 424298:ポケモンカードゲーム スカーレット&バイオレット ハイクラスパック「テラスタルフェスex」パック(0),在庫管理の略称をBOXとして照合
ナイトワンダラー,確定,ポケモンカードゲーム スカーレット&バイオレット 強化拡張パック 「ナイトワンダラー」 ボックス,261657,在庫管理,0,261657:ポケモンカードゲーム スカーレット&バイオレット 強化拡張パック 「ナイトワンダラー」 ボックス(3) || 567443:【シュリンクなし】 ポケモンカードゲーム スカーレット&バイオレット 強化拡張パック 「ナイトワンダラー」 ボックス(1) || 261658:ポケモンカードゲーム スカーレット&バイオレット 強化拡張パック 「ナイトワンダラー」 パック(0),在庫管理の略称をBOXとして照合
白熱のアルカナ,確定,ポケモンカードゲーム ソード&シールド 強化拡張パック「白熱のアルカナ」ボックス,89881,在庫管理,0,89881:ポケモンカードゲーム ソード&シールド 強化拡張パック「白熱のアルカナ」ボックス(3) || 89882:ポケモンカードゲーム ソード&シールド 強化拡張パック 白熱のアルカナ パック(0),在庫管理の略称をBOXとして照合
バイオレット,確定,ポケモンカードゲーム スカーレット&バイオレット 拡張パック「バイオレットex」ボックス,106864,在庫管理,0,,人が選んだ（overrides）
バトルリージョン,確定,ポケモンカードゲーム ソード&シールド 強化拡張パック バトルリージョン ボックス,55866,在庫管理,0,55866:ポケモンカードゲーム ソード&シールド 強化拡張パック バトルリージョン ボックス(3) || 88199:ポケモンカードゲーム ソード&シールド 強化拡張パック バトルリージョン パック(0),在庫管理の略称をBOXとして照合
パラダイムトリガー,確定,ポケモンカードゲーム ソード&シールド 拡張パック「パラダイムトリガー」ボックス (パラトリ),97143,在庫管理,0,97143:ポケモンカードゲーム ソード&シールド 拡張パック「パラダイムトリガー」ボックス (パラトリ)(3) || 97142:ポケモンカードゲーム ソード&シールド 拡張パック パラダイムトリガー パック(0) || 100771:ポケモンカードゲーム ソード&シールド プロモパック パラダイムトリガー「ルギアゲットチャレンジ」(0) || 100772:ポケモンカードゲーム ソード&シールド プロモパック パラダイムトリガー「ルギアゲットチャレンジ」ポケモンセンター Ver.(0),在庫管理の略称をBOXとして照合
ブラックボルトデラックス,確定,ポケモンカードゲーム スカーレット&バイオレット 拡張パックデラックス「ブラックボルト」ボックス,584774,在庫管理,0,,在庫管理の略称をBOXとして照合
フクオカ,確定,ポケモンカードゲーム スカーレット&バイオレット スペシャルBOX「ポケモンセンターフクオカ」,618444,在庫管理,0,,人が選んだ（overrides）
変幻の仮面,確定,ポケモンカードゲーム スカーレット&バイオレット 拡張パック「変幻の仮面」ボックス,224649,在庫管理,0,224649:ポケモンカードゲーム スカーレット&バイオレット 拡張パック「変幻の仮面」ボックス(3) || 567442:【シュリンクなし】 ポケモンカードゲーム スカーレット&バイオレット 拡張パック「変幻の仮面」ボックス(1) || 224650:ポケモンカードゲーム スカーレット&バイオレット 拡張パック「変幻の仮面」パック(0),在庫管理の略称をBOXとして照合
ホワイトフレア,確定,ポケモンカードゲーム スカーレット&バイオレット 拡張パック「ホワイトフレア」ボックス,584772,在庫管理,0,584772:ポケモンカードゲーム スカーレット&バイオレット 拡張パック「ホワイトフレア」ボックス(3) || 584776:ポケモンカードゲーム スカーレット&バイオレット 拡張パックデラックス「ホワイトフレア」ボックス(1) || 586841:【シュリンクなし】 ポケモンカードゲーム スカーレット&バイオレット 拡張パック「ホワイトフレア」ボックス(1) || 584773:ポケモンカードゲーム スカーレット&バイオレット 拡張パック「ホワイトフレア」パック(0),在庫管理の略称をBOXとして照合
ホワイトフレアデラックス,確定,ポケモンカードゲーム スカーレット&バイオレット 拡張パックデラックス「ホワイトフレア」ボックス,584776,在庫管理,0,,在庫管理の略称をBOXとして照合
ポケモンカード151,確定,ポケモンカードゲーム スカーレット&バイオレット 強化拡張パック「ポケモンカード151」ボックス,118914,在庫管理,0,118914:ポケモンカードゲーム スカーレット&バイオレット 強化拡張パック「ポケモンカード151」ボックス(3) || 567433:【シュリンクなし】 ポケモンカードゲーム スカーレット&バイオレット 強化拡張パック「ポケモンカード151」ボックス(1) || 118915:ポケモンカードゲーム スカーレット&バイオレット 強化拡張パック 「ポケモンカード151」 パック (151)(0),在庫管理の略称をBOXとして照合
ムニキスゼロ,確定,ポケモンカードゲームMEGA 拡張パック「ムニキスゼロ」ボックス,743533,在庫管理,0,743533:ポケモンカードゲームMEGA 拡張パック「ムニキスゼロ」ボックス(3) || 743535:【シュリンクなし】ポケモンカードゲームMEGA 拡張パック「ムニキスゼロ」ボックス(1) || 743534:ポケモンカードゲームMEGA 拡張パック「ムニキスゼロ」パック(0),在庫管理の略称をBOXとして照合
メガブレイブ,確定,ポケモンカードゲームMEGA 拡張パック「メガブレイブ」ボックス,628146,在庫管理,0,628146:ポケモンカードゲームMEGA 拡張パック「メガブレイブ」ボックス(3) || 658648:【シュリンクなし】ポケモンカードゲームMEGA 拡張パック「メガブレイブ」ボックス(1) || 628147:ポケモンカードゲームMEGA 拡張パック「メガブレイブ」パック(0) || 628198:ポケモンカードゲームMEGA ポケモンセンターセット「メガブレイブ」(-2),在庫管理の略称をBOXとして照合
リミックスバウト,確定,ポケモンカードゲーム サン&ムーン 強化拡張パック リミックスバウト ボックス,15570,在庫管理,0,15570:ポケモンカードゲーム サン&ムーン 強化拡張パック リミックスバウト ボックス(3) || 88191:ポケモンカードゲーム サン&ムーン 強化拡張パック リミックスバウト パック(0),在庫管理の略称をBOXとして照合
楽園ドラゴーナ,確定,ポケモンカードゲーム スカーレット&バイオレット 強化拡張パック「楽園ドラゴーナ」ボックス,342761,在庫管理,0,342761:ポケモンカードゲーム スカーレット&バイオレット 強化拡張パック「楽園ドラゴーナ」ボックス(3) || 567445:【シュリンクなし】 ポケモンカードゲーム スカーレット&バイオレット 強化拡張パック「楽園ドラゴーナ」ボックス(1) || 342762:ポケモンカードゲーム スカーレット&バイオレット 強化拡張パック「楽園ドラゴーナ」パック(0),在庫管理の略称をBOXとして照合
レイジングサーフ,確定,ポケモンカードゲーム スカーレット&バイオレット 強化拡張パック 「レイジングサーフ」 ボックス,134104,在庫管理,0,134104:ポケモンカードゲーム スカーレット&バイオレット 強化拡張パック 「レイジングサーフ」 ボックス(3) || 567435:【シュリンクなし】 ポケモンカードゲーム スカーレット&バイオレット 強化拡張パック 「レイジングサーフ」 ボックス(1) || 133477:ポケモンカードゲーム スカーレット&バイオレット 強化拡張パック 「レイジングサーフ」 パック(0),在庫管理の略称をBOXとして照合
ONE PIECE CARD THE BEST 2,確定,ワンピースカードゲーム プレミアムブースター「ONE PIECE CARD THE BEST vol.2」ボックス,548907,在庫管理,0,,人が選んだ（overrides）
25th ANNIVERSARY COLLECTION,確定,ポケモンカードゲーム ソード&シールド 拡張パック 25th アニバーサリー コレクション ボックス,14025,在庫管理,0,,人が選んだ（overrides）
Megaドリーム,確定,ポケモンカードゲームMEGA ハイクラスパック「MEGAドリームex」ボックス,721913,在庫管理,0,721913:ポケモンカードゲームMEGA ハイクラスパック「MEGAドリームex」ボックス(3) || 721915:【シュリンクなし】ポケモンカードゲームMEGA ハイクラスパック「MEGAドリームex」ボックス(1) || 721914:ポケモンカードゲームMEGA ハイクラスパック「MEGAドリームex」パック(0),在庫管理の略称をBOXとして照合
★Apple Watch（最新）,確定,Apple Watch SE 3 GPSモデル 40mm,,在庫管理,0,,スニダン外の商品（mintore_non_snkr.csv）
"🎁神福袋（額面30,000pt相当・PSA10入り）",確定,"🎁神福袋(額面30,000pt相当・PSA10入り)",,在庫管理,0,,なにかの〜・福袋（書き方の決まりで揃えた）
白銀のランス,確定,ポケモンカードゲーム ソード & シールド 拡張パック 白銀のランス ボックス,12880,在庫管理,0,12880:ポケモンカードゲーム ソード & シールド 拡張パック 白銀のランス ボックス(3) || 88165:ポケモンカードゲーム ソード & シールド 拡張パック 白銀のランス パック(0) || 32858:ポケモンカードゲーム ソード&シールド ジャンボパックセット 白銀のランス&漆黒のガイスト(-2) || 32859:ポケモンカードゲーム ソード&シールド 拡張パック 白銀のランス&漆黒のガイスト ポケモンセンター・ポケモンストアセット(-2),在庫管理の略称をBOXとして照合
191/184,確定,オクタン CHR [s8b 191/184],126708,在庫管理,0,,人が選んだ（overrides）
021/025,確定,ゼクロム: プロモ [S8a-P 021/025],98530,在庫管理,0,,人が選んだ（overrides）
030/187,確定,シャワーズ: マスターボールミラー [SV8a 030/187],471586,在庫管理,0,,人が選んだ（overrides）
091/063,確定,リーリエの決心 SAR [M1L 091/063],663637,在庫管理,0,,人が選んだ（overrides）
071/066,要確認,,,在庫管理,0,91636:N SR: 1ED [BW2 071/066](0) || 105351:ハッサムGX SR [SM6b 071/066](0) || 105394:デンジ SR [SM5M 071/066](0) || 105410:ポケモンだいすきクラブ SR [SM5S 071/066](0),名前が合う候補が無い
205/193,確定,ロケット団のミミッキュ AR [M2a 205/193],730942,在庫管理,0,,人が選んだ（overrides）
100/094,確定,おじょうさま SR [SM6 100/094],91312,在庫管理,0,,人が選んだ（overrides）
075/069,確定,シャワーズV SR: SA [S6a 075/069],91172,在庫管理,0,,人が選んだ（overrides）
MacBook,確定,MacBook Air (M5) 13インチ,,在庫管理,0,,スニダン外の商品（mintore_non_snkr.csv）
071/065,要確認,,,在庫管理,0,,型番 071/065 がスニダン一覧に無い
リーリエのアブリボン 105/100,確定,リーリエのアブリボン AR [SV9 105/100],505952,在庫管理,0,505952:リーリエのアブリボン AR [SV9 105/100](4) || 96567:ネオラントV: SA SR [S9 105/100](-4) || 96582:ミュウV SR [S8 105/100](-4) || 102308:クロバットV SR [S3 105/100](-4),
アゲハント 194/193,確定,アゲハント AR [M2a 194/193],731012,在庫管理,0,731012:アゲハント AR [M2a 194/193](4),
ドクケイル 195/193,確定,ドクケイル AR [M2a 195/193],731013,在庫管理,0,731013:ドクケイル AR [M2a 195/193](4),
ドンメル 198/193,確定,ドンメル AR [M2a 198/193],731014,在庫管理,0,731014:ドンメル AR [M2a 198/193](4),
イワパレス 067/063,確定,イワパレス AR [SV9a 067/063],539602,在庫管理,0,539602:イワパレス AR [SV9a 067/063](4) || 662217:ロコン AR [M1L 067/063](-4) || 664113:ユキカブリ AR [M1S 067/063](-4),
チャーレム 207/193,確定,チャーレム AR [M2a 207/193],730944,在庫管理,0,730944:チャーレム AR [M2a 207/193](4),
ドラメシア 211/193,確定,ドラメシヤ AR [M2a 211/193],724994,在庫管理,0,,人が選んだ（overrides）
パールル 102/098,確定,パールル AR [SV10 102/098],558070,在庫管理,0,558070:パールル AR [SV10 102/098](4) || 100559:アンノーンV SR [s12 102/098](-4),
シルシュルー 072/063,確定,シルシュルー AR [M1L 072/063],664100,在庫管理,0,664100:シルシュルー AR [M1L 072/063](4) || 546106:カスミのラプラス AR [SV9a 072/063](-4) || 664116:ヌケニン AR [M1S 072/063](-4),
ドーブル 073/068,確定,ドーブル CHR [s11a 073/068],95128,在庫管理,0,95128:ドーブル CHR [s11a 073/068](4),
シシコ 066/063,確定,シシコ AR [M1S 066/063],663639,在庫管理,0,663639:シシコ AR [M1S 066/063](4) || 546105:シェイミ AR [SV9a 066/063](-4) || 664097:ナッシー AR [M1L 066/063](-4),
ギアル 146/086,確定,ギアル AR [SV11W 146/086],608586,在庫管理,0,608586:ギアル AR [SV11W 146/086](4) || 608515:シュバルゴ AR [SV11B 146/086](-4),
マフィティフ 088/078,確定,マフィティフ AR [SV1V 088/078],110917,在庫管理,0,110917:マフィティフ AR [SV1V 088/078](4) || 91484:フーディンEX UR: 1ED [XY10 088/078](-4) || 91519:ナギ SR: 1ED [XY6 088/078](-4) || 110904:ガケガニ AR [SV1S 088/078](-4),
ストリンダー 089/080,確定,ストリンダー AR [M2 089/080],704382,在庫管理,0,704382:ストリンダー AR [M2 089/080](4) || 91497:ギャラドスEX UR: 1ED [XY9 089/080](-4) || 91546:MリザードンEX UR: 1ED [XY2 089/080](-4) || 380802:MリザードンEX UR [XY2 089/080](-4),
ユキカブリ 067/063,確定,ユキカブリ AR [M1S 067/063],664113,在庫管理,0,664113:ユキカブリ AR [M1S 067/063](4) || 539602:イワパレス AR [SV9a 067/063](-4) || 662217:ロコン AR [M1L 067/063](-4),
ブロスター 068/063,確定,ブロスター AR [M1S 068/063],664114,在庫管理,0,664114:ブロスター AR [M1S 068/063](4) || 538766:カミツオロチ AR [SV9a 068/063](-4) || 641578:リオル AR [M1L 068/063](-4),
ミカルゲ 071/063,確定,ミカルゲ AR [M1L 071/063],663632,在庫管理,0,663632:ミカルゲ AR [M1L 071/063](4) || 543243:カスミのコダック AR [SV9a 071/063](-4) || 645380:フーディン AR [M1S 071/063](-4),
エテボース 092/080,確定,エテボース AR [M2 092/080],702702,在庫管理,0,702702:エテボース AR [M2 092/080](4) || 753260:ラッタ AR [M3 092/080](-4),
ギルガルド 073/062,確定,ギルガルド AR [SV3a 073/062],137472,在庫管理,0,137472:ギルガルド AR [SV3a 073/062](4),
テッカニン 065/063,確定,テッカニン AR [M1S 065/063],664112,在庫管理,0,664112:テッカニン AR [M1S 065/063](4) || 526172:シロナのロズレイド AR [SV9a 065/063](-4) || 657362:フシギソウ AR [M1L 065/063](-4),
オニスズメ 074/063,確定,オニスズメ AR [M1L 074/063],664102,在庫管理,0,664102:オニスズメ AR [M1L 074/063](4) || 530536:ロトム AR [SV9a 074/063](-4) || 661161:デリバード AR [M1S 074/063](-4),
インテレオン 069/063,確定,インテレオン AR [M1S 069/063],662218,在庫管理,0,662218:インテレオン AR [M1S 069/063](4) || 535465:ギャロップ AR [SV9a 069/063](-4) || 664098:マーシャドー AR [M1L 069/063](-4),
べカラス 079/071,確定,ベラカス AR [SV2P 079/071],117187,在庫管理,0,,人が選んだ（overrides）
ジュゴン 084/080,確定,ジュゴン AR [M2 084/080],704379,在庫管理,0,704379:ジュゴン AR [M2 084/080](4) || 91496:エーフィEX SR: 1ED [XY9 084/080](-4) || 108501:ガルーラEX SR: 1ED [XY2 084/080](-4) || 380799:ガルーラEX SR [XY2 084/080](-4),
ヌケニン 072/063,確定,ヌケニン AR [M1S 072/063],664116,在庫管理,0,664116:ヌケニン AR [M1S 072/063](4) || 546106:カスミのラプラス AR [SV9a 072/063](-4) || 664100:シルシュルー AR [M1L 072/063](-4),
キマワリ 102/101,確定,キマワリ AR [SV6 102/101],256064,在庫管理,0,256064:キマワリ AR [SV6 102/101](4) || 511034:タマタマ HR [102/101]【英語版】(-7) || 511434:ニャース HR [102/101]【英語版】(-7),
ツボツボ 064/063,確定,ツボツボ AR [M1S 064/063],664111,在庫管理,0,664111:ツボツボ AR [M1S 064/063](4) || 546104:ヤンヤンマ AR [SV9a 064/063](-4) || 657361:フシギダネ AR [M1L 064/063](-4),
ガラルタチフサグマ 209/193,確定,ガラルタチフサグマ AR [M2a 209/193],731018,在庫管理,0,731018:ガラルタチフサグマ AR [M2a 209/193](4),
イルカマン 111/108,確定,イルカマン AR [SV3 111/108],132256,在庫管理,0,132256:イルカマン AR [SV3 111/108](4) || 504592:なみのりピカチュウ R [111/108]【英語版】(-7) || 511301:ポケモンキャッチャー HR [111/108]【英語版】(-7),
ズルック 136/086,確定,ズルッグ AR [SV11W 136/086],608576,在庫管理,0,608576:ズルッグ AR [SV11W 136/086](4) || 608506:イワパレス AR [SV11B 136/086](-4),
チョボマキ 093/086,確定,チョボマキ AR [SV11W 093/086],608539,在庫管理,0,608539:チョボマキ AR [SV11W 093/086](4) || 608467:マラカッチ AR [SV11B 093/086](-4),
ロコン 067/063,確定,ロコン AR [M1L 067/063],662217,在庫管理,0,662217:ロコン AR [M1L 067/063](4) || 539602:イワパレス AR [SV9a 067/063](-4) || 664113:ユキカブリ AR [M1S 067/063](-4),
ノコッチ 198/172,確定,ノコッチ AR [s12a 198/172],103063,在庫管理,0,103063:ノコッチ AR [s12a 198/172](4),
ドロンチ 212/193,確定,ドロンチ AR [M2a 212/193],724995,在庫管理,0,724995:ドロンチ AR [M2a 212/193](4),
フライゴンex079/064,確定,フライゴンex SR [SV7a 079/064],385168,在庫管理,0,385168:フライゴンex SR [SV7a 079/064](4) || 284955:イイネイヌex SR [SV6a 079/064](-4) || 290934:格闘道場 UR [SM11a 079/064](-4),
チルット 202/172,確定,チルット AR [s12a 202/172],105545,在庫管理,0,105545:チルット AR [s12a 202/172](4),
ゼニガメ 176/165,確定,ゼニガメ AR [SV2a 170/165],128086,在庫管理,0,,人が選んだ（overrides）
フーディンex 326/190,確定,フーディンex SSR [SV4a 326/190],164703,在庫管理,0,164703:フーディンex SSR [SV4a 326/190](4) || 144787:ウッウV SSR [s4a 326/190](-4),
チャデス 068/066,確定,チャデス AR [SV5a 068/066],227624,在庫管理,0,227624:チャデス AR [SV5a 068/066](4) || 105346:マルマインGX SR [SM6b 068/066](-4) || 108825:テラキオン SR: 1ED [BW2 068/066](-4) || 146985:ブビィ AR [SV4K 068/066](拡張パック「古代の咆哮」) PARADOX RIFT(-4),
キョジオーン 070/063,確定,キョジオーン AR [M1L 070/063],664099,在庫管理,0,664099:キョジオーン AR [M1L 070/063](4) || 544501:ヒビキのバクフーン AR [SV9a 070/063](-4) || 664115:エリキテル AR [M1S 070/063](-4),
レアコイル 112/106,確定,レアコイル AR [SV8 112/106],418741,在庫管理,0,418741:レアコイル AR [SV8 112/106](4),
フリーザー 102/100,確定,フリーザー AR [SV9 102/100],502986,在庫管理,0,502986:フリーザー AR [SV9 102/100](4) || 96570:リザードンV SR [S9 102/100](-4) || 101673:ファイアローV SR [S4 102/100](-4) || 137043:キュレムV SR [S11 102/100](-4),
マスカーニヤ 096/073,確定,マスカーニャex SAR [SV1a 096/073],116081,在庫管理,0,,人が選んだ（overrides）
カラミンゴ 082/071,確定,カラミンゴ AR [SV2D 082/071],117828,在庫管理,0,117828:カラミンゴ AR [SV2D 082/071](4) || 96751:博士の研究(ウィロー博士)SR [S10b 082/071](-4) || 120831:ココガラ AR [SV2P 082/071](-4) || 139432:ヒスイヌメルゴンV SR [s10a 082/071](-4),
ムーランド 061/049,確定,ムーランド CHR [sm11b 061/049],126684,在庫管理,0,126684:ムーランド CHR [sm11b 061/049](4) || 106119:カイリキーGX HR [SM2+ 061/049](-4),
オンバット 111/100,確定,オンバット AR [SV9 111/100],506149,在庫管理,0,506149:オンバット AR [SV9 111/100](4) || 91196:ルリナ SR [S4 111/100](-4) || 93379:ギラティナV SR: SA [S11 111/100](-4) || 96572:アルセウスV SR [S9 111/100](-4),
スズナ 121/098,確定,スズナ HR [s12 121/098],100578,在庫管理,0,100578:スズナ HR [s12 121/098](4) || 568901:ロケット団のサカキ SR [SV10 121/098](-4),
グラエナ 072/067,確定,グラエナ CHR [s9a 072/067],126693,在庫管理,0,126693:グラエナ CHR [s9a 072/067](4) || 96561:チャーレムV SR: SA [S7R 072/067](-4) || 139511:カイリキーV SR [s10D 072/067](-4) || 139583:ヒードランV SR [s10P 072/067](-4),
ジーランス 077/071,確定,ジーランス AR [SV5K 077/071],180177,在庫管理,0,180177:ジーランス AR [SV5K 077/071](4) || 120733:ナカヌチャン AR [SV2D 077/071](-4) || 120827:セグレイブ AR [SV2P 077/071](-4) || 126680:カビゴン CHR [s10a 077/071](-4),
テラキオン 133/086,確定,テラキオン AR [SV11W 133/086],608573,在庫管理,0,608573:テラキオン AR [SV11W 133/086](4) || 608503:ローブシン AR [SV11B 133/086](-4),
ダイノーズ 076/066,確定,ダイノーズ AR [SV5a 076/066],227628,在庫管理,0,227628:ダイノーズ AR [SV5a 076/066](4) || 91318:クラッシュハンマー UR [SM5M 076/066](-4) || 105338:マサキのメンテナンス SR [SM6b 076/066](-4) || 105412:のぞきみレッドカード UR [SM5S 076/066](-4),
ヒスイヌメルゴン 196/172,確定,ヒスイヌメルゴン AR [s12a 196/172],103082,在庫管理,0,103082:ヒスイヌメルゴン AR [s12a 196/172](4),
イイネイヌ 110/101,確定,イイネイヌ AR [SV6 110/101],245821,在庫管理,0,245821:イイネイヌ AR [SV6 110/101](4),
ブルンゲルex 162/086,確定,ブルンゲルex SR [SV11W 162/086],608600,在庫管理,0,608600:ブルンゲルex SR [SV11W 162/086](4) || 608528:メロエッタex SR [SV11B 162/086](-4),
フライゴン 088/080,確定,フライゴン AR [M2 088/080],704381,在庫管理,0,704381:フライゴン AR [M2 088/080](4) || 91499:ホウオウEX SR: 1ED [XY9 088/080](-4) || 93137:MリザードンEX UR: 1ED [XY2 088/080](-4) || 390894:ホウオウEX SR [XY9 088/080](-4),
バルデアウパー 085/073,確定,パルデアウパー AR [SV1a 085/073],115235,在庫管理,0,115235:パルデアウパー AR [SV1a 085/073](4),
ダンゴロ 125/086,確定,ダンゴロ AR [SV11W 125/086],608565,在庫管理,0,608565:ダンゴロ AR [SV11W 125/086](4) || 608495:ランクルス AR [SV11B 125/086](-4),
コドラ 111/101,確定,コドラ AR [SV6 111/101],256065,在庫管理,0,256065:コドラ AR [SV6 111/101](4),
チルタリス 194/172,確定,チルタリス AR [s12a 194/172],103081,在庫管理,0,103081:チルタリス AR [s12a 194/172](4),
ドドゲザン 089/078,確定,ドドゲザン AR [SV1S 089/078],110903,在庫管理,0,110903:ドドゲザン AR [SV1S 089/078](4) || 91524:ミツル SR: 1ED [XY6 089/078](-4) || 110916:オトシドリ AR [SV1V 089/078](-4) || 370623:ミツル SR [XY6 089/078](-4),
コジョンド 072/066,確定,コジョンド AR [SV4K 072/066](拡張パック「古代の咆哮」) PARADOX RIFT,152780,在庫管理,0,152780:コジョンド AR [SV4K 072/066](拡張パック「古代の咆哮」) PARADOX RIFT(4) || 91320:マーズ SR [SM5S 072/066](-4) || 91637:ニャース UR: 1ED [BW2 072/066](-4) || 105349:ボーマンダGX SR [SM6b 072/066](-4),
キングドラ 190/184,確定,キングドラ CHR [s8b 190/184],126683,在庫管理,0,126683:キングドラ CHR [s8b 190/184](4),
カルボウ 083/080,確定,カルボウ AR [M2 083/080],704378,在庫管理,0,704378:カルボウ AR [M2 083/080](4) || 107345:マナフィEX SR: 1ED [XY9 083/080](-4) || 108505:ドクロッグEX SR: 1ED [XY2 083/080](-4) || 380798:ドクロッグEX SR [XY2 083/080](-4),
コジオ 078/071,確定,コジオ AR [SV2D 078/071],120734,在庫管理,0,120734:コジオ AR [SV2D 078/071](4) || 120828:ゴチミル AR [SV2P 078/071](-4) || 137123:カイリューV SR [s10b 078/071](-4) || 139428:ヒスイマルマインV SR [s10a 078/071](-4),
サーナイト 072/068,確定,サーナイト CHR [s11a 072/068],95120,在庫管理,0,95120:サーナイト CHR [s11a 072/068](4),
ルージュラ 071/068,確定,ルージュラ CHR [s11a 071/068],95127,在庫管理,0,95127:ルージュラ CHR [s11a 071/068](4),
エレザード 201/193,確定,エレザード AR [M2a 201/193],730940,在庫管理,0,730940:エレザード AR [M2a 201/193](4),
ガントル 126/086,確定,ガントル AR [SV11W 126/086],608566,在庫管理,0,608566:ガントル AR [SV11W 126/086](4) || 608496:リグレー AR [SV11B 126/086](-4),
アーケオス 130/086,確定,アーケオス AR [SV11W 130/086],608570,在庫管理,0,608570:アーケオス AR [SV11W 130/086](4) || 608500:モグリュー AR [SV11B 130/086](-4),
モグリュー 130/086,確定,モグリュー AR [SV11B 130/086],608500,在庫管理,0,608500:モグリュー AR [SV11B 130/086](4) || 608570:アーケオス AR [SV11W 130/086](-4),
アローラダグドリオ 116/106,確定,アローラダグトリオ AR [SV8 116/106],418743,在庫管理,0,418743:アローラダグトリオ AR [SV8 116/106](4),
ディアンシー 186/172,確定,ディアンシー AR [s12a 186/172],103084,在庫管理,0,103084:ディアンシー AR [s12a 186/172](4) || 488363:ハイパーボール HR [186/172]【英語版】(-7),
トドロクツキ 090/066,確定,トドロクツキex SAR (ツキSAR) [SV4K 090/066](拡張パック「古代の咆哮」) PARADOX RIFT,148947,在庫管理,0,148947:トドロクツキex SAR (ツキSAR) [SV4K 090/066](拡張パック「古代の咆哮」) PARADOX RIFT(2) || 146997:チルタリスex SAR [SV4M 090/066](拡張パック「未来の一閃」) PARADOX RIFT(-4) || 224087:ゲッコウガex SAR [SV5a 090/066](-4),
ヒビキのマグカルゴ 197/193,確定,ヒビキのマグカルゴ AR [M2a 197/193],730939,在庫管理,0,730939:ヒビキのマグカルゴ AR [M2a 197/193](4),
ヒスイビリリダマ 173/172,確定,ヒスイビリリダマ AR [s12a 173/172],105555,在庫管理,0,105555:ヒスイビリリダマ AR [s12a 173/172](4) || 488350:シェイミVSTAR RR [173/172]【英語版】(-7),
パピモッチ 085/078,確定,パピモッチ AR [SV1S 085/078],110906,在庫管理,0,110906:パピモッチ AR [SV1S 085/078](4) || 91520:レックウザEX SR: 1ED [XY6 085/078](-4) || 106712:キングドラEX SR: 1ED [XY10 085/078](-4) || 110919:パーモット AR [SV1V 085/078](-4),
デスマス 119/086,確定,デスマス AR [SV11W 119/086],608559,在庫管理,0,608559:デスマス AR [SV11W 119/086](4) || 608490:シビルドン AR [SV11B 119/086](-4),
ホシガリス 090/078,確定,ホシガリス AR [SV1V 090/078],110915,在庫管理,0,110915:ホシガリス AR [SV1V 090/078](4) || 91522:エネルギーつけかえ UR: 1ED [XY6 090/078](-4) || 110902:ムックル AR [SV1S 090/078](-4) || 382210:エネルギーつけかえ UR [XY6 090/078](-4),
シビルドン 119/086,確定,シビルドン AR [SV11B 119/086],608490,在庫管理,0,608490:シビルドン AR [SV11B 119/086](4) || 608559:デスマス AR [SV11W 119/086](-4),
トロピウス 074/073,確定,トロピウス AR [SV1a 074/073],116065,在庫管理,0,116065:トロピウス AR [SV1a 074/073](4) || 491782:リザードンVMAX RR [074/073]【英語版】(-7) || 493010:エンテイGX RR [074/073]【英語版】(-7),
ヘラクロス 072/071,確定,ヘラクロス AR [SV2D 072/071],120729,在庫管理,0,120729:ヘラクロス AR [SV2D 072/071](4) || 120822:アノクサ AR [SV2P 072/071](-4) || 126699:パラセクト CHR [s10a 072/071](-4) || 137120:アローラナッシーV SR [s10b 072/071](-4),
ギギギアル 148/086,確定,ギギギアル AR [SV11W 148/086],608588,在庫管理,0,608588:ギギギアル AR [SV11W 148/086](4) || 605973:キリキザン AR [SV11B 148/086](-4),
コバルオン 149/086,確定,コバルオン AR [SV11B 149/086],608517,在庫管理,0,608517:コバルオン AR [SV11B 149/086](4) || 608589:アイアント AR [SV11W 149/086](-4),
キリキザン 148/086,確定,キリキザン AR [SV11B 148/086],605973,在庫管理,0,605973:キリキザン AR [SV11B 148/086](4) || 608588:ギギギアル AR [SV11W 148/086](-4),
カビゴン 077/071,確定,カビゴン CHR [s10a 077/071],126680,在庫管理,0,126680:カビゴン CHR [s10a 077/071](4) || 120733:ナカヌチャン AR [SV2D 077/071](-4) || 120827:セグレイブ AR [SV2P 077/071](-4) || 137122:メルメタルV SR [s10b 077/071](-4),
ドッコラー 109/101,確定,ドッコラー AR [SV6 109/101],245820,在庫管理,0,245820:ドッコラー AR [SV6 109/101](4),
コアルヒー 106/086,確定,コアルヒー AR [SV11W 106/086],608546,在庫管理,0,608546:コアルヒー AR [SV11W 106/086](4) || 608478:ヒヤッキー AR [SV11B 106/086](-4),
オトシドリ 089/078,確定,オトシドリ AR [SV1V 089/078],110916,在庫管理,0,110916:オトシドリ AR [SV1V 089/078](4) || 91524:ミツル SR: 1ED [XY6 089/078](-4) || 110903:ドドゲザン AR [SV1S 089/078](-4) || 370623:ミツル SR [XY6 089/078](-4),
マメバッタ 082/080,確定,マメバッタ AR [M2 082/080],704377,在庫管理,0,704377:マメバッタ AR [M2 082/080](4) || 91501:MギャラドスEX SR: 1ED [XY9 082/080](-4) || 108503:ジバコイルEX SR: 1ED [XY2 082/080](-4) || 380797:ジバコイルEX SR [XY2 082/080](-4),
デカグース 075/063,確定,デカグース AR [M1L 075/063],664103,在庫管理,0,664103:デカグース AR [M1L 075/063](4) || 531301:ペパーのヨクバリス AR [SV9a 075/063](-4) || 664118:ヌイコグマ AR [M1S 075/063](-4),
ヒノヤコマ 073/071,確定,ヒノヤコマ AR [SV2D 073/071],120730,在庫管理,0,120730:ヒノヤコマ AR [SV2D 073/071](4) || 96667:ピカチュウ CHR [S10a 073/071](-4) || 96755:ミュウツーV SR [S10b 073/071](-4) || 120823:マリル AR [SV2P 073/071](-4),
フリージオ 115/086,確定,フリージオ AR [SV11B 115/086],608486,在庫管理,0,608486:フリージオ AR [SV11B 115/086](4) || 608555:マッギョ AR [SV11W 115/086](-4),
クマシュン 113/086,確定,クマシュン AR [SV11B 113/086],608484,在庫管理,0,608484:クマシュン AR [SV11B 113/086](4) || 608553:バチュル AR [SV11W 113/086](-4),
ユキワラシ 200/193,確定,ユキワラシ AR [M2a 200/193],731015,在庫管理,0,731015:ユキワラシ AR [M2a 200/193](4),
ドーミラー 074/071,確定,ドーミラー AR [SV5K 074/071],186425,在庫管理,0,186425:ドーミラー AR [SV5K 074/071](6) || 91133:ミュウツーV SR: SA [S10b 074/071](-4) || 117191:ライチュウ AR [SV2D 074/071](-4) || 120824:コオリッポ AR [SV2P 074/071](-4),
ウデッポウ 083/078,確定,ウデッポウ AR [SV1V 083/078],110920,在庫管理,0,110920:ウデッポウ AR [SV1V 083/078](4) || 106714:ゲノセクトEX SR: 1ED [XY10 083/078](-4) || 107422:MラティオスEX SR: 1ED [XY6 083/078](-4) || 109867:ラルトス AR [SV1S 083/078](-4),
エリキテル 070/063,確定,エリキテル AR [M1S 070/063],664115,在庫管理,0,664115:エリキテル AR [M1S 070/063](4) || 544501:ヒビキのバクフーン AR [SV9a 070/063](-4) || 664099:キョジオーン AR [M1L 070/063](-4),
マッギョ 113/106,確定,マッギョ AR [SV8 113/106],418742,在庫管理,0,418742:マッギョ AR [SV8 113/106](4),
サーナイト 196/184,確定,サーナイト CHR [s8b 196/184],126681,在庫管理,0,126681:サーナイト CHR [s8b 196/184](4),
シロナのミカルゲ 208/193,確定,シロナのミカルゲ AR [M2a 208/193],730281,在庫管理,0,730281:シロナのミカルゲ AR [M2a 208/193](4),
バニプッチ 108/086,確定,バニプッチ AR [SV11W 108/086],608548,在庫管理,0,608548:バニプッチ AR [SV11W 108/086](4) || 608480:ガマガル AR [SV11B 108/086](-4),
Mリザードン 055/080,要確認,,,在庫管理,0,108500:MリザードンEX RR: 1ED [XY2 055/080](2) || 380746:MリザードンEX RR [XY2 055/080](2) || 110613:プテラex ☆ [ADVEX 055/080](-4) || 390839:ダークライEX RR: 1ED [XY9 055/080](-4),候補2つが同点（版・収録違い）
25th GOLDEN BOX,確定,ポケモンカードゲーム 25th アニバーサリー ゴールデンボックス,15595,在庫管理,0,,人が選んだ（overrides）
